,open_time,open,high,low,close,volume,close_time,quote_asset_volume,number_of_trades,taker_buy_base_asset_volume,taker_buy_quote_asset_volume,ignore,price_change_1h,volume_change_1h,price_change_2h,volume_change_2h,price_change_5h,volume_change_5h,price_change_10h,volume_change_10h,sma_1,ema_1,sma_2,ema_2,sma_5,ema_5,sma_10,ema_10,bb_upper,bb_middle,bb_lower,rsi,volatility
20,2023-01-11 00:00:00,1335.63,1341.5,1327.19,1336.45,143082.0729,2023-01-11 11:59:59.999,190844359.62884,185514,70270.0101,93740790.775738,0,0.0006214342402779405,-0.42697863631011457,0.005363644570156145,-0.31853545251442583,0.035879270788119255,-0.06654010604815852,0.07483512948367377,0.23686279697749413,1336.45,1336.45,1336.0349999999999,1334.9626003919363,1328.01,1323.6733850615017,1298.888,1303.6483356843146,1350.165865072582,1265.4565,1180.747134927418,88.51586162341816,0.010511147919542954
21,2023-01-11 12:00:00,1336.44,1398.0,1321.04,1389.39,329383.8827,2023-01-11 23:59:59.999,444274586.80068094,349231,165324.2136,223011101.325603,0,0.03961240600097282,1.3020625576916705,0.040258456746679494,0.31913102610790656,0.05394949441313246,0.07386960719549762,0.09474920024583566,0.4531892377318385,1389.39,1389.39,1362.92,1371.247533463979,1342.234,1345.5789233743346,1310.913,1319.2377291962573,1369.9992112522627,1274.909,1179.8187887477375,92.61456547217828,0.01294694084097877
22,2023-01-12 00:00:00,1389.4,1418.77,1386.0,1397.78,349111.7844,2023-01-12 11:59:59.999,488882245.118984,325656,171105.2154,239596501.259366,0,0.006038621265447297,0.05989334249838807,0.04589023158367311,1.439940778912213,0.05861147085330831,0.26949022496759434,0.10602236131002774,4.7310647984730885,1397.78,1397.78,1393.585,1388.9358444879929,1357.712,1362.9792822495565,1324.312,1333.518142069665,1389.1609483455236,1283.9305,1178.7000516544763,93.03860570378617,0.01285104380236553
23,2023-01-12 12:00:00,1397.78,1438.0,1361.92,1415.92,528600.6648,2023-01-12 23:59:59.999,742778602.749265,547884,267814.1729,376492938.441188,0,0.012977721816022525,0.5141301108138703,0.019094710628405176,0.6048164241279679,0.06514608973008773,1.5175943116945554,0.12012784102146257,6.710202673887048,1415.92,1415.92,1406.85,1406.9252814959978,1375.032,1380.626188166371,1339.4969999999998,1348.5002980569984,1408.7954899363062,1294.0265000000002,1179.257510063694,93.85951252720115,0.01270254554357995
24,2023-01-13 00:00:00,1415.91,1419.5,1401.03,1409.71,182255.0343,2023-01-13 11:59:59.999,257014596.965728,258555,93976.7278,132533410.04503,0,-0.004385841007966573,-0.6552122491768761,0.008534962583525374,-0.4779464846389184,0.055472364894206594,-0.2700970416683637,0.11733654600648347,2.0196997883645738,1409.71,1409.71,1412.815,1408.781760498666,1389.8500000000001,1390.3207921109142,1354.301,1359.6293347739077,1423.0089136574495,1303.7630000000001,1184.5170863425508,89.94900611538107,0.012904436825788755
25,2023-01-13 12:00:00,1409.71,1464.0,1401.61,1451.2,317122.8306,2023-01-13 23:59:59.999,452948694.575901,411980,165466.527,236288564.097557,0,0.029431585219655165,0.7399949022971926,0.024916661958302777,-0.4000710711932499,0.08586179804706506,1.2163701166227652,0.12482172753766974,1.068892614020717,1451.2,1451.2,1430.455,1437.0605868328887,1412.8,1410.6138614072763,1370.405,1376.278546633197,1443.7176979947262,1315.5955,1187.4733020052736,92.26711067217187,0.013643263607282446
26,2023-01-14 00:00:00,1451.21,1599.98,1449.14,1530.09,663165.9392,2023-01-14 11:59:59.999,1019050045.250139,788745,343476.5263,527594509.619397,0,0.054361907386990094,1.091195824486312,0.08539344971660823,2.6386700743113574,0.10126746269945786,1.0133527292347995,0.16068028552572677,1.162078304489357,1530.09,1530.09,1490.645,1499.0801956109628,1440.94,1450.4392409381842,1391.587,1404.244265427161,1484.5100340507995,1329.5210000000002,1174.5319659492009,94.7476296636254,0.016387993419986417
27,2023-01-14 12:00:00,1530.08,1559.91,1507.15,1549.9,277525.8382,2023-01-14 23:59:59.999,425233772.939032,399054,139365.6956,213583668.957826,0,0.012946950832957604,-0.5815137331468063,0.06801267916207276,-0.12486326615173693,0.10882971569202593,-0.2050516464891925,0.1738198562545914,0.009179164136053686,1549.9,1549.9,1539.995,1532.9600652036543,1471.364,1483.5928272921228,1414.538,1430.7271262585862,1522.5574610221297,1344.1709999999998,1165.78453897787,95.16688188600949,0.016336526585440263
28,2023-01-15 00:00:00,1549.91,1552.22,1516.03,1533.35,169205.9429,2023-01-15 11:59:59.999,258469295.083697,269400,81334.3856,124229098.640462,0,-0.010678108265049446,-0.3903056234423077,0.0021305936252116187,-0.744851276432986,0.08293547658059763,-0.6798983539606022,0.15348448830981254,-0.19411391676714795,1533.35,1533.35,1541.625,1533.2200217345514,1494.85,1500.178551528082,1434.941,1449.3858305752067,1549.4894361747165,1358.0430000000001,1166.5965638252837,88.79035723804041,0.01684301716299254
29,2023-01-15 12:00:00,1533.36,1566.66,1528.93,1552.52,218626.7709,2023-01-15 23:59:59.999,338157457.214146,320780,111165.3033,171948978.509539,0,0.012502038021325879,0.29207501316432793,0.001690431640750889,-0.21222913038300295,0.10130452362542641,0.19956505859876827,0.16239649001961642,-0.12443391501749645,1552.52,1552.52,1542.935,1546.0866739115172,1523.4119999999998,1517.6257010187214,1456.6309999999999,1468.1374977433509,1575.6580456255406,1373.1070000000002,1170.5559543744598,89.655001443401,0.01652705352536551
30,2023-01-16 00:00:00,1552.52,1584.58,1523.2,1542.32,289971.5689,2023-01-16 11:59:59.999,452237066.909696,398135,138173.71,215530625.85681,0,-0.006569963671965606,0.32633148130168,0.005849936413734547,0.7137197661631305,0.0627894156560087,-0.08561749290844023,0.15404242582962313,1.0266100638803368,1542.32,1542.32,1547.42,1543.5755579705055,1541.636,1525.8571340124809,1477.218,1481.625225426378,1594.1966904782676,1388.053,1181.9093095217327,85.86010591022503,0.01654388338158453
31,2023-01-16 12:00:00,1542.31,1604.5,1521.31,1576.94,284651.3264,2023-01-16 23:59:59.999,445716686.020288,404308,145179.7266,227427980.171669,0,0.022446703667202694,-0.018347462546697946,0.01572926596758828,0.30199666412399084,0.030619113908332274,-0.5707690796916006,0.1349872965833927,-0.13580675512511953,1576.94,1576.94,1559.63,1565.818519323502,1551.0059999999999,1542.8847560083207,1495.973,1498.9551844397638,1617.5817684750236,1403.443,1189.3042315249763,87.75466271042335,0.01660248828406706
32,2023-01-17 00:00:00,1576.94,1582.6,1541.15,1569.07,184165.2215,2023-01-17 11:59:59.999,288000393.783189,298400,89812.7294,140488407.556063,0,-0.004990678148819927,-0.3530147081021998,0.017344001244877782,-0.36488524651355914,0.012368539905800224,-0.33640333204838146,0.12254432027929996,-0.47247492141660286,1569.07,1569.07,1573.005,1567.986173107834,1554.84,1551.613170672214,1513.102,1511.703332723443,1634.3672001390141,1418.7069999999999,1203.0467998609856,84.96759728735327,0.01664085122525704
33,2023-01-17 12:00:00,1569.08,1609.0,1560.97,1565.57,322606.5004,2023-01-17 23:59:59.999,509552226.404148,404925,163987.7324,259023831.145658,0,-0.0022306206861388844,0.7517232503097768,-0.00721016652504225,0.1333391784258342,0.021012815078097047,0.9065908375964022,0.10569099949149652,-0.38969713456175736,1565.57,1565.57,1567.32,1566.3753910359446,1561.284,1556.2654471148094,1528.067,1521.4972722282714,1646.2238207980708,1433.782,1221.340179201929,83.6945280550516,0.016733268582506747
34,2023-01-18 00:00:00,1565.56,1592.01,1562.93,1575.9,170904.739,2023-01-18 11:59:59.999,269961017.073788,243069,89515.8191,141411969.715347,0,0.006598235786327233,-0.47023777019962365,0.004352896938951245,-0.07200318492272995,0.01505938731868195,-0.2182808249124627,0.11788949500251822,-0.06227699192833758,1575.9,1575.9,1570.7350000000001,1572.725130345315,1565.96,1562.8102980765398,1544.6860000000001,1531.3886772776766,1655.0637297780484,1449.4935,1243.9232702219517,84.4357427903324,0.01649787562615698
35,2023-01-18 12:00:00,1575.9,1610.0,1501.39,1511.43,581630.1467,2023-01-18 23:59:59.999,902282150.656075,670518,289933.5274,449828940.64913505,0,-0.04090995621549587,2.4032417714291703,-0.034581653966286985,0.8029089493821,-0.020028269101094343,1.0058178424402078,0.04150358324145542,0.8340847475394604,1511.43,1511.43,1543.665,1531.861710115105,1559.782,1545.6835320510265,1550.7089999999998,1527.7598268635536,1654.1010735439852,1460.557,1267.0129264560148,64.67549227985155,0.019959835829928305
36,2023-01-19 00:00:00,1511.44,1532.5,1509.15,1519.61,103991.7352,2023-01-19 11:59:59.999,158421298.58529,185858,52672.3494,80241581.192364,0,0.005412093183276623,-0.8212064216581296,-0.0357192715273813,-0.39152222572365303,-0.036355219602521416,-0.6346697676937296,-0.006849270304361221,-0.8431889681706982,1519.61,1519.61,1515.52,1523.6939033717017,1548.316,1536.9923547006845,1549.661,1526.2780401610892,1654.205763081194,1470.6240000000003,1287.0422369188066,65.77008426700797,0.01970447431608463
37,2023-01-19 12:00:00,1519.6,1564.43,1513.33,1551.09,204687.7293,2023-01-19 23:59:59.999,314799512.34964,291345,105187.987,161797161.758941,0,0.020715841564612036,0.9683076631651397,0.026240050812806226,-0.6480792296249798,-0.011459017124793691,0.1114353059326132,0.0007677914704173894,-0.26245523433933005,1551.09,1551.09,1535.35,1541.9579677905672,1544.72,1541.6915698004564,1549.78,1530.7893055863456,1655.2224083681454,1482.1589999999999,1309.0955916318544,69.66570092324206,0.01987570409563081
38,2023-01-20 00:00:00,1551.09,1563.88,1542.02,1549.49,111323.8508,2023-01-20 11:59:59.999,172663251.495791,202241,53037.5843,82263585.430761,0,-0.0010315326641264777,-0.4561283610858836,0.01966293983324685,0.07050671465283909,-0.010271019500884604,-0.6549237208116716,0.01052597254377674,-0.34208072782767485,1549.49,1549.49,1550.29,1546.9793225968558,1541.5040000000001,1544.2910465336377,1551.394,1534.1894318433735,1653.4826139319043,1493.1675,1332.8523860680957,69.23441789174632,0.019982941269002685
39,2023-01-20 12:00:00,1549.48,1669.9,1549.02,1658.52,329247.1466,2023-01-20 23:59:59.999,529564666.374872,508392,177220.4371,284949235.901476,0,0.07036508786762097,1.9575616027827882,0.06926097131694497,0.6085338760949359,0.05242718446601935,0.9264951254511438,0.0682760930616031,0.5059781802778298,1658.52,1658.52,1604.005,1621.3397741989518,1558.0279999999998,1582.3673643557586,1561.9940000000001,1556.7949896900327,1667.9389119086081,1509.3125,1350.6860880913919,78.84526491250054,0.02435069681702772
40,2023-01-21 00:00:00,1658.53,1679.26,1616.21,1647.04,282611.151,2023-01-21 11:59:59.999,466551329.56823105,344858,140438.0359,231892261.872021,0,-0.006921833924221632,-0.14164434249951974,0.06295619849111644,1.5386397341547946,0.0897229775775259,-0.5141050500847432,0.06789771253695731,-0.025383239908386757,1647.04,1647.04,1652.78,1638.4732580663174,1585.15,1603.9249095705059,1572.466,1573.203173382754,1673.2170691457272,1524.842,1376.466930854273,76.14792810743361,0.02457988498379968
41,2023-01-21 12:00:00,1647.04,1668.88,1622.09,1626.66,211637.4499,2023-01-21 23:59:59.999,349438765.77862,303837,102147.2587,168782738.478234,0,-0.012373712842432383,-0.25113552968049735,-0.019209897981332658,-0.3572079452001543,0.0704457064641586,1.0351372105963286,0.03152941773307805,-0.25650285007770834,1626.66,1626.66,1636.85,1630.5977526887725,1606.56,1611.503273047004,1577.4379999999999,1582.9225964040713,1677.617255290321,1536.7055,1395.793744709679,71.47326660960597,0.024115265335019512
42,2023-01-22 00:00:00,1626.65,1636.49,1604.0,1624.57,156579.1953,2023-01-22 11:59:59.999,254378364.744805,205879,81265.2258,132024229.401486,0,-0.0012848413313170104,-0.26015364778783423,-0.013642655916067614,-0.4459553533328202,0.047373137600010384,-0.23503379594137697,0.035371270880202976,-0.14978955296399443,1624.57,1624.57,1625.615,1626.5792508962575,1621.2559999999999,1615.858848698003,1582.988,1590.494851603331,1678.5277992495535,1548.045,1417.5622007504467,70.99195316658603,0.024205009315812327
43,2023-01-22 12:00:00,1624.57,1663.89,1607.06,1627.44,275150.4956,2023-01-22 23:59:59.999,449505453.8726,344130,134880.9921,220377730.858829,0,0.0017666213213343163,0.7572608868810558,0.0004795101619268216,0.30010305704406437,0.05030687516537702,1.4716221512524252,0.039519152768640264,-0.1471018244863611,1627.44,1627.44,1626.005,1627.153083632086,1636.846,1619.7192324653354,1589.175,1597.2121513118161,1678.402734317045,1558.6209999999999,1438.8392656829546,71.27798838380687,0.024209070384494286
44,2023-01-23 00:00:00,1627.43,1642.58,1625.68,1636.67,125646.8725,2023-01-23 11:59:59.999,205441058.190127,226997,63346.2892,103580665.442715,0,0.005671484048566988,-0.5433521854067125,0.007448124734545258,-0.19755065633550362,-0.013174396449846748,-0.6183812865274502,0.03856209150326806,-0.264813408714196,1636.67,1636.67,1632.055,1633.4976945440287,1632.4759999999999,1625.3694883102237,1595.252,1604.3863056187586,1673.0029145912606,1569.969,1466.9350854087395,72.22648620120232,0.024058452027844155
45,2023-01-23 12:00:00,1636.66,1648.09,1585.29,1626.29,281620.2431,2023-01-23 23:59:59.999,457001217.816515,375847,139680.1777,226733851.264238,0,-0.006342145942676347,1.2413629364312273,-0.000706631273656888,0.02351348663171371,-0.01259835826695166,-0.0035062590293898355,0.07599425709427488,-0.5158087236402185,1626.29,1626.29,1631.48,1628.6925648480094,1628.3260000000002,1625.6763255401493,1606.738,1608.368795506257,1668.8490702395225,1578.7234999999998,1488.5979297604772,69.4489021918009,0.02368954438936551
46,2023-01-24 00:00:00,1626.28,1641.46,1614.39,1625.6,150581.7813,2023-01-24 11:59:59.999,245524016.004856,234475,73738.7488,120243873.080807,0,-0.00042427857270233016,-0.46530199802955863,-0.006763733678750272,0.19845228380037883,-0.0006516420149264013,-0.28849179872867103,0.06974815906712917,0.4480168160517435,1625.6,1625.6,1625.945,1626.6308549493363,1628.114,1625.650883693433,1617.337,1611.5017417778465,1672.9296133043888,1583.499,1494.0683866956113,69.25823386768549,0.020789702705381427
47,2023-01-24 12:00:00,1625.59,1632.12,1535.0,1555.97,311693.543,2023-01-24 23:59:59.999,496959232.773592,429785,145790.5098,232551032.811317,0,-0.042833415354330606,1.0699286481345402,-0.04323952062670244,0.10678671237891546,-0.04222655841237988,0.9906446856033881,0.0031461746255858625,0.5227759087754948,1555.97,1555.97,1590.7849999999999,1579.5236183164454,1614.394,1602.4239224622886,1617.825,1601.4050614546015,1672.8151774959563,1583.8025,1494.7898225040437,53.342730054038284,0.023038006974263496
48,2023-01-25 00:00:00,1555.97,1558.91,1518.0,1545.49,242905.7969,2023-01-25 11:59:59.999,374994417.08209693,312388,124059.2981,191520394.570598,0,-0.00673534836789913,-0.220690314717235,-0.04928026574803146,0.6131154433355079,-0.050355159022759666,-0.1171893171759929,-0.0025814945562733227,1.1819744390300948,1545.49,1545.49,1550.73,1556.8345394388152,1598.0040000000001,1583.4459483081926,1617.425,1591.2386866446739,1672.1948150532544,1584.4095,1496.6241849467456,51.427189546190924,0.022954540036616195
49,2023-01-25 12:00:00,1545.5,1641.0,1525.0,1611.94,403569.1197,2023-01-25 23:59:59.999,635963891.441162,520188,212741.037,335497333.444951,0,0.04299607244304404,0.6614223491180915,0.03597113054878953,0.294762528012972,-0.015109948859574618,2.2119312774776785,-0.02808528085280848,0.225733081873275,1611.94,1611.94,1578.7150000000001,1593.5715131462716,1593.0580000000002,1592.943965538795,1612.767,1595.0025618001876,1674.6682529725624,1587.3804999999998,1500.092747027437,60.99220876849903,0.024728048290871604
50,2023-01-26 00:00:00,1611.95,1632.84,1590.0,1604.33,237907.9546,2023-01-26 11:59:59.999,383438113.357564,284243,109459.6083,176435671.168459,0,-0.004721019392781467,-0.4104901911800066,0.038072067758445405,-0.02057522860212968,-0.013503126748611871,-0.15521713928951586,-0.0259313677870604,-0.1581791668227558,1604.33,1604.33,1608.135,1600.743837715424,1588.666,1596.739310359197,1608.496,1596.6984596546988,1675.5225592284096,1590.481,1505.4394407715904,59.546037152767134,0.024697105534094727
51,2023-01-26 12:00:00,1604.33,1621.06,1577.43,1601.09,294869.892,2023-01-26 23:59:59.999,472856339.191508,377467,146124.8886,234364384.286921,0,-0.0020195346343956366,0.2394284692824642,-0.006731019765003787,-0.2693447600272375,-0.015077509842519654,0.9582043023686824,-0.01571932671855225,0.3932784209001188,1601.09,1601.09,1602.71,1600.974612571808,1583.764,1598.1895402394646,1605.939,1597.4969215356625,1676.6124248445283,1591.6885,1506.7645751554717,58.905642924001825,0.02424633269029901
52,2023-01-27 00:00:00,1601.08,1606.53,1552.54,1578.84,241067.9696,2023-01-27 11:59:59.999,379629752.277568,336152,129883.3864,204424273.966736,0,-0.013896782816706144,-0.18245987080973325,-0.01588825241689673,0.013282510899280453,0.014698226829566119,-0.2265865783430746,-0.028148987116590862,0.539591317595691,1578.84,1578.84,1589.965,1586.2182041906026,1588.338,1591.7396934929766,1601.366,1594.1047539837239,1676.6862655511757,1592.1770000000001,1507.6677344488246,54.565700492671404,0.024443810475499202
53,2023-01-27 12:00:00,1578.84,1621.0,1561.0,1597.62,271025.4179,2023-01-27 23:59:59.999,431264707.315244,385187,141842.3036,225806498.292444,0,0.01189480884700167,0.12426971675128762,-0.002167273544897541,-0.08086439052244776,0.03373040265546834,0.11576348262934366,-0.018323256156909107,-0.014992078029896994,1597.62,1597.62,1588.23,1593.8194013968675,1598.764,1593.6997956619846,1598.384,1594.7438896230467,1677.420893454432,1593.7795,1510.1381065455682,57.41743531651642,0.02456180536253525
54,2023-01-28 00:00:00,1597.61,1606.83,1578.63,1586.18,134575.8998,2023-01-28 11:59:59.999,214456172.09161,222826,65247.4339,103990235.983823,0,-0.007160651469060086,-0.5034565361332479,0.0046489827974969256,-0.44175122052382354,-0.01598074370013769,-0.6665356856341256,-0.030849224339665304,0.07106446123440135,1586.18,1586.18,1591.9,1588.7264671322894,1593.6119999999999,1591.1931971079898,1593.335,1593.1868187824928,1677.6148123456362,1594.2935,1510.9721876543638,55.1467329578993,0.024598146390162903
55,2023-01-28 12:00:00,1586.19,1586.19,1555.99,1572.1,179099.7576,2023-01-28 23:59:59.999,281553251.541159,239162,94560.1191,148635354.644716,0,-0.008876672256616591,0.33084570020463655,-0.01597376096944203,-0.33917726614821686,-0.02008938310696673,-0.2471888638565093,-0.033321240369183935,-0.3640380548339922,1572.1,1572.1,1579.1399999999999,1577.642155710763,1587.1659999999997,1584.8287980719933,1587.916,1589.3528517311304,1672.3661295525144,1597.3269999999998,1522.2878704474851,52.400044570650635,0.022723969242684574
56,2023-01-29 00:00:00,1572.1,1619.79,1566.33,1609.08,246526.2483,2023-01-29 11:59:59.999,394400715.002566,330843,129513.6366,207220693.637551,0,0.0235226766745118,0.3764744944579421,0.014437201326457094,0.831875162390703,0.0049903503238419855,-0.16394906706853607,-0.010162401574803193,0.6371585338657433,1609.08,1609.08,1590.59,1598.6007185702542,1588.764,1592.9125320479957,1586.2640000000001,1592.9396059618339,1667.9099723848185,1601.8005,1535.6910276151816,58.277731519287514,0.0232138496264887
57,2023-01-29 12:00:00,1609.08,1660.0,1603.52,1644.72,305241.6651,2023-01-29 23:59:59.999,497734396.025944,416212,152262.3811,248257848.317026,0,0.02214930270713711,0.23817105563764818,0.046192990267794665,0.7043108778612883,0.041726837424944874,0.2662058157559559,0.057038374775863376,-0.02069942751428766,1644.72,1644.72,1626.9,1629.3469061900848,1601.94,1610.1816880319973,1595.139,1602.3542230596822,1670.800755460589,1606.482,1542.163244539411,63.01744693491612,0.02327318791510281
58,2023-01-30 00:00:00,1644.73,1647.53,1577.0,1581.55,284500.1191,2023-01-30 11:59:59.999,458312796.566548,368910,136477.5173,219709573.658557,0,-0.03840775329539381,-0.06795122806450704,-0.017109155542297416,0.15403581185314286,-0.010058712334597653,0.049717481498254834,0.023332405903629283,0.1712364329333962,1581.55,1581.55,1613.135,1597.4823020633617,1598.726,1600.6377920213315,1598.745,1598.5716370488308,1668.0960588141807,1608.085,1548.0739411858194,51.787723971747816,0.02506169087690162
59,2023-01-30 12:00:00,1581.55,1597.03,1535.0,1566.2,310555.209,2023-01-30 23:59:59.999,487350297.35156894,414793,150843.5234,236768110.67098,0,-0.009705668489772612,0.09158199997393246,-0.04774064886424434,0.01740766254259296,-0.012596300545965833,1.3076584251826042,-0.028375745995508517,-0.23047826545584926,1566.2,1566.2,1573.875,1576.6274340211205,1594.73,1589.158528014221,1594.1709999999998,1592.6858848581342,1661.419238619,1603.4689999999998,1545.5187613809996,49.48032361380153,0.0191492721204181
60,2023-01-31 00:00:00,1566.21,1583.98,1561.63,1570.91,148842.6314,2023-01-31 11:59:59.999,233775978.188481,239955,73542.0711,115525154.76879,0,0.003007278763887067,-0.5207208667364519,-0.006727577376624105,-0.47682752516640337,-0.0007569493034793595,-0.16894007342866446,-0.020831125765895964,-0.3743688324745069,1570.91,1570.91,1568.555,1572.8158113403736,1594.492,1583.075685342814,1590.829,1588.726633065746,1655.6321674547837,1599.6625,1543.692832545216,50.21332777568688,0.0191623567630058
61,2023-01-31 12:00:00,1570.91,1605.18,1564.02,1585.33,200014.0437,2023-01-31 23:59:59.999,317086295.959212,325170,100256.8956,158954400.077272,0,0.009179392835999334,0.3437954020208218,0.01221427659302754,-0.35594690443591936,-0.014759987073358682,-0.1886703948189682,-0.009843294255788226,-0.3216871266734821,1585.33,1585.33,1578.12,1581.1586037801244,1589.742,1583.827123561876,1589.253,1588.1090634174284,1652.4670588197375,1597.596,1542.7249411802625,52.48629820063297,0.019165475734046693
62,2023-02-01 00:00:00,1585.32,1592.94,1566.24,1580.87,128110.2811,2023-02-01 11:59:59.999,202315687.71585,238061,64416.437,101740679.87668,0,-0.002813294392965515,-0.359493569900762,0.006340274108637578,-0.1392904042678731,-0.03882119752906277,-0.5802988394194813,0.0012857540979454019,-0.46857194959342297,1580.87,1580.87,1583.1,1580.9662012600413,1576.972,1582.8414157079173,1589.456,1586.7928700688049,1649.282779959447,1595.4109999999998,1541.5392200405527,51.70011015423578,0.01916925230757275
63,2023-02-01 12:00:00,1580.87,1647.77,1555.18,1641.68,346506.8898,2023-02-01 23:59:59.999,555658652.1723009,557213,181653.7847,291450880.02024,0,0.03846616103790956,1.7047547380645005,0.035544650009777135,0.7324128015716929,0.03801966425342229,0.2179498936455806,0.027578523053041426,0.27850329494870607,1641.68,1641.68,1611.275,1621.4420670866805,1588.998,1602.4542771386118,1593.8619999999999,1596.772348238113,1652.008003390884,1596.123,1540.2379966091162,60.407997288418485,0.02112380012183228
64,2023-02-02 00:00:00,1641.67,1696.38,1639.32,1671.99,252875.5325,2023-02-02 11:59:59.999,422688900.72321,386001,125572.8473,209806400.838613,0,0.01846279421080843,-0.2702149944378971,0.0576391480640408,0.9738894515625258,0.06754565189630957,-0.18573082926456397,0.05409852601848453,0.8790551122140815,1671.99,1671.99,1656.835,1655.1406890288933,1610.156,1625.6328514257414,1602.443,1610.4482849220924,1660.602691296232,1597.889,1535.1753087037678,63.901429142419055,0.021474643956566168
65,2023-02-02 12:00:00,1671.98,1714.68,1626.85,1643.12,376313.3549,2023-02-02 23:59:59.999,629415626.1494471,553544,189116.96,316544149.349437,0,-0.017266849682115448,0.48813667807105854,0.0008771502363431605,0.08601983388325674,0.04596698728762294,1.528263249315276,0.04517524330513334,1.1011382703289598,1643.12,1643.12,1657.5549999999998,1647.1268963429643,1624.598,1631.4619009504943,1609.5449999999998,1616.388596754439,1663.3681043723705,1598.7305000000001,1534.0928956276298,58.597816807721735,0.021815159433533318
66,2023-02-03 00:00:00,1643.12,1650.83,1629.96,1649.2,150929.9087,2023-02-03 11:59:59.999,247757150.275272,256662,73072.6101,119974153.917743,0,0.0037002775208141436,-0.5989249205888334,-0.013630464297035294,-0.40314546366798065,0.04028814190105545,-0.24540344313832807,0.02493350237402736,-0.38777347345045365,1649.2,1649.2,1646.1599999999999,1648.5089654476549,1637.372,1637.374600633663,1613.557,1622.35430643545,1667.2713965127327,1599.9105,1532.5496034872672,59.36275602293546,0.021823059314895164
67,2023-02-03 12:00:00,1649.2,1676.0,1625.93,1663.52,313885.1233,2023-02-03 23:59:59.999,519192019.15515,458013,156500.4348,258872829.983598,0,0.00868299781712345,1.0796747709156995,0.012415404839573485,-0.16589427610558605,0.052281338756507534,1.4501165761629102,0.011430517048494515,0.028316770573140193,1663.52,1663.52,1656.3600000000001,1658.516321815885,1653.902,1646.0897337557756,1615.437,1629.8389779926408,1674.893319796687,1605.288,1535.682680203313,61.18188002189407,0.019275136900464826
68,2023-02-04 00:00:00,1663.52,1665.95,1645.43,1661.92,114388.2035,2023-02-04 11:59:59.999,189535396.884236,234253,55981.7426,92750218.758708,0,-0.0009618159084350264,-0.6355730329064626,0.007712830463254994,-0.24211043069424443,0.012328833877491396,-0.6698818786373234,0.05081723625557211,-0.5979326691958492,1661.92,1661.92,1662.72,1660.7854406052952,1657.95,1651.3664891705173,1623.4740000000002,1635.6718910848879,1679.1948700805028,1611.1095,1543.0241299194972,60.85409469329783,0.01915628435138747
69,2023-02-04 12:00:00,1661.92,1695.29,1658.53,1666.38,193838.926,2023-02-04 23:59:59.999,325322599.101562,325055,97475.3994,163603331.546515,0,0.0026836430153076574,0.6945709441096346,0.0017192459363277734,-0.3824526503132937,-0.0033552832253780362,-0.23346112578131695,0.06396373387817644,-0.3758310265534782,1666.38,1666.38,1664.15,1664.5151468684319,1656.828,1656.370992780345,1633.492,1641.2551836149082,1686.0589751808411,1613.8315,1541.604024819159,61.47371183092223,0.016791123993321066
70,2023-02-05 00:00:00,1666.39,1673.81,1656.68,1662.6,119692.4051,2023-02-05 11:59:59.999,199313124.415248,221426,58370.5917,97197450.362873,0,-0.0022683901631082026,-0.38251615622344093,0.00040916530278223284,0.04637018012088978,0.01185549442523981,-0.6819342084423058,0.05836744307439634,-0.19584594834030866,1662.6,1662.6,1664.49,1663.2383822894772,1660.7240000000002,1658.44732852023,1642.661,1645.1360593212885,1691.8480749037547,1616.745,1541.6419250962451,60.59824687865366,0.016749928804587918
71,2023-02-05 12:00:00,1662.6,1664.58,1609.3,1629.02,293887.2697,2023-02-05 23:59:59.999,480814167.511496,459001,140170.2859,229284008.473554,0,-0.020197281366534314,1.4553543681778685,-0.022419856215269096,0.516141653096035,-0.012236235750667013,0.9471771515091363,0.027558930948130778,0.4693331741285125,1629.02,1629.02,1645.81,1640.4261274298258,1656.6879999999996,1648.6382190134868,1647.03,1642.2058667174178,1693.0667316045735,1618.1415,1543.2162683954264,53.331990812349055,0.01745328172999783
72,2023-02-06 00:00:00,1629.01,1642.53,1608.53,1634.81,162688.3001,2023-02-06 11:59:59.999,264879827.262423,272077,79797.5949,129955087.313352,0,0.0035542841708511297,-0.44642617468231227,-0.016714784073138422,0.3592199101027169,-0.017258584206982786,-0.48169477294880125,0.0341204526621417,0.2699082283100229,1634.81,1634.81,1631.915,1636.6820424766086,1650.946,1644.028812675658,1652.4239999999998,1640.8611636778871,1693.9407542426718,1620.94,1547.9392457573283,54.34844719679611,0.017101505333159718
73,2023-02-06 12:00:00,1634.81,1658.56,1605.01,1614.29,221431.1196,2023-02-06 23:59:59.999,361951325.42516303,364511,112005.1983,183146231.226245,0,-0.012551917348193387,0.3610758700158059,-0.009042246258486708,-0.24654402408775045,-0.028659622605179624,0.9357863208333366,-0.01668412845377909,-0.36096185640693135,1614.29,1614.29,1624.55,1621.7540141588695,1641.42,1634.1158751171054,1649.685,1636.0300430091802,1694.0674226422177,1621.7735,1549.4795773577823,50.17725812884317,0.017221437876215145
74,2023-02-07 00:00:00,1614.28,1647.87,1613.14,1640.71,153981.0252,2023-02-07 11:59:59.999,251537726.904687,253817,82753.929,135181798.894148,0,0.016366328230986937,-0.30460982413783544,0.003608982083544987,-0.053521211387960066,-0.015404649599731202,-0.2056238219149027,-0.018708245862714468,-0.3910797787445094,1640.71,1640.71,1627.5,1634.3913380529566,1636.286,1636.313916744737,1646.557,1636.8809442802383,1695.3167692005145,1624.5,1553.6832307994855,54.96930966911711,0.01746098544512303
75,2023-02-07 12:00:00,1640.71,1678.37,1624.39,1671.03,297941.3748,2023-02-07 23:59:59.999,492097489.82386494,492755,152170.1235,251415650.68857,0,0.018479804474891948,0.934922659548574,0.035148579251559564,0.34552620850317006,0.0050703717069651155,1.4892253986464508,0.016985977895710658,-0.20826255321399967,1671.03,1671.03,1655.87,1658.817112684319,1637.972,1647.8859444964914,1649.348,1643.089863502013,1698.7357454209086,1629.4465,1560.1572545790914,59.753446761074755,0.017648103001188555
76,2023-02-08 00:00:00,1671.03,1697.91,1667.9,1673.9,169978.0709,2023-02-08 11:59:59.999,285343366.657744,284752,86196.0298,144720033.553389,0,0.0017175035756391566,-0.42949155345040047,0.02022904718079377,0.10388972069267655,0.027550306319136686,-0.42162152490132176,0.01497695852534564,0.1262053516368422,1673.9,1673.9,1672.4650000000001,1668.8723708947732,1646.9479999999999,1656.5572963309944,1651.818,1648.6917065016469,1703.9001890027255,1632.6875,1561.4748109972745,60.184650901539335,0.016987994708007857
77,2023-02-08 12:00:00,1673.9,1681.98,1630.47,1650.43,247988.183,2023-02-08 23:59:59.999,410449970.919691,386281,119742.0909,198158771.984977,0,-0.014021148216739387,0.4589422134687846,-0.012327726013297124,-0.16766114418828948,0.009554627143215422,0.5243147961320422,-0.00786885640088486,-0.20993967349328013,1650.43,1650.43,1662.165,1656.5774569649245,1650.0720000000001,1654.514864220663,1650.509,1649.0077598649837,1704.4217514516447,1632.973,1561.5242485483552,54.99548951450475,0.016665044277081466
78,2023-02-09 00:00:00,1650.42,1656.17,1608.8,1633.15,250262.4016,2023-02-09 11:59:59.999,407579935.36881,350461,128646.8495,209456332.120867,0,-0.010469998727604346,0.009170673265508134,-0.024344345540354806,0.472321695821764,0.011683154823482811,0.13020429130323552,-0.017311302589775646,1.187834006851939,1633.15,1633.15,1641.79,1640.9591523216416,1653.8439999999998,1647.3932428137755,1647.632,1646.1245307986228,1703.0025349427917,1635.5529999999999,1568.103465057208,51.476364983457636,0.014244352539702331
79,2023-02-09 12:00:00,1633.16,1649.24,1524.4,1545.35,407749.2948,2023-02-09 23:59:59.999,646434437.214582,623418,188598.0871,299009796.231167,0,-0.05376113645409186,0.6292870690648722,-0.06366825615142735,0.6442287284309833,-0.05812117924557059,1.6480489675295393,-0.07263049244470066,1.1035470182083031,1545.35,1545.35,1589.25,1577.2197174405471,1634.7720000000002,1613.378828542517,1635.529,1627.8018888352367,1706.6938849233943,1634.5105,1562.3271150766059,38.12665731787634,0.01878427179014397
80,2023-02-10 00:00:00,1545.35,1555.01,1529.36,1537.03,205671.3421,2023-02-10 11:59:59.999,317815424.984429,284137,97668.1068,150948271.445807,0,-0.005383893616332847,-0.49559362892121916,-0.05885558583106276,-0.17817722204740483,-0.08019006241659332,-0.30969190755039766,-0.07552628413328522,0.7183324366167323,1537.03,1537.03,1541.19,1550.4265724801824,1607.972,1587.9292190283447,1622.972,1611.2979090470117,1712.1288405971536,1632.8165,1553.5041594028462,37.14363852177942,0.01879550583594473
81,2023-02-10 12:00:00,1537.04,1548.01,1490.0,1513.06,278982.8778,2023-02-10 23:59:59.999,425349218.52707,398078,123184.389,187812397.682956,0,-0.015595011157882421,0.35644993099891864,-0.02089494289319571,-0.3157980127547727,-0.09608698249596759,0.6412874691590587,-0.07118390197787627,-0.050714656389214796,1513.06,1513.06,1525.045,1525.5155241600607,1575.804,1562.9728126855632,1611.376,1593.436471038464,1722.238198521844,1629.203,1536.167801478156,34.39241923020573,0.01891088954590531
82,2023-02-11 00:00:00,1513.05,1526.8,1507.53,1520.16,143610.5152,2023-02-11 11:59:59.999,218033721.275153,196096,71372.3926,108345009.777651,0,0.0046924774959353766,-0.4852353795599137,-0.010975712900854195,-0.3017475661233603,-0.07893094526880873,-0.42089774818020265,-0.07013047387769822,-0.11726586907769898,1520.16,1520.16,1516.6100000000001,1521.9451747200203,1549.75,1548.701875123709,1599.911,1580.1134763041978,1728.7810980998568,1626.1675,1523.5539019001433,35.90677489808215,0.018971597389315944
83,2023-02-11 12:00:00,1520.16,1543.0,1505.0,1538.51,146081.0556,2023-02-11 23:59:59.999,222623386.453185,244410,70207.5065,107023006.456126,0,0.012071097779181139,0.017203060629365385,0.016820218629796546,-0.47637985258463056,-0.057949361663043875,-0.41628844498389894,-0.046943238203792315,-0.3402866956375178,1538.51,1538.51,1529.335,1532.98839157334,1530.8220000000001,1545.304583415806,1592.333,1572.5492078852526,1730.149963693743,1621.009,1511.868036306257,39.77584820957069,0.01682039058495257
84,2023-02-12 00:00:00,1538.5,1540.06,1528.97,1533.48,79017.3687,2023-02-12 11:59:59.999,121204419.614747,161894,38315.1054,58774559.642739,0,-0.003269397013994091,-0.459085448311889,0.00876223555415212,-0.44978006248389246,-0.007681107839647927,-0.8062109004044806,-0.06535585203966576,-0.4868369748976057,1533.48,1533.48,1535.995,1533.3161305244466,1528.4479999999999,1541.3630556105375,1581.6100000000001,1565.4457155424793,1726.9212261867633,1614.0835,1501.2457738132366,39.07944648626406,0.016037622710399106
85,2023-02-12 12:00:00,1533.47,1548.02,1493.08,1514.83,207741.0053,2023-02-12 23:59:59.999,316810272.693287,328715,96429.8711,147050463.931443,0,-0.01216188016798403,1.6290549624439716,-0.015391515167272218,0.4220940863737843,-0.014443439620566934,0.010062963458436824,-0.09347528171247677,-0.302745362441014,1514.83,1514.83,1524.155,1520.9920435081488,1524.008,1532.5187037403584,1565.9900000000002,1556.2428581711195,1727.5414196635697,1607.669,1487.7965803364305,36.52593803268275,0.015858161667864804
86,2023-02-13 00:00:00,1514.82,1526.1,1466.0,1486.07,366031.6515,2023-02-13 11:59:59.999,548376100.317986,410270,168395.2756,252162896.564858,0,-0.01898562875042087,0.7619614912877288,-0.03091660797662843,3.632293602305185,-0.01783802360778819,0.31202192187007394,-0.11221100424159158,1.1534051396273375,1486.07,1486.07,1500.4499999999998,1497.710681169383,1518.61,1517.0358024935724,1547.2069999999999,1543.4841566854614,1728.8012527784185,1599.5125,1470.2237472215816,32.950378356200716,0.016092905971453686
87,2023-02-13 12:00:00,1486.07,1510.43,1461.93,1505.24,277120.7389,2023-02-13 23:59:59.999,411268123.01708704,378132,138306.0239,205349148.917389,0,0.012899796106509154,-0.24290498440679242,-0.0063307433837459515,0.33397226272111435,-0.009814756341437803,0.9296688582592036,-0.08797101361463378,0.11747558108444234,1505.24,1505.24,1495.655,1502.730227056461,1515.626,1513.1038683290483,1532.6879999999999,1536.530673651741,1723.595185000037,1591.5984999999998,1459.6018149999627,37.35252152682065,0.016308734632233157
88,2023-02-14 00:00:00,1505.25,1519.82,1494.09,1507.7,150317.2947,2023-02-14 11:59:59.999,226036095.952888,259497,68837.5618,103529042.324715,0,0.001634290877202238,-0.45757471888726986,0.014555169002806068,-0.5893325233378075,-0.020025869185120615,0.02899923664023696,-0.0768147445121391,-0.3993612554703463,1507.7,1507.7,1506.47,1506.0434090188203,1509.464,1511.3025788860323,1520.143,1531.2887329877879,1716.5677764354937,1583.8875,1451.2072235645064,37.915830134515794,0.016351653623566522
89,2023-02-14 12:00:00,1507.7,1569.0,1482.66,1555.71,518647.0821,2023-02-14 23:59:59.999,795606839.3610871,601841,260948.6565,400389837.847758,0,0.031843204881607745,2.450348698299185,0.033529536818049044,0.8715563626118781,0.014496439471007205,5.563709860665101,0.0067039829164914355,0.27197542390452223,1555.71,1555.71,1531.705,1539.15446967294,1513.91,1526.1050525906883,1521.179,1535.7289633536445,1705.9446307531985,1578.354,1450.7633692468016,47.783829101093175,0.01823845034571333
90,2023-02-15 00:00:00,1555.7,1580.0,1542.55,1572.26,151606.2044,2023-02-15 11:59:59.999,235603710.043478,252763,79606.516,123767117.342211,0,0.010638229490071982,-0.7076890825527311,0.04282018969290968,0.008574593512824746,0.037911844893486535,-0.2702153136254223,0.022920827830296142,-0.262871516993908,1572.26,1572.26,1563.9850000000001,1561.2248232243132,1525.3960000000002,1541.490035060459,1524.702,1542.3709700166182,1695.4334866433198,1573.837,1452.2405133566801,50.69324377316129,0.018502198777734548
91,2023-02-15 12:00:00,1572.26,1680.0,1566.86,1674.92,429601.6542,2023-02-15 23:59:59.999,692849243.901571,599971,224141.243,361599826.53491,0,0.06529454415936309,1.8336680276391117,0.07662739199465207,-0.1716878990998184,0.1270801510023083,0.1736735127672422,0.1069752686608596,0.5398853778688779,1674.92,1674.92,1623.5900000000001,1637.0216077414377,1563.166,1585.966690040306,1540.8880000000001,1566.4707936499603,1703.4079181620743,1576.132,1448.8560818379258,64.06764236786051,0.02344437423790714
92,2023-02-16 00:00:00,1674.92,1712.24,1672.53,1682.82,312728.275,2023-02-16 11:59:59.999,528328926.562312,468433,164207.2437,277474410.781172,0,0.004716643182957947,-0.2720505800138048,0.07031915840891445,1.0627669971533176,0.11797454226568527,0.12849105498686297,0.10700189453741693,1.1776140456322244,1682.82,1682.82,1678.87,1667.553869247146,1598.682,1618.2511266935373,1557.154,1587.6251948045128,1711.8139843667307,1578.5325,1445.2510156332694,64.85761060805604,0.023450784315507164
93,2023-02-16 12:00:00,1682.82,1742.97,1633.72,1637.84,519995.3981,2023-02-16 23:59:59.999,879767230.303904,752329,257913.0058,436571189.56311,0,-0.026728943083633383,0.6627706532132407,-0.02213837078785863,0.2104129325766455,0.08631690654639512,2.459318497833503,0.0645624662823121,2.5596360935661258,1637.84,1637.84,1660.33,1647.7446230823818,1624.71,1624.780751129025,1567.087,1596.7551593855105,1714.6402197433881,1579.7099999999998,1444.7797802566115,57.15316729755889,0.024109512062513595
94,2023-02-17 00:00:00,1637.83,1674.75,1630.51,1666.2,226335.7138,2023-02-17 11:59:59.999,375259528.102602,385347,118002.1659,195670596.218243,0,0.017315488692424275,-0.5647351599129469,-0.009876279102934316,-0.276254397527694,0.07102223422103093,-0.563603610988097,0.086548243211519,1.8643792817160714,1666.2,1666.2,1652.02,1660.0482076941273,1646.8080000000002,1638.5871674193502,1580.359,1609.3814940426903,1718.6492043326612,1580.9845,1443.319795667339,60.351192674438344,0.024142265997968232
95,2023-02-17 12:00:00,1666.2,1722.0,1646.09,1693.87,353598.9492,2023-02-17 23:59:59.999,595632334.955693,554675,180273.3677,303732603.402979,0,0.016606649861961253,0.5622764223257106,0.034209690812289306,-0.31999600286462615,0.07734725808708487,1.3323514403609726,0.11819148023210513,0.702114364419127,1693.87,1693.87,1680.0349999999999,1682.5960692313756,1671.1299999999999,1657.0147782795668,1598.263,1624.7430405803827,1723.099344799979,1582.1264999999999,1441.1536552000207,63.23450208748733,0.024074613321603745
96,2023-02-18 00:00:00,1693.81,1704.46,1685.69,1691.47,136263.2401,2023-02-18 11:59:59.999,231031039.651515,225841,64068.621,108635201.830803,0,-0.0014168737860638103,-0.614639012903492,0.015166246549033646,-0.3979596157749631,0.009881068946576477,-0.682814908257865,0.1382169076826798,-0.6277282591776083,1691.47,1691.47,1692.67,1688.5120230771251,1674.4399999999998,1668.499852186378,1618.8029999999999,1636.8752150203131,1726.4517882526443,1583.0049999999999,1439.5582117473555,62.807861767490245,0.02407957369376951
97,2023-02-18 12:00:00,1691.47,1713.13,1679.77,1691.62,131042.5412,2023-02-18 23:59:59.999,221938733.958735,232141,67323.7457,114034174.039455,0,8.868026036523702e-05,-0.03831333304689255,-0.0013283191744348777,-0.6294034767453998,0.005229317455224036,-0.580969961222726,0.123820786054051,-0.527128349469048,1691.62,1691.62,1691.545,1690.5840076923748,1676.2,1676.206568124252,1637.441,1646.828812289347,1733.4229592094398,1585.0645,1436.70604079056,62.8247438672906,0.02382799290676098
98,2023-02-19 00:00:00,1691.62,1709.63,1689.5,1695.36,130185.1962,2023-02-19 11:59:59.999,220886439.169988,207562,65870.716,111761629.68001,0,0.0022108984287252387,-0.006542493698222018,0.002299774752138495,-0.044605162005097454,0.035119425584916764,-0.7496416378381792,0.12446773230748809,-0.1339306866863138,1695.36,1695.36,1693.4899999999998,1693.7680025641248,1687.7040000000002,1682.591045416168,1656.2069999999999,1655.6526646003747,1742.9073753453006,1588.175,1433.4426246546993,63.27238814026774,0.023660804792370933
99,2023-02-19 12:00:00,1695.36,1726.59,1666.14,1679.75,270837.8515,2023-02-19 23:59:59.999,459205588.16131,426552,132509.194,224792018.074577,0,-0.00920748395620985,1.080404373197081,-0.007016942339295951,1.066793340695685,0.008132277037570468,0.19662004264746313,0.07973208374311413,-0.4777993343693777,1679.75,1679.75,1687.5549999999998,1684.422667521375,1690.414,1681.6440302774454,1668.611,1660.0339983093975,1753.236006628097,1594.895,1436.553993371903,60.02363054583298,0.01992330202003784
100,2023-02-20 00:00:00,1679.74,1719.89,1650.56,1713.77,252137.4898,2023-02-20 11:59:59.999,425990155.585071,382423,131827.9534,222813307.693045,0,0.02025301384134548,-0.06904633749097655,0.010859050585126484,0.9367600707276116,0.011748245142779501,-0.286939369106021,0.09000419777899338,0.6631079895302756,1713.77,1713.77,1696.76,1703.9875558404583,1694.3939999999998,1692.3526868516303,1682.762,1669.8041804349616,1767.7932251081863,1603.732,1439.6707748918136,64.3230241408979,0.0200872333762229
101,2023-02-20 12:00:00,1713.78,1716.53,1684.32,1703.27,199177.3437,2023-02-20 23:59:59.999,339208796.378506,369693,101308.8076,172559371.74741,0,-0.006126843158650197,-0.2100447106933957,0.014002083643399388,-0.26458823020164146,0.00697618048206583,0.4617100221147612,0.01692618154896941,-0.5363673725351312,1703.27,1703.27,1708.52,1703.509185280153,1696.7540000000001,1695.9917912344204,1685.5970000000002,1675.8888749013322,1777.228985769404,1613.2424999999998,1449.2560142305956,62.10300784130473,0.01966749662805655
102,2023-02-21 00:00:00,1703.27,1716.66,1666.17,1669.5,263072.7649,2023-02-21 11:59:59.999,445643047.651202,411483,129980.9149,220272938.048548,0,-0.01982656889395107,0.32079663285518567,-0.0258319377746139,0.043370286222306875,-0.013076222792352876,1.0075371134515207,-0.007915285057225385,-0.15878164550359253,1669.5,1669.5,1686.385,1680.8363950933845,1692.33,1687.1611941562803,1684.265,1674.727261282908,1780.6115139304034,1620.7095,1460.8074860695965,55.471857665993745,0.020507311837659303
103,2023-02-21 12:00:00,1669.51,1686.69,1636.3,1659.76,257281.7039,2023-02-21 23:59:59.999,428493650.63338894,426418,131086.9192,218378558.200054,0,-0.005834082060497181,-0.02201315290923911,-0.02554498112454273,0.2917217346141363,-0.02099848999622489,0.9762746564881697,0.013383480681873783,-0.5052231138197067,1659.76,1659.76,1664.63,1666.7854650311283,1685.2099999999998,1678.0274627708536,1686.4569999999999,1672.005941049652,1782.8978312515867,1626.772,1470.6461687484132,53.691154421249216,0.020568169742676688
104,2023-02-22 00:00:00,1659.77,1666.95,1621.59,1644.49,221808.4174,2023-02-22 11:59:59.999,364096951.96471,394912,106054.9928,174099925.106109,0,-0.009200125319323238,-0.1378772215912707,-0.014980533093740589,-0.1568552621389201,-0.020991218931388556,-0.18102873667198616,-0.013029648301524421,-0.020002571949385373,1644.49,1644.49,1652.125,1651.9218216770428,1678.1580000000001,1666.8483085139026,1684.286,1667.003042676988,1782.5694601522737,1632.3225,1482.0755398477263,50.93080449877661,0.02072063509539225
105,2023-02-22 12:00:00,1644.5,1650.62,1595.07,1643.14,307067.0635,2023-02-22 23:59:59.999,497885537.051861,492705,155422.3021,251991242.62961,0,-0.000820923204154389,0.3843796691730057,-0.010013495927121974,0.19350524675998937,-0.041213231647187154,0.21785563798374885,-0.029949169652924823,-0.13159509044151874,1643.14,1643.14,1643.815,1646.0672738923477,1664.032,1658.9455390092685,1679.2130000000002,1662.6643076448083,1778.9949806604966,1638.738,1498.4810193395035,50.68271937568999,0.020416638648043876
106,2023-02-23 00:00:00,1643.15,1679.0,1631.11,1637.48,236893.432,2023-02-23 11:59:59.999,392810907.58827907,396461,118017.4256,195739406.430341,0,-0.0034446243168567703,-0.22852868262766313,-0.0042627197489799595,0.06800920712037861,-0.038625702325526756,0.18935932972782177,-0.03191898171413032,0.738498452158852,1637.48,1637.48,1640.31,1640.3424246307825,1650.8740000000003,1651.7903593395124,1673.8139999999999,1658.0853426184794,1767.8880361522606,1646.3084999999999,1524.7289638477391,49.59203409194999,0.019770565705326825
107,2023-02-23 12:00:00,1637.49,1671.31,1628.75,1650.53,264412.5397,2023-02-23 23:59:59.999,436943851.977236,452634,132040.6696,218178738.047692,0,0.007969562987028889,0.11616661326431377,0.004497486519712268,-0.13890947245796026,-0.011362683438155163,0.005092791724408574,-0.024290325250351685,1.01776108184935,1650.53,1650.53,1644.005,1647.134141543594,1647.08,1651.370239559675,1669.705,1656.711643960574,1756.5001181176215,1653.5729999999999,1550.6458818823783,52.14891275148641,0.01969807298323509
108,2023-02-24 00:00:00,1650.52,1664.66,1641.08,1647.43,155512.2431,2023-02-24 11:59:59.999,256689100.760465,284780,75848.2004,125203440.787276,0,-0.001878184583133824,-0.41185753415309756,0.006076410093558415,-0.34353501577874057,-0.007428784884561557,-0.39555654077740277,-0.028271281615703914,0.19454628974165944,1647.43,1647.43,1648.98,1647.3313805145315,1644.614,1650.0568263731168,1664.9119999999998,1655.0240723313786,1738.9846731206173,1660.5595,1582.1343268793828,51.48088756507069,0.01974337288054822
109,2023-02-24 12:00:00,1647.43,1654.76,1575.64,1607.8,357003.2551,2023-02-24 23:59:59.999,574475473.3577751,544469,169091.2558,272173650.239304,0,-0.024055650315946697,1.2956601228524112,-0.025888653947519935,0.35017520540082003,-0.022310868415131746,0.6095117547148596,-0.042833755023068965,0.3181438751001169,1607.8,1607.8,1627.615,1620.9771268381771,1637.276,1635.971217582078,1657.7169999999999,1646.437877362037,1730.1072859665462,1663.164,1596.2207140334538,43.76295046829428,0.019643483939380275
110,2023-02-25 00:00:00,1607.8,1608.98,1593.95,1600.05,123333.2993,2023-02-25 11:59:59.999,197469725.150819,233362,61228.5327,98038733.563009,0,-0.00482025127503416,-0.6545317233439422,-0.0287599473118737,-0.2069222535701435,-0.02622418053239539,-0.5983506081888851,-0.06635662895254324,-0.51084902369009,1600.05,1600.05,1603.925,1607.025708946059,1628.658,1623.997478388052,1646.345,1638.0037178416665,1724.7003922804727,1664.5535,1604.4066077195273,42.42350789447963,0.019582596253260046
111,2023-02-25 12:00:00,1600.05,1603.84,1557.33,1594.58,166854.7398,2023-02-25 23:59:59.999,264658467.953574,299472,82867.702,131449985.751871,0,-0.0034186431674010365,0.35287664196947355,-0.008222415723348697,-0.5326240379705713,-0.026198793267704135,-0.2956548504054768,-0.06381254880318454,-0.16228052498121548,1594.58,1594.58,1597.315,1598.7285696486863,1620.078,1614.1916522587014,1635.476,1630.1084964159088,1727.6995015037955,1660.5365000000002,1593.3734984962048,41.45899816013355,0.012446237928889067
112,2023-02-26 00:00:00,1594.58,1607.0,1587.76,1603.9,98361.7195,2023-02-26 11:59:59.999,157338829.904195,208029,48133.9659,76994821.788904,0,0.005844799257484823,-0.41049490342377437,0.00240617480703742,-0.2024723245200657,-0.028251531326301205,-0.6279990366130128,-0.0392932015573525,-0.6261045131852035,1603.9,1603.9,1599.24,1602.1761898828954,1610.752,1610.761101505801,1628.916,1625.3433152493799,1727.2361853530267,1656.5905000000002,1585.9448146469738,43.803354892734035,0.012482601227348355
113,2023-02-26 12:00:00,1603.9,1651.26,1595.02,1641.36,210246.2746,2023-02-26 23:59:59.999,341663549.615934,335979,104943.9729,170593924.510609,0,0.02335557079618411,1.1374806750912887,0.029336878676516687,0.26005575179950613,-0.0036845268084229055,0.35195962973027184,-0.011085940135923344,-0.1828168446765327,1641.36,1641.36,1622.63,1628.298729960965,1609.538,1620.9607343372006,1627.076,1628.2554397494926,1727.241788796846,1656.7665000000002,1586.2912112031543,52.10542529999632,0.012352195887882072
114,2023-02-27 00:00:00,1641.37,1650.91,1631.15,1641.23,140581.9143,2023-02-27 11:59:59.999,230358646.525467,253778,69258.7245,113494791.000447,0,-7.92026124676326e-05,-0.3313464670541183,0.023274518361493746,0.42923400500333875,0.02079238711282505,-0.6062167156973914,-0.0019823775152174594,-0.36620117510472805,1641.23,1641.23,1641.295,1636.919576653655,1616.224,1627.7171562248004,1626.75,1630.6144507041301,1726.16507852416,1655.518,1584.87092147584,52.076672541768495,0.011676025475773311
115,2023-02-27 12:00:00,1641.24,1665.22,1608.0,1633.45,291279.4986,2023-02-27 23:59:59.999,477482476.53214,425993,145944.1683,239241687.153696,0,-0.004740347178640358,1.0719556996386697,-0.004819174343227428,0.38542049867075256,0.020874347676635097,1.3617263160331268,-0.0058972455177283,-0.05141406154098971,1633.45,1633.45,1637.3400000000001,1634.6065255512185,1622.904,1629.628104149867,1625.7810000000002,1631.130005121561,1721.4732863888657,1652.4969999999998,1583.520713611134,50.288194792390904,0.010965754704826153
116,2023-02-28 00:00:00,1633.45,1636.23,1616.34,1629.53,132875.626,2023-02-28 11:59:59.999,216218654.049491,230071,65984.1467,107365730.592601,0,-0.002399828583672603,-0.543820877752637,-0.007128799741657255,-0.054817067603410874,0.021917997215567864,-0.20364488201371445,-0.0048550211300291135,-0.4390911352915855,1629.53,1629.53,1631.49,1631.2221751837394,1629.8939999999998,1629.5954027665782,1624.9859999999999,1630.839095099459,1716.6389776840701,1649.4,1582.16102231593,49.36821374288503,0.010966351084356594
117,2023-02-28 12:00:00,1629.52,1647.52,1596.66,1605.23,260647.5387,2023-02-28 23:59:59.999,423932112.261714,396216,126277.3291,205513538.574559,0,-0.014912275318650137,0.9615902972302839,-0.01727631699776544,-0.10516346000054533,0.000829228754909872,1.6498879851322648,-0.0274457295535373,-0.014239116663195106,1605.23,1605.23,1617.38,1613.8940583945798,1630.16,1621.4736018443855,1620.4560000000001,1626.1828959904662,1712.0143471851043,1645.0805,1578.1466528148958,43.99514409634936,0.011336652530774994
118,2023-03-01 00:00:00,1605.24,1669.72,1595.0,1656.33,239517.7874,2023-03-01 11:59:59.999,392511663.893006,364274,121584.8192,199228326.214244,0,0.031833444428524205,-0.08106637570945918,0.016446460022214948,0.8025712812069838,0.009120485451089344,0.13922488213258455,0.005402353969516049,0.5401860498274815,1656.33,1656.33,1630.78,1642.1846861315264,1633.154,1633.0924012295905,1621.346,1631.6641876285632,1706.2527761544645,1643.1290000000001,1580.0052238455357,55.06944151589473,0.013684303476200442
119,2023-03-01 12:00:00,1656.33,1669.65,1631.03,1665.22,234939.0361,2023-03-01 23:59:59.999,388120589.71336,361272,112225.8801,185383149.387838,0,0.005367287919677999,-0.019116539734701954,0.03737159160992509,-0.09863320685176302,0.014617085966013299,0.6711896211531385,0.03571339718870514,-0.34191346228988495,1665.22,1665.22,1660.775,1657.541562043842,1637.952,1643.8016008197271,1627.0880000000002,1637.76524442337,1704.142947317775,1642.4025000000001,1580.6620526822253,56.67453123644868,0.013616360606132524
120,2023-03-02 00:00:00,1665.23,1677.86,1637.57,1644.49,175484.5664,2023-03-02 11:59:59.999,289396197.035925,300682,86070.5656,141971015.494289,0,-0.012448805563228915,-0.25306339332512473,-0.007148333967264886,-0.2673422366459285,0.006758700909118787,-0.39753890251993174,0.027774132058373313,0.422848228304876,1644.49,1644.49,1654.855,1648.8405206812806,1640.1599999999999,1644.0310672131516,1631.532,1638.9879272554845,1691.3416790161527,1638.9385000000002,1586.5353209838477,52.00883119083964,0.012960147352786172
121,2023-03-02 12:00:00,1644.49,1658.0,1619.18,1647.86,247539.2418,2023-03-02 23:59:59.999,404968680.46848303,343718,123837.7824,202551645.158313,0,0.0020492675540744187,0.41060405982232284,-0.010425048942482196,0.05363180980548843,0.01124864224653721,0.8629394212599986,0.03341318717154351,0.4835613426188088,1647.86,1647.86,1646.175,1648.1868402270936,1643.8259999999998,1645.3073781421012,1636.8600000000001,1640.601031390851,1679.7982732514818,1636.1680000000001,1592.5377267485185,52.69068430226282,0.012951464861074657
122,2023-03-03 00:00:00,1647.86,1649.25,1544.39,1564.57,461030.7768,2023-03-03 11:59:59.999,725286988.091656,585363,223530.3757,351389700.788579,0,-0.05054434235918093,0.8624553159635637,-0.04859865368594518,1.62718702993587,-0.02532970353158115,0.7687900645424357,-0.024521478895193072,3.687095540252323,1564.57,1564.57,1606.215,1592.442280075698,1635.694,1618.394918761401,1632.9270000000001,1626.7772075016053,1681.8778339634923,1630.9215,1579.9651660365075,38.23259457801045,0.01655118091748365
123,2023-03-03 12:00:00,1564.57,1580.87,1547.21,1569.45,281785.8208,2023-03-03 23:59:59.999,441287008.65258,422770,132512.49,207529053.777756,0,0.0031190678589005927,-0.3887917358666021,-0.04758292573398215,0.13834808069610882,-0.05245331546249832,0.17647137550336267,-0.043811229711946065,0.3402654640901779,1569.45,1569.45,1567.01,1577.114093358566,1618.318,1602.079945840934,1625.7359999999999,1616.3540788649498,1682.1231989245603,1626.4060000000002,1570.68880107544,39.283813587318946,0.01659461334268664
124,2023-03-04 00:00:00,1569.45,1577.53,1562.71,1569.24,92387.9519,2023-03-04 11:59:59.999,145070487.391478,202230,47096.4259,73955373.758398,0,-0.00013380483608904647,-0.6721341349337333,0.002984845676447856,-0.7996056737442523,-0.05763802980987498,-0.6067577639133763,-0.04386344388050423,-0.34281765645298234,1569.24,1569.24,1569.345,1571.8646977861886,1599.1219999999998,1591.1332972272894,1618.5369999999998,1607.787882707686,1682.9424612762857,1622.6435,1562.344538723714,39.25285442177137,0.016530296118502735
125,2023-03-04 12:00:00,1569.24,1572.12,1549.12,1566.73,145252.3087,2023-03-04 23:59:59.999,226795149.402978,239928,67427.2137,105287083.168192,0,-0.0015995003950957098,0.5721996831060825,-0.0017330912102966334,-0.4845293908415139,-0.04728517655929798,-0.17227872695703916,-0.04084606201597851,-0.5013301334349385,1566.73,1566.73,1567.9850000000001,1568.4415659287297,1583.5700000000002,1582.9988648181932,1611.865,1600.3228131244703,1683.0010526659935,1618.8229999999999,1554.6449473340062,38.858667133433585,0.016527774472105034
126,2023-03-05 00:00:00,1566.74,1588.77,1553.05,1568.5,153753.1371,2023-03-05 11:59:59.999,241663292.176356,270464,74855.3531,117669022.988492,0,0.0011297415636388752,0.05852456650143423,-0.0004715658535342504,0.6642119880135582,-0.04815943101962539,-0.3788736849076024,-0.037452516983424666,0.15712069796758676,1568.5,1568.5,1567.615,1568.4805219762432,1567.6979999999999,1578.1659098787954,1605.7620000000002,1594.5368471018392,1682.5164171146605,1615.374,1548.2315828853395,39.321421999601306,0.01654197129151413
127,2023-03-05 12:00:00,1568.49,1579.45,1556.15,1564.58,145487.6044,2023-03-05 23:59:59.999,228065806.286382,234570,71397.504,111917272.59289,0,-0.002499203060248645,-0.05375846539393947,-0.0013722849501829337,0.0016199102245320063,6.391532497707075e-06,-0.6844297350172046,-0.025323473894706683,-0.44182245063340775,1564.58,1564.58,1566.54,1565.8801739920812,1567.7,1573.6372732525303,1601.697,1589.0901476287775,1679.6552676398394,1611.0765,1542.4977323601604,38.62419685941491,0.016374077180649756
128,2023-03-06 00:00:00,1564.57,1572.8,1554.44,1563.33,129988.3074,2023-03-06 11:59:59.999,203120488.854444,244363,61665.9929,96357440.63622,0,-0.0007989364557901002,-0.10653345392495861,-0.0032961428116035085,-0.1545648443227764,-0.0038994552231674806,-0.5386981962720532,-0.056148231330713116,-0.45729163244600013,1563.33,1563.33,1563.955,1564.1800579973603,1566.4759999999999,1570.201515501687,1592.397,1584.4064844235452,1676.3261580943213,1606.8714999999997,1537.4168419056782,38.39043401956075,0.016378156282680627
129,2023-03-06 12:00:00,1563.32,1583.49,1559.41,1565.84,177720.9937,2023-03-06 23:59:59.999,279026275.111953,250767,89763.2737,140958220.547416,0,0.0016055471333626947,0.36720753777581683,0.0008053279474362629,0.22155419654432063,-0.002166653921643613,0.9236382022232057,-0.05967980206819523,-0.24354421193609388,1565.84,1565.84,1564.585,1565.28668599912,1565.7959999999998,1568.7476770011247,1582.459,1581.0307599829005,1676.487428152062,1604.7734999999998,1533.0595718479376,39.18634683474642,0.015585558887977672
130,2023-03-07 00:00:00,1565.84,1584.49,1561.48,1563.42,123068.6231,2023-03-07 11:59:59.999,193277862.383407,203466,62941.279,98854754.209746,0,-0.0015454963470085126,-0.30751780902291903,5.756941912471447e-05,-0.05323312872062225,-0.002112680551211721,-0.15272518418841485,-0.04929795863763231,-0.2986926108391946,1563.42,1563.42,1564.63,1564.0422286663734,1565.134,1566.9717846674166,1574.352,1577.828803622373,1676.8813672139486,1602.942,1529.0026327860514,38.667676095526346,0.015562758900093966
131,2023-03-07 12:00:00,1563.43,1573.0,1536.14,1561.96,314879.2801,2023-03-07 23:59:59.999,489587778.36100495,397691,159896.8924,248643153.726376,0,-0.0009338501490322448,1.558566693674173,-0.002477903234046841,0.7717618697964774,-0.00416958877908824,1.0479535314795214,-0.05212821477552698,0.2720378304883375,1561.96,1561.96,1562.69,1562.6540762221246,1563.826,1565.3011897782778,1565.762,1574.9435666001232,1677.3261934549873,1601.3110000000001,1525.295806545013,38.337984090334615,0.015552691986904073
132,2023-03-08 00:00:00,1561.95,1570.89,1548.0,1557.23,140521.8667,2023-03-08 11:59:59.999,218964472.384455,236293,70926.6539,110521803.847867,0,-0.003028246562011838,-0.5537278075096819,-0.003959268782540826,0.14181716801867772,-0.004697746360045496,-0.034131689228639184,-0.004691384853346192,-0.6952006812313967,1557.23,1557.23,1559.595,1559.0380254073748,1562.356,1562.6107931855186,1565.0279999999998,1571.7229181273733,1677.3599921458813,1598.9775,1520.5950078541186,37.230463633427156,0.01547603465263897
133,2023-03-08 12:00:00,1557.22,1566.02,1523.61,1532.38,319579.8991,2023-03-08 23:59:59.999,495587923.608824,410904,156199.1875,242254598.874793,0,-0.0159578225438759,1.2742360787326485,-0.01893774488463207,0.014928321096603137,-0.01979748357672395,1.4585280437308006,-0.023619739399152517,0.13412342108875897,1532.38,1532.38,1544.805,1541.266008469125,1556.1660000000002,1552.5338621236792,1561.3210000000001,1564.5696602860326,1674.4781066142334,1593.5285,1512.5788933857664,32.000184140633536,0.014645979834995337
134,2023-03-09 00:00:00,1532.38,1545.0,1522.52,1535.32,166145.8201,2023-03-09 11:59:59.999,255155753.850375,252509,83888.1586,128827947.177196,0,0.0019185841631970124,-0.4801117949911762,-0.01406985480629075,0.18234851273862263,-0.019491135748224586,-0.06513115507073597,-0.02161555912416202,0.7983494241742144,1535.32,1535.32,1533.85,1537.3020028230417,1550.0620000000001,1546.795908082453,1557.929,1559.2515402340266,1669.8616028546317,1588.233,1506.6043971453682,33.195919478011405,0.014676070130589318
135,2023-03-09 12:00:00,1535.31,1546.45,1408.0,1437.32,552339.3163,2023-03-09 23:59:59.999,817241124.057203,662426,256532.6573,379921621.917616,0,-0.06383034155746037,2.3244249898526332,-0.06203422127670688,0.7283293406609628,-0.08065650944723757,3.488059607615777,-0.08259878855961145,2.8026198773940725,1437.32,1437.32,1486.32,1470.6473342743473,1524.842,1510.3039387216354,1544.9879999999998,1537.0821692823854,1680.5273831058732,1578.4265,1476.3256168941268,20.350181793102678,0.019984689001636285
136,2023-03-10 00:00:00,1437.32,1437.5,1368.39,1384.6,473650.6538,2023-03-10 11:59:59.999,666749834.1029711,516614,220177.7729,309914360.913374,0,-0.03667937550441103,-0.14246435149161218,-0.09816845999531043,1.8508129395907682,-0.11354964275653678,0.5042293467184538,-0.11724577621931787,2.0805918027671906,1384.6,1384.6,1410.96,1413.2824447581158,1489.3700000000001,1468.4026258144236,1526.598,1509.3581385037699,1695.856953079563,1566.1799999999998,1436.5030469204366,16.623440332468377,0.021083172796541923
137,2023-03-10 12:00:00,1384.61,1439.43,1382.0,1426.44,486611.7971,2023-03-10 23:59:59.999,686991554.724288,638595,242240.8503,342004629.37857,0,0.030218113534594915,0.027364352178162354,-0.007569643503186452,-0.11899844400049986,-0.08398887768666152,2.4628902143669,-0.08829206560227021,2.3446959217372334,1426.44,1426.44,1405.52,1422.0541482527053,1463.212,1454.4150838762826,1512.784,1494.2821133212663,1699.004129111981,1557.2405,1415.4768708880192,27.907199892144973,0.022649484281571777
138,2023-03-11 00:00:00,1426.43,1476.0,1408.4,1427.1,932371.6321,2023-03-11 11:59:59.999,1348314984.774003,963798,454008.6162,656917387.394462,0,0.0004626903339781663,0.9160481469141102,0.030694785497616728,0.9684795631965832,-0.06870358527258269,1.9174914777986425,-0.08714091074821062,6.17273461551358,1427.1,1427.1,1426.77,1425.4180494175685,1442.156,1445.3100559175218,1499.1609999999998,1482.0671836264905,1690.675607123836,1545.779,1400.882392876164,28.072564046535348,0.020939626070137895
139,2023-03-11 12:00:00,1427.1,1478.07,1422.32,1471.97,442487.988,2023-03-11 23:59:59.999,639611867.5743711,503458,220046.5342,318137301.114899,0,0.03144138462616497,-0.5254167192931696,0.03191862258489664,-0.09067558444525847,-0.04126175650678676,1.6632507982065086,-0.0599486537577274,1.489790197476259,1471.97,1471.97,1449.5349999999999,1456.4526831391895,1429.486,1454.1967039450146,1489.774,1480.2313320580377,1673.4405486258665,1536.1165,1398.7924513741336,38.41496744450436,0.02251602385917382
140,2023-03-12 00:00:00,1471.93,1475.05,1449.9,1465.17,293027.9098,2023-03-12 11:59:59.999,428901847.773829,344697,146274.5659,214107989.445383,0,-0.004619659368057749,-0.3377720576676987,0.02667647677107432,-0.6857176905522027,0.019376339298138312,-0.4694784507412404,-0.0628429980427524,1.381012336197983,1465.17,1465.17,1468.5700000000002,1462.2642277130633,1435.056,1457.8544692966766,1479.949,1477.4929080474853,1658.2766063976178,1527.1505,1396.0243936023821,37.534139896043115,0.022464224466770065
141,2023-03-12 12:00:00,1465.18,1594.19,1448.3,1580.33,709327.1831,2023-03-12 23:59:59.999,1077937892.695825,909202,361341.7622,549830934.23766,0,0.07859838790037998,1.420681305013356,0.07361563075334399,0.6030427996612644,0.1413621262458471,0.4975745888012961,0.011760864554789974,1.2526956453747307,1580.33,1580.33,1522.75,1540.9747425710211,1474.202,1498.6796461977845,1481.786,1496.1905611297607,1645.428872224664,1523.774,1402.1191277753358,55.95364092657781,0.029301047815532326
142,2023-03-13 00:00:00,1580.33,1622.6,1565.0,1581.07,557970.4781,2023-03-13 11:59:59.999,889012199.492633,752106,284072.3921,452603984.534932,0,0.00046825662994431916,-0.21338066354445917,0.07910344874656183,0.9041547219199388,0.10840273688342994,0.14664396018606074,0.015309234987766596,2.9707021490912195,1581.07,1581.07,1580.6999999999998,1567.7049141903403,1505.1280000000002,1526.1430974651896,1484.17,1511.623186378895,1647.5660241812793,1524.599,1401.6319758187205,56.043337240668805,0.02694990143684613
143,2023-03-13 12:00:00,1581.07,1693.49,1572.54,1673.45,670093.1272,2023-03-13 23:59:59.999,1103265685.303708,919177,347313.9137,572018589.835938,0,0.05842878556926645,0.2009472785760993,0.05892440186543335,-0.055311648608381114,0.17262280148553022,-0.2813025363172673,0.09205941085109437,1.096793725409872,1673.45,1673.45,1627.26,1638.2016380634468,1554.398,1575.2453983101263,1498.277,1541.0462434009141,1667.7907774216976,1529.799,1391.8072225783023,65.49105969877846,0.029872536543401194
144,2023-03-14 00:00:00,1673.44,1695.0,1655.24,1683.65,379412.6215,2023-03-14 11:59:59.999,635000240.229143,588734,199292.8478,333590529.632768,0,0.0060951925662553474,-0.4337912058800175,0.06488011283497896,-0.32001308959575214,0.14380727868095144,-0.14254707067889938,0.0966117812573275,1.28361219843893,1683.65,1683.65,1678.5500000000002,1668.5005460211491,1596.734,1611.3802655400843,1513.1100000000001,1566.9741991462024,1688.2733598497573,1535.5194999999999,1382.7656401502425,66.35102542923188,0.029863675426129502
145,2023-03-14 12:00:00,1683.65,1780.02,1659.29,1699.4,903908.614,2023-03-14 23:59:59.999,1560733587.680979,1161301,466772.8334,805608903.7308221,0,0.009354675853057381,1.3823894166367365,0.015506886970031886,0.348929838718095,0.15986540810963912,2.08471849871551,0.18233935379734523,0.6365096369657075,1699.4,1699.4,1691.525,1689.1001820070499,1643.5800000000004,1640.7201770267231,1539.318,1591.0516174832565,1710.4808735206957,1542.153,1373.8251264793043,67.68993848501246,0.029857111207298632
146,2023-03-15 00:00:00,1699.41,1716.9,1650.54,1679.92,329437.1997,2023-03-15 11:59:59.999,557522063.024064,479625,162767.8639,275524713.527356,0,-0.011462869247969909,-0.6355414755456683,-0.0022154248210732863,-0.1317178685369591,0.06301848348129835,-0.5355638306990466,0.21328903654485054,-0.30447219473467557,1679.92,1679.92,1689.66,1682.9800606690167,1663.4980000000003,1653.7867846844822,1568.85,1607.2095052135733,1726.2379916533139,1547.7240000000002,1369.2100083466864,64.28295928860422,0.030063795773646058
147,2023-03-15 12:00:00,1679.91,1698.29,1611.0,1649.96,633705.2836,2023-03-15 23:59:59.999,1044938642.871631,908759,301017.346,496445886.742046,0,-0.017834182580122926,0.9235996547356518,-0.029092620925032397,-0.2989277081941826,0.04357175836616989,0.13573263904192934,0.15669779310731613,0.30228097094360384,1649.96,1649.96,1664.94,1660.9666868896722,1677.2760000000003,1652.511189789655,1591.202,1614.982322447469,1735.9167960787001,1551.993,1368.0692039212997,59.33639077969078,0.03042791261029033
148,2023-03-16 00:00:00,1649.95,1669.99,1632.18,1660.36,308501.2755,2023-03-16 11:59:59.999,509165282.592838,503838,160066.4455,264159990.024,0,0.006303183107469135,-0.5131786281669564,-0.011643411591028219,-0.0635505772240208,-0.007822163793361092,-0.5396143267592075,0.16345035386448048,-0.669121984325975,1660.36,1660.36,1655.1599999999999,1660.562228963224,1674.6580000000001,1655.12745985977,1614.528,1623.2328092752018,1746.7307564247328,1556.8445000000002,1366.9582435752675,60.47342507427245,0.030421518135784063
149,2023-03-16 12:00:00,1660.37,1691.42,1635.96,1673.73,319484.3364,2023-03-16 23:59:59.999,530877958.547447,500568,165194.7538,274529596.408635,0,0.008052470548555846,0.0356013468086942,0.01440640985235997,-0.49584713167444394,-0.005891960918243178,-0.15795016218246716,0.1370680108969613,-0.2779818999289988,1673.73,1673.73,1667.045,1669.3407429877414,1672.6740000000002,1661.32830657318,1634.704,1632.4141166797106,1758.8519397471064,1562.239,1365.6260602528937,61.946565841234296,0.030435096801496798
150,2023-03-17 00:00:00,1673.73,1763.97,1662.65,1761.12,463535.0635,2023-03-17 11:59:59.999,795041176.105945,613669,241726.3551,414663790.61665505,0,0.05221272248212072,0.4508851004189638,0.06068563444072361,0.5025385640585462,0.03631870071790022,-0.4871881334897866,0.20199021273981854,0.5818802509848839,1761.12,1761.12,1717.425,1730.5269143292471,1685.018,1694.5922043821201,1664.2989999999998,1655.8151863743085,1787.0105902191183,1572.124,1357.2374097808818,69.85492592891566,0.03225986967153829
151,2023-03-17 12:00:00,1761.13,1800.0,1703.02,1789.27,443993.219,2023-03-17 23:59:59.999,774224020.34696,679386,234529.1397,409353105.95307904,0,0.015984146452257653,-0.042158287557463314,0.0690314447372038,0.38971826914266217,0.06509238535168338,0.3477324947040581,0.1322128922440251,-0.3740642829172297,1789.27,1789.27,1775.195,1769.6889714430824,1706.8880000000001,1726.15146958808,1685.193,1680.079697942616,1818.158125894045,1583.4895000000001,1348.8208741059552,71.88203801140114,0.03227757926845244
152,2023-03-18 00:00:00,1789.26,1831.34,1767.13,1813.15,333403.6982,2023-03-18 11:59:59.999,603115845.705996,505978,170023.3814,307503339.291584,0,0.013346224996786393,-0.24907930136653733,0.029543699463977502,-0.2807368321123781,0.09890542801037605,-0.4738820918361678,0.14678666978691646,-0.4024707197138715,1813.15,1813.15,1801.21,1798.6629904810275,1739.5259999999998,1755.1509797253868,1708.4009999999998,1704.2742983166856,1850.893611219967,1596.2855,1341.677388780033,73.50943403517881,0.032209243412347315
153,2023-03-18 12:00:00,1813.16,1841.0,1747.47,1758.84,378211.0328,2023-03-18 23:59:59.999,677073513.718553,609912,183108.5857,327869686.910981,0,-0.029953396023495116,0.13439363402958193,-0.017006935789456112,-0.14816033980915366,0.05931243826640009,0.22596262264076117,0.05102632286593556,-0.4355843726074855,1758.84,1758.84,1785.995,1772.1143301603424,1759.2220000000002,1756.380653150258,1716.9399999999998,1714.195334986379,1869.8687895807884,1607.6084999999998,1345.3482104192112,64.382822111944,0.03290453556627083
154,2023-03-19 00:00:00,1758.84,1788.58,1757.92,1784.66,159932.8573,2023-03-19 11:59:59.999,283926229.164824,321048,80309.4514,142580291.380432,0,0.01468013008573843,-0.5771332842514583,-0.015712985687891257,-0.5203026896118574,0.0662771175757142,-0.4994031347447304,0.0599946544709411,-0.5784724907998349,1784.66,1784.66,1771.75,1780.4781100534476,1781.408,1765.8071021001722,1727.041,1727.0070922615828,1890.9686088436895,1620.0755,1349.1823911563104,66.51156161658788,0.03291586389773686
155,2023-03-19 12:00:00,1784.66,1841.36,1773.26,1780.68,381199.0335,2023-03-19 23:59:59.999,688080032.415385,598045,194720.7242,351436075.878387,0,-0.00223011666087658,1.3834941733389514,0.012417275022173824,0.007900353085628087,0.011106568547288198,-0.17762632534917167,0.04782864540426024,-0.5782770209334458,1780.68,1780.68,1782.67,1780.612703351149,1785.3200000000002,1770.7647347334482,1735.1689999999999,1736.7658027594769,1903.1061751746076,1637.2435,1371.3808248253924,65.85815415998053,0.028407887935758318
156,2023-03-20 00:00:00,1780.67,1803.05,1736.57,1779.41,342640.1587,2023-03-20 11:59:59.999,607034917.782659,523742,171522.1535,303895730.826117,0,-0.0007132106835591179,-0.10115155446741175,-0.002941736801407524,1.142400032641698,-0.00551062723904161,-0.2282761446858943,0.0592230582408686,0.04007731674511317,1779.41,1779.41,1780.045,1779.8109011170498,1783.348,1773.646489822299,1745.118,1744.5192931668446,1902.7495952650793,1656.984,1411.2184047349206,65.63657028465167,0.026279911672264147
157,2023-03-20 12:00:00,1779.4,1782.54,1722.0,1732.78,340207.9661,2023-03-20 23:59:59.999,598001529.168562,560025,174709.3123,307116875.346588,0,-0.026205315244940852,-0.0070983874430479155,-0.026899836017701184,-0.10753192898638342,-0.044326172682899956,0.02040849557678981,0.05019515624621196,-0.46314481683453645,1732.78,1732.78,1756.095,1748.4569670390165,1767.274,1760.0243265481993,1753.4,1742.3848762274183,1895.8657230579965,1672.301,1448.7362769420033,57.929728079908884,0.027335026236959162
158,2023-03-21 00:00:00,1732.77,1767.77,1717.01,1761.34,239746.7145,2023-03-21 11:59:59.999,418121911.69770306,412689,127819.1013,222950600.744469,0,0.016482184697422575,-0.2952936486221802,-0.01015505139343953,-0.3002959273378366,0.0014213913715859228,-0.3661033293368273,0.0608181358259654,-0.22286637515052998,1761.34,1761.34,1747.06,1757.045655679672,1767.774,1760.4628843654662,1763.498,1745.8312623678876,1885.03571359207,1689.0130000000001,1492.9902864079304,60.953765859289575,0.02727176760875646
159,2023-03-21 12:00:00,1761.34,1835.0,1758.33,1801.23,502601.7854,2023-03-21 23:59:59.999,905896652.513332,753347,271575.1447,489653081.515556,0,0.022647529721689263,1.0963865404712356,0.039502995186925016,0.47733691001305445,0.009284681676061446,2.142579916878656,0.07617716119087303,0.5731656552036208,1801.23,1801.23,1781.2849999999999,1786.5018852265573,1771.0880000000002,1774.0519229103109,1776.248,1755.9037601191806,1879.940268593883,1705.4759999999999,1531.0117314061167,64.76350399064957,0.026992984948541812
160,2023-03-22 00:00:00,1801.23,1807.66,1778.02,1785.25,192498.3366,2023-03-22 11:59:59.999,345102329.263173,333904,91919.2424,164808370.712522,0,-0.008871715438894534,-0.6169963135988494,0.013574891843709969,-0.19707622687776183,0.0025664352943819413,-0.4950188230212289,0.01370150813118931,-0.5847167738584678,1785.25,1785.25,1793.24,1785.667295075519,1772.002,1777.7846152735406,1778.661,1761.2394400975113,1859.8152899299325,1721.48,1583.1447100700675,62.14750778338011,0.027134561000040056
161,2023-03-22 12:00:00,1785.26,1819.98,1710.12,1734.33,698789.2643,2023-03-22 23:59:59.999,1235972370.946207,952126,340393.4843,602514307.3530769,0,-0.028522615880128832,2.6301054681425233,-0.03714128678736206,0.3903437763235611,-0.025334240000899233,1.0394260467052487,-0.0307052596869114,0.5738737313913798,1734.33,1734.33,1759.79,1751.4424316918396,1762.986,1763.2997435156938,1773.167,1756.3468146252364,1851.441410265048,1729.1799999999998,1606.9185897349516,54.58177910030057,0.023228357664247263
162,2023-03-23 00:00:00,1734.34,1759.0,1729.35,1754.8,192888.1979,2023-03-23 11:59:59.999,336347131.781054,310191,98365.7517,171539406.772523,0,0.011802828758079587,-0.7239680004339758,-0.017056434673014986,0.0020252710069390556,0.012707902907466595,-0.4330285674636354,-0.032181562474147274,-0.4214575334905508,1754.8,1754.8,1744.565,1753.6808105639466,1767.39,1760.4664956771292,1767.3319999999999,1756.0655756024662,1839.7978188916852,1737.8665,1635.935181108315,56.855646534345084,0.02325246269644399
163,2023-03-23 12:00:00,1754.79,1857.16,1741.33,1813.79,539172.9051,2023-03-23 23:59:59.999,975852183.7964512,764522,290278.4393,525567363.04043907,0,0.03361636653749711,1.7952612496256828,0.04581596351328754,-0.2284184479563992,0.029778464123905612,1.2489271906164117,0.031242182347456238,0.42558745869562586,1813.79,1813.79,1784.295,1793.7536035213154,1777.8799999999999,1778.2409971180862,1772.827,1766.5609254929268,1847.4311430299517,1744.8835000000004,1642.335856970049,62.657695347211195,0.02081263978904386
164,2023-03-24 00:00:00,1813.78,1818.99,1776.78,1789.52,224993.4552,2023-03-24 11:59:59.999,405883281.92713904,344588,115397.2688,208200860.225337,0,-0.013380821374028962,-0.5827063024276589,0.019785730567586146,0.16644490253698407,-0.006501113128251301,-0.5523425070586707,0.002723207781874404,0.40679944695767034,1789.52,1789.52,1801.655,1790.9312011737718,1775.538,1782.0006647453908,1773.313,1770.7353026760309,1850.4392044640867,1750.1770000000001,1649.9147955359135,59.134211486035355,0.021173728346177416
165,2023-03-24 12:00:00,1789.51,1789.51,1726.4,1749.57,339776.6865,2023-03-24 23:59:59.999,595662902.604996,511012,167760.0806,294021231.48491,0,-0.022324422191425608,0.5101625342744638,-0.03540652445983272,-0.3698186921373916,-0.019985996359053404,0.7650889483062682,-0.01747085383112079,-0.10866330541207947,1749.57,1749.57,1769.545,1763.3570670579238,1768.402,1771.190443163594,1770.202,1766.8870658258434,1850.2137128360728,1752.6855,1655.1572871639273,53.77377576741726,0.02186777348120819
166,2023-03-25 00:00:00,1749.57,1762.43,1736.05,1745.25,150061.6628,2023-03-25 11:59:59.999,262616144.910323,259570,75824.7264,132695753.722146,0,-0.0024691781409146296,-0.5583520919408342,-0.024738477357056587,-0.33303987590835493,0.006296379581740563,-0.78525476783001,-0.019197374410619306,-0.5620429801067566,1745.25,1745.25,1747.4099999999999,1751.285689019308,1770.586,1762.5436287757295,1766.786,1762.9530538575082,1847.718910942879,1755.952,1664.185089057121,53.21205182640603,0.021674871425818386
167,2023-03-25 12:00:00,1745.24,1763.23,1713.09,1741.88,205617.7115,2023-03-25 23:59:59.999,357725852.273189,361081,98924.557,172141685.959611,0,-0.0019309554505084758,0.37022146538549494,-0.004395365718433575,-0.3948445562347316,-0.007362662411670717,0.06599425853208207,0.005251676496727864,-0.3956117081645255,1741.88,1741.88,1743.565,1745.0152296731028,1768.002,1755.6557525171531,1767.696,1759.1215895197793,1838.8385901369904,1760.548,1682.2574098630096,52.749139633383805,0.021190168818172005
168,2023-03-26 00:00:00,1741.88,1787.64,1739.31,1777.76,145284.8433,2023-03-26 11:59:59.999,256022023.012765,255651,71802.7318,126545019.911524,0,0.020598433876041877,-0.2934225255201325,0.018627703767368553,-0.031832377509813825,-0.019864482657860005,-0.7305412754873983,0.00932244768187851,-0.39400694769479305,1777.76,1777.76,1759.8200000000002,1766.8450765577008,1760.7959999999998,1763.0238350114355,1769.3380000000002,1762.5103914252738,1830.005046039254,1766.4180000000001,1702.8309539607462,57.03475440479984,0.021548140773609024
169,2023-03-26 12:00:00,1777.77,1801.0,1753.02,1773.88,209648.3939,2023-03-26 23:59:59.999,371638465.259905,336967,106715.5351,189146872.40773,0,-0.0021825218252181644,0.4430162784915912,0.018370955519323884,0.019602797689925566,-0.008739773794089967,-0.06820225631167609,-0.015184068664190531,-0.5828737581320975,1773.88,1773.88,1775.8200000000002,1771.5350255192336,1757.6680000000001,1766.6425566742905,1766.6029999999998,1764.5775929843148,1818.7111787938816,1771.4255,1724.1398212061185,56.43862056618063,0.02155939280855286
170,2023-03-27 00:00:00,1773.88,1780.48,1746.57,1765.42,153343.3513,2023-03-27 11:59:59.999,270191831.679367,274032,74791.5021,131777361.843844,0,-0.004769206485218835,-0.2685689193825014,-0.006941319413194091,0.05546695592574591,0.009059368873494789,-0.5486937232816884,-0.011107687998879623,-0.20340427866325783,1765.42,1765.42,1769.65,1767.4583418397447,1760.8380000000002,1766.2350377828604,1764.6200000000001,1764.7307578962575,1818.775657356247,1771.6405000000002,1724.5053426437535,55.086629808536095,0.01824136375313112
171,2023-03-27 12:00:00,1765.42,1769.33,1686.13,1715.22,417220.151,2023-03-27 23:59:59.999,717006138.540473,536221,199836.9281,343398541.86638,0,-0.028435159905291663,1.7208232209804324,-0.03306875324148195,0.9900946686909011,-0.017206703910614518,1.7803247226179613,-0.011018664268045764,-0.40293852193344293,1715.22,1715.22,1740.3200000000002,1732.6327806132483,1754.8319999999999,1749.2300251885738,1762.709,1755.7288019151197,1820.2962251799868,1767.938,1715.5797748200134,47.77351245148308,0.01892020020987904
172,2023-03-28 00:00:00,1715.21,1754.48,1701.13,1745.48,214240.8289,2023-03-28 11:59:59.999,368988665.177488,315667,112186.498,193220736.774508,0,0.017642051748463672,-0.4865041192605293,-0.011294762719352924,0.397131516193751,0.0020667324959238176,0.04193761975606858,-0.005311146569409564,0.11069952040855258,1745.48,1745.48,1730.35,1741.1975935377493,1755.5520000000001,1747.9800167923827,1761.777,1753.8653833850979,1813.4179712131483,1764.5544999999997,1715.6910287868511,51.91727887580778,0.019126142662565494
173,2023-03-28 12:00:00,1745.48,1795.73,1727.35,1772.99,322270.5684,2023-03-28 23:59:59.999,566518718.97219,451220,174190.7184,306255360.049849,0,0.01576070765634663,0.5042444059550593,0.033680810624876045,-0.22757669391668478,-0.002683151831518349,1.2181981346432713,-0.02249433506635279,-0.40228715992279185,1772.99,1772.99,1759.2350000000001,1762.3925311792498,1754.598,1756.3166778615887,1757.6970000000001,1757.342586405989,1814.1837438773214,1765.2620000000002,1716.340256122679,55.38312996231027,0.018288453871731142
174,2023-03-29 00:00:00,1773.0,1827.99,1772.48,1811.22,313631.2469,2023-03-29 11:59:59.999,565155278.112871,459077,168517.2704,303635319.201755,0,0.021562445360661986,-0.026807665195404673,0.03766299241469406,0.4639191255481556,0.021049901909937496,0.49598688101373534,0.012126156734766802,0.39395720031593173,1811.22,1811.22,1792.105,1794.94417705975,1762.066,1774.6177852410592,1759.8670000000002,1767.1384797867183,1818.872442177065,1766.5899999999997,1714.3075578229343,59.7275093253336,0.01862969209719153
175,2023-03-29 12:00:00,1811.23,1816.42,1782.71,1793.07,223234.3503,2023-03-29 23:59:59.999,402187032.96936303,351423,115429.2755,207972603.109928,0,-0.010020869910888797,-0.28822669135649837,0.011325500989853188,-0.3073076719096388,0.01566199544584279,0.45578108478446944,0.024863252113376477,-0.34299685890897647,1793.07,1793.07,1802.145,1793.6947256865833,1767.596,1780.7685234940395,1764.217,1771.8533016436786,1820.4302769484639,1767.2094999999997,1713.9887230515355,56.895072006884455,0.018779518984044494
176,2023-03-30 00:00:00,1793.06,1829.69,1766.5,1804.62,321345.4136,2023-03-30 11:59:59.999,577693117.777932,484598,166928.7282,300128896.337834,0,0.006441466311967625,0.43949805739193204,-0.003643952694868724,0.024596295095748566,0.05212159373141634,-0.2297941198913951,0.03401804899011607,1.1414224499716794,1804.62,1804.62,1798.8449999999998,1800.9782418955278,1785.476,1788.7190156626932,1770.154,1777.8108831630097,1823.9338109040316,1768.47,1713.0061890959685,58.251863270088386,0.018822999624424557
177,2023-03-30 12:00:00,1804.62,1805.88,1763.0,1793.61,258344.6258,2023-03-30 23:59:59.999,461704266.002468,391886,132896.9279,237511961.289788,0,-0.0061010074143033055,-0.19605317248567078,0.00030115946393616255,0.15727989645328355,0.02757407704470971,0.205860839534868,0.029697797781707003,0.2564317729020149,1793.61,1793.61,1799.1149999999998,1796.0660806318424,1795.102,1790.3493437751288,1775.327,1780.6834498606443,1825.4640729784794,1771.5115,1717.5589270215207,56.42849415847596,0.017810451065121285
178,2023-03-31 00:00:00,1793.6,1817.99,1777.91,1792.89,204802.8725,2023-03-31 11:59:59.999,368191403.543453,385292,102687.7548,184640698.975154,0,-0.0004014250589592372,-0.20724934042734788,-0.006499983376001439,-0.36267062222667434,0.011223977574605692,-0.3645002287462996,0.008510710107101138,0.4096644071611839,1792.89,1792.89,1793.25,1793.9486935439475,1799.0819999999999,1791.1962291834193,1776.8400000000001,1782.9028226132543,1827.60177167782,1773.089,1718.57622832218,56.30437558390215,0.01747881050559763
179,2023-03-31 12:00:00,1792.9,1847.28,1790.56,1821.52,349722.6037,2023-03-31 23:59:59.999,638705533.4818009,517664,186502.0002,340596463.966973,0,0.01596863165057516,0.707605950204629,0.015560796382714237,0.3537057433149049,0.005686774660173866,0.11507576861915014,0.026856382618891894,0.6681387211905561,1821.52,1821.52,1807.205,1812.329564514649,1801.1419999999998,1801.3041527889463,1781.604,1789.9241275926624,1831.3595443184656,1774.1035,1716.8474556815343,60.06583564115313,0.017103898632961672
180,2023-04-01 00:00:00,1821.52,1842.83,1812.12,1824.04,146868.2487,2023-04-01 11:59:59.999,268093369.088751,334041,75913.0365,138576300.711853,0,0.0013834599674995562,-0.5800435912744522,0.01737418358069931,-0.28287993763368724,0.017272052959449447,-0.342089384977595,0.03320456322008347,-0.042226171171465765,1824.04,1824.04,1822.78,1820.1365215048831,1807.336,1808.8827685259644,1787.466,1796.1270134849055,1837.1747420330723,1776.0430000000001,1714.911257966928,60.389055162241604,0.016954943341530835
181,2023-04-01 12:00:00,1824.04,1827.13,1807.81,1820.79,126036.7187,2023-04-01 23:59:59.999,229367258.98744,245218,63029.7774,114701830.283318,0,-0.0017817591719480053,-0.1418382133945878,-0.00040076419693446663,-0.6396094579916911,0.008960335139807762,-0.6077842926462729,0.06154895581907849,-0.6979131559252036,1820.79,1820.79,1822.415,1820.572173834961,1810.5700000000002,1812.8518456839763,1798.023,1800.6111928512862,1841.3151632099903,1780.366,1719.4168367900097,59.71774398596198,0.015476634857079776
182,2023-04-02 00:00:00,1820.8,1824.81,1809.73,1817.42,106791.8064,2023-04-02 11:59:59.999,194135447.753386,251122,57567.9283,104654341.204071,0,-0.0018508449629006662,-0.15269290170754024,-0.0036293063748601417,-0.2728734267258952,0.013274903685862594,-0.5866304318531715,0.041215023947567486,-0.5015338255162995,1817.42,1817.42,1819.105,1818.4707246116536,1815.3319999999999,1814.3745637893176,1805.2169999999999,1803.6673396055976,1845.2988087437413,1783.4969999999998,1721.6951912562583,58.98552278576121,0.015347554537750593
183,2023-04-02 12:00:00,1817.42,1819.91,1771.7,1794.51,215331.1321,2023-04-02 23:59:59.999,386773828.41078496,386583,105025.2953,188602180.858971,0,-0.012605781822583761,1.0163637956778677,-0.01443329543769456,0.7084793568177843,0.0009035690979368738,0.05140679655262148,0.012137688311834705,-0.3318312212962231,1794.51,1794.51,1805.9650000000001,1802.4969082038845,1815.6560000000002,1807.7530425262119,1807.369,1802.0023687682162,1843.001755932283,1782.533,1722.0642440677168,54.1267075109073,0.01370737112260676
184,2023-04-03 00:00:00,1794.51,1817.5,1762.77,1807.69,241854.3366,2023-04-03 11:59:59.999,433457909.8262,466486,119692.0402,214526185.71419,0,0.007344623323358501,0.12317403545569361,-0.005353743218408535,1.26472746133827,-0.007592560059730302,-0.3084395059363444,-0.001948962577710045,-0.22885765053533003,1807.69,1807.69,1801.1,1805.9589694012948,1812.8899999999999,1807.732028350808,1807.016,1803.0364835376313,1844.841664910186,1783.4415000000001,1722.0413350898143,56.354132509467476,0.013459114055073966
185,2023-04-03 12:00:00,1807.69,1839.99,1768.27,1810.51,386649.3253,2023-04-03 23:59:59.999,697978890.610873,632195,198564.8779,358577910.32878,0,0.0015600019914918661,0.5986867580525328,0.008916082941861525,0.795603457471443,-0.007417600491217313,1.6326270567152208,0.009726335279715892,0.7320332860081347,1810.51,1810.51,1809.1,1808.9929898004316,1810.184,1808.6580189005388,1808.7600000000002,1804.3953047126074,1846.903137721317,1786.4885000000002,1726.0738622786832,56.83704971716387,0.012331145050341717
186,2023-04-04 00:00:00,1810.51,1875.0,1802.01,1864.91,326109.3457,2023-04-04 11:59:59.999,598277880.07948,566670,176355.0291,323439093.206651,0,0.030046782398329697,-0.15657593493284194,0.0316536574302011,0.3483708842457034,0.02423124028581003,1.5874153902421453,0.033408695459431925,0.01482495750174273,1864.91,1864.91,1837.71,1846.270996600144,1819.0079999999998,1827.408679267026,1814.789,1815.3979765830425,1858.7784140512356,1792.4715,1726.1645859487646,64.90418527045858,0.013797041866228387
187,2023-04-04 12:00:00,1864.9,1891.91,1851.95,1870.37,296099.2954,2023-04-04 23:59:59.999,553273818.573788,520755,147963.0183,276507406.152372,0,0.0029277552267936713,-0.09202450250416117,0.03306250724933846,-0.2341916149206843,0.029134707442418195,1.772678030100257,0.04279637156349492,0.14614071991274225,1870.37,1870.37,1867.6399999999999,1862.3369988667146,1829.598,1841.7291195113507,1822.4649999999997,1825.3928899315802,1869.1330652575825,1798.8960000000002,1728.6589347424178,65.59913912760985,0.013740683344987603
188,2023-04-05 00:00:00,1870.38,1925.0,1864.58,1914.56,237447.2937,2023-04-05 11:59:59.999,453115267.07172894,523854,119747.6218,228457434.836011,0,0.023626341312146915,-0.19808220624357487,0.02662326868320708,-0.27187829226324434,0.06689848482315508,0.10270768274105979,0.06786250132467675,0.15939435224474208,1914.56,1914.56,1892.465,1897.1523329555714,1853.6080000000002,1866.006079674234,1834.632,1841.605091762202,1891.365370054893,1805.736,1720.1066299451072,70.66250899364239,0.013952251294076134
189,2023-04-05 12:00:00,1914.56,1942.98,1882.31,1908.69,311148.2218,2023-04-05 23:59:59.999,592731564.719834,553177,161591.1032,307863201.098754,0,-0.0030659786060504013,0.3103885790886989,0.02048792484909412,0.0508239183064263,0.05587241175201507,0.286510823721984,0.047855637050375543,-0.11029993912858427,1908.69,1908.69,1911.625,1904.8441109851906,1873.8079999999998,1880.234053116156,1843.3489999999997,1853.8023478054379,1907.7004252026388,1812.4765,1717.2525747973611,69.20534391048172,0.013973590312234427
190,2023-04-06 00:00:00,1908.68,1909.91,1853.7,1868.68,213689.5203,2023-04-06 11:59:59.999,402242684.450576,481351,100098.7853,188423345.361866,0,-0.020962021072044146,-0.3132227493899822,-0.02396373056994816,-0.10005493442269542,0.03212906860497866,-0.4473299025306744,0.024473147518694782,0.45497425203518493,1868.68,1868.68,1888.685,1880.7347036617302,1885.4419999999998,1876.3827020774374,1847.8129999999996,1856.5073754771763,1913.294471114928,1817.6395,1721.984528885072,60.107044770773555,0.014930252040320491
191,2023-04-06 12:00:00,1868.68,1882.99,1854.66,1872.41,182551.9149,2023-04-06 23:59:59.999,341375615.573424,435337,90236.1125,168744139.99057,0,0.0019960613909284497,-0.14571423697468056,-0.019007801162053584,-0.4132959724341899,0.004021641795046493,-0.4402125627275453,0.028350331449535693,0.4484026304629589,1872.41,1872.41,1870.545,1875.1849012205769,1886.9419999999998,1875.0584680516251,1852.975,1859.3987617540533,1911.550131753148,1825.4989999999998,1739.4478682468516,60.626737861133144,0.012987433018868589
192,2023-04-07 00:00:00,1872.41,1882.61,1841.46,1849.35,165791.8653,2023-04-07 11:59:59.999,308783451.539397,431489,80599.3683,150133561.353332,0,-0.012315678724211132,-0.09180977153365377,-0.010344200184087216,-0.2241460177024881,-0.011238418067013423,-0.44008017622591067,0.017568861352906806,0.5524773939960248,1849.35,1849.35,1860.88,1857.9616337401922,1882.738,1866.4889787010834,1856.1680000000001,1857.5717141624073,1908.987285745908,1830.6924999999999,1752.3977142540919,55.788055516428,0.013115658212409774
193,2023-04-07 12:00:00,1849.35,1872.0,1842.7,1863.72,118464.622,2023-04-07 23:59:59.999,219935298.839169,397572,63202.7602,117340935.929596,0,0.007770297672155202,-0.28546179400516103,-0.004641077541777783,-0.35106338344961396,-0.026554404145077704,-0.5010908730352903,0.03856763127538998,-0.44984907270637986,1863.72,1863.72,1856.5349999999999,1861.800544580064,1872.5700000000002,1865.5659858007225,1863.089,1858.6895843146967,1910.0621583991856,1835.229,1760.3958416008145,58.035687346582975,0.012824170967258287
194,2023-04-08 00:00:00,1863.73,1879.38,1854.62,1867.44,99678.5081,2023-04-08 11:59:59.999,186156790.135934,493038,50509.7805,94336746.152014,0,0.001996007984031989,-0.15857995056110508,0.009781815232378976,-0.3987732273858433,-0.021611681310217956,-0.6796430089705883,0.033053233684979144,-0.5878572635856553,1867.44,1867.44,1865.58,1865.5601815266882,1864.3200000000002,1866.1906572004818,1869.0639999999999,1860.2805689847519,1913.2770786248218,1838.0400000000002,1762.8029213751786,58.62212866005152,0.012020687781390628
195,2023-04-08 12:00:00,1867.45,1871.22,1847.0,1848.82,98227.0326,2023-04-08 23:59:59.999,182635890.793724,409749,46703.5077,86861641.182419,0,-0.009970869211326838,-0.014561569265702179,-0.00799476316184844,-0.17083234689256,-0.01062782284821373,-0.540328264754872,0.021159783707353164,-0.7459531772781811,1848.82,1848.82,1858.13,1854.400060508896,1860.348,1860.4004381336547,1872.895,1858.1968291693422,1913.2727819374566,1840.8275,1768.3822180625436,54.51549622097435,0.01201814910769888
196,2023-04-09 00:00:00,1848.82,1859.6,1824.01,1839.22,136088.4032,2023-04-09 11:59:59.999,250429605.241068,522467,67305.3115,123835791.080449,0,-0.005192501162903818,0.3854475656836649,-0.015111596624255652,0.3652732749919638,-0.017725818597422616,-0.254522181952746,-0.013775463695299028,-0.5826908826918664,1839.22,1839.22,1844.02,1844.280020169632,1853.7099999999998,1853.3402920891033,1870.3260000000002,1854.746496593098,1913.0888226516954,1842.5575000000001,1772.0261773483048,52.47447015560576,0.012052997271808523
197,2023-04-09 12:00:00,1839.22,1873.99,1826.25,1858.92,151042.9047,2023-04-09 23:59:59.999,279448889.599305,430991,79088.518,146290107.762656,0,0.01071106229814811,0.10988813997635338,0.005462943931805242,0.5376918217114095,0.005174791142834145,-0.08896070125824196,-0.006121783390452107,-0.48989103639724496,1858.92,1858.92,1849.0700000000002,1854.0400067232108,1855.6240000000003,1855.200194726069,1869.181,1855.505315394353,1912.952637597692,1845.8229999999999,1778.6933624023077,56.106183807884705,0.012116414902732922
198,2023-04-10 00:00:00,1858.91,1866.01,1846.4,1858.0,128280.8695,2023-04-10 11:59:59.999,238365538.238515,195668,63537.8309,118064504.506593,0,-0.0004949110236051046,-0.15069913575357774,0.01021085025173707,-0.05737104350122901,-0.003069130556092148,0.08286227005392366,-0.02954203576800929,-0.4597501302243733,1858.0,1858.0,1858.46,1856.6800022410703,1854.48,1856.1334631507127,1863.525,1855.9588944135614,1911.7942914005514,1849.0785,1786.3627085994488,55.8913830682442,0.012117350912133036
199,2023-04-10 12:00:00,1857.99,1918.79,1847.18,1910.2,306458.9289,2023-04-10 23:59:59.999,577847174.624432,390616,155340.0277,292882846.290587,0,0.028094725511302432,1.3889682857193293,0.027585910098336663,1.0289528297187203,0.022897656685087586,2.0744734721807094,0.000791118515840683,-0.015070929452440152,1910.2,1910.2,1884.1,1892.3600007470236,1863.032,1874.1556421004752,1863.6760000000002,1865.8209136110956,1920.2200890360118,1853.5125,1786.8049109639883,64.25365121891463,0.013122422474786644
200,2023-04-11 00:00:00,1910.21,1937.37,1906.25,1915.5,194134.0549,2023-04-11 11:59:59.999,372696422.20432705,298580,101543.6135,194951093.430515,0,0.0027745785781594368,-0.3665250492233252,0.030947255113024763,0.5133515672030893,0.036066247660670125,0.9763811423536781,0.02505511912151892,-0.09151345078853645,1915.5,1915.5,1912.85,1907.7866669156747,1876.368,1887.9370947336504,1868.3580000000002,1874.8534747727144,1928.5199908336633,1858.0855,1787.6510091663365,64.97960953329336,0.013120097857169105
201,2023-04-11 12:00:00,1915.51,1922.91,1881.11,1889.86,211069.4343,2023-04-11 23:59:59.999,401693273.64160496,291947,107898.1037,205315575.080846,0,-0.013385539023753612,0.08723548997481956,-0.010648099675426681,-0.3112635515055473,0.027533410902447653,0.5509729656376774,0.009319540057999953,0.1562159422738545,1889.86,1889.86,1902.6799999999998,1895.8355556385582,1886.4959999999999,1888.578063155767,1870.1030000000003,1877.581933904948,1931.0878587684756,1861.539,1791.9901412315244,58.76225952815008,0.013569688115312959
202,2023-04-12 00:00:00,1889.86,1897.13,1852.65,1872.68,197014.6359,2023-04-12 11:59:59.999,368527334.23692304,277734,99192.5155,185510434.20837,0,-0.009090620469241029,-0.06658850651024839,-0.022354476637953535,0.014838102472458203,0.007402147483485111,0.3043620704415648,0.01261524319355467,0.18832510596043095,1872.68,1872.68,1881.27,1880.398518546186,1889.248,1883.2787087705115,1872.4360000000001,1876.6906731949573,1930.9505875619084,1864.3020000000001,1797.653412438092,54.967174957507794,0.013771487350179506
203,2023-04-12 12:00:00,1872.67,1933.0,1867.05,1917.39,433829.7827,2023-04-12 23:59:59.999,827136297.8418089,523722,219373.5973,418308113.374524,0,0.023874874511395472,1.2020180415438873,0.014567216619220558,1.0553889488488575,0.031964477933261515,2.3818743542270733,0.028797244221234974,2.6621041402554764,1917.39,1917.39,1895.035,1905.059506182062,1901.1260000000002,1894.649139180341,1877.8029999999999,1884.0905507958742,1932.7398341731932,1870.446,1808.1521658268066,61.869045941122835,0.014201754916618988
204,2023-04-13 00:00:00,1917.4,1996.1,1899.55,1985.4,387704.2484,2023-04-13 11:59:59.999,755698645.8200061,508602,206533.8924,402402727.245826,0,0.03547009215652519,-0.10632173294542235,0.06019181066706536,0.967895667389856,0.039367605486336554,0.2651099766993932,0.06316668808636416,2.8895470627534396,1985.4,1985.4,1951.395,1958.6198353940206,1916.166,1924.8994261202274,1889.5989999999997,1902.5104506511695,1952.9517054533753,1879.3314999999998,1805.7112945466242,69.52126467121123,0.01590232789215299
205,2023-04-13 12:00:00,1985.39,2023.0,1985.39,2012.01,288460.2704,2023-04-13 23:59:59.999,577678446.304585,402967,152093.852,304549316.637276,0,0.013402840737382737,-0.255978567192817,0.049348332890022384,-0.33508421527741283,0.050383711824588895,0.48588185905140735,0.08826711091398831,1.9366688859946275,2012.01,2012.01,1998.705,1994.2132784646735,1935.468,1953.9362840801516,1905.9180000000001,1922.4194596236841,1976.5118916298934,1889.4064999999998,1802.3011083701062,71.89761096366531,0.01599482897313705
206,2023-04-14 00:00:00,2012.0,2128.76,2009.22,2115.62,469313.5395,2023-04-14 11:59:59.999,987230254.662543,657768,242800.2696,510576843.487192,0,0.05149576791367827,0.6269607556327106,0.06558879822705732,0.21049367252690665,0.11945858423375277,1.2235030906130593,0.150281097421733,2.4485931825526777,2115.62,2115.62,2063.8149999999996,2075.1510928215575,1980.6200000000001,2007.8308560534344,1933.5579999999998,1957.546830601196,2032.606792595393,1901.9420000000002,1771.2772074046075,78.82149238733543,0.018288264865176096
207,2023-04-14 12:00:00,2115.62,2125.0,2042.08,2099.99,426993.8539,2023-04-14 23:59:59.999,890489246.4611889,524541,221159.886,461249327.50763905,0,-0.007387905200366807,-0.09017358767251171,0.043727416861745194,0.4802518672949285,0.12138219023004448,1.1673204731689681,0.12968282658748076,1.8269706196930677,2099.99,2099.99,2107.8049999999994,2091.7103642738525,2026.0819999999999,2038.5505707022896,1957.6650000000002,1983.4455886737057,2068.958457063645,1913.423,1757.8875429363552,75.78796034315538,0.018537580556853825
208,2023-04-15 00:00:00,2099.99,2111.85,2071.13,2100.19,164889.2576,2023-04-15 11:59:59.999,345195834.984042,259932,81163.8317,169936970.634914,0,9.523854875514992e-05,-0.613836929749775,-0.007293370264981336,-0.64865863922087,0.09533793333646257,-0.6199217661503349,0.13034983853606041,0.28537683165610295,2100.19,2100.19,2100.0899999999997,2097.363454757951,2062.6420000000003,2059.0970471348596,1981.884,2004.6718452784864,2098.268782640282,1922.7045000000003,1747.1402173597185,75.80079430505276,0.018099361958710328
209,2023-04-15 12:00:00,2100.18,2108.98,2082.01,2090.6,156934.5275,2023-04-15 23:59:59.999,329065016.507468,245367,77957.1483,163465788.404372,0,-0.004566253529442621,-0.04824286442781589,-0.004471449864046906,-0.6324665423948858,0.052986803666767335,-0.5952210269873328,0.09444037273583916,-0.4879100828835403,2090.6,2090.6,2095.3949999999995,2092.8544849193167,2083.682,2069.5980314232397,1999.9239999999998,2020.2951461369435,2121.7747441108863,1931.8,1741.8252558891138,73.78127133032167,0.01813670896681224
210,2023-04-16 00:00:00,2090.61,2102.6,2072.72,2086.43,107534.3672,2023-04-16 11:59:59.999,224810509.641083,195879,53374.4771,111604241.586441,0,-0.001994642686310222,-0.3147819736482146,-0.0065517881715464465,-0.3478388539969993,0.03698788773415629,-0.6272125549529403,0.08923518663534313,-0.44608189812245047,2086.43,2086.43,2088.5149999999994,2088.5714949731055,2098.566,2075.208687615493,2017.0169999999998,2032.3196650211355,2141.688789631491,1942.6875,1743.686210368509,72.87211504084829,0.017194792558169227
211,2023-04-16 12:00:00,2086.43,2141.54,2076.02,2118.67,212346.0721,2023-04-16 23:59:59.999,448224103.774752,333352,109143.6557,230350679.726591,0,0.015452231802648653,0.9746810031909501,0.013426767435186227,0.35308701968086664,0.0014416577646270134,-0.5475390027608611,0.12107246039389175,0.006048425743091945,2118.67,2118.67,2102.5499999999997,2108.637164991035,2099.176,2089.695791743662,2039.898,2048.0197259263837,2165.2414476267563,1955.0005,1744.7595523732439,75.39638077414519,0.01730660914121744
212,2023-04-17 00:00:00,2118.66,2120.51,2065.94,2076.5,221044.9689,2023-04-17 11:59:59.999,462176576.607793,366612,107089.835,223924956.874194,0,-0.019903996375084443,0.04096565909589067,-0.004759325738222575,1.0555751119908021,-0.011185767551273984,-0.4823228323287114,0.1088386697139927,0.12197232398610858,2076.5,2076.5,2097.585,2087.212388330345,2094.478,2085.297194495775,2060.2799999999997,2053.197957576132,2177.083662661187,1966.3580000000002,1755.6323373388132,66.65917929987552,0.0178128326084336
213,2023-04-17 12:00:00,2076.5,2088.73,2056.25,2074.0,205927.7382,2023-04-17 23:59:59.999,427256752.17871505,308205,99128.6449,205691938.673317,0,-0.001203948952564371,-0.06838984291399552,-0.02108398193206118,-0.030225818808541027,-0.012470300306162807,0.2488851074795546,0.08167874037102507,-0.5253259540680216,2074.0,2074.0,2075.25,2078.4041294434483,2089.24,2081.5314629971836,2075.941,2056.9801471077444,2187.047108764088,1976.872,1766.696891235912,66.16962416493863,0.017877679108254465
214,2023-04-18 00:00:00,2073.99,2125.0,2051.0,2117.8,199827.141,2023-04-18 11:59:59.999,418281457.15743905,317644,102353.9301,214262501.354673,0,0.02111861137897786,-0.029624941512614522,0.01988923669636411,-0.095988739330226,0.013010618961063924,0.27331533846176725,0.06668681374030427,-0.4845887249761692,2117.8,2117.8,2095.8999999999996,2104.668043147816,2094.68,2093.620975331456,2089.181,2068.0383021790635,2201.813733984685,1989.39,1776.9662660153151,70.28688696317589,0.018188572405341902
215,2023-04-18 12:00:00,2117.8,2120.98,2069.91,2103.5,214417.4725,2023-04-18 23:59:59.999,449010006.412389,319157,103589.0887,216919907.668241,0,-0.0067522901123808765,0.0730147637952745,0.014223722275795492,0.04122676417566762,0.008181439108908561,0.9939436859400612,0.04547194099432916,-0.2566828277506876,2103.5,2103.5,2110.6499999999996,2103.8893477159386,2098.094,2096.913983554304,2098.33,2074.4858836010517,2209.795512673251,2002.1240000000003,1794.4524873267496,67.40268560542916,0.018049202533865355
216,2023-04-19 00:00:00,2103.51,2104.6,1962.06,1981.44,415531.304,2023-04-19 11:59:59.999,837665249.987584,614450,199552.0334,401819868.09352094,0,-0.05802709769431902,0.9379544920248979,-0.06438757200868828,1.079453781506087,-0.06477176719356958,0.9568589138032848,-0.06342348815004573,-0.11459766440426766,1981.44,1981.44,2042.4699999999998,2022.2564492386464,2070.648,2058.4226557028696,2084.9120000000003,2057.568450219042,2203.4081567956705,2009.235,1815.0618432043293,48.941778806949024,0.02304510247547587
217,2023-04-19 12:00:00,1981.45,2007.2,1923.03,1933.73,359857.7562,2023-04-19 23:59:59.999,710268937.871436,502399,181674.9307,358658657.422534,0,-0.024078447997415986,-0.13398159720837788,-0.08070834323746134,0.6783042538662516,-0.06875511678304835,0.6279843779787562,-0.07917180558002646,-0.15722965819485302,1933.73,1933.73,1957.5849999999998,1963.238816412882,2042.0940000000003,2016.8584371352465,2068.286,2035.0523683610343,2198.0931129356577,2012.9755,1827.8578870643423,43.88250719293631,0.02381087780835477
218,2023-04-20 00:00:00,1933.74,1964.56,1923.69,1939.97,253519.0835,2023-04-20 11:59:59.999,493887030.630487,353632,126521.5283,246416743.276841,0,0.0032269241310833863,-0.2955019611718459,-0.020929223191214485,-0.3898917336442118,-0.06462391513982646,0.231107017034192,-0.0762883358172356,0.5375112192875808,1939.97,1939.97,1936.85,1947.7262721376273,2015.288,1991.2289580901645,2052.264,2017.7646650226643,2191.612876173751,2017.074,1842.5351238262492,44.68786436295185,0.0238028824973209
219,2023-04-20 12:00:00,1939.97,1982.99,1914.43,1942.98,371817.166,2023-04-20 23:59:59.999,724297942.668909,515987,181030.2788,352570234.317623,0,0.0015515703851090024,0.46662397507444453,0.004783501316109273,0.033233714138297676,-0.08254792709415437,0.8606940185367513,-0.07061130775853819,1.369250233986909,1942.98,1942.98,1941.475,1944.5620907125424,1980.3239999999998,1975.1459720601097,2037.502,2004.1674532003617,2189.7879771415915,2018.7130000000002,1847.638022858409,45.09717361506075,0.02302387071596842
220,2023-04-21 00:00:00,1942.98,1957.27,1898.0,1909.01,283901.1314,2023-04-21 11:59:59.999,546396052.687698,351260,138382.7634,266372360.558954,0,-0.017483453252220782,-0.23644963879908654,-0.01595900967540742,0.11984126591401156,-0.0924601854052769,0.32405782089423707,-0.08503520367326001,1.6400967317916204,1909.01,1909.01,1925.995,1920.8606969041807,1941.426,1953.100648040073,2019.7600000000002,1986.866098073023,2190.2680845090276,2018.3885000000002,1846.5089154909726,41.375894347635274,0.023389202180961296
221,2023-04-21 12:00:00,1909.01,1923.61,1825.0,1848.78,404975.4872,2023-04-21 23:59:59.999,759783429.404244,517627,201581.4191,378335901.18544096,0,-0.03155038475440153,0.4264666195690967,-0.04848222832967919,0.08917910261302975,-0.06695130813953487,-0.025403180695142136,-0.1273865207889856,0.9071484732210406,1848.78,1848.78,1878.8949999999998,1872.8068989680603,1914.8939999999998,1918.3270986933821,1992.771,1961.7595347870188,2195.1506332178838,2016.3345000000002,1837.5183667821163,35.74407179428732,0.024275926845913107
222,2023-04-22 00:00:00,1848.77,1865.15,1841.64,1852.09,151709.0812,2023-04-22 11:59:59.999,281304974.973798,208508,76579.2539,141990941.467447,0,0.001790369865532826,-0.6253870024358353,-0.029816501746978807,-0.4656270637179998,-0.04221892404834182,-0.5784193098906452,-0.10807127377799186,-0.31367322244446716,1852.09,1852.09,1850.4349999999997,1858.9956329893532,1898.566,1896.2480657955882,1970.33,1941.819619371197,2197.620380865126,2015.3050000000003,1832.9896191348741,36.25755952318683,0.024202576519602073
223,2023-04-22 12:00:00,1852.1,1887.31,1845.91,1874.16,179298.5067,2023-04-22 23:59:59.999,335274626.337967,242991,91545.887,171156889.889562,0,0.011916267567990912,0.1818574424271182,0.013727971959887064,-0.5572608407988601,-0.03392320499801538,-0.2927613013400626,-0.0963548698167791,-0.12931347536162074,1874.16,1874.16,1863.1249999999998,1869.1052109964512,1885.404,1888.885377197059,1950.346,1929.5178703946156,2200.9921692287066,2013.1435000000001,1825.2948307712936,39.71673547717687,0.02371744377147524
224,2023-04-23 00:00:00,1874.17,1877.0,1846.45,1874.45,159971.9363,2023-04-23 11:59:59.999,298336285.464608,202694,88423.077,164875635.239653,0,0.00015473598838955382,-0.1077899127868196,0.012072847431820355,0.05446513178144552,-0.03527056377317317,-0.5697564530950139,-0.11490697894040991,-0.19944840575985623,1874.45,1874.45,1874.3049999999998,1872.6684036654838,1871.6979999999999,1884.0735847980393,1926.011,1919.5055303228671,2204.718450613815,2007.596,1810.4735493861847,39.76299356701034,0.02213096668121446
225,2023-04-23 12:00:00,1874.45,1882.01,1836.37,1862.0,184542.4081,2023-04-23 23:59:59.999,343026143.224758,261234,92114.3431,171253803.391585,0,-0.006641948304836109,0.153592388566969,-0.006488240064882467,0.029246765611796288,-0.0246253293591967,-0.34997649643040485,-0.11480865224625625,-0.13933129633360453,1862.0,1862.0,1868.225,1865.5561345551612,1862.2959999999998,1876.715723198693,1901.861,1909.049979355073,2207.14132318655,2000.0955000000001,1793.04967681345,38.4006533331598,0.021818002873705517
226,2023-04-24 00:00:00,1862.01,1890.0,1827.23,1855.26,212404.3392,2023-04-24 11:59:59.999,393667378.49637,335330,101602.9353,188327927.902918,0,-0.00361976369495165,0.15097847365740535,-0.010237669716450237,0.32776000661561033,0.0035050141174179927,-0.47551309668502817,-0.06368095930232565,-0.48883673226217395,1855.26,1855.26,1858.6299999999997,1858.6920448517203,1863.5919999999999,1869.5638154657954,1889.2429999999997,1899.269983108696,2196.1621287869966,1987.0774999999999,1777.9928712130031,37.648630679351506,0.0175509839317592
227,2023-04-24 12:00:00,1855.26,1876.19,1806.0,1841.84,235459.7125,2023-04-24 23:59:59.999,433301510.744862,347494,115366.026,212272034.492485,0,-0.0072334874896241574,0.10854473777153428,-0.010827067669172963,0.27591113026122915,-0.005534288290525824,0.5520475810514631,-0.04751956064186835,-0.34568670969776916,1841.84,1841.84,1848.5499999999997,1847.4573482839066,1861.542,1860.3225436438636,1880.0539999999996,1888.828167998024,2185.638455141651,1974.17,1762.7015448583493,36.1313906571259,0.017550558208797744
228,2023-04-25 00:00:00,1841.84,1851.64,1805.65,1826.03,184916.5539,2023-04-25 11:59:59.999,337338188.910982,260619,95285.7348,173775467.463151,0,-0.008583807496850948,-0.21465735290065813,-0.015755204122333222,-0.12941254121045753,-0.02568083834891366,0.03133348572389427,-0.05873286700309799,-0.27060104767221604,1826.03,1826.03,1833.9349999999997,1833.1724494279688,1851.916,1848.8916957625759,1868.6600000000003,1877.4103192711104,2173.018237979497,1960.462,1747.9057620205033,34.373881032256435,0.017489021450596887
229,2023-04-25 12:00:00,1826.03,1877.86,1801.66,1866.1,272954.0508,2023-04-25 23:59:59.999,501888232.467264,371147,143085.1623,263165202.684912,0,0.021943779675032582,0.47609310817899697,0.013171610997698036,0.1592388689423887,-0.004454640027741541,0.7062620926718133,-0.03956808613572971,-0.265891745299355,1866.1,1866.1,1846.0649999999996,1855.124149809323,1850.2459999999999,1854.6277971750508,1860.9720000000002,1875.353897585454,2156.7696706906568,1949.2369999999999,1741.7043293093432,42.06557335858145,0.018635936546511047
230,2023-04-26 00:00:00,1866.1,1920.16,1858.25,1914.58,317739.9006,2023-04-26 11:59:59.999,598805273.0704991,363446,153283.1106,288927169.261549,0,0.02597931514924179,0.16407834823750478,0.048493179192017566,0.7182880272137713,0.028238453276047126,0.7217717264631272,0.002917742704333648,0.11919208998263242,1914.58,1914.58,1890.3399999999997,1894.7613832697743,1860.762,1874.6118647833673,1861.529,1882.4859162062805,2138.761442382515,1940.6444999999999,1742.5275576174852,49.740761629081824,0.01991821424413567
231,2023-04-26 12:00:00,1914.58,1964.72,1785.0,1866.01,579969.8292,2023-04-26 23:59:59.999,1097098295.890404,819174,292306.8755,553177340.162452,0,-0.025368488127944455,0.8252974464485625,-4.822892663836065e-05,1.124789236503978,0.005794336103834397,1.7304989690154131,0.009319659451097584,0.432110948763617,1866.01,1866.01,1890.2949999999996,1875.5937944232583,1862.9119999999998,1871.744576522245,1863.252,1879.4902950778658,2110.733688283188,1928.0114999999998,1745.2893117168119,43.5201525627776,0.019900988368509002
232,2023-04-27 00:00:00,1866.01,1940.96,1861.19,1880.92,399258.1304,2023-04-27 11:59:59.999,758576870.425883,515088,212462.1628,403235625.38776493,0,0.007990310877219242,-0.31158810286609306,-0.01758087935735242,0.2565564779433309,0.021217912522260463,0.6956536902252441,0.015566198186913294,1.6317352082150771,1880.92,1880.92,1873.4649999999997,1879.1445981410861,1870.7279999999998,1874.8030510148303,1866.1349999999998,1879.7502414273447,2088.6397700180273,1918.2325,1747.8252299819726,45.76255682177758,0.019862891571144476
233,2023-04-27 12:00:00,1880.93,1937.77,1861.85,1908.68,328214.8162,2023-04-27 23:59:59.999,624517250.2517871,444521,166061.1306,315874134.56969,0,0.014758735087085029,-0.1779383030442604,0.022866972845804634,-0.4340829476375804,0.04526212603297863,0.7749347436871092,0.01841891834208398,0.830549636139273,1908.68,1908.68,1894.7999999999997,1898.8348660470288,1887.2579999999998,1886.0953673432205,1869.587,1885.0101975314637,2064.662582338878,1909.9665,1755.2704176611217,49.76182690447137,0.020327871876388685
234,2023-04-28 00:00:00,1908.68,1923.88,1895.02,1902.33,165504.6371,2023-04-28 11:59:59.999,316239576.73481,241910,82158.0937,156987613.798614,0,-0.003326906553220099,-0.4957429435508829,0.011382727601386478,-0.5854695884735326,0.01941482235678693,-0.39365385267255404,0.014873696284243287,0.03458544622241955,1902.33,1902.33,1905.5049999999997,1901.1649553490095,1894.5040000000001,1891.506911562147,1872.375,1888.1592525257429,2021.009727767565,1899.1929999999998,1777.3762722324345,48.874060120429334,0.019457811966847864
235,2023-04-28 12:00:00,1902.33,1915.31,1873.94,1890.94,222126.142,2023-04-28 23:59:59.999,419963729.879346,332573,119231.9619,225311220.221195,0,-0.0059873944058075335,0.34211431106784373,-0.009294381457342293,-0.3232293880826944,-0.012347355555787587,-0.30091832476641744,0.015542427497314826,0.20365906290566071,1890.94,1890.94,1896.6349999999998,1894.3483184496697,1889.7760000000003,1891.3179410414314,1875.2689999999998,1888.6648429756076,1966.365064138773,1888.5649999999998,1810.7649358612266,47.24588452130373,0.019455285047263612
236,2023-04-29 00:00:00,1890.93,1904.51,1886.11,1897.95,77623.303,2023-04-29 11:59:59.999,147268806.43026,150581,40307.1075,76475246.318375,0,0.0037071509408019843,-0.6505440453740019,-0.0023024396398100277,-0.5309901622085729,0.01711673570881178,-0.8661597567806723,0.02301025193234385,-0.6345493538768534,1897.95,1897.95,1894.4449999999997,1896.7494394832233,1896.164,1893.5286273609543,1879.538,1890.3530533436788,1949.7786235317033,1884.3905000000002,1819.0023764682971,48.38553898783162,0.015010564309557266
237,2023-04-29 12:00:00,1897.95,1918.0,1883.05,1907.8,104422.8376,2023-04-29 23:59:59.999,198759434.865477,185381,50603.1469,96310294.537995,0,0.005189810058220612,0.34525114964510073,0.008916200408262576,-0.5298939752890499,0.014290878931586537,-0.738457830538396,0.0358120140728837,-0.556515055202915,1907.8,1907.8,1902.8749999999998,1904.1164798277412,1901.5400000000002,1898.2857515739695,1886.134,1893.5252254630097,1945.4767438960266,1883.0939999999998,1820.711256103973,50.01942223324486,0.014151306322673378
238,2023-04-30 00:00:00,1907.79,1913.37,1893.0,1900.79,82175.2136,2023-04-30 11:59:59.999,156336583.243767,158459,39548.4096,75235077.421043,0,-0.0036743893489883384,-0.21305324114272106,0.0014963513264310002,0.05864103206224036,-0.004133746882662437,-0.7496297865178458,0.04094127697792471,-0.5556092093061659,1900.79,1900.79,1904.2949999999996,1901.898826609247,1899.962,1899.1205010493131,1893.61,1894.8460935606442,1938.5101672764208,1881.1349999999998,1823.7598327235787,48.834625214621816,0.014137744019370384
239,2023-04-30 12:00:00,1900.78,1939.0,1866.16,1870.09,273161.2752,2023-04-30 23:59:59.999,521576657.570895,394474,137239.0241,262098940.581582,0,-0.016151179246523872,2.3241322198400707,-0.019766222874515127,1.6159150764161954,-0.01694763789668463,0.6504750560853017,0.002138149080971097,0.0007591915173730257,1870.09,1870.09,1885.4399999999996,1880.692942203082,1893.514,1889.4436673662087,1894.009,1890.344985640527,1927.4726758129568,1877.4904999999999,1827.508324187043,43.927300076074424,0.01452347530194072
240,2023-05-01 00:00:00,1870.08,1886.49,1823.0,1845.37,200104.3834,2023-05-01 11:59:59.999,369801657.210074,292581,101941.123,188356250.693605,0,-0.01321861514686462,-0.26744966594005704,-0.029156298170760597,1.4350941681032636,-0.024099125302759594,-0.09914077830604917,-0.036148920389850514,-0.3702258261485716,1845.37,1845.37,1857.7299999999996,1857.1443140676938,1884.4,1874.752444910806,1887.0879999999997,1882.1677155240675,1923.960961479743,1874.3084999999999,1824.6560385202567,40.406338792250274,0.014310984606985858
241,2023-05-01 12:00:00,1845.36,1852.08,1806.12,1830.73,245414.7945,2023-05-01 23:59:59.999,449019936.48477507,355207,118573.6883,216925023.235503,0,-0.007933368375989569,0.2264338758108384,-0.02104711537947368,-0.10157545457233974,-0.035417160620669685,2.161612364008782,-0.01890665108975831,-0.5768490322358307,1830.73,1830.73,1838.0499999999997,1839.534771355898,1870.9559999999997,1860.078296607204,1883.56,1872.8154036106005,1925.4788833078928,1873.4060000000002,1821.3331166921075,38.44116668017539,0.012578812879529304
242,2023-05-02 00:00:00,1830.73,1841.26,1822.94,1833.57,117366.5294,2023-05-02 11:59:59.999,214869153.123639,189451,58075.0365,106312421.822088,0,0.001551293746210547,-0.5217626156600759,-0.0063943816145271,-0.41347347116634925,-0.03890869063843172,0.12395460703320316,-0.025173851094145494,-0.7060384737001715,1833.57,1833.57,1832.1499999999996,1835.5582571186326,1856.11,1851.2421977381362,1878.825,1865.6798756814003,1926.6525232936165,1872.48,1818.3074767063836,39.060341172394786,0.012576719764283921
243,2023-05-02 12:00:00,1833.56,1881.87,1824.25,1870.08,256386.6733,2023-05-02 23:59:59.999,476038738.986816,374317,126364.0666,234564902.39607,0,0.019911974999590853,1.1844956531533937,0.02149415806809296,0.044707487266013146,-0.016156440216962387,2.120000083577513,-0.02022340046524307,-0.21884491301035913,1870.08,1870.08,1851.8249999999998,1858.5727523728774,1849.968,1857.5214651587576,1874.9650000000001,1866.479898284782,1926.4524094048083,1872.2759999999998,1818.0995905951913,46.509052494730916,0.013105706188604634
244,2023-05-03 00:00:00,1870.09,1872.39,1853.78,1859.32,107618.821,2023-05-03 11:59:59.999,200597119.560405,194658,52408.5946,97691326.814267,0,-0.0057537645448323405,-0.5802479917742277,0.014043641638988413,-0.08305356262839281,-0.005759081113743125,-0.6060246060822314,-0.022609116189094447,-0.34975343962734207,1859.32,1859.32,1864.6999999999998,1859.070917457626,1847.8139999999999,1858.1209767725052,1870.664,1865.1780985966398,1925.9751746262261,1871.5194999999999,1817.0638253737736,44.77215478256,0.013167826043653014
245,2023-05-03 12:00:00,1859.32,1916.52,1842.64,1905.12,357566.4291,2023-05-03 23:59:59.999,670625034.399387,556921,187340.486,351412851.049805,0,0.024632661403093614,2.3225269128343267,0.01873716632443534,0.3946373440463842,0.032378330632881314,0.7868995322568233,0.0074989158831055835,0.6097449218741666,1905.12,1905.12,1882.2199999999998,1889.7703058192087,1859.764,1873.787317848337,1872.0819999999999,1872.4402624881598,1929.840450805617,1873.6754999999998,1817.5105491943827,52.84461536200007,0.014194873797812653
246,2023-05-04 00:00:00,1905.12,1918.26,1895.68,1904.67,139582.3323,2023-05-04 11:59:59.999,265707464.279436,230709,69547.7058,132370724.551558,0,-0.00023620559334835978,-0.6096324460567206,0.02439063743734282,0.2970067038738513,0.04038826042070642,-0.43123912890263827,0.0035406622935272303,0.7982014022258239,1904.67,1904.67,1904.8949999999998,1899.7034352730695,1874.5520000000001,1884.0815452322247,1872.7540000000001,1878.3002147630398,1933.1932952557554,1876.146,1819.0987047442445,52.76301179724321,0.01415400104292924
247,2023-05-04 12:00:00,1904.67,1908.2,1866.71,1877.07,214946.2821,2023-05-04 23:59:59.999,404877039.38018304,295093,102580.2451,193155659.038374,0,-0.014490699176235355,0.5399247065024146,-0.014723481985386755,-0.39886335906583015,0.023724210147417324,0.8314103961226957,-0.016107558444281356,1.0584221520906074,1877.07,1877.07,1890.87,1884.6144784243565,1883.252,1881.74436348815,1869.681,1878.0765393515778,1932.7415477714103,1877.9074999999998,1823.0734522285893,47.8794285046907,0.014476598718887788
248,2023-05-05 00:00:00,1877.07,1914.56,1875.65,1911.2,153073.1747,2023-05-05 11:59:59.999,290461538.105817,249134,80414.7295,152597509.704096,0,0.018182593083902132,-0.28785381536031696,0.0034284154210439954,0.09665150436807823,0.021988364134154725,-0.40295970640842194,0.005476670226590041,0.8627657659048664,1911.2,1911.2,1894.1349999999998,1902.3381594747855,1891.4759999999999,1891.5629089921001,1870.7220000000002,1884.0989867422,1933.3290395500233,1882.166,1831.0029604499766,53.59882129887046,0.014773589190089444
249,2023-05-05 12:00:00,1911.19,1998.36,1888.0,1993.3,393535.7003,2023-05-05 23:59:59.999,770721850.962295,554478,201403.4893,394347982.28902704,0,0.0429573043114273,1.570899186426817,0.06192097257960549,0.8308560467071229,0.07205860206957393,2.6567553578755527,0.0658845296215691,0.4406716325799318,1993.3,1993.3,1952.2499999999998,1962.979386491595,1918.2720000000002,1925.4752726614001,1883.0430000000001,1903.9537164254361,1958.3428184322167,1888.5259999999998,1818.709181567783,63.86963139505754,0.016840417418998697
250,2023-05-06 00:00:00,1993.3,2019.0,1921.25,1934.31,270754.5111,2023-05-06 11:59:59.999,531583832.08251697,410215,138832.2023,272581909.40048,0,-0.02959414037024033,-0.31199504671723943,0.01209187944746759,0.7687913746522694,0.0153218694885362,-0.24278542652481916,0.048196296677631034,0.3530663671608505,1934.31,1934.31,1963.8049999999998,1943.866462163865,1924.11,1928.420181774267,1891.937,1909.4730407117204,1961.303642594314,1889.5125,1817.7213574056861,54.52997484132259,0.017497011712304254
251,2023-05-06 12:00:00,1934.32,1934.6,1860.0,1896.33,337352.4804,2023-05-06 23:59:59.999,638355561.23026,458411,170770.0204,323174619.000317,0,-0.01963490857204897,0.24597178096657024,-0.04864797070185123,-0.1427652430444568,-0.004378711272818969,1.4168709237136023,0.03583270061669386,0.3746216119012338,1896.33,1896.33,1915.3199999999997,1912.175487387955,1922.4419999999998,1917.723454516178,1898.497,1907.083396945953,1962.0467884262714,1891.0285,1820.0102115737284,49.51011407918912,0.017090395811247265
252,2023-05-07 00:00:00,1896.33,1918.6,1887.45,1902.28,168538.8108,2023-05-07 11:59:59.999,320484609.327811,274513,83787.731,159302892.180622,0,0.0031376395458595496,-0.5004073762844046,-0.016558876291804303,-0.3775216888713179,0.013430506054649127,-0.21590264714794993,0.037473344350092974,0.43600404358553013,1902.28,1902.28,1899.3049999999998,1905.578495795985,1927.484,1912.5756363441187,1905.368,1906.2100520466886,1963.1170441474303,1892.0965,1821.07595585257,50.28228636646875,0.017019393295749287
253,2023-05-07 12:00:00,1902.29,1933.33,1867.59,1870.4,244730.0249,2023-05-07 23:59:59.999,467081548.870645,351154,114258.4566,217906279.191483,0,-0.016758836764303786,0.4520692518141345,-0.013673780407418401,-0.2745569126694348,-0.0213478442863122,0.5987780052228837,0.00017111567419592077,-0.04546511037397205,1870.4,1870.4,1886.3399999999997,1882.1261652653284,1919.3239999999998,1898.5170908960793,1905.4,1899.6991334927452,1961.3752611137331,1890.1824999999997,1818.9897388862662,46.204882571339496,0.017108196342662134
254,2023-05-08 00:00:00,1870.41,1883.97,1835.0,1862.78,311046.0663,2023-05-08 11:59:59.999,577856980.383086,433838,148055.8208,275021471.236112,0,-0.004073994867408115,0.2709763194242212,-0.02076455621675044,0.8455456332198115,-0.06547935584207099,-0.20961156494091016,0.0018608953811070084,1.8902571447052,1862.78,1862.78,1866.5899999999997,1869.2287217551095,1893.22,1886.6047272640528,1905.7459999999999,1892.9865637667915,1960.1315893810988,1888.2050000000004,1816.278410618902,45.26015607725554,0.017114647195393157
255,2023-05-08 12:00:00,1862.79,1876.99,1810.73,1847.56,314270.5505,2023-05-08 23:59:59.999,579746229.378768,451855,160138.0299,295281378.510553,0,-0.008170583751167637,0.010366580868089281,-0.012211291702309723,0.2841519982209588,-0.04484803366575163,0.16072138271383363,-0.030213319895859514,-0.12108485326482232,1847.56,1847.56,1855.1699999999996,1854.7829072517031,1875.8700000000001,1873.5898181760354,1899.9900000000002,1884.7271885364657,1960.0868148233171,1886.036,1811.985185176683,43.35343948033031,0.01715563672564796
256,2023-05-09 00:00:00,1847.55,1856.99,1830.99,1846.76,136510.1153,2023-05-09 11:59:59.999,251536788.244433,246728,71685.1557,132085534.152145,0,-0.00043300352897868155,-0.5656286754109975,-0.008600049388548303,-0.5611257299478666,-0.026139965090464234,-0.59534871319713,-0.030404217003470513,-0.02201007068284966,1846.76,1846.76,1847.1599999999999,1849.4343024172342,1865.9559999999997,1864.6465454506904,1894.1989999999998,1877.8240633480173,1959.2224647175824,1883.4765,1807.7305352824176,43.250301349760505,0.017120524364335005
257,2023-05-09 12:00:00,1846.76,1861.88,1834.22,1846.52,167886.0707,2023-05-09 23:59:59.999,309903471.546462,271009,82510.0514,152324311.492934,0,-0.00012995733067644455,0.2298434466269914,-0.0005629045876723859,-0.46579127305152956,-0.02931219378850647,-0.003872936428717222,-0.01627536533000895,-0.2189394063494713,1846.52,1846.52,1846.6399999999999,1847.4914341390781,1854.804,1858.6043636337938,1891.1439999999998,1872.1324154665595,1956.9286998206737,1880.4125,1803.896300179326,43.217084602546024,0.017056773514762983
258,2023-05-10 00:00:00,1846.53,1858.92,1834.23,1850.49,128948.2557,2023-05-10 11:59:59.999,237806766.000589,209358,60956.3393,112412275.378374,0,0.002149990251933298,-0.23192999179532303,0.0020197535142627565,-0.05539413385873837,-0.010644781864841746,-0.47309997719858854,-0.03176538300544163,-0.1576038325936674,1850.49,1850.49,1848.5049999999997,1849.4904780463594,1850.8220000000001,1855.8995757558625,1885.0729999999999,1868.1974308362758,1954.8744487249091,1877.8974999999998,1800.9205512750905,43.98347155527413,0.017067305515863
259,2023-05-10 12:00:00,1850.5,1887.47,1790.51,1840.84,510985.1298,2023-05-10 23:59:59.999,944447951.031626,592782,254806.056,470832066.48960704,0,-0.005214834989651473,2.962714555742533,-0.0030760565821112973,2.04364220134196,-0.011778095105165476,0.6427956665015699,-0.07648622886670353,0.2984466959680303,1840.84,1840.84,1845.6649999999997,1843.7234926821197,1846.434,1850.879717170575,1869.827,1863.2233525024074,1955.0438751986528,1876.4350000000002,1797.8261248013475,42.4825350176164,0.016735130739401295
260,2023-05-11 00:00:00,1840.83,1842.02,1808.0,1820.84,191930.5319,2023-05-11 11:59:59.999,350475563.823961,248186,91241.7439,166620368.431067,0,-0.010864605288889884,-0.6243911599245133,-0.016022783154732045,0.48843061783270025,-0.01446231786789065,-0.3892824778056957,-0.05866174501501831,-0.29112711319106066,1820.84,1820.84,1830.8399999999997,1828.46783089404,1841.0900000000001,1840.8664781137168,1858.4800000000002,1855.5172884110605,1956.4396024854234,1875.2085,1793.9773975145765,39.47582589168547,0.01665018814939037
261,2023-05-11 12:00:00,1820.83,1839.0,1772.68,1794.3,330165.5406,2023-05-11 23:59:59.999,594049863.2039809,431439,165099.7596,297094806.773205,0,-0.014575690340721814,0.720234593899961,-0.02528193650724664,-0.3538646795275098,-0.028406506530355924,1.4186159382725245,-0.05380392653177457,-0.021303948296092057,1794.3,1794.3,1807.5699999999997,1805.68927696468,1830.598,1825.344318742478,1848.277,1844.386872336322,1959.982555567231,1873.387,1786.791444432769,35.849857365695584,0.016870251269678418
262,2023-05-12 00:00:00,1794.31,1801.99,1740.0,1764.86,285749.829,2023-05-12 11:59:59.999,503899581.953366,354169,129954.4177,229195338.365296,0,-0.01640751267903917,-0.1345255822860394,-0.030744052195689875,0.4888190334869802,-0.044223728960422926,0.7020460828499218,-0.07223962823559105,0.6954541665722969,1764.86,1764.86,1779.5799999999997,1778.4697589882267,1814.266,1805.1828791616522,1834.5350000000003,1829.9274410024452,1967.368761565892,1869.9515,1772.5342384341077,32.30510770949495,0.01720910702991618
263,2023-05-12 12:00:00,1764.86,1818.63,1742.69,1807.45,279790.0019,2023-05-12 23:59:59.999,498204780.641045,342761,142812.1638,254374510.59262,0,0.024132225785614914,-0.020856800232766037,0.0073287633060246105,-0.15257660932286898,-0.023258704451253442,1.1697850845763709,-0.033655902480752786,0.1432598105374523,1807.45,1807.45,1786.1549999999997,1797.7899196627422,1805.658,1805.9385861077683,1828.2399999999998,1825.8406335474551,1967.9742479582421,1866.8200000000002,1765.6657520417582,41.34129322943474,0.017512140989943012
264,2023-05-13 00:00:00,1807.45,1817.03,1796.8,1803.78,100774.6732,2023-05-13 11:59:59.999,181893947.872064,164134,51740.4137,93387038.593379,0,-0.0020304849373427025,-0.6398203205416254,0.022052740727309894,-0.6473325161639905,-0.020132113600312862,-0.8027835501995072,-0.031673090756825784,-0.676013670904926,1803.78,1803.78,1805.6149999999998,1801.7833065542475,1798.2459999999999,1805.219057405179,1822.3400000000001,1821.8296092660996,1968.8518416308357,1864.0430000000001,1759.2341583691646,40.83545719161962,0.017484951617342013
265,2023-05-13 12:00:00,1803.79,1809.91,1785.23,1795.11,112120.7641,2023-05-13 23:59:59.999,201503374.872717,178432,56220.1481,101029931.18391,0,-0.004806572863653047,0.1125887144032931,-0.006827298127195847,-0.5992681534772168,-0.014130840710880666,-0.4158263253372456,-0.028388793868670104,-0.643234900878821,1795.11,1795.11,1799.4449999999997,1797.3344355180823,1793.1,1801.8493716034527,1817.0949999999998,1816.9714984904451,1965.6721363990732,1858.5425,1751.4128636009268,39.602670608384756,0.01638519469110165
266,2023-05-14 00:00:00,1795.12,1809.84,1789.82,1802.05,76797.1357,2023-05-14 11:59:59.999,138351683.760423,138252,39819.2696,71744840.319913,0,0.0038660583473992816,-0.31504983651819407,-0.000959097007395604,-0.23793217818145207,0.0043192331271246776,-0.7673980889694338,-0.024209967727262915,-0.43742531070882484,1802.05,1802.05,1798.5799999999997,1800.478145172694,1794.65,1801.9162477356351,1812.6240000000003,1814.2584987649095,1961.04133606323,1853.4115000000002,1745.7816639367704,41.1345892877499,0.016445112998484522
267,2023-05-14 12:00:00,1802.04,1824.0,1791.45,1799.21,141303.962,2023-05-14 23:59:59.999,255205979.041437,209840,72272.2302,130522530.049645,0,-0.0015759829083543675,0.8399639610517402,0.002283982597166778,0.26028361592302063,0.01946330020511544,-0.5054976498341142,-0.025621168468253797,-0.1583342119400738,1799.21,1799.21,1800.6299999999997,1799.6327150575648,1801.52,1801.0141651570902,1807.893,1811.5224080803805,1959.0592477197313,1849.5185000000001,1739.977752280269,40.67987237180963,0.016207040405015243
268,2023-05-15 00:00:00,1799.2,1836.06,1785.05,1824.39,223798.8528,2023-05-15 11:59:59.999,407389963.399676,278460,118396.241,215559176.855369,0,0.013995031152561399,0.5838115905058627,0.012396992314308797,1.9141562476268237,0.009372320119505506,-0.20011847714276731,-0.014104372355430161,0.7355709977238567,1824.39,1824.39,1811.7999999999997,1816.137571685855,1804.908,1808.806110104727,1805.2830000000001,1813.861970247584,1951.4285645349607,1845.1779999999999,1738.927435465039,46.34330729447079,0.015957817704345435
269,2023-05-15 12:00:00,1824.39,1846.7,1812.97,1816.2,164373.0733,2023-05-15 23:59:59.999,300621668.775033,225268,82482.2802,150874016.572985,0,-0.004489171723151331,-0.2655321006185247,0.00944303333129537,0.16325877189487437,0.006885540365233034,0.6310950765752519,-0.01338519371591218,-0.6783212197107659,1816.2,1816.2,1820.2949999999998,1816.1791905619516,1807.3919999999998,1811.270740069818,1802.819,1814.2870665662049,1918.5145925383977,1836.3229999999999,1754.131407461602,44.8436512460488,0.01190252258480752
270,2023-05-16 00:00:00,1816.21,1827.18,1796.2,1816.53,165465.9474,2023-05-16 11:59:59.999,299962922.151407,242244,75387.3955,136650378.628285,0,0.00018169805087531188,0.006648741658588975,-0.004308289346028005,-0.2606488132990108,0.011932416397880896,0.4757832657332024,-0.002367039388414094,-0.13788626665083503,1816.53,1816.53,1816.3649999999998,1816.4130635206507,1811.6760000000002,1813.0238267132122,1802.3880000000001,1814.6948726450767,1899.5339184948732,1830.434,1761.3340815051267,44.92099147881793,0.010372047628781753
271,2023-05-16 12:00:00,1816.54,1832.64,1810.0,1824.21,145772.7312,2023-05-16 23:59:59.999,265404331.95537,223814,70408.8729,128189621.098033,0,0.004227840993542564,-0.11901673129392176,0.004410307234886002,-0.11315930113475581,0.01229710607363832,0.8981532302122046,0.016669453268684187,-0.5584859312237989,1824.21,1824.21,1820.37,1821.6110211735502,1816.1080000000002,1816.7525511421416,1805.3790000000001,1816.424895800517,1888.9736101748001,1826.8280000000002,1764.6823898252003,46.790931120530686,0.009720090542293808
272,2023-05-17 00:00:00,1824.21,1837.5,1788.1,1790.2,161784.1142,2023-05-17 11:59:59.999,293073279.284101,245901,74038.7895,134145597.494998,0,-0.018643686856228192,0.10983798456813165,-0.014494668406247024,-0.022251304621001444,-0.005007753402882398,0.14493685746759177,0.014358079394399592,-0.433826033190732,1790.2,1790.2,1807.205,1800.6703403911836,1814.306,1807.901700761428,1807.913,1811.6567329276957,1874.7607053151226,1821.2239999999997,1767.6872946848769,40.27072896536343,0.010328096180416474
273,2023-05-17 12:00:00,1790.2,1835.37,1783.68,1822.12,190313.8771,2023-05-17 23:59:59.999,344703691.549754,278817,100576.0343,182216669.396235,0,0.017830410010054587,0.17634464941799588,-0.0011457014269191657,0.3055519748675739,-0.0012442515032422552,-0.14962085498232713,0.008116407092865652,-0.3197974344772324,1822.12,1822.12,1806.1599999999999,1814.9701134637278,1813.852,1812.641133840952,1809.3799999999999,1813.55914512266,1867.3833877755953,1818.8100000000002,1770.236612224405,47.644693044954884,0.010785453701202834
274,2023-05-18 00:00:00,1822.12,1831.92,1814.92,1825.43,89905.2671,2023-05-18 11:59:59.999,163973919.604211,178457,45273.4828,82571121.436714,0,0.0018165653195181264,-0.5275947898809319,0.019679365434029705,-0.4442886587192503,0.005082039422971141,-0.4530413936112734,0.012002572375788612,-0.10785851002888702,1825.43,1825.43,1823.7749999999996,1821.943371154576,1815.6979999999999,1816.9040892273015,1811.545,1815.7174823730854,1861.2991959432097,1816.9424999999999,1772.58580405679,48.35668924215676,0.010784754096158778
275,2023-05-18 12:00:00,1825.44,1827.18,1771.12,1800.56,203850.0439,2023-05-18 23:59:59.999,367383251.222941,301714,97265.9225,175327688.281362,0,-0.013624187177815661,1.2673871117390854,-0.011832371084231519,0.07112548494236925,-0.008791487065999526,0.23197580591739309,0.003036025647453311,0.8181292781610645,1800.56,1800.56,1812.995,1807.6877903848585,1812.5040000000001,1811.4560594848676,1812.0900000000001,1812.9615764870698,1857.155599922332,1814.5925,1772.029400077668,43.56302642964953,0.011042599359884582
276,2023-05-19 00:00:00,1800.56,1811.87,1796.81,1807.5,93370.0725,2023-05-19 11:59:59.999,168542024.622849,167850,46668.0199,84244998.84826,0,0.00385435642244647,-0.5419668756814038,-0.009822343228718777,0.03853840282957122,-0.009160129590343291,-0.3594819021954362,0.003024333398074397,0.21580149635710955,1807.5,1807.5,1804.0299999999997,1807.562596794953,1809.1619999999998,1810.137372989912,1812.6350000000002,1811.9685625803297,1852.620937821094,1812.6294999999998,1772.6380621789056,45.195680156808926,0.01110034528991061
277,2023-05-19 12:00:00,1807.5,1829.54,1800.81,1812.32,149746.3951,2023-05-19 23:59:59.999,271749707.72803,223067,78637.6253,142705074.793798,0,0.002666666666666595,0.6037943539135626,0.006531301372906251,-0.26540906131244646,0.012356161322757186,-0.07440606365788671,0.007286531310964239,0.05974661276659732,1812.32,1812.32,1809.9099999999999,1810.7341989316508,1813.586,1810.864915326608,1813.946,1812.032460292997,1847.7695292944045,1810.9195,1774.0694707055954,46.356382014862476,0.011129662451301677
278,2023-05-20 00:00:00,1812.31,1815.99,1807.06,1813.39,48550.9122,2023-05-20 11:59:59.999,87950559.054789,112563,23193.5476,42018436.659587,0,0.0005904034607575603,-0.675779091926868,0.0032586445366529215,-0.48001633821158274,-0.004791122428819072,-0.7448903204547243,-0.0060294125707770485,-0.7830600488225559,1813.39,1813.39,1812.8549999999998,1812.5047329772171,1811.8400000000001,1811.706610217739,1812.846,1812.2792856942701,1841.1926238014066,1809.0645,1776.9363761985933,46.62662348096221,0.011112798953896816
279,2023-05-20 12:00:00,1813.38,1828.87,1812.07,1819.42,79203.5227,2023-05-20 23:59:59.999,144060023.251839,160181,43975.0159,79985965.786341,0,0.003325263732567141,0.6313498369243824,0.003917630440540387,-0.471082274487421,-0.003292374947272747,-0.11903356438612922,0.0017729324964210758,-0.5181478261013934,1819.42,1819.42,1816.4049999999997,1817.1149109924058,1810.6380000000001,1814.2777401451594,1813.1680000000001,1813.577597386221,1837.0991518737947,1807.9934999999998,1778.887848126205,48.21004901875223,0.011104515791978228
280,2023-05-21 00:00:00,1819.42,1828.98,1806.54,1809.48,73945.0822,2023-05-21 11:59:59.999,134274049.688159,147343,35843.4921,65091513.379219,0,-0.005463279506656038,-0.0663914977609954,-0.0021561826192931788,0.523042077878817,0.004954014306660204,-0.63725746246945,-0.0038810259120410917,-0.5531099699852804,1809.48,1809.48,1814.4499999999998,1812.024970330802,1812.422,1812.6784934301063,1812.4630000000002,1812.8325796796353,1835.9436328105214,1807.4255,1778.9073671894787,45.798068029615926,0.010903723521484844
281,2023-05-21 12:00:00,1809.49,1817.76,1797.21,1804.91,87572.7231,2023-05-21 23:59:59.999,158261564.189965,161048,40971.7597,74053800.18922,0,-0.00252558746159115,0.1842940800733872,-0.007975068978025912,0.10566702230783487,-0.0014329183955739122,-0.062090017119778795,-0.010579922267721309,-0.3992516818536498,1804.91,1804.91,1807.1949999999997,1807.2816567769341,1811.904,1810.088995620071,1810.5330000000001,1811.3921106469743,1835.8659977785478,1807.9560000000001,1780.0460022214525,44.69100853283682,0.010391752554836866
282,2023-05-22 00:00:00,1804.91,1820.17,1792.01,1814.32,104520.8958,2023-05-22 11:59:59.999,188879266.068366,191642,53225.5953,96226363.204058,0,0.005213556354610294,0.19353255328884478,0.002674801600459853,0.4134935372348534,0.0011035578705747007,-0.30201394343949717,0.013473354932409753,-0.3539483383962553,1814.32,1814.32,1809.6149999999998,1811.9738855923115,1812.304,1811.499330413381,1812.9450000000002,1811.924454165706,1830.2065659776042,1810.429,1790.651434022396,47.50485901645331,0.009655707807865548
283,2023-05-22 12:00:00,1814.32,1828.27,1808.54,1817.35,132978.0465,2023-05-22 23:59:59.999,241794111.848287,220225,70689.0931,128547826.663027,0,0.0016700471802106875,0.2722627899635739,0.006892310419910119,0.5184870561596135,0.0021837552870589416,1.7389402273681687,-0.0026178297806950246,-0.30126983630244175,1817.35,1817.35,1815.8349999999996,1815.5579618641038,1813.096,1813.4495536089207,1812.468,1812.9109170446684,1830.873365303149,1810.9240000000002,1790.9746346968514,48.41491295564441,0.008048301602168587
284,2023-05-23 00:00:00,1817.36,1872.5,1815.24,1854.97,271253.673,2023-05-23 11:59:59.999,502005862.39867693,354894,159170.8911,294385764.347851,0,0.02070047046523782,1.0398380043881907,0.022405088407778218,1.5952099905366484,0.019539193809016142,2.424767784981362,0.016182488509556725,2.0171054683402416,1854.97,1854.97,1836.1599999999999,1841.8326539547013,1820.2060000000001,1827.2897024059473,1815.422,1820.5580230365467,1840.861879992221,1813.4835000000003,1786.1051200077795,58.12210673318762,0.009220862459824123
285,2023-05-23 12:00:00,1854.97,1860.61,1842.0,1854.05,125615.9367,2023-05-23 23:59:59.999,232575612.323789,193693,63378.8858,117345480.230655,0,-0.0004959648943110295,-0.5369060432962321,0.0201942388642804,-0.05536334751315508,0.024631385812498685,0.6987733729235073,0.029707424356866685,-0.38378263601639573,1854.05,1854.05,1854.5099999999998,1849.9775513182337,1829.1200000000001,1836.209801603965,1820.771,1826.6474733935381,1847.678660569838,1816.4305,1785.1823394301618,57.83547940797909,0.009116949913210515
286,2023-05-24 00:00:00,1854.06,1854.09,1811.0,1816.01,190542.6532,2023-05-24 11:59:59.999,347906300.41593,256010,83377.2381,152231785.550074,0,-0.020517246028963654,0.5168668737873607,-0.021003035089516287,-0.29754811762493627,0.006149891130305507,1.1758219506594285,0.004708160442600251,1.0407251284933938,1816.01,1816.01,1835.0299999999997,1827.3325171060778,1831.3400000000001,1829.4765344026434,1821.622,1824.7133873219857,1847.6764022356426,1817.1285,1786.5805977643574,47.42204696630645,0.010352470290992979
287,2023-05-24 12:00:00,1816.02,1818.27,1777.6,1799.89,230303.4913,2023-05-24 23:59:59.999,413454060.18195695,298297,110077.8732,197565648.626085,0,-0.008876603102405789,0.2086715883937318,-0.029211725681615897,0.8333938937224037,-0.007953393006746245,1.203420565211038,-0.006858612165621891,0.5379568312559666,1799.89,1799.89,1807.9499999999998,1809.037505702026,1828.4540000000002,1819.6143562684292,1820.3790000000001,1820.2000441725336,1847.631965945408,1817.1625,1786.6930340545919,43.82128904212435,0.010553929897614268
288,2023-05-25 00:00:00,1799.89,1807.33,1761.41,1789.65,171916.6552,2023-05-25 11:59:59.999,306501268.930842,250731,78498.2022,139889835.216033,0,-0.0056892365644567455,-0.2535212808560666,-0.014515338571924108,-0.09775238083018356,-0.015241973202740122,0.2928198279706269,-0.013091502655247944,2.5409562335679454,1789.65,1789.65,1794.77,1796.1125019006754,1822.914,1809.6262375122863,1818.0050000000003,1814.6454906866184,1847.9410325805745,1815.4255,1782.9099674194256,41.65744545035811,0.010095032895047653
289,2023-05-25 12:00:00,1789.66,1818.81,1786.71,1805.6,178716.3537,2023-05-25 23:59:59.999,322268083.511729,232168,85911.9605,154904269.138929,0,0.008912357164808649,0.0395522963850683,0.00317241609209451,-0.2239963333113395,-0.02661498568710008,-0.34114678808422993,-0.007595827241648534,1.2564192552006275,1805.6,1805.6,1797.6249999999998,1802.4375006335583,1813.0400000000002,1808.2841583415243,1816.623,1813.000856016324,1847.6876389817503,1814.8955,1782.1033610182499,46.120286403416365,0.010288051781828083
290,2023-05-26 00:00:00,1805.61,1818.52,1796.99,1812.26,108825.8888,2023-05-26 11:59:59.999,196852569.290477,160337,56259.8,101771007.552623,0,0.0036885245901638886,-0.3910692192015106,0.012633755203531383,-0.3669846084813777,-0.022539845203743192,-0.13366176570492427,0.001536352985388012,0.4717123243660415,1812.26,1812.26,1808.9299999999998,1808.9858335445194,1804.682,1809.6094388943495,1816.9009999999998,1812.8661549224469,1847.4843917420426,1814.682,1781.8796082579574,47.91197322566298,0.010325474247971261
291,2023-05-26 12:00:00,1812.26,1838.2,1809.03,1827.79,166864.7966,2023-05-26 23:59:59.999,304921404.58946,215517,84373.3075,154152835.041448,0,0.008569410570227198,0.5333189412922121,0.012289543642002743,-0.06631489986582018,0.0064867484209889525,-0.12426538731538983,0.012676532347873248,0.9054425932314076,1827.79,1827.79,1820.0249999999996,1821.5219445148398,1807.038,1815.6696259295666,1819.1889999999999,1815.5795813001837,1847.9075749510962,1814.861,1781.814425048904,51.92641566278842,0.010465210854375993
292,2023-05-27 00:00:00,1827.8,1836.12,1822.45,1826.83,74722.863,2023-05-27 11:59:59.999,136741713.270828,131399,35543.3361,65046578.217626,0,-0.0005252244513866966,-0.5521951632547042,0.008039685254875195,-0.3133723618161711,0.01496758135219367,-0.675546112747966,0.00689514528859303,-0.28509163236620483,1826.83,1826.83,1827.3099999999997,1825.0606481716131,1812.426,1819.389750619711,1820.44,1817.6251119728774,1848.087992590472,1816.6924999999999,1785.2970074095279,51.66135967342778,0.009491623441523971
293,2023-05-27 12:00:00,1826.83,1832.06,1812.18,1829.89,64102.0776,2023-05-27 23:59:59.999,116968424.979735,144984,34037.3118,62109743.656964,0,0.0016750327069294801,-0.14213568610185612,0.0011489284874084404,-0.6158442109652265,0.022484843405135013,-0.6271328247665908,0.006900156821746162,-0.5179499226588503,1829.89,1829.89,1828.3599999999997,1828.2802160572046,1820.4740000000002,1822.8898337464743,1821.6940000000002,1819.8550916141724,1848.9246253589058,1817.0809999999997,1785.2373746410935,52.49376484125194,0.008637985542429494
294,2023-05-28 00:00:00,1829.89,1859.5,1823.6,1843.5,158474.5366,2023-05-28 11:59:59.999,292963831.912815,224505,86908.7834,160684506.456608,0,0.007437605539130754,1.472221533736997,0.009125096478599604,1.120830629843506,0.02099025254762954,-0.11326225429810799,-0.006183388410594293,-0.4157699881173591,1843.5,1843.5,1836.6949999999997,1838.426738685735,1828.054,1829.7598891643163,1820.547,1824.1541658661408,1851.695073697259,1817.9844999999998,1784.2739263027406,56.113622196562574,0.008781944164703567
295,2023-05-28 12:00:00,1843.51,1918.65,1836.69,1908.64,219917.9005,2023-05-28 23:59:59.999,412736054.316673,325222,107897.0773,202467655.08014,0,0.03533496067263364,0.38771758049109817,0.04303537371098809,2.4307452852354974,0.053182214472537126,1.0208233805851537,0.029443650386990816,0.7507165593583476,1908.64,1908.64,1876.0699999999997,1885.235579561912,1847.33,1856.0532594428778,1826.006,1839.5152266177515,1874.403705684171,1823.3885000000002,1772.3732943158295,68.48938618020904,0.011136921620190013
296,2023-05-29 00:00:00,1908.64,1927.62,1893.0,1903.26,196938.89,2023-05-29 11:59:59.999,375586467.837002,253419,102294.9984,195082561.000229,0,-0.002818761002598813,-0.10448904090006073,0.032416598860862456,0.24271630146543055,0.04129030140223988,0.1802303062885824,0.04804488962065179,0.033568530156270704,1903.26,1903.26,1905.9499999999998,1897.2518598539707,1862.4239999999998,1871.7888396285853,1834.7310000000002,1851.105185414524,1889.3014036890704,1828.1765,1767.0515963109297,66.81357081247371,0.011208990015171462
297,2023-05-29 12:00:00,1903.26,1905.14,1873.65,1892.6,116654.6042,2023-05-29 23:59:59.999,220649681.072883,192476,56095.3464,106092625.439365,0,-0.005600916322520355,-0.4076609033391019,-0.008403889680610344,-0.4695538474368074,0.03600225527279499,0.5611634714799405,0.05150870330964663,-0.49347444304245336,1892.6,1892.6,1897.9299999999998,1894.1506199513235,1875.578,1878.7258930857236,1844.0019999999997,1858.6496971573376,1898.9107879115343,1832.1905,1765.4702120884656,63.49825940588888,0.011359535489977458
298,2023-05-30 00:00:00,1892.6,1917.0,1881.19,1915.4,120683.4663,2023-05-30 11:59:59.999,229582437.499921,201723,61795.0513,117573394.486614,0,0.01204691958152826,0.03453667454987608,0.0063785294704874484,-0.3872034807345568,0.046729584838432814,0.8826763627392946,0.07026513564104708,-0.29801178274668993,1915.4,1915.4,1903.9999999999998,1908.316873317108,1892.6800000000003,1890.9505953904825,1856.577,1868.9679340378216,1912.534663095293,1837.291,1762.047336904707,67.24225994688882,0.011559587989953362
299,2023-05-30 12:00:00,1915.4,1915.7,1891.33,1900.59,151982.3739,2023-05-30 23:59:59.999,289476758.747495,220526,72493.1096,138071153.251013,0,-0.007732066409105287,0.25934710494804536,0.004221705590193414,0.3028407660569645,0.03096826688364529,-0.04096659841565986,0.052608551174124996,-0.14958888342628485,1900.59,1900.59,1907.995,1903.165624439036,1904.098,1894.1637302603217,1866.0759999999998,1874.7174005763993,1920.9309130246372,1841.3495000000003,1761.7680869753633,62.74056899852377,0.01179531691763781
300,2023-05-31 00:00:00,1900.58,1907.13,1857.67,1865.19,180292.4685,2023-05-31 11:59:59.999,338367802.96932,247401,82490.4347,154812472.984397,0,-0.018625795147822477,0.18627222271595256,-0.02621384567192231,0.4939284893576179,-0.022764900662251675,-0.18018284055053535,0.029206625980819467,0.6567056836203848,1865.19,1865.19,1882.8899999999999,1877.8485414796787,1895.4080000000001,1884.505820173548,1871.369,1872.9851459261447,1922.9557215140649,1844.1349999999998,1765.3142784859347,53.51774233820366,0.012588857516336571
301,2023-05-31 12:00:00,1865.2,1878.14,1846.95,1873.63,138963.0996,2023-05-31 23:59:59.999,258992592.574714,203732,66960.6523,124811543.057863,0,0.00452500817611079,-0.2292351380168718,-0.014185068847042182,-0.08566305398392005,-0.01556802538801838,-0.2943846713059062,0.025079467553712487,-0.16721140449345095,1873.63,1873.63,1869.4099999999999,1875.0361804932263,1889.482,1880.8805467823654,1875.953,1873.102392121391,1925.2353588526792,1847.571,1769.9066411473207,55.20832632770344,0.012566180086513392
302,2023-06-01 00:00:00,1873.63,1889.2,1840.0,1861.5,139049.8753,2023-06-01 11:59:59.999,259095138.423571,218079,69090.6032,128731328.091221,0,-0.006474063715888434,0.0006244513849347211,-0.001978350731024703,-0.22875383283134743,-0.01643242100813691,0.19197931580655103,0.01897823004877308,0.8608745665968396,1861.5,1861.5,1867.5649999999998,1866.012060164409,1883.262,1874.420364521577,1879.42,1870.9928662811378,1926.2659071472767,1849.9299999999998,1773.594092852723,52.26612184937542,0.012677428449512498
303,2023-06-01 12:00:00,1861.5,1882.86,1852.66,1861.78,131446.7344,2023-06-01 23:59:59.999,245353098.849809,204820,63696.3292,118891407.11801,0,0.00015041633091583684,-0.054679235659839676,-0.006324621189882862,-0.05408892879934002,-0.027994152657408455,0.08918593764322447,0.017427277049440137,1.050584619428934,1861.78,1861.78,1861.6399999999999,1863.1906867214695,1872.538,1870.2069096810515,1882.609,1869.3177996845673,1927.1396570049405,1852.1515,1777.1633429950593,52.329276004913154,0.012680027450710904
304,2023-06-02 00:00:00,1861.78,1900.64,1847.51,1894.96,159410.9034,2023-06-02 11:59:59.999,300039108.286125,238112,81967.2721,154315280.092577,0,0.01782165454564999,0.21274145095840447,0.017974751544453493,0.14642967536699403,-0.0029622380418711236,0.048877572506452305,0.02791429346352059,0.005908626206388323,1894.96,1894.96,1878.37,1884.3702289071566,1871.4119999999998,1878.4579397873676,1887.7550000000003,1873.9800179237368,1931.430728493296,1854.1509999999998,1776.8712715067036,59.215394772196326,0.012462492211456358
305,2023-06-02 12:00:00,1894.95,1910.0,1876.65,1906.68,153593.1624,2023-06-02 23:59:59.999,291130374.813322,218676,75906.7682,143915254.900489,0,0.006184827120361502,-0.03649525142832866,0.02411670551837486,0.16848214678812146,0.02224438260981465,-0.1480888598516249,-0.0010269092128426527,-0.30158862898020433,1906.68,1906.68,1900.8199999999997,1899.2434096357188,1879.7100000000003,1887.8652931915785,1887.559,1879.92546921033,1937.382217090059,1856.7825,1776.1827829099411,61.339732346881476,0.012505785532855456
306,2023-06-03 00:00:00,1906.69,1907.92,1897.42,1903.72,71974.3501,2023-06-03 11:59:59.999,136953201.42485,140028,36128.0846,68740602.175239,0,-0.0015524366962469394,-0.5313961313423676,0.00462278887153289,-0.5484979473493155,0.01605973431253771,-0.48206142272894437,0.0002416905730169283,-0.6345346005555328,1903.72,1903.72,1905.1999999999998,1902.2278032119061,1885.7279999999998,1893.1501954610524,1887.605,1884.2517475357245,1941.961133272559,1861.1680000000001,1780.3748667274413,60.48287509214395,0.01142261624899377
307,2023-06-03 12:00:00,1903.72,1906.61,1881.6,1892.06,76843.8926,2023-06-03 23:59:59.999,145597188.521838,152484,35120.0169,66529325.774107,0,-0.006124850293110384,0.06765663730529492,-0.007667778547003179,-0.49969196936074023,0.01641686811710974,-0.4473645342420527,-0.0002853217795625307,-0.3412699556354073,1892.06,1892.06,1897.8899999999999,1895.449267737302,1891.8400000000001,1892.786796974035,1887.5510000000002,1885.6714298019563,1942.4735779821326,1865.7765,1789.0794220178673,57.09920372712688,0.011295214385754447
308,2023-06-04 00:00:00,1892.05,1908.61,1884.22,1903.08,56189.7418,2023-06-04 11:59:59.999,106625561.104848,120966,27532.2189,52244054.114795,0,0.005824339608680562,-0.26878064217168507,-0.00033618389258927017,-0.21930879928848424,0.022183072113783453,-0.5725284309535497,-0.006432076850788393,-0.5344039782523217,1903.08,1903.08,1897.5699999999997,1900.5364225791006,1900.1,1896.2178646493567,1886.319,1888.8366243834187,1941.2551596900864,1871.4479999999999,1801.6408403099133,59.41040714525268,0.011145047292354927
309,2023-06-04 12:00:00,1903.07,1914.63,1885.0,1890.01,116493.2701,2023-06-04 23:59:59.999,221541337.957506,169007,58250.9012,110782300.123231,0,-0.006867814280009266,1.0732124115224178,-0.0010834751540648169,0.5159730481951144,-0.0026121923417908866,-0.2692264605784802,-0.005566692448134458,-0.233508023919608,1890.01,1890.01,1896.5449999999996,1893.518807526367,1899.1100000000001,1894.1485764329045,1885.261,1889.0499654046153,1938.9417709048394,1875.6685000000002,1812.395229095161,55.585564977427836,0.011272425570625246
310,2023-06-05 00:00:00,1890.0,1890.63,1861.76,1869.51,133547.1009,2023-06-05 11:59:59.999,250236630.573217,207824,62686.4997,117472015.078551,0,-0.0108465034576537,0.1463932704898805,-0.017639825966328182,1.3767167568653962,-0.01949461891874882,-0.13051402280392144,0.0023161179290045464,-0.25927520982386465,1869.51,1869.51,1879.7599999999998,1877.5129358421223,1891.6760000000002,1885.9357176219364,1885.693,1885.497244421958,1934.870941746483,1878.5309999999997,1822.1910582535165,50.13371569989415,0.011643802929869594
311,2023-06-05 12:00:00,1869.5,1871.2,1778.0,1810.5,421814.1674,2023-06-05 23:59:59.999,767452978.789039,481055,190948.1453,347166820.680898,0,-0.03156442062358589,2.158542301235384,-0.042068560483806916,2.6209316386938646,-0.04896728510495241,4.860617939779077,-0.03369395238120654,2.0354401176584003,1810.5,1810.5,1840.0049999999997,1832.8376452807074,1873.032,1860.7904784146244,1879.3799999999999,1871.8613817997837,1937.5155866346104,1877.6664999999998,1817.8174133653893,38.44476629787178,0.013665875724224579
312,2023-06-06 00:00:00,1810.49,1822.6,1803.15,1813.32,98835.6589,2023-06-06 11:59:59.999,179219334.251309,171081,46708.8256,84708336.499574,0,0.001557580778790424,-0.7656890959608864,-0.030056003979652468,-0.25991909795175494,-0.04161601640539936,0.28618756228910747,-0.025882352941176467,-0.2892071374622802,1813.32,1813.32,1811.9099999999999,1819.8258817602357,1857.284,1844.9669856097496,1874.562,1861.2174941998228,1939.3713850260413,1876.991,1814.6106149739587,39.174624612235974,0.013672698042609309
313,2023-06-06 12:00:00,1813.33,1898.29,1797.18,1884.64,392571.5585,2023-06-06 23:59:59.999,728441025.174657,445120,207389.1988,385115572.054358,0,0.039331171552732025,2.9719627801257062,0.04095001380834029,-0.06932581017903472,-0.00968955587784004,5.986534301889246,0.012278572119154951,1.986544780225442,1884.64,1884.64,1848.9799999999998,1863.0352939200786,1853.596,1858.1913237398333,1876.8480000000004,1865.4761316180368,1938.289044831799,1879.7285000000004,1821.1679551682018,54.02253938058797,0.01629727110367314
314,2023-06-07 00:00:00,1884.65,1897.8,1842.57,1870.23,187982.6926,2023-06-07 11:59:59.999,351880914.45982,277160,92666.9967,173496008.05235,0,-0.007646022582562195,-0.5211505048448384,0.03138442194427915,0.9019723720382868,-0.010465553092311675,0.6136785621918945,-0.013050407396462238,0.17923359438159991,1870.23,1870.23,1877.435,1867.8317646400262,1849.64,1862.2042158265556,1874.375,1866.340471323848,1937.4364106617625,1881.065,1824.6935893382376,51.297849035492824,0.016361806790718008
315,2023-06-07 12:00:00,1870.23,1870.84,1821.18,1832.13,241214.0138,2023-06-07 23:59:59.999,444975774.40689296,316911,108407.8026,199915259.682096,0,-0.02037182592515352,0.2831713944712375,-0.027862085066644005,-0.38555402555990315,-0.01999454402490486,0.8062092862698751,-0.03909937692743404,0.570473646292994,1832.13,1832.13,1851.1799999999998,1844.0305882133423,1842.164,1852.1794772177038,1866.9199999999996,1860.120385628603,1935.9425566410055,1877.2394999999997,1818.536443358994,44.85602806139807,0.014853723818017379
316,2023-06-08 00:00:00,1832.12,1848.99,1828.31,1843.8,81798.4329,2023-06-08 11:59:59.999,150419245.950574,168219,37693.1006,69315948.391207,0,0.006369635342470259,-0.6608885544775094,-0.014131951685086852,-0.5648618935677486,0.018392709196354495,-0.806079455784538,-0.03147521694366817,0.13649422032085856,1843.8,1843.8,1837.9649999999997,1843.8768627377806,1848.824,1849.3863181451359,1860.9280000000003,1857.1530427870387,1933.4181753016956,1874.2665000000002,1815.1148246983048,47.049393513091246,0.01496675349666835
317,2023-06-08 12:00:00,1843.79,1861.28,1837.86,1845.64,107472.0524,2023-06-08 23:59:59.999,198741139.154406,179771,51525.03,95281310.9273,0,0.000997939038941409,0.3138644420167125,0.007373930889183589,-0.554453529847112,0.017823660468091695,0.08738135199501373,-0.024534105683752028,0.3985763704011005,1845.64,1845.64,1844.7199999999998,1845.0522875792603,1855.288,1848.1375454300908,1856.286,1855.0597622803043,1931.6975944310573,1871.9185000000002,1812.1394055689432,47.404609325160905,0.014943839230614552
318,2023-06-09 00:00:00,1845.65,1849.02,1827.0,1843.79,96759.4097,2023-06-09 11:59:59.999,177899417.659124,169565,43312.4472,79628156.061855,0,-0.0010023623241802726,-0.09967840439232178,-5.423581733388083e-06,0.1829005308486784,-0.021675227099074657,-0.7535241471141878,-0.031154759652773367,0.7220120007741342,1843.79,1843.79,1844.7149999999997,1844.21076252642,1847.118,1846.6883636200605,1850.357,1853.0107145929762,1925.8042905014524,1868.3380000000002,1810.871709498548,47.062757963821326,0.014618665123046944
319,2023-06-09 12:00:00,1843.79,1855.0,1828.03,1840.37,101564.9155,2023-06-09 23:59:59.999,187138362.083763,185058,49528.8411,91253238.254459,0,-0.0018548750128810632,0.0496644803321904,-0.002855378080232396,-0.054964400214618014,-0.01596595071194462,-0.45971134844783046,-0.02626441129941115,-0.12814778559469753,1840.37,1840.37,1842.0799999999997,1841.6502541754733,1841.146,1844.5822424133737,1845.393,1850.7124028487985,1922.0236803613523,1865.327,1808.6303196386477,46.39665332492802,0.014552112079605023
320,2023-06-10 00:00:00,1840.37,1844.99,1715.03,1747.95,462328.6307,2023-06-10 11:59:59.999,816820141.656644,587913,204747.1317,361510101.21774304,0,-0.05021816265207535,3.5520505621845366,-0.0519798892498603,3.7781257878012866,-0.045946521262137496,0.9166740083490124,-0.06502238554487538,2.4619143926320906,1747.95,1747.95,1794.1599999999999,1779.183418058491,1824.31,1812.3714949422492,1833.2370000000003,1832.0283296035623,1935.8360001243764,1859.4650000000001,1783.093999875624,32.86119473157534,0.017849142651264763
321,2023-06-10 12:00:00,1747.95,1773.03,1718.5,1751.53,189996.0388,2023-06-10 23:59:59.999,331492014.868952,289497,94215.5216,164374388.920862,0,0.002048113504390825,-0.589045483702076,-0.04827290164477793,0.8706857369462391,-0.05004338865386704,1.3227344591341188,-0.03257111295222315,-0.5495740696167049,1751.53,1751.53,1749.7399999999998,1760.747806019497,1805.8560000000002,1792.0909966281663,1827.3400000000001,1817.3922696756417,1942.6533869891693,1853.36,1764.0666130108305,33.66844508383571,0.017802070847751685
322,2023-06-11 00:00:00,1751.52,1759.76,1743.64,1752.13,82241.7547,2023-06-11 11:59:59.999,143990307.750449,176798,38151.5106,66813666.195037,0,0.0003425576495978966,-0.567139635018538,0.0023913727509368155,-0.8221140780845004,-0.05066535185626664,-0.23476147646362433,-0.033744733417157335,-0.16789389967834767,1752.13,1752.13,1751.83,1755.002602006499,1787.154,1778.7706644187776,1821.2210000000002,1805.5264024618887,1947.3396857602122,1847.8915000000002,1748.4433142397882,33.812082062494056,0.017801581407705956
323,2023-06-11 12:00:00,1752.14,1778.25,1738.72,1752.76,137714.4887,2023-06-11 23:59:59.999,241666238.199789,202123,66818.5933,117244525.098418,0,0.0003595623612402399,0.674508152243984,0.0007022431816754438,-0.27517179005523573,-0.0493711322872995,0.42326714401193777,-0.06997622888190858,-0.6491990167953037,1752.76,1752.76,1752.4449999999997,1753.5075340021665,1768.9479999999999,1770.100442945852,1808.0330000000001,1795.9325111051814,1949.8765759661192,1842.4405,1735.0044240338807,33.97375475328228,0.01780351107126389
324,2023-06-12 00:00:00,1752.77,1759.33,1720.11,1745.6,159358.9911,2023-06-12 11:59:59.999,277561083.342326,246195,81604.6638,142133362.901474,0,-0.004084985964992405,0.157169391574701,-0.0037268924109513657,0.9376895797190477,-0.05149507979373713,0.569035826155933,-0.06663886259978724,-0.15226774924916675,1745.6,1745.6,1749.1799999999998,1748.2358446673886,1749.994,1761.933628630568,1795.5700000000002,1786.781145449694,1947.415299836174,1834.9724999999999,1722.5297001638257,32.987554248666896,0.017125056713915454
325,2023-06-12 12:00:00,1745.61,1747.25,1720.0,1742.57,142773.4908,2023-06-12 23:59:59.999,247906431.277283,221197,72974.3828,126714865.276126,0,-0.0017357928505957743,-0.10407633849534337,-0.0058136881261553475,0.0367354382807219,-0.0030778912440287964,-0.6911861361823293,-0.04888299411067998,-0.40810449380283886,1742.57,1742.57,1744.0849999999996,1744.4586148891294,1748.9180000000001,1755.479085753712,1786.614,1778.7427553679313,1941.01809891812,1826.7669999999998,1712.5159010818797,32.5568507974228,0.01696907570874952
326,2023-06-13 00:00:00,1742.57,1759.65,1728.43,1753.81,111179.1559,2023-06-13 11:59:59.999,194289749.940977,225179,61511.2626,107489280.403326,0,0.0064502430318438275,-0.22128992380145684,0.004703253895508741,-0.30233521728163104,0.0013017190684716518,-0.4148343481148409,-0.04880681201865711,0.3591844239353392,1753.81,1753.81,1748.1899999999996,1750.6928716297098,1749.3739999999998,1754.922723835808,1777.6150000000002,1774.2095271192163,1932.0047047402106,1819.2715,1706.5382952597895,35.9002844010831,0.017132132253529223
327,2023-06-13 12:00:00,1753.8,1770.13,1724.22,1740.12,173088.8459,2023-06-13 23:59:59.999,301618151.727516,273701,85549.1109,149073199.530674,0,-0.007805862664712837,0.5568461956635524,-0.0014059693441296206,0.21233181965457693,-0.006854514219835406,1.1046346412645298,-0.05717257970135037,0.6105475054647787,1740.12,1740.12,1746.9649999999997,1743.6442905432366,1746.9720000000002,1749.9884825572055,1767.063,1768.0114312793587,1924.2412653395013,1811.6744999999999,1699.1077346604984,33.70841338660688,0.017147470946384642
328,2023-06-14 00:00:00,1740.12,1750.03,1737.0,1745.96,67983.1167,2023-06-14 11:59:59.999,118522082.301926,141611,31156.4441,54317765.683681,0,0.0033560903845712975,-0.6072357155857608,-0.004475969460773888,-0.38852641801717436,-0.0038795956092105843,-0.506347390592316,-0.05305918786846653,-0.29740046047428503,1745.96,1745.96,1743.0399999999997,1745.1880968477456,1745.6119999999999,1748.6456550381372,1757.28,1764.002080137657,1911.6011318615322,1803.8185,1696.035868138468,35.5170693072493,0.01708152610628972
329,2023-06-14 12:00:00,1745.96,1749.3,1630.43,1650.95,347864.2103,2023-06-14 23:59:59.999,587064307.932055,431385,166878.5619,281454797.058696,0,-0.054417054228046435,4.1169206000818725,-0.051243592395926685,1.0097436578956356,-0.05422204399633357,1.1828966655650466,-0.10292495530789991,2.4250430730678842,1650.95,1650.95,1698.455,1682.3626989492484,1726.682,1716.0804366920916,1738.3380000000002,1743.4471564762648,1911.1699828118324,1791.8654999999999,1672.5610171881674,24.030300199546446,0.020454381475355415
330,2023-06-15 00:00:00,1650.95,1656.59,1626.01,1643.05,188119.1119,2023-06-15 11:59:59.999,309132515.394386,218861,94851.7356,155902683.103559,0,-0.0047851237166480765,-0.45921682561777466,-0.05894178560791774,1.7671445651740765,-0.05711104862358474,0.31760532607219827,-0.06001315827111764,-0.5931052082689026,1643.05,1643.05,1646.9999999999998,1656.1542329830827,1706.7779999999998,1691.7369577947277,1727.848,1725.1931280260349,1910.712370688263,1780.5425000000002,1650.3726293117375,23.35396218538689,0.020432056723932487
331,2023-06-15 12:00:00,1643.05,1680.91,1633.79,1666.96,182655.6577,2023-06-15 23:59:59.999,302367299.14779,239707,97573.78,161517259.983389,0,0.014552204741182573,-0.02904252600822521,0.009697446924497921,-0.47492253502458104,-0.04952075766474129,0.642894805428182,-0.048283500710807115,-0.03863439020287618,1666.96,1666.96,1655.0049999999997,1663.3580776610277,1689.4080000000001,1683.4779718631519,1719.391,1714.6052865667557,1911.7087846906538,1773.3655000000003,1635.0222153093468,29.794374652753987,0.02002101435610119
332,2023-06-16 00:00:00,1666.96,1677.13,1660.0,1664.42,94297.2321,2023-06-16 11:59:59.999,157360283.181745,140215,51023.2292,85162938.751383,0,-0.0015237318231990926,-0.483743163023852,0.01300629926052177,-0.49873656563865587,-0.04350274693699274,-0.4552090771089947,-0.050059070959346696,0.14658584856288326,1664.42,1664.42,1665.6899999999998,1664.0660258870091,1674.268,1677.1253145754347,1710.6200000000001,1705.4806890091636,1910.7366051092017,1765.9205000000002,1621.1043948907986,29.51068591126611,0.01998841035186382
333,2023-06-16 12:00:00,1664.43,1729.5,1649.86,1717.92,217437.3583,2023-06-16 23:59:59.999,368032981.780456,267961,107576.8448,182005582.440263,0,0.032143329207771965,1.3058721179579567,0.030570619570955637,0.19042224608846592,-0.016059932644505004,2.198402321851772,-0.0198772222095438,0.5788996521177223,1717.92,1717.92,1691.1699999999998,1699.9686752956698,1668.6600000000003,1690.72354305029,1707.136,1707.7423819165883,1892.9938585355146,1757.5845000000002,1622.1751414644857,42.03083782583883,0.019216472391555967
334,2023-06-17 00:00:00,1717.91,1770.0,1714.26,1738.41,137463.2174,2023-06-17 11:59:59.999,239837244.704986,220586,71125.8759,124102921.869158,0,0.011927214305671896,-0.3678031297163713,0.044453923889402835,0.45776513624730253,0.05297555952633326,-0.6048365617105278,-0.004118927589367494,-0.13739904820469218,1738.41,1738.41,1728.165,1725.5962250985567,1686.152,1706.6190287001934,1706.417,1713.3183124772086,1876.2838021426624,1750.9935,1625.7031978573377,45.987707824198196,0.01954035781821881
335,2023-06-17 12:00:00,1738.4,1742.22,1717.92,1727.76,73451.7042,2023-06-17 23:59:59.999,127106934.615651,139172,36134.9726,62528884.964539,0,-0.006126287814727349,-0.46566284720177087,0.005727856943280152,-0.6621937243246945,0.051556556404248166,-0.6095468266985796,-0.008498941219004075,-0.48553681927625747,1727.76,1727.76,1733.0849999999998,1727.0387416995188,1703.0940000000003,1713.6660191334624,1704.9360000000001,1715.9440738449887,1865.6918946395785,1745.775,1625.8581053604216,44.295301073500674,0.019147232722451585
336,2023-06-18 00:00:00,1727.75,1738.32,1720.47,1734.44,57089.8356,2023-06-18 11:59:59.999,98709339.835275,121637,28987.1762,50120042.035211,0,0.003866277723757916,-0.22275682747194847,-0.0022836960210766977,-0.5846900961594981,0.04048087536593559,-0.68744556659851,-0.01104452591785876,-0.4865059449511435,1734.44,1734.44,1731.1,1731.9729138998396,1716.5900000000001,1720.5906794223083,1702.9990000000003,1719.3069695095362,1851.5022420025239,1740.307,1629.1117579974762,45.64644762470485,0.01909258067522266
337,2023-06-18 12:00:00,1734.45,1747.84,1712.0,1720.95,99445.1772,2023-06-18 23:59:59.999,172239633.582209,152221,50236.4277,87039183.698201,0,-0.007777726528447215,0.7419068763266856,-0.003941519655507708,0.35388522680458134,0.03396378317972615,0.054592748751530085,-0.011016481621957008,-0.42546744313349183,1720.95,1720.95,1727.6949999999997,1724.62430463328,1727.896,1720.7104529482056,1701.0819999999999,1719.605702325984,1834.396158201842,1734.0725000000002,1633.7488417981585,43.35920564451738,0.019099715014501202
338,2023-06-19 00:00:00,1720.95,1728.2,1714.32,1725.87,55097.5749,2023-06-19 11:59:59.999,94979562.874425,113302,27211.4438,46907494.297211,0,0.002858886080362444,-0.44595025670083477,-0.0049410760821937405,-0.03489694232014917,0.004627689298686732,-0.7466048367641522,-0.011506563724254959,-0.18954032156045586,1725.87,1725.87,1723.4099999999999,1725.4547682110933,1729.486,1722.4303019654706,1699.0729999999999,1720.7446655394415,1814.9616103070111,1728.1765,1641.391389692989,44.45242686852611,0.01914377872225863
339,2023-06-19 12:00:00,1725.87,1752.19,1698.0,1737.11,190065.184,2023-06-19 23:59:59.999,327847642.901064,252841,93221.1504,160828070.495144,0,0.006512657384391662,2.44961070146846,0.009390162410296554,0.9112559236306534,-0.0007478097802015027,0.3826621229658489,0.05218813410460643,-0.4536224814961942,1737.11,1737.11,1731.4899999999998,1733.2249227370312,1729.2259999999999,1727.3235346436472,1707.6889999999999,1723.7201808959067,1793.1812582013295,1723.0135000000002,1652.845741798671,46.97057641091079,0.01926396800343671
340,2023-06-20 00:00:00,1737.1,1749.79,1723.66,1734.39,82751.3753,2023-06-20 11:59:59.999,143414466.453021,139585,39665.651,68755386.11633,0,-0.0015658190903280467,-0.5646158146459901,0.004936640650802238,0.50190594504732,0.003837338519238953,0.12660933059739699,0.055591734883296384,-0.5601118117972573,1734.39,1734.39,1735.7499999999998,1734.0016409123439,1730.5520000000001,1729.679023095765,1716.8229999999999,1725.6601480057418,1791.7847238905533,1722.3355,1652.8862761094465,46.42213677848822,0.015687989132242043
341,2023-06-20 12:00:00,1734.39,1796.99,1714.72,1791.99,246104.3093,2023-06-20 23:59:59.999,434114800.336196,320139,128680.3281,227093465.361179,0,0.03321052358466092,1.9740207749755672,0.03159270282250404,0.29484161233863837,0.03318073845160385,3.3108253284232614,0.07500479915534863,0.3473675680181243,1791.99,1791.99,1763.1899999999998,1772.6605469707813,1742.062,1750.44934873051,1729.3259999999998,1737.7201210956068,1799.2364720011176,1724.3584999999998,1649.480527998882,57.68882528079876,0.017385990172710336
342,2023-06-21 00:00:00,1791.99,1833.44,1787.38,1829.65,208364.3506,2023-06-21 11:59:59.999,377569685.98437506,270121,101600.081,184106162.692648,0,0.021015742275347638,-0.15334944279254836,0.05492420966449307,1.5179563462796009,0.06316278799500274,1.095268533545335,0.09927181841121824,1.2096550021641623,1829.65,1829.65,1810.8199999999997,1810.653515656927,1763.8020000000001,1776.84956582034,1745.8489999999997,1754.4346445327692,1815.467669946988,1728.2345,1641.001330053012,63.145673702988475,0.017932779784019248
343,2023-06-21 12:00:00,1829.65,1901.0,1815.05,1889.11,405391.5363,2023-06-21 23:59:59.999,754808219.5045271,429568,200282.454,372983723.360264,0,0.03249801874675473,0.9455897092407897,0.05419673100854361,0.6472346114257983,0.09458418073203667,6.357701986625912,0.09964957623172199,0.8644060959417939,1889.11,1889.11,1859.3799999999997,1862.9578385523089,1796.45,1814.2697105468935,1762.968,1778.9210727995383,1846.7641210254285,1735.0520000000001,1623.3398789745718,69.77391085390616,0.019146574761724603
344,2023-06-22 00:00:00,1889.1,1933.17,1881.43,1886.76,236332.2533,2023-06-22 11:59:59.999,451254205.469878,301544,116066.5797,221712944.267677,0,-0.0012439720291564926,-0.41702716475780544,0.031213620091274263,0.13422594901413998,0.08614883340721091,0.24342737752538635,0.08533660068683457,0.7192399375631087,1886.76,1886.76,1887.9349999999997,1878.825946184103,1826.3799999999999,1838.4331403645958,1777.8029999999999,1798.5281504723494,1871.9604829409568,1742.11,1612.259517059043,69.24385886887434,0.019094461113001407
345,2023-06-22 12:00:00,1886.76,1909.4,1865.98,1872.01,180382.3186,2023-06-22 23:59:59.999,339801810.676298,234866,80808.1063,152218583.313109,0,-0.00781763446331274,-0.23674269558534278,-0.00905188157386283,-0.5550417252260724,0.07934778221737893,1.1798105221340047,0.08348960503773672,1.4557948731705537,1872.01,1872.01,1879.3849999999998,1874.2819820613677,1853.904,1849.6254269097308,1792.2279999999998,1811.888486750104,1890.244840801671,1748.5819999999999,1606.9191591983288,65.8618987081897,0.01923967339111068
346,2023-06-23 00:00:00,1872.0,1888.69,1862.56,1879.76,98309.1117,2023-06-23 11:59:59.999,184737737.288107,160999,44608.6307,83831489.70365,0,0.004139935149919172,-0.4549958529028466,-0.003710063813097575,-0.5840216037918173,0.048979067963548895,-0.6005388447702407,0.08378496805885471,0.7220072656856626,1879.76,1879.76,1875.8849999999998,1877.9339940204559,1871.458,1859.6702846064873,1806.7600000000002,1824.2287618864486,1907.6728034494624,1754.8795000000002,1602.086196550538,66.77998070411175,0.01922964439136389
347,2023-06-23 12:00:00,1879.75,1936.42,1861.01,1892.63,302838.8207,2023-06-23 23:59:59.999,575614748.048574,370785,151912.0195,288768513.665854,0,0.006846618717283093,2.0804756086510343,0.011014898424688058,0.6788719817464415,0.03442188396687884,0.4534099515005998,0.09975885412127017,2.0452841377208584,1892.63,1892.63,1886.1949999999997,1887.731331340152,1884.054,1870.656856404325,1823.9279999999999,1836.6653506343669,1926.4094601589572,1762.5049999999999,1598.6005398410425,68.30439389094299,0.01904845093767697
348,2023-06-24 00:00:00,1892.63,1897.86,1878.15,1890.49,86997.4893,2023-06-24 11:59:59.999,164328852.103897,152675,41673.1743,78718755.34308,0,-0.0011307017219425175,-0.7127267597367182,0.005708175511767388,-0.11506179035081232,0.0007305027235047223,-0.7853988514559918,0.09538377745716664,0.5789712969744518,1890.49,1890.49,1891.56,1889.5704437800507,1884.33,1877.2679042695502,1840.39,1846.4516505190275,1942.5813408764066,1769.7314999999999,1596.8816591235932,67.7476989490113,0.019087569020308708
349,2023-06-24 12:00:00,1890.48,1906.0,1864.77,1874.96,139912.8048,2023-06-24 23:59:59.999,263392625.658083,203979,66374.7021,124950235.115491,0,-0.008214801453591436,0.6082395701964243,-0.009336214685384925,-0.5379958075500457,-0.006254107570650147,-0.40798260564801203,0.079355941765346,-0.2638693638914952,1874.96,1874.96,1882.725,1879.8301479266836,1881.97,1876.498602846367,1854.175,1851.634986788295,1950.5435007421338,1780.9320000000002,1611.3204992578667,63.690856968960915,0.013645086735983856
350,2023-06-25 00:00:00,1874.95,1930.0,1868.83,1918.37,188610.3459,2023-06-25 11:59:59.999,359686087.416869,269318,92713.3615,176690076.756205,0,0.023152493919870176,0.3480563567402657,0.014747499325571622,1.1679975757645225,0.024764824974225608,0.04561437819327363,0.10607764113031082,1.279241223680303,1918.37,1918.37,1896.6649999999997,1905.5233826422277,1891.2419999999997,1890.4557352309114,1872.5729999999999,1863.7686255540596,1961.9869767557875,1794.6979999999999,1627.4090232442122,69.23628783549168,0.013860625645525003
351,2023-06-25 12:00:00,1918.37,1919.57,1881.47,1898.8,150147.2699,2023-06-25 23:59:59.999,284729442.623747,213435,77620.9027,147180518.536378,0,-0.010201368870447314,-0.2039287708023867,0.012714937918675506,0.07314888093787975,0.010128952632250998,0.5272975953458852,0.05960412725517439,-0.3899039381834992,1898.8,1898.8,1908.5849999999996,1901.0411275474091,1895.05,1893.2371568206077,1883.2540000000001,1870.1379663624123,1968.6234526214428,1806.2900000000002,1643.9565473785576,64.4568778641484,0.014329427622747899
352,2023-06-26 00:00:00,1898.8,1904.76,1866.0,1880.87,187939.1547,2023-06-26 11:59:59.999,353969233.794076,233564,92342.0099,173923552.949745,0,-0.009442805982725955,0.25169878097130827,-0.019547845306171374,-0.003558612847016529,-0.006213575817777484,-0.379408642968606,0.027994425163282433,-0.09802634587531012,1880.87,1880.87,1889.8349999999996,1887.5937091824696,1892.6979999999999,1889.1147712137385,1888.3759999999997,1872.0892452056098,1968.6732459568534,1817.1125,1665.5517540431465,60.346632943014164,0.014671866301972314
353,2023-06-26 12:00:00,1880.87,1909.1,1837.18,1858.97,270804.7063,2023-06-26 23:59:59.999,505567928.561538,284445,129492.265,241730441.62127,0,-0.01164354793260558,0.4409169112858631,-0.0209764061512534,0.8035939413374575,-0.01667292606678694,2.112787604319979,-0.015954602961182673,-0.33199220493938064,1858.97,1858.97,1869.9199999999996,1868.5112363941566,1886.3939999999998,1879.0665141424925,1885.3620000000003,1869.7039278954987,1969.6101385918334,1824.1649999999997,1678.719861408166,55.67660290941507,0.013845633132057989
354,2023-06-27 00:00:00,1858.97,1890.51,1855.19,1881.53,141343.5085,2023-06-27 11:59:59.999,264646059.331856,186875,72368.1406,135519649.332388,0,0.01213575259417854,-0.47806110746310915,0.00035090144454441585,-0.24792942308577925,0.0035040747535945993,0.010225680930670444,-0.0027719476775001084,-0.40192882466796165,1881.53,1881.53,1870.2499999999998,1877.1904121313855,1887.7079999999999,1879.887676094995,1884.839,1871.8541228235897,1973.2252622192775,1831.321,1689.4167377807223,59.18096539893977,0.013851960031258999
355,2023-06-27 12:00:00,1881.53,1912.53,1863.6,1889.58,225291.0622,2023-06-27 23:59:59.999,426209927.709476,250309,123014.2258,232835046.615343,0,0.004278432977417257,0.5939257811758649,0.01646610757570044,-0.1680681429870705,-0.015007532436391302,0.19447881358241026,0.009385633623751888,0.24896422192901113,1889.58,1889.58,1885.5549999999998,1885.4501373771284,1881.95,1883.1184507299968,1886.596,1875.0770095829369,1975.0910646488885,1839.4119999999998,1703.732935351111,60.38456458760474,0.01364332574565552
356,2023-06-28 00:00:00,1889.58,1890.19,1848.58,1861.1,166342.3347,2023-06-28 11:59:59.999,310128140.964691,209885,77626.2559,144727187.221386,0,-0.015072132431545593,-0.2616558638605415,-0.010858184562563489,0.17686575397270543,-0.019854645038972052,0.10786120061181337,-0.009926799165851041,0.6920337476714278,1861.1,1861.1,1875.3399999999997,1869.2167124590426,1874.4099999999999,1875.7789671533312,1884.73,1872.5357351133118,1972.7829106408676,1845.7449999999997,1718.7070893591317,54.285896986929764,0.01433471519579684
357,2023-06-28 12:00:00,1861.1,1868.41,1816.56,1828.02,171494.2445,2023-06-28 23:59:59.999,316230361.623789,227700,83019.0117,153077669.904069,0,-0.017774434474235656,0.030971729531700465,-0.03257866827548972,-0.23878806897471316,-0.0280986990063109,-0.08750124595510922,-0.03413768142743179,-0.43371115993782494,1828.02,1828.02,1844.5599999999997,1841.7522374863474,1863.8399999999997,1859.8593114355542,1878.2690000000002,1864.4419650927096,1964.9934850124976,1851.0985,1737.2035149875026,48.19699248713922,0.014915820969041314
358,2023-06-29 00:00:00,1828.03,1872.84,1827.84,1869.6,111305.2248,2023-06-29 11:59:59.999,206118212.158463,167211,56515.1577,104642601.628102,0,0.02274592181704782,-0.3509681615000205,0.004567191445919105,-0.33086652294053687,0.005718220304792299,-0.5889834179000751,-0.011050045226369987,0.279407321930611,1869.6,1869.6,1848.8099999999997,1860.3174124954492,1865.966,1863.1062076237029,1876.1799999999998,1865.3797896213077,1956.7609368576752,1858.2849999999999,1759.8090631423245,55.02545036643544,0.015546542045635917
359,2023-06-29 12:00:00,1869.59,1880.0,1841.38,1851.99,130539.6033,2023-06-29 23:59:59.999,242560110.018359,183612,66679.4614,123944850.615547,0,-0.009419127086007673,0.17280750777478326,0.013112548002757185,-0.23881058702235336,-0.01569998883887047,-0.07643722244237339,-0.012250928019797769,-0.0669931641596253,1851.99,1851.99,1860.7949999999996,1854.7658041651496,1860.0579999999998,1859.4008050824687,1873.8830000000003,1862.9452824174334,1945.495467187406,1864.0289999999998,1782.5625328125936,51.9048703327233,0.01582327149615347
360,2023-06-30 00:00:00,1851.99,1907.99,1841.5,1891.1,209736.8034,2023-06-30 11:59:59.999,394580081.130824,263447,99661.9769,187457037.615916,0,0.02111782461028411,0.6066909818776813,0.011499786050492178,0.8843392462201829,0.0008044115623577763,-0.06904072735114475,-0.014215193106647872,0.11201112748714825,1891.1,1891.1,1871.5449999999996,1878.9886013883831,1860.3619999999999,1869.9672033883126,1871.1560000000002,1868.0643219779,1928.2251137208998,1871.8644999999997,1815.5038862790996,57.64928298988508,0.01626116814433342
361,2023-06-30 12:00:00,1891.1,1948.6,1825.01,1933.79,506801.3001,2023-06-30 23:59:59.999,959050371.4846208,561442,245773.6757,465592137.62911105,0,0.022574163185447693,1.4163679997232186,0.04416870501460579,2.882356674053107,0.03905754661221872,2.0467367252841617,0.018427427849167843,2.375361406421416,1933.79,1933.79,1912.4449999999997,1915.522867129461,1874.9,1891.2414689255418,1874.655,1880.0144452546454,1928.6174916436405,1878.9544999999998,1829.2915083563591,62.86328334925184,0.015423733257759161
362,2023-07-01 00:00:00,1933.8,1944.56,1909.44,1922.55,113811.6801,2023-07-01 11:59:59.999,218947261.18785,183328,54444.0805,104761927.058253,0,-0.005812420169718502,-0.7754313572645865,0.016630532494315453,-0.45735951795287066,0.051711688055929406,-0.33635277130247954,0.022159957891826787,-0.3944227306881678,1922.55,1922.55,1928.1699999999996,1920.2076223764868,1893.8059999999998,1901.6776459503612,1878.8229999999999,1887.7481824810734,1931.2863474424153,1883.5994999999998,1835.9126525575844,60.742823260035635,0.015020678424584115
363,2023-07-01 12:00:00,1922.56,1929.87,1916.6,1924.5,64561.6887,2023-07-01 23:59:59.999,124146494.424886,123691,33850.3898,65088591.095151,0,0.0010142779121480316,-0.4327323114528031,-0.0048040376669648,-0.8726094651153007,0.029364569961489062,-0.4199581482719399,0.03525070334647684,-0.7615931806278213,1924.5,1924.5,1923.5249999999996,1923.069207458829,1904.786,1909.285097300241,1885.3759999999997,1894.4303311208782,1936.2611207653615,1885.369,1834.4768792346383,60.98867693551705,0.013268409372119597
364,2023-07-02 00:00:00,1924.5,1926.7,1910.06,1919.99,74219.0071,2023-07-02 11:59:59.999,142288570.058193,129012,35715.8544,68479697.831369,0,-0.0023434658352818882,0.1495828035861151,-0.0013315648487685072,-0.3478788202160983,0.0367172608923374,-0.4314445178032803,0.020440811467263398,-0.4749033196667818,1919.99,1919.99,1922.245,1921.0164024862763,1918.386,1912.8533982001609,1889.2219999999998,1899.0775436443548,1940.1181763382624,1887.0305,1833.9428236617377,60.051953479129196,0.013280519028085058
365,2023-07-02 12:00:00,1919.99,1959.2,1885.75,1937.48,181633.7761,2023-07-02 23:59:59.999,349693272.901946,252121,91626.1079,176441338.182151,0,0.009109422444908644,1.4472676635955697,0.006744608989347922,1.8133368218418364,0.024525408492411804,-0.13399187383629219,0.02534954857693239,-0.19378170475863643,1937.48,1937.48,1928.7349999999997,1931.992134162092,1927.6619999999998,1921.062265466774,1894.0120000000002,1906.0598084362903,1947.219248361015,1890.304,1833.3887516389852,62.45994544628594,0.013231193064794899
366,2023-07-03 00:00:00,1937.49,1976.0,1933.55,1962.01,151589.2349,2023-07-03 11:59:59.999,296393924.165551,198258,74351.653,145327650.836968,0,0.012660775853170048,-0.16541274340659362,0.021885530653805496,1.0424584055099815,0.014593104732158135,-0.7008902012088583,0.05422062221266999,-0.08869119113067248,1962.01,1962.01,1949.745,1952.0040447206975,1933.3059999999998,1934.7115103111828,1904.1029999999998,1916.2325705387827,1959.0524789203807,1894.4165,1829.7805210796193,65.59254220873919,0.013445845945995006
367,2023-07-03 12:00:00,1962.0,1976.16,1948.22,1955.54,170513.1946,2023-07-03 23:59:59.999,334765074.645865,205826,82256.9875,161498833.899834,0,-0.003297638646082346,0.12483709488001371,0.009321386543345023,-0.06122529486959227,0.017159501703466695,0.4982047049141136,0.06975853655868103,-0.0057205995621620875,1955.54,1955.54,1958.7749999999996,1954.3613482402325,1939.904,1941.6543402074553,1916.855,1923.3793758953675,1967.4534245383206,1897.562,1827.6705754616792,64.07380878102984,0.013453822809969677
368,2023-07-04 00:00:00,1955.55,1967.08,1946.39,1960.53,103089.1524,2023-07-04 11:59:59.999,201568196.622846,151022,47410.9439,92711265.252799,0,0.0025517248432658235,-0.3954183273509555,-0.0007543284692738128,-0.31994410771974946,0.018721745908027998,0.5967542744897254,0.04863607188703467,-0.07381569387028442,1960.53,1960.53,1958.0349999999999,1958.4737827467443,1947.1100000000001,1947.9462268049704,1925.9479999999999,1930.1340348234824,1976.022297579359,1901.0640000000003,1826.1057024206416,64.7516788734626,0.013437918430534972
369,2023-07-04 12:00:00,1960.53,1965.57,1931.58,1936.2,102435.946,2023-07-04 23:59:59.999,199618800.626992,156669,46487.5983,90592802.629259,0,-0.01240990956527055,-0.0063363252562741446,-0.00988985139654519,-0.3992491534728422,0.008442752306001555,0.3801848071341283,0.045470007937407964,-0.21528836145926922,1936.2,1936.2,1948.3649999999998,1943.6245942489147,1950.352,1944.0308178699804,1934.369,1931.2369375828491,1979.5704625933247,1904.1259999999997,1828.6815374066748,58.91473556073952,0.013635498719972074
370,2023-07-05 00:00:00,1936.19,1942.5,1905.0,1910.08,133256.4617,2023-07-05 11:59:59.999,256521814.576347,182454,62674.3564,120646166.362179,0,-0.013490341906827852,0.30087598058595577,-0.025732837549030108,0.2926332072548887,-0.014142081466647416,-0.2663453650457911,0.01003648670086199,-0.3646491243319864,1910.08,1910.08,1923.1399999999999,1921.261531416305,1944.872,1932.713878579987,1936.2669999999998,1927.3902216586946,1978.9291269965734,1903.7115000000001,1828.4938730034269,53.35417473079612,0.013049970949805697
371,2023-07-05 12:00:00,1910.07,1918.0,1894.51,1910.36,134377.0166,2023-07-05 23:59:59.999,256252323.642602,180531,65382.7032,124694572.713384,0,0.00014659071871325757,0.008409009857418326,-0.013345728747030328,0.3118150595299818,-0.02632504421486137,-0.11354512285357543,-0.012116103610009366,-0.7348526600593067,1910.36,1910.36,1910.2199999999998,1913.993843805435,1934.542,1925.2625857199914,1933.9239999999998,1924.29381772075,1979.5249372552962,1904.2895,1829.054062744704,53.40494436567953,0.012833234292933319
372,2023-07-06 00:00:00,1910.35,1958.0,1898.8,1917.65,179992.4862,2023-07-06 11:59:59.999,347278876.896194,216358,89915.6274,173454119.41601,0,0.003816034674092972,0.33945886546792114,0.003963184788071894,0.35072238827124735,-0.019375722306881893,0.05559271599032045,-0.002548698343346034,0.5814939735697655,1917.65,1917.65,1914.0049999999997,1916.4312812684784,1926.964,1922.7250571466611,1933.434,1923.0858508624317,1980.7800192812279,1906.1285,1831.4769807187722,54.784788420643366,0.012640029534416206
373,2023-07-06 12:00:00,1917.66,1919.37,1846.0,1846.17,276370.2548,2023-07-06 23:59:59.999,520730709.327076,302673,135643.5546,255589181.588533,0,-0.03727478945584439,0.5354543994292578,-0.03360099667078442,1.0566780078372418,-0.058331165552172104,1.680885896972415,-0.04070148090413095,3.2807160154099257,1846.17,1846.17,1881.9099999999999,1869.5904270894928,1904.092,1897.206704764441,1925.6009999999999,1909.1011507056257,1981.9439147918613,1905.4885000000002,1829.033085208139,41.734340312930065,0.015061565882054914
374,2023-07-07 00:00:00,1846.17,1865.6,1826.0,1860.17,131425.1297,2023-07-07 11:59:59.999,243194797.53723,200529,64299.1456,118996370.360588,0,0.007583266979747316,-0.5244599322198837,-0.02997418715615463,-0.26982991082213303,-0.039267637640739594,0.2829981547688347,-0.031156412272980605,0.7707745607930665,1860.17,1860.17,1853.1699999999998,1863.3101423631642,1888.886,1884.8611365096274,1919.6190000000001,1900.2045778500574,1982.7583535511128,1904.4205000000002,1826.0826464488875,44.52184508487638,0.014898248506367203
375,2023-07-07 12:00:00,1860.16,1878.0,1851.43,1870.91,101519.2169,2023-07-07 23:59:59.999,189538583.517737,154731,50843.9417,94930283.845167,0,0.005773665847745191,-0.22755094758715688,0.01340071607706772,-0.6326695252589101,-0.02050699447143567,-0.23816664794424758,-0.03435906435163194,-0.4410774302015956,1870.91,1870.91,1865.54,1868.3767141210549,1881.0520000000001,1880.210757673085,1912.962,1894.8782909682286,1982.9469033726796,1903.4869999999999,1824.0270966273201,46.631207752204034,0.014927027319240827
376,2023-07-08 00:00:00,1870.92,1876.0,1855.0,1859.01,61540.6538,2023-07-08 11:59:59.999,114743047.854493,112300,31613.7101,58963426.78803,0,-0.006360541127045205,-0.39380291062903183,-0.0006235989183784874,-0.531743632739972,-0.02687975041353463,-0.5420299143626024,-0.052497184010275144,-0.5940301839995632,1859.01,1859.01,1864.9599999999998,1862.1322380403517,1870.782,1873.1438384487235,1902.6619999999998,1888.3567835194597,1983.0702764465518,1903.3825000000002,1823.6947235534485,44.60742556392512,0.014599558427419923
377,2023-07-08 12:00:00,1859.01,1866.5,1842.8,1865.24,64279.1735,2023-07-08 23:59:59.999,119258132.950132,116289,30978.8096,57469572.32933,0,0.0033512460933506905,0.044499359868679145,-0.003030610772298048,-0.3668275281977673,-0.027330326180481368,-0.6428785731167928,-0.04617650367673376,-0.6230252230580167,1865.24,1865.24,1862.1249999999998,1864.204079346784,1860.3,1870.5092256324824,1893.632,1884.1537319704669,1979.3471922898955,1905.2434999999998,1831.1398077101042,45.93044334969007,0.013994089126173365
378,2023-07-09 00:00:00,1865.24,1874.45,1862.71,1868.98,51318.7161,2023-07-09 11:59:59.999,95870380.300197,101291,27380.1641,51149851.15283,0,0.002005103900838412,-0.2016276298263231,0.005363069590803793,-0.1661005704167544,0.012355308557716826,-0.8143117241863179,-0.04669655654338367,-0.5021909201379757,1868.98,1868.98,1867.1099999999997,1867.388026448928,1864.8620000000003,1869.9994837549884,1884.477,1881.3948716122,1979.3763040758129,1905.2125,1831.0486959241873,46.75264885364246,0.013041828181718937
379,2023-07-09 12:00:00,1868.98,1879.36,1856.15,1862.8,83727.6582,2023-07-09 23:59:59.999,156319169.751413,133634,40597.7529,75793192.507778,0,-0.003306616443193633,0.6315228548751632,-0.0013081426518839478,0.30256276863920806,0.0014138492718407392,-0.3629250479636391,-0.03790930688978411,-0.18263401208790508,1862.8,1862.8,1865.8899999999999,1864.3293421496426,1865.3880000000001,1867.599655836659,1877.137,1878.013985864527,1978.5014598049715,1905.7530000000002,1833.0045401950288,45.52085084296681,0.012878480386464053
380,2023-07-10 00:00:00,1862.81,1867.77,1846.63,1864.0,90282.2756,2023-07-10 11:59:59.999,167721958.241753,145327,43744.209,81264254.23005,0,0.0006441915396178111,0.07828497226499498,-0.002664554997913293,0.759246576318771,-0.0036933898477211624,-0.11068782485850726,-0.024124643993968853,-0.3224923245879642,1864.0,1864.0,1863.3999999999996,1864.1097807165474,1864.006,1866.3997705577726,1872.529,1875.4659884346129,1979.1690828060932,1904.3980000000004,1829.6269171939075,45.81935808859467,0.011920595845795402
381,2023-07-10 12:00:00,1863.99,1905.5,1860.2,1880.4,157585.8738,2023-07-10 23:59:59.999,296464482.921629,193135,80219.945,150933145.881278,0,0.008798283261802542,0.7454796387520388,0.009448142581060859,0.8821244638608559,0.011506124227411485,1.5606792269730487,-0.015682907933583068,0.17271448486675212,1880.4,1880.4,1872.1999999999998,1874.9699269055159,1868.284,1871.066513705182,1869.5330000000001,1876.3630814465014,1975.921577648765,1901.7285,1827.535422351235,49.862633846229286,0.010858518747422807
382,2023-07-11 00:00:00,1880.41,1891.99,1863.99,1867.55,94627.9819,2023-07-11 11:59:59.999,177660161.512722,128325,43916.3304,82455813.229052,0,-0.006833652414379943,-0.3995148193289392,0.001904506437768294,0.04813465623367619,0.001238446526988346,0.4721406133201138,-0.026125726801032534,-0.4742670435984011,1867.55,1867.55,1873.975,1870.0233089685053,1868.7459999999999,1869.8943424701215,1864.523,1874.760703001683,1973.9537610598704,1898.9785,1824.0032389401294,46.90879078954702,0.010883020299699297
383,2023-07-11 12:00:00,1867.55,1882.56,1862.38,1878.3,83143.6298,2023-07-11 23:59:59.999,155679715.419974,128035,41297.9997,77329755.910944,0,0.005756204653155184,-0.12136317259873852,-0.001116783663050458,-0.4723916059537058,0.00498667722501045,0.6201424376632056,0.017403597718519848,-0.6991585441777435,1878.3,1878.3,1872.9249999999997,1875.5411029895017,1870.61,1872.6962283134144,1867.736,1875.4042115468314,1971.201687581076,1896.6685000000002,1822.1353124189245,49.59873726673406,0.010989361978654189
384,2023-07-12 00:00:00,1878.31,1895.61,1876.51,1890.65,92745.4272,2023-07-12 11:59:59.999,174944962.224534,133828,46801.3027,88292262.563763,0,0.0065750945003462125,0.11548446252703792,0.012369146743059112,-0.019894270829842076,0.01495061198196268,0.10770358557573978,0.01638559916566762,-0.2943097913488305,1890.65,1890.65,1884.475,1885.6137009965007,1876.1799999999998,1878.6808188756097,1870.784,1878.1761730837711,1968.992107064828,1895.2015,1821.410892935172,52.571779179329546,0.011118828423952811
385,2023-07-12 12:00:00,1890.65,1902.0,1864.37,1871.82,171661.4401,2023-07-12 23:59:59.999,323622772.334599,204640,80856.6499,152436412.332435,0,-0.009959537725121037,0.8508884511343326,-0.003449928126497359,1.0646373091110828,0.004195278969957084,0.9013858363578955,0.00048639432147989936,0.6909255739146665,1871.82,1871.82,1881.2349999999997,1876.417900332167,1877.744,1876.3938792504066,1870.875,1877.0205052503582,1963.708373457166,1891.9184999999998,1820.1286265428334,47.92950678202523,0.01104985496622723
386,2023-07-13 00:00:00,1871.82,1885.21,1862.59,1883.72,77003.4671,2023-07-13 11:59:59.999,144220133.046847,114558,35698.5881,66879918.483361,0,0.006357448900001117,-0.5514224565799853,-0.0036654060772750574,-0.16973300544568526,0.001765581791108195,-0.5113555216394022,0.013292021021941824,0.251261765113064,1883.72,1883.72,1877.7699999999998,1881.285966777389,1878.4080000000001,1878.835919500271,1873.3460000000002,1878.2385952048385,1952.2174884272463,1888.0040000000001,1823.790511572754,50.88142953581069,0.01070427906188392
387,2023-07-13 12:00:00,1883.72,2012.63,1876.11,2004.49,471857.9536,2023-07-13 23:59:59.999,925282010.979347,503718,239676.4308,469946281.70616096,0,0.0641125007962966,5.127749455582631,0.07087754164396154,1.7487707974785889,0.07332601536772776,3.9864526763198365,0.07465527224378632,6.340759501209206,2004.49,2004.49,1944.1049999999998,1963.4219889257963,1905.7959999999998,1920.7206130001807,1887.271,1901.193396076686,1967.269378459354,1890.4515000000004,1813.6336215406468,69.67237112156542,0.018232637376327097
388,2023-07-14 00:00:00,2004.49,2029.11,1983.81,1992.22,184145.0833,2023-07-14 11:59:59.999,369441966.457875,249222,84235.9419,169053245.958842,0,-0.006121257776292244,-0.6097446659633884,0.057598793875947685,1.391386910681065,0.06065058829792891,1.2147828251299178,0.06593971043028812,2.5882636452005863,1992.22,1992.22,1998.3549999999998,1982.6206629752653,1928.58,1944.5537420001206,1899.595,1917.7436876991067,1975.5830536643628,1892.0359999999996,1808.4889463356365,66.87322684845665,0.01830658754121093
389,2023-07-14 12:00:00,1992.22,2007.46,1898.39,1937.83,314578.9526,2023-07-14 23:59:59.999,612927905.562025,355465,148835.1401,290146244.718374,0,-0.027301201674513886,0.7083212158725067,-0.03325534175775391,-0.33331853325784433,0.024954380768518636,2.3918540471179153,0.04027807601460176,2.7571688897420996,1937.83,1937.83,1965.0249999999996,1952.760220991755,1938.016,1942.3124946667472,1907.098,1921.3957444810871,1975.8397187653668,1892.1174999999998,1808.3952812346329,56.111629203341494,0.019161763173599553
390,2023-07-15 00:00:00,1937.82,1946.37,1926.23,1939.82,77473.5702,2023-07-15 11:59:59.999,149956575.706939,133402,38033.1837,73624739.00797,0,0.0010269218662111168,-0.7537229698310084,-0.026302316009276128,-0.5792797243802381,0.036328279428577526,-0.5486839085419044,0.040675965665236014,-0.14187397598117246,1939.82,1939.82,1938.8249999999998,1944.1334069972515,1951.616,1941.4816631111648,1914.6799999999998,1924.7456091208894,1979.5762433753434,1893.6045,1807.6327566246564,56.388162579663,0.018888337472440984
391,2023-07-15 12:00:00,1939.83,1941.23,1926.6,1931.41,57708.1961,2023-07-15 23:59:59.999,111597385.460576,109416,27726.2101,53616958.849574,0,-0.004335453804992118,-0.2551240900474211,-0.0033129841110932645,-0.8165541730524536,0.025316926082432634,-0.2505766522816736,0.027127206977238805,-0.6337984191829256,1931.41,1931.41,1935.6149999999998,1935.6511356657504,1961.154,1938.12444207411,1919.7809999999997,1925.9573165534548,1981.9290541983278,1894.657,1807.384945801672,54.8162266650226,0.01892479310311561
392,2023-07-16 00:00:00,1931.41,1937.72,1914.0,1933.01,80482.133,2023-07-16 11:59:59.999,155077690.806737,127582,35722.4027,68851221.61224,0,0.0008284103323479286,0.3946395562345433,-0.0035106350073718096,0.0388334085060662,-0.0356599434270064,-0.8294356757452779,0.03505127038098044,-0.14948906883535684,1933.01,1933.01,1932.2099999999998,1933.89037855525,1946.8580000000002,1936.4196280494068,1926.327,1927.2396226346448,1983.7568009552383,1895.425,1807.0931990447616,55.072831368864016,0.01891081603910821
393,2023-07-16 12:00:00,1933.02,1943.55,1916.73,1922.11,68184.9721,2023-07-16 23:59:59.999,131709749.650164,126188,33969.5126,65627137.578409,0,-0.005638874087562917,-0.1527936753366117,-0.004815135056772113,0.18154745266764616,-0.0351918964772967,-0.6297214626745345,0.023324282595964307,-0.1799134550173319,1922.11,1922.11,1927.5599999999997,1926.0367928517499,1932.836,1931.6497520329378,1930.708,1926.3069639738,1985.2571385423173,1899.2219999999998,1813.1868614576822,52.869993311732514,0.016782346791012585
394,2023-07-17 00:00:00,1922.12,1936.18,1889.36,1910.09,112774.4481,2023-07-17 11:59:59.999,216353271.736248,177097,56629.475,108695519.090026,0,-0.006253544282065038,0.6539487313216925,-0.011857155420820442,0.40123582584472506,-0.014314981190300502,-0.6415066959568738,0.010282178086901128,0.21595696418335097,1910.09,1910.09,1916.0999999999997,1915.40559761725,1927.288,1924.4631680219586,1932.652,1923.3584250694728,1985.9541914143542,1901.718,1817.481808585646,50.47247242823414,0.0168316125313231
395,2023-07-17 12:00:00,1910.09,1920.2,1873.26,1911.2,164384.5868,2023-07-17 23:59:59.999,312309140.56141,214294,78367.9637,148906519.029743,0,0.00058112444963343,0.4576403570978771,-0.005676053919910884,1.4108624193453325,-0.014753946242434757,1.1218150444808077,0.021038347704373406,-0.042390727327936584,1911.2,1911.2,1910.6449999999998,1912.6018658724165,1921.5639999999999,1920.042112014639,1936.5899999999997,1921.1478023295685,1986.8448227626063,1903.7325,1820.6201772373938,50.69482840751168,0.0168015266183871
396,2023-07-18 00:00:00,1911.21,1917.19,1890.8,1894.15,96969.4053,2023-07-18 11:59:59.999,184618540.828898,151476,46230.1633,88029859.527871,0,-0.008921096693177089,-0.41010646321738964,-0.008345156510949692,-0.14014737439446623,-0.01929160561455101,0.6803402610604214,0.005536916314526685,0.2592862237497875,1894.15,1894.15,1902.6749999999997,1900.3006219574722,1914.1119999999999,1911.4114080097595,1937.6329999999998,1916.2391109969196,1986.1967144172727,1905.4895000000001,1824.7822855827276,47.19021432567697,0.016871749425848022
397,2023-07-18 12:00:00,1894.15,1903.66,1875.73,1897.21,118811.0953,2023-07-18 23:59:59.999,224965290.047435,163624,58203.239,110211145.200635,0,0.0016155003563602666,0.22524310562106753,-0.007320008371703657,-0.2772370110066791,-0.01852033874630754,0.47624187967284604,-0.05351984794137166,-0.7482058013570803,1897.21,1897.21,1895.6799999999998,1898.2402073191574,1906.952,1906.6776053398398,1926.905,1912.7792726338432,1985.7845007099781,1907.0880000000002,1828.3914992900222,47.88653330869521,0.01686385026193628
398,2023-07-19 00:00:00,1897.21,1917.98,1895.09,1909.28,78863.1121,2023-07-19 11:59:59.999,150583554.723489,118189,40046.9964,76468215.472946,0,0.006361973634969154,-0.3362310826201095,0.007987751762003947,-0.18672171025472917,-0.00667495616796121,0.156605475827422,-0.041631948278804565,-0.5717338161479981,1909.28,1909.28,1903.245,1905.6000691063857,1904.386,1907.54507022656,1918.611,1912.1430412458717,1985.832494746124,1909.1029999999998,1832.3735052538757,50.65058623716017,0.01690585740846124
399,2023-07-19 12:00:00,1909.29,1922.04,1882.17,1888.63,139181.8884,2023-07-19 23:59:59.999,264684557.819912,148642,68388.7433,130068582.034614,0,-0.010815595407692835,0.7648541211956559,-0.004522430305553882,0.1714553093594786,-0.011235072692909687,0.23416155649534942,-0.025389224028939505,-0.5575613458889748,1888.63,1888.63,1898.955,1894.2866897021286,1900.0939999999998,1901.2400468177068,1913.691,1907.8679428375312,1984.7973135153197,1910.3944999999999,1835.99168648468,46.141528115158636,0.01709353184058719
400,2023-07-20 00:00:00,1888.64,1929.05,1882.7,1921.47,131802.4838,2023-07-20 11:59:59.999,251738953.906311,153881,69007.1282,131818986.619966,0,0.017388265568163197,-0.05301986260447955,0.006384605715243463,0.6712817981729127,0.005373587275010472,-0.1982065571612338,-0.009459640585208873,0.7012573895813567,1921.47,1921.47,1905.0499999999997,1912.4088965673764,1902.148,1907.983364545138,1911.8560000000002,1910.3410441397982,1984.6598347151507,1913.268,1841.8761652848493,53.266703367109585,0.017489720940065814
401,2023-07-20 12:00:00,1921.47,1923.0,1878.0,1891.59,161105.0326,2023-07-20 23:59:59.999,305242496.54899,199299,77231.2089,146305532.025599,0,-0.015550594076410351,0.2223216737285798,0.0015672736322094316,0.15751434652901297,-0.0013515297098963819,0.6614006459210491,-0.020617062146307652,1.7917183950929285,1891.59,1891.59,1906.5299999999997,1898.5296321891256,1901.636,1902.5189096967588,1907.8740000000003,1906.9317633871076,1984.3503186830008,1913.8275,1843.3046813169994,47.154138679660896,0.017811254406459344
402,2023-07-21 00:00:00,1891.59,1901.76,1884.64,1889.25,76855.1028,2023-07-21 11:59:59.999,145427570.739055,128997,35220.5413,66652377.333935,0,-0.0012370545414175371,-0.5229503289892883,-0.016768411684803808,-0.4168918476785185,-0.0041956346424486535,-0.353131939353479,-0.02263826881392228,-0.04506627825085119,1889.25,1889.25,1890.4199999999996,1892.3432107297085,1900.0440000000003,1898.0959397978393,1903.498,1903.7168973167243,1983.1858356076539,1914.9125,1846.639164392346,46.702153182027956,0.01773470376072135
403,2023-07-21 12:00:00,1889.24,1905.74,1885.13,1891.73,88698.94,2023-07-21 23:59:59.999,167986565.156056,131388,45306.1229,85812648.637976,0,0.0013126902209872338,0.15410606151710216,7.401181017030467e-05,-0.4494340830417982,-0.00919194670242185,0.12472026069080289,-0.01580554702904613,0.3008576122890281,1891.73,1891.73,1890.4899999999998,1891.9344035765694,1896.534,1895.9739598652263,1900.4599999999998,1901.5374614409561,1982.657357870285,1915.584,1848.510642129715,47.278932114850235,0.01769612815243616
404,2023-07-22 00:00:00,1891.73,1897.35,1883.79,1888.02,48354.4224,2023-07-22 11:59:59.999,91473489.202797,102449,23524.5108,44504739.603673,0,-0.0019611678199320526,-0.4548477986320919,-0.0006510520047637858,-0.37083653995190535,-0.00032298544447573185,-0.6525810724666098,-0.011554429372437891,-0.5712289156394461,1888.02,1888.02,1889.8749999999998,1889.3248011921896,1896.4120000000003,1893.3226399101509,1898.253,1899.079741178964,1982.730877767269,1915.4525,1848.1741222327312,46.468777547620085,0.01764479231512277
405,2023-07-22 12:00:00,1888.01,1890.59,1851.18,1866.52,83547.2263,2023-07-22 23:59:59.999,156347103.565816,138448,39861.7699,74570816.476004,0,-0.011387591233143701,0.727809415421742,-0.013326426075602749,-0.058080893638638886,-0.028597896402233758,-0.36611796764940785,-0.02337798241942235,-0.49175754292798457,1866.52,1866.52,1877.2699999999998,1874.1216003973966,1885.422,1884.3884266067673,1893.7850000000003,1893.1597882373342,1983.1891037678183,1915.1875,1847.1858962321817,41.97940414124907,0.01769036431030112
406,2023-07-23 00:00:00,1866.52,1879.14,1857.82,1874.69,61808.1181,2023-07-23 11:59:59.999,115626861.17138,117411,32891.2105,61532698.629702,0,0.004377129631613963,-0.2602014353168298,-0.007060306564549035,0.2782309255750721,-0.008934282799126558,-0.6163489302444051,-0.0102737375603833,-0.3626018648997531,1874.69,1874.69,1870.6049999999998,1874.500533465799,1882.042,1881.155617737845,1891.839,1889.8016449214551,1983.6806988244591,1914.736,1845.791301175541,44.1860640837878,0.017658439138515534
407,2023-07-23 12:00:00,1874.68,1905.25,1872.04,1888.73,91692.8997,2023-07-23 23:59:59.999,173109530.689958,136816,44859.5848,84675260.13975,0,0.00748923822071923,0.4835090036497971,0.011899149218867144,0.09749783159467973,-0.00027524149794888597,0.19306196152794697,-0.004469721327633791,-0.22824632271528267,1888.73,1888.73,1881.7099999999998,1883.9868444885997,1881.938,1883.68041182523,1890.991,1889.6068003902815,1965.014692643632,1908.9479999999999,1852.8813073563676,47.85622756156803,0.009456520169790822
408,2023-07-24 00:00:00,1888.74,1890.86,1833.19,1853.04,142034.7313,2023-07-24 11:59:59.999,264209415.306905,185405,64281.4593,119562674.003254,0,-0.018896295394259632,0.549026497849975,-0.011548576031237268,1.297994756452551,-0.02045217869357685,0.6013126120785661,-0.029456130059498875,0.8010287385044752,1853.04,1853.04,1870.8849999999998,1863.3556148295331,1874.2,1873.46694121682,1885.3669999999997,1882.958291228412,1948.7656928715116,1901.9890000000003,1855.2123071284889,40.55563532079006,0.010093619539559368
409,2023-07-24 12:00:00,1853.04,1854.76,1834.66,1850.0,134469.8234,2023-07-24 23:59:59.999,248193492.15094,150961,68622.0371,126635920.774168,0,-0.0016405474247722651,-0.05326097237457883,-0.02050584255028509,0.466523840340497,-0.020137498543447596,1.7809208904954263,-0.020453979869005656,-0.03385544666887852,1850.0,1850.0,1851.5199999999998,1854.4518716098444,1866.596,1865.64462747788,1881.5040000000001,1876.965874641428,1946.5318813182084,1897.5975000000003,1848.6631186817922,39.9959456140198,0.008407887637172724
410,2023-07-25 00:00:00,1850.0,1863.2,1845.45,1853.4,61797.2162,2023-07-25 11:59:59.999,114488765.413351,111208,30081.787,55733232.076816,0,0.0018378378378378635,-0.5404380355570542,0.00019427535293359277,-0.5649147526496571,-0.0070291237168633725,-0.2603319231915662,-0.03542600196724377,-0.531137696207816,1853.4,1853.4,1851.6999999999998,1853.7506238699482,1863.9720000000002,1861.5630849852535,1874.6970000000001,1872.6811701611682,1941.7947997537622,1893.2765,1844.7582002462377,40.97703182813018,0.008426622846796763
411,2023-07-25 12:00:00,1853.39,1868.71,1852.34,1857.66,90453.9938,2023-07-25 23:59:59.999,168207835.507906,137648,44690.9076,83108940.808858,0,0.0022984784719974893,0.4637227914483306,0.004140540540540583,-0.3273286785620929,-0.00908416858253891,0.46346461566187047,-0.017937290850554177,-0.43854023465186276,1857.66,1857.66,1855.5299999999997,1856.3568746233161,1860.566,1860.2620566568357,1871.304,1869.950048313683,1937.1548389602874,1889.589,1842.0231610397125,42.25107988578973,0.008470345071641041
412,2023-07-26 00:00:00,1857.66,1866.94,1848.35,1851.1,75675.6722,2023-07-26 11:59:59.999,140429770.274856,116158,34052.2696,63193688.12957,0,-0.003531324354295262,-0.16337942614978263,-0.001240962555303815,0.2245806017391443,-0.01992344061882856,-0.17468340026768714,-0.020193198359137243,-0.015346158641791452,1851.1,1851.1,1854.3799999999997,1852.8522915411054,1853.0400000000002,1857.2080377712239,1867.489,1866.5227668021041,1931.4785033271294,1885.4935,1839.5084966728707,40.790898007115516,0.008452226421056655
413,2023-07-26 12:00:00,1851.1,1888.0,1850.2,1872.0,196414.8611,2023-07-26 23:59:59.999,366619578.44245505,203693,114041.6386,212745651.437606,0,0.011290583977094704,1.5954822123139332,0.00771938890862689,1.1714338178841146,0.010231835254500776,0.3828650169030874,-0.010429606762064392,1.2143991923691533,1872.0,1872.0,1861.5499999999997,1865.617430513702,1856.8319999999999,1862.1386918474827,1865.516,1867.5186273835395,1926.0898758756064,1882.988,1839.8861241243937,47.067423600645185,0.008917114557429735
414,2023-07-27 00:00:00,1871.99,1886.11,1864.7,1876.77,85553.3136,2023-07-27 11:59:59.999,160531983.904912,128157,45442.3748,85255933.752997,0,0.002548076923077014,-0.5644254557884878,0.013867430176651707,0.13052598163772888,0.014470270270270369,-0.36377313930494837,-0.0059586233196682326,0.7692965680011925,1876.77,1876.77,1874.3849999999998,1873.0524768379005,1862.1860000000001,1867.0157945649885,1864.391,1869.2006951319868,1922.6438889209608,1881.3220000000001,1840.0001110790395,48.41154992333921,0.008875944038715226
415,2023-07-27 12:00:00,1876.76,1878.71,1854.84,1861.28,78213.1123,2023-07-27 23:59:59.999,145931603.497108,124137,35259.5552,65792310.707312,0,-0.008253541989695079,-0.08579680892687247,-0.0057264957264957506,-0.6017963617316124,0.00425164562425806,0.2656413526277903,-0.00280736343569854,-0.0638454947725775,1861.28,1861.28,1869.0249999999996,1865.2041589459668,1863.762,1865.1038630433256,1863.8669999999997,1867.7605687443527,1918.6302185703512,1878.8260000000002,1839.0217814296493,44.46303420379601,0.009020059659891368
416,2023-07-28 00:00:00,1861.29,1869.04,1856.52,1866.64,66273.6359,2023-07-28 11:59:59.999,123443207.904371,106147,33030.0885,61521746.389985,0,0.0028797386744605635,-0.15265313000464753,-0.00539757135930341,-0.22535278750442234,0.004834038521580819,-0.2673221699139613,-0.00429404328182259,0.07224807901083774,1866.64,1866.64,1863.9599999999998,1866.1613863153225,1865.5580000000002,1865.6159086955506,1863.0620000000004,1867.556828972652,1916.9415437820567,1877.4505000000001,1837.9594562179436,46.101215308828294,0.008879042969366405
417,2023-07-28 12:00:00,1866.63,1883.39,1866.27,1874.19,72422.0788,2023-07-28 23:59:59.999,135785259.597891,113242,37463.115,70246299.660709,0,0.004044700638580423,0.092773586608065,0.006936086993896806,-0.07404172177406099,0.01247366430770902,-0.042993914760363294,-0.0076982946212533765,-0.21016699180689113,1874.19,1874.19,1870.415,1871.5137954384409,1870.176,1868.4739391303672,1861.6080000000002,1868.7628600685334,1914.7479322046597,1876.2994999999999,1837.85106779534,48.40963723422368,0.008928769906687195
418,2023-07-29 00:00:00,1874.2,1877.09,1869.54,1870.47,33486.7849,2023-07-29 11:59:59.999,62735531.530739,79215,15457.8618,28960968.610967,0,-0.001984857458422029,-0.5376163532604922,0.0020518150259289936,-0.49471936396355154,-0.0008173076923077005,-0.8295099224546406,0.009406165004533174,-0.7642352360334279,1870.47,1870.47,1872.33,1870.8179318128136,1869.8700000000001,1869.1392927535783,1863.351,1869.0732491469819,1909.749305395636,1874.359,1838.968694604364,47.333941227093135,0.00878145244290121
419,2023-07-29 12:00:00,1870.47,1886.58,1870.47,1880.46,39380.242,2023-07-29 23:59:59.999,73940797.148811,87170,20425.4883,38345721.740612,0,0.005340903623153537,0.17599351856558787,0.0033454452323402606,-0.4562398283436184,0.0019661439601017516,-0.5396993951149544,0.01646486486486487,-0.707144391177954,1880.46,1880.46,1875.4649999999997,1877.2459772709378,1870.6080000000002,1872.912861835719,1866.3970000000002,1871.1435674838942,1908.857782606877,1873.9504999999997,1839.0432173931224,50.5140836943133,0.008570565985870082
420,2023-07-30 00:00:00,1880.45,1881.52,1872.44,1876.18,41913.9356,2023-07-30 11:59:59.999,78634971.313382,92993,21058.6601,39508633.498595,0,-0.002276038841560024,0.06433920847921648,0.0030527086774982948,0.25165601072678667,0.008005243703258058,-0.4641060256081895,0.012290924786878099,-0.32175042538566656,1876.18,1876.18,1878.3199999999997,1876.5353257569793,1873.5880000000002,1874.0019078904795,1868.675,1872.0592824868224,1899.0242533457506,1871.6859999999997,1844.3477466542488,49.14491393018548,0.00751133575065032
421,2023-07-30 12:00:00,1876.18,1885.3,1848.17,1861.79,116743.6546,2023-07-30 23:59:59.999,217869253.908115,154865,61468.8029,114735662.770649,0,-0.007669839780831356,1.785318365570042,-0.00992842176914166,1.9645235445734435,-0.0025982514035916005,0.7615399097184588,0.0022232270706157298,0.2906412386624768,1861.79,1861.79,1868.9849999999997,1866.7051085856597,1872.618,1869.9312719269865,1869.0880000000002,1870.192140216491,1896.2507887344436,1870.196,1844.1412112655562,44.752863137421905,0.006898684664620844
422,2023-07-31 00:00:00,1861.79,1877.4,1861.12,1867.8,78693.3914,2023-07-31 11:59:59.999,147024617.325362,112423,39640.0878,74054858.2154,0,0.003228076206231556,-0.325930033031534,-0.004466522401901818,0.8774994586764597,-0.0034094728922895445,0.08659393245696223,0.009021662795094754,0.039877005545779554,1867.8,1867.8,1864.7949999999996,1867.4350361952197,1871.3400000000001,1869.2208479513245,1870.7580000000003,1869.7572056316744,1893.6752447648132,1869.1235000000001,1844.571755235187,46.88778294732731,0.006954828637471479
423,2023-07-31 12:00:00,1867.8,1873.21,1851.02,1856.14,89511.062,2023-07-31 23:59:59.999,166492468.836393,134064,42027.7646,78173192.399745,0,-0.006242638398115341,0.13746606173082032,-0.0030347139043608307,-0.2332682893413548,-0.00766117606804706,1.673026457072623,-0.008472222222222214,-0.5442755120528913,1856.14,1856.14,1861.9699999999998,1859.9050120650734,1868.4740000000002,1864.860565300883,1869.172,1867.281350062279,1890.1831150440767,1867.3439999999998,1844.504884955923,43.38494829732315,0.007052959428094843
424,2023-08-01 00:00:00,1856.13,1864.7,1815.98,1830.7,166551.3712,2023-08-01 11:59:59.999,305121747.705644,191962,77792.9844,142488926.221895,0,-0.013705862704321947,0.8606791996278627,-0.019862940357639913,1.1164594413451598,-0.026461610457015783,3.2293130448512732,-0.024547493832488776,0.9467553527932553,1830.7,1830.7,1843.4199999999998,1840.4350040216912,1858.5220000000002,1853.4737102005888,1864.565,1860.630195505501,1890.3976162007975,1864.4779999999998,1838.5583837992021,36.90656290120723,0.0076106219041899075
425,2023-08-01 12:00:00,1830.7,1875.62,1813.8,1873.47,191924.7254,2023-08-01 23:59:59.999,353978834.402804,219546,92631.3805,170903807.572517,0,0.02336264816736766,0.15234551368256755,0.009336580214854395,1.144145328093638,-0.001444424308968295,3.5790194276101337,0.00654925642568549,1.4538689198793078,1873.47,1873.47,1852.0849999999998,1862.458334673897,1857.98,1860.139140133726,1865.784,1862.9647054135917,1891.030093852923,1864.8255000000001,1838.6209061470772,50.33401412693236,0.009065258944062952
426,2023-08-02 00:00:00,1873.48,1879.74,1853.66,1859.9,108412.0428,2023-08-02 11:59:59.999,202192661.871267,148123,52544.7019,98034122.393033,0,-0.0072432438202906235,-0.43513248449852937,0.015950182990113193,-0.3490774526868621,-0.0010151520848215023,-0.07136672077421846,-0.003610765868083843,0.6358245828489395,1859.9,1859.9,1866.685,1860.7527782246325,1857.602,1860.0594267558174,1865.11,1862.407486247484,1889.9681122784957,1864.086,1838.2038877215043,46.921997275468996,0.009157045603333113
427,2023-08-02 12:00:00,1859.89,1861.0,1821.21,1839.9,145801.0125,2023-08-02 23:59:59.999,268273709.391519,183147,70432.8608,129594278.864923,0,-0.010753266304640019,0.3448783800612971,-0.017918621595221618,-0.2403218908031325,-0.014937359460327593,0.85277327493602,-0.018295903830454763,1.013212198763894,1839.9,1839.9,1849.8999999999999,1846.8509260748774,1852.0220000000002,1853.3396178372118,1861.681,1858.3152160206687,1886.973677226999,1861.6444999999999,1836.3153227730008,42.36393054051534,0.009242598764835616
428,2023-08-03 00:00:00,1839.9,1846.07,1826.0,1837.62,67508.696,2023-08-03 11:59:59.999,123979979.081232,107842,32192.4009,59127291.847399,0,-0.001239197782488266,-0.5369806091024232,-0.011979138663369082,-0.3772952316326983,-0.009977695647957696,-0.24580611053413715,-0.01756243083289233,1.0159802203047565,1837.62,1837.62,1838.7599999999998,1840.6969753582925,1848.318,1848.099745224808,1858.396,1854.5524494714562,1888.0730825518835,1860.8734999999997,1833.6739174481158,41.864653920418725,0.00826136762135771
429,2023-08-03 12:00:00,1837.63,1859.12,1831.11,1835.81,103639.356,2023-08-03 23:59:59.999,191101771.305248,147076,51906.6721,95727128.57424,0,-0.0009849696890542603,0.5352000874079985,-0.0022229468992880363,-0.2891725906224417,0.0027912820232698365,-0.3777333968896198,-0.023744190251321573,1.6317602619100207,1835.81,1835.81,1836.7149999999997,1837.4389917860974,1849.3400000000001,1844.0031634832053,1853.931,1851.1447313857368,1889.1431810787808,1860.164,1831.1848189212192,41.44704766630633,0.008257425335768552
430,2023-08-04 00:00:00,1835.81,1840.58,1828.35,1834.6,62164.2646,2023-08-04 11:59:59.999,114102233.859675,101091,29757.3849,54621823.085969,0,-0.0006591096028456533,-0.40018669548660646,-0.0016434300889193176,-0.07916656248255771,-0.020747596705578464,-0.6761008021741841,-0.0221620526815125,0.4831407194317492,1834.6,1834.6,1835.2049999999997,1835.5463305953658,1841.566,1840.8687756554702,1849.773,1848.136598406512,1890.1725349571961,1859.2240000000002,1828.2754650428042,41.15152087532793,0.008241423451425168
431,2023-08-04 12:00:00,1834.6,1851.31,1815.74,1830.23,125535.1906,2023-08-04 23:59:59.999,230584862.742363,154911,61207.7594,112473622.952258,0,-0.0023819906246592693,1.0194108529677677,-0.0030395302346103437,0.21126949688880736,-0.015952470562933474,0.15794507102489552,-0.01695142846400499,0.07530632846917928,1830.23,1830.23,1832.4149999999997,1832.0021101984553,1835.632,1837.322517103647,1846.6169999999997,1844.8808532416915,1891.287944590985,1857.8525000000002,1824.4170554090153,40.041094055162,0.008224883675253368
432,2023-08-05 00:00:00,1830.24,1835.0,1827.5,1832.74,44388.5137,2023-08-05 11:59:59.999,81303403.482855,81871,23054.9902,42228450.895029,0,0.001371412336154565,-0.6464058126821373,-0.0010138449798320348,-0.28594806058399025,-0.0038915158432524244,-0.695554146443256,-0.0187707463325838,-0.4359308588649795,1832.74,1832.74,1831.4849999999997,1832.4940367328184,1834.2,1835.7950114024313,1843.111,1842.6734253795657,1892.0281794736154,1856.9345,1821.8408205263847,41.025435481263024,0.008209466154739857
433,2023-08-05 12:00:00,1832.74,1839.0,1830.51,1836.48,49268.8118,2023-08-05 23:59:59.999,90380170.539788,92383,23833.4039,43723350.737324,0,0.002040660431921637,0.10994506671215709,0.003414871354966209,-0.6075298761684438,-0.0006203676494596078,-0.2701856987431662,-0.010591873457821088,-0.4495785135472976,1836.48,1836.48,1834.6099999999997,1835.1513455776062,1833.9720000000002,1836.0233409349544,1841.145,1841.5473480378264,1890.615982863239,1855.1585,1819.701017136761,42.53915915812629,0.007760533068535486
434,2023-08-06 00:00:00,1836.48,1838.58,1828.51,1832.39,45396.2637,2023-08-06 11:59:59.999,83271182.96169,83804,21837.9959,40057698.098012,0,-0.00222708660045301,-0.07860039563608878,-0.00019097089603536954,0.022702945334256652,-0.001862937885728777,-0.5619785238727264,0.000923144152509936,-0.727433863960887,1832.39,1832.39,1834.435,1833.3104485258687,1833.288,1834.8122272899698,1841.3139999999999,1839.8823756673123,1888.263808613148,1852.9394999999997,1817.6151913868514,41.29098972341715,0.007721287201412891
435,2023-08-06 12:00:00,1832.39,1838.05,1825.86,1830.28,45007.7278,2023-08-06 23:59:59.999,82430764.057655,86124,21989.8556,40277197.327918,0,-0.001151501590818671,-0.008558763835007088,-0.0033760236975083346,-0.08648643724750837,-0.0023547367273519804,-0.2759871271765998,-0.023053478304963515,-0.7654928112769361,1830.28,1830.28,1831.3349999999998,1831.2901495086228,1832.4239999999998,1833.3014848599798,1836.9950000000001,1838.1364891823464,1887.8171622774094,1851.3895,1814.9618377225906,40.62867991846189,0.00753942636753817
436,2023-08-07 00:00:00,1830.28,1847.0,1826.41,1834.22,71062.3733,2023-08-07 11:59:59.999,130586319.718449,105905,34444.3554,63289311.132275,0,0.0021526760932752964,0.5788927096204133,0.0009986956925107648,0.5653793397979578,0.002180053873010568,-0.4339246791249942,-0.013807193935157835,-0.344515872363951,1834.22,1834.22,1832.2499999999998,1833.243383169541,1833.2220000000002,1833.60765657332,1834.4270000000001,1837.4244002401015,1886.222674123096,1849.7684999999997,1813.3143258769032,42.4838931100163,0.007522419664387604
437,2023-08-07 12:00:00,1834.21,1837.3,1802.0,1829.1,153030.5326,2023-08-07 23:59:59.999,278580273.1732,183256,75482.7596,137397226.023111,0,-0.002791377261179173,1.1534677986894648,-0.0006447100990012444,2.4000946077531156,-0.0019860973187686426,2.447525493515229,-0.005869884232838851,0.04958484153187892,1829.1,1829.1,1831.6599999999999,1830.4811277231802,1832.4940000000001,1832.1051043822133,1833.3469999999998,1835.9108729237194,1883.217377655302,1847.5140000000004,1811.8106223446987,40.70392653608764,0.007443252287916778
438,2023-08-08 00:00:00,1829.1,1839.31,1826.33,1839.09,61948.4634,2023-08-08 11:59:59.999,113521937.949283,101199,32573.1786,59692743.844082,0,0.0054617024766279165,-0.5951888662511262,0.0026550795433479824,-0.12825225892082615,0.0014211970726607515,0.2573565535022706,0.0007999477585136638,-0.08236320547503972,1839.09,1839.09,1834.0949999999998,1836.2203759077267,1833.016,1834.4334029214756,1833.494,1836.4888960284975,1880.2040323855936,1845.9450000000002,1811.6859676144068,45.50181135467624,0.007586309508389309
439,2023-08-08 12:00:00,1839.08,1876.51,1835.48,1856.3,174387.5666,2023-08-08 23:59:59.999,323369320.685575,221408,88501.9601,164060256.566104,0,0.009357888955951132,1.815042650436427,0.01487070143786573,0.1395606068746047,0.013048532244773092,2.8414519695373075,0.01116128575397246,0.6826384621687536,1856.3,1856.3,1847.6949999999997,1849.6067919692423,1837.798,1841.7222686143173,1835.5429999999997,1840.090914932407,1875.5758132715443,1844.7370000000003,1813.8981867284563,52.61500720523524,0.007807900155611243
440,2023-08-09 00:00:00,1856.3,1866.25,1852.18,1862.79,94306.0019,2023-08-09 11:59:59.999,175289544.462183,126069,45685.5362,84916300.20503,0,0.0034962021225017903,-0.4592160224569588,0.012886808149682683,0.5223299614563159,0.017762309591975,1.0953291025724696,0.015365747301864241,0.5170452430639709,1862.79,1862.79,1859.5449999999996,1858.3955973230807,1844.3,1848.7448457428782,1838.3619999999999,1844.218021308333,1872.6452744934277,1844.0675000000003,1815.489725506573,55.00029546529085,0.007849938848678913
441,2023-08-09 12:00:00,1862.79,1871.99,1846.28,1855.35,97620.8324,2023-08-09 23:59:59.999,181269920.421135,140765,47487.1533,88197771.565205,0,-0.003994008986520248,0.03514972995584076,-0.0005117707267144889,-0.4402076116818755,0.011519883111077212,0.3737344795378512,0.013725050949880524,-0.22236281369855193,1855.35,1855.35,1859.0699999999997,1856.3651991076936,1848.5259999999998,1850.9465638285856,1840.8740000000003,1846.2420174340905,1871.6545669675143,1843.7455000000002,1815.8364330324862,51.78223803316348,0.007710818099469723
442,2023-08-10 00:00:00,1855.36,1858.02,1849.75,1850.92,47637.7191,2023-08-10 11:59:59.999,88277692.304058,87214,22474.4654,41649750.129058,0,-0.0023876896542430748,-0.5120127750518956,-0.006372162186827235,-0.49486015587306964,0.011929364168170142,-0.6887044807945731,0.00991957397121257,0.07319923847776866,1850.92,1850.92,1853.1349999999998,1852.7350663692314,1852.89,1850.9377092190573,1842.6919999999998,1847.092559718801,1868.7981710408346,1842.9015,1817.0048289591653,49.909706008939686,0.007683718585734642
443,2023-08-10 12:00:00,1850.91,1865.95,1845.38,1852.47,79683.7362,2023-08-10 23:59:59.999,147765594.352293,120803,40052.8961,74287834.527586,0,0.0008374213904436267,0.6727025916738318,-0.0015522677661895523,-0.18374250412558457,0.007275337259188053,0.2862907621369668,0.008706874019864141,0.6173261194823456,1852.47,1852.47,1851.6949999999997,1852.5583554564105,1855.566,1851.448472812705,1844.291,1848.0702761335644,1868.2867806513573,1842.718,1817.1492193486429,50.583050062545524,0.007563787691266529
444,2023-08-11 00:00:00,1852.47,1854.8,1842.81,1851.33,48975.2839,2023-08-11 11:59:59.999,90548059.637918,95092,21910.5083,40512752.618153,0,-0.0006153945812887862,-0.3853791722682802,0.00022151146456894644,0.02807785144356334,-0.0026773689597586747,-0.7191583961238668,0.010336227549812005,0.07883953233798846,1851.33,1851.33,1851.8999999999996,1851.7394518188034,1854.5720000000001,1851.4089818751368,1846.185,1848.662953200189,1868.957701423291,1843.7495000000004,1818.5412985767098,50.05014891067572,0.006855079318491119
445,2023-08-11 12:00:00,1851.32,1857.26,1838.05,1848.84,64234.0264,2023-08-11 23:59:59.999,118689686.000442,102454,32755.1726,60536219.609805,0,-0.001344979015086456,0.3115600622378423,-0.0019595459035774976,-0.19388786892751142,-0.007488766849725437,-0.31887658149146925,0.010140524947002572,0.42717772124457265,1848.84,1848.84,1850.0849999999996,1849.806483939601,1851.782,1850.5526545834246,1848.041,1848.695143527427,1863.9167865075854,1842.518,1821.1192134924147,48.83984318997788,0.004274226346428871
446,2023-08-12 00:00:00,1848.84,1854.01,1847.06,1850.85,34246.9924,2023-08-12 11:59:59.999,63353177.261025,80634,17186.99,31792631.822165,0,0.0010871681703121805,-0.4668403287264583,-0.0002592730631492124,-0.30072906836176605,-0.002425418384671363,-0.649183565044053,0.009066524190118885,-0.5180713673124677,1850.85,1850.85,1849.8449999999998,1850.5021613132003,1850.882,1850.651769722283,1849.7040000000002,1849.0869356133492,1862.3274520036255,1842.0655,1821.8035479963744,49.893181629154945,0.003994962842221145
447,2023-08-12 12:00:00,1850.85,1853.67,1846.08,1849.93,29045.6552,2023-08-12 23:59:59.999,53753565.308819,73476,15031.9628,27822808.230272,0,-0.0004970689142825835,-0.1518771966673489,0.0005895588585276279,-0.547815124975569,-0.0005348691461543043,-0.39028031256013684,0.011388114373189095,-0.8101969933286373,1849.93,1849.93,1850.3899999999999,1850.1207204377336,1850.684,1850.4111798148554,1851.7870000000003,1849.2402200472857,1863.0846237414864,1842.5669999999998,1822.0493762585131,49.391915467469644,0.003140869812428015
448,2023-08-13 00:00:00,1849.94,1851.55,1846.68,1849.4,26379.5068,2023-08-13 11:59:59.999,48798892.169721,81505,12831.5322,23737343.56371,0,-0.00028649732692587193,-0.09179164255864336,-0.0007834238322931286,-0.22972778187669418,-0.0016572468110144234,-0.6689474156459044,0.005606033418701806,-0.5741701189637578,1849.4,1849.4,1849.665,1849.6402401459113,1850.0700000000002,1850.0741198765704,1852.818,1849.2692709477792,1863.7479551280885,1843.1560000000002,1822.5640448719118,49.08596071045271,0.003123850293977918
449,2023-08-13 12:00:00,1849.4,1862.0,1834.51,1840.73,94294.6296,2023-08-13 23:59:59.999,174157765.177707,130369,56277.6186,103899865.138535,0,-0.004688006921163668,2.5745410372873234,-0.004973161146638039,2.2464280440814433,-0.005725613477878033,0.9253513627922021,-0.008387652857835493,-0.4592812352483391,1840.73,1840.73,1845.0649999999998,1843.7000800486371,1847.95,1846.959413251047,1851.261,1847.716676230001,1863.7531892526506,1843.402,1823.0508107473495,44.256422996780096,0.003309737154269558
450,2023-08-14 00:00:00,1840.73,1852.25,1835.0,1848.0,80382.0795,2023-08-14 11:59:59.999,148373129.215904,126293,36422.5746,67230038.991521,0,0.003949520027380471,-0.14754339837822528,-0.0007570022710068347,2.0471411050035253,-0.00045433893684687643,0.25139406643205553,-0.007939703348203486,-0.14764619557050696,1848.0,1848.0,1844.3649999999998,1846.5666933495459,1847.782,1847.3062755006981,1849.782,1847.768189642728,1864.099695424017,1844.0720000000001,1824.0443045759832,48.80500249276543,0.0034101532392486786
451,2023-08-14 12:00:00,1847.99,1856.5,1839.83,1845.5,69814.0408,2023-08-14 23:59:59.999,129014474.461499,118003,33280.2211,61501707.145992,0,-0.0013528138528138278,-0.1314725715698859,0.0025913632091616456,-0.25961805994516574,-0.002890563795013068,1.0385451657938871,-0.005308971353113923,-0.2848448524395085,1845.5,1845.5,1846.7499999999998,1845.8555644498485,1846.7120000000002,1846.7041836671322,1848.7969999999998,1847.3557915258682,1863.8319338494666,1844.8355,1825.8390661505332,47.373453285531134,0.0033740227358146258
452,2023-08-15 00:00:00,1845.5,1847.36,1839.0,1840.27,68685.8327,2023-08-15 11:59:59.999,126615625.842692,103664,29375.8375,54155368.328241,0,-0.0028339203467895313,-0.016160189083339827,-0.004182900432900483,-0.14550813903738347,-0.005221819203969913,1.3647541164779784,-0.005753895360145256,0.4418371407710828,1840.27,1840.27,1842.8849999999998,1842.1318548166162,1844.78,1844.5594557780882,1847.732,1846.067465793892,1863.5206324993746,1845.212,1826.9033675006253,44.43693695495097,0.0034420220131501375
453,2023-08-15 12:00:00,1840.28,1846.0,1814.0,1828.98,117395.8662,2023-08-15 23:59:59.999,215007116.113579,160650,56551.4813,103581838.37381,0,-0.006134969325153339,0.7091714780943466,-0.008951503657545379,0.6815509438324905,-0.01104141883854226,3.450267667627509,-0.012680367293397499,0.47327261243555996,1828.98,1828.98,1834.6249999999998,1833.3639516055387,1840.696,1839.366303852059,1845.3829999999998,1842.9606538313662,1864.1266221838887,1844.8370000000002,1825.5473778161117,38.83996486291626,0.0036898053680406405
454,2023-08-16 00:00:00,1828.98,1831.52,1818.97,1825.3,72717.8575,2023-08-16 11:59:59.999,132742537.954086,114671,31290.5449,57125583.706635,0,-0.002012050432481538,-0.38057565522694703,-0.008134675889950982,0.058702422923381015,-0.008382543882046845,-0.22882291591291215,-0.014060162153694877,0.48478684980119113,1825.3,1825.3,1827.1399999999999,1827.9879838685129,1837.61,1834.6775359013727,1842.78,1839.7496258620267,1864.9016124928871,1844.4825,1824.063387507113,37.19545144849446,0.003683890554645984
455,2023-08-16 12:00:00,1825.31,1829.22,1798.17,1807.81,132712.8793,2023-08-16 23:59:59.999,240888917.945472,196701,63328.8547,114969089.111392,0,-0.00958198652276343,0.8250383587002683,-0.011574757515117717,0.13047318952360176,-0.021747835497835544,0.651025702812279,-0.02219229354622354,1.0660837680261004,1807.81,1807.81,1816.5549999999998,1814.5359946228375,1829.5720000000001,1825.7216906009153,1838.6770000000001,1833.94242115984,1868.6675636889413,1843.359,1818.0504363110585,30.570435954089305,0.004240315943922955
456,2023-08-17 00:00:00,1807.81,1809.99,1780.04,1787.91,126473.8902,2023-08-17 11:59:59.999,226956813.296434,175894,57311.1364,102853860.802115,0,-0.011007793960648438,-0.0470111803233253,-0.02048430395003553,0.7392411513224244,-0.031205635329179082,0.8115824374400056,-0.034005997244509145,2.6929926202804304,1787.91,1787.91,1797.8599999999997,1796.785331540946,1818.054,1813.1177937339437,1832.3829999999998,1825.572890039869,1875.9332017900306,1841.0435000000002,1806.1537982099699,25.093825117287864,0.004776454637835674
457,2023-08-17 12:00:00,1787.91,1793.0,1550.0,1681.49,685664.3257,2023-08-17 23:59:59.999,1163547494.706947,730621,332506.0447,563499551.840937,0,-0.05952201173437144,4.4213903329432025,-0.06987459965372467,4.166524374398077,-0.08628081748873806,8.982616483588181,-0.09105209386301105,22.606433422786072,1681.49,1681.49,1734.6999999999998,1719.9217771803153,1786.298,1769.241862489296,1815.5390000000002,1799.3760009417108,1911.5240210824222,1833.6629999999998,1755.8019789175773,12.350978196989757,0.013886547669124576
458,2023-08-18 00:00:00,1681.49,1699.4,1662.06,1685.9,262871.5269,2023-08-18 11:59:59.999,442958419.241004,295987,129659.1207,218474034.118423,0,0.0026226739379955344,-0.616617757338283,-0.057055444625288776,1.0784647841883177,-0.07822939561941622,1.2391889545085188,-0.08840705093543855,8.964990205957907,1685.9,1685.9,1683.6949999999997,1697.2405923934386,1757.682,1741.4612416595307,1799.1889999999999,1778.7440007704906,1926.9418832394674,1826.0035,1725.0651167605326,14.293270286453918,0.013797851534625958
459,2023-08-18 12:00:00,1685.9,1687.19,1641.02,1661.59,275211.5749,2023-08-18 23:59:59.999,458159331.476319,301851,126359.5511,210320075.970963,0,-0.014419597840915954,0.046943265957801295,-0.011834741806374116,-0.5986205427575158,-0.08968936613159484,2.784649113183787,-0.09732008496629063,1.9186346673978556,1661.59,1661.59,1673.745,1673.4735307978128,1724.94,1714.8374944396871,1781.275,1757.4432733576741,1938.8739606381266,1816.268,1693.6620393618734,12.63155931829725,0.013586814556677602
460,2023-08-19 00:00:00,1661.6,1671.64,1654.31,1660.01,92478.6408,2023-08-19 11:59:59.999,153625801.141985,146953,44756.712,74351008.791666,0,-0.0009508964305273704,-0.6639725606250292,-0.015356782727326657,-0.648198335169331,-0.08175637926552015,-0.30316755021982256,-0.10172619047619047,0.15048828514071944,1660.01,1660.01,1660.7999999999997,1664.497843599271,1695.3799999999999,1696.5616629597914,1762.476,1739.7281327471878,1944.2285203322517,1806.1289999999997,1668.0294796677476,12.529602101645011,0.013468847796909466
461,2023-08-19 12:00:00,1660.0,1696.72,1658.05,1669.67,139440.4077,2023-08-19 23:59:59.999,233781772.238415,165221,71779.0181,120341002.569163,0,0.005819242052758744,0.5078120363118488,0.004862812125735028,-0.493333782379369,-0.06613308276143659,0.1025232755906802,-0.0952749932267678,0.9973118029289032,1669.67,1669.67,1664.8399999999997,1667.9459478664237,1671.732,1687.5977753065276,1744.893,1726.9902904295172,1945.0555841699515,1796.845,1648.6344158300485,16.94366474803583,0.013709205495737503
462,2023-08-20 00:00:00,1669.68,1675.85,1662.03,1674.92,87108.6746,2023-08-20 11:59:59.999,145344142.605507,133300,46444.5564,77505628.584689,0,0.003144333910293673,-0.37529819342316806,0.008981873603171042,-0.058067096937696294,-0.003907248928034068,-0.8729572600833941,-0.08985094578512931,0.2682189496117151,1674.92,1674.92,1672.2949999999998,1672.5953159554745,1670.4180000000001,1683.3718502043519,1728.3580000000002,1717.5229648968777,1943.1093004046984,1788.045,1632.9806995953018,19.326399457109844,0.01382354260965447
463,2023-08-20 12:00:00,1674.93,1694.75,1664.44,1685.24,108514.8517,2023-08-20 23:59:59.999,181998122.343123,141735,48472.4478,81319075.514783,0,0.006161488309889496,0.24574104930761975,0.009325195996813695,-0.22178331597061163,-0.00039148229432350856,-0.5871943493473883,-0.07859025249045914,-0.07565014669996961,1685.24,1685.24,1680.08,1681.0251053184916,1670.286,1683.9945668029013,1713.984,1711.653334915627,1937.9520566086917,1779.6834999999999,1621.414943391308,23.94525438622493,0.013989891918439423
464,2023-08-21 00:00:00,1685.23,1688.59,1660.21,1672.77,118979.3425,2023-08-21 11:59:59.999,199243813.275833,143745,54130.7335,90643527.17354,0,-0.007399539531461441,0.09643371977257198,-0.0012836433978936634,0.3658724925657404,0.006728494995757117,-0.5676804562336015,-0.08356434558702674,0.6361777779275195,1672.77,1672.77,1679.0049999999997,1675.5217017728305,1672.5220000000002,1680.2530445352677,1698.7310000000002,1704.5836376582401,1931.968261216347,1770.7555,1609.542738783653,22.28495615543197,0.01396983416555517
465,2023-08-21 12:00:00,1672.78,1683.95,1649.4,1667.55,131855.8093,2023-08-21 23:59:59.999,219617091.791564,154098,63005.9845,104962185.970358,0,-0.0031205724636381715,0.10822439029699615,-0.010497021195794098,0.2150945905960262,0.004542141312401604,0.4257974399208515,-0.07758558698093276,-0.006458077049647737,1667.55,1667.55,1670.1599999999999,1670.2072339242768,1674.03,1676.018696356845,1684.705,1697.8502489931054,1924.699376950386,1761.691,1598.682623049614,21.609495569993356,0.013951264940543323
466,2023-08-22 00:00:00,1667.56,1669.38,1660.17,1662.58,66342.041,2023-08-22 11:59:59.999,110430742.542754,151193,31272.8688,52059838.866503,0,-0.0029804203772001436,-0.4968591725142898,-0.006091692223079148,-0.44240706322612267,-0.004246348080758522,-0.5242265703731158,-0.0700986067531364,-0.4754487199287557,1662.58,1662.58,1665.0649999999996,1665.1224113080923,1672.6119999999999,1671.5391309045635,1672.172,1691.4374764489044,1915.3480602952277,1752.2775000000001,1589.2069397047726,20.958149595866388,0.013886569924446417
467,2023-08-22 12:00:00,1662.58,1667.37,1580.0,1634.99,335670.004,2023-08-22 23:59:59.999,547158678.380264,333121,156174.3159,254524620.890295,0,-0.016594690180322114,4.059687627035774,-0.019525651404755484,1.5457354194859887,-0.023839944594368778,2.8534624196887965,-0.02765404492444201,-0.5104455760370616,1634.99,1634.99,1648.7849999999999,1645.0341371026975,1664.6259999999997,1659.3560872697092,1667.5220000000002,1681.17429891274,1905.7683914227764,1741.5305,1577.2926085772237,17.75818186771731,0.014061721696410566
468,2023-08-23 00:00:00,1635.0,1658.09,1629.05,1642.39,122592.5531,2023-08-23 11:59:59.999,201101577.462954,246929,60448.2849,99167175.316798,0,0.004526021565881111,-0.634782519620073,-0.012143776540076145,0.847886366655497,-0.025426645462960695,0.12973064220664643,-0.025808173675781476,-0.5336408071816925,1642.39,1642.39,1638.6899999999998,1643.2713790342327,1656.056,1653.700724846473,1663.1709999999998,1674.1226082013325,1892.995189398276,1731.1799999999998,1569.3648106017238,21.23200081076621,0.01420614266100222
469,2023-08-23 12:00:00,1642.39,1702.11,1634.46,1679.61,252168.5557,2023-08-23 23:59:59.999,421616163.301016,225205,119850.8036,200402229.569203,0,0.022662096091671247,1.0569647121575443,0.027290686793191243,-0.24876053059539993,0.004089025986836248,1.1194314105408676,0.010845033973483131,-0.08372837955079782,1679.61,1679.61,1660.9999999999998,1667.4971263447442,1657.4239999999998,1662.3371498976487,1664.973,1675.12031580109,1878.2246494377123,1723.1239999999998,1568.0233505622873,35.89810256148692,0.015571493205304926
470,2023-08-24 00:00:00,1679.61,1683.37,1666.2,1667.68,67913.1639,2023-08-24 11:59:59.999,113717798.8715,105421,30440.2904,50972098.618189,0,-0.007102839349610868,-0.7306834561054671,0.015398291514195694,-0.44602537280871757,7.795868189863775e-05,-0.4849437104019959,0.004620454093650084,-0.26563406087603303,1667.68,1667.68,1673.6449999999998,1667.6190421149147,1657.45,1664.118099931766,1665.7400000000002,1673.7675311099827,1859.8031021276984,1714.1080000000002,1568.412897872302,33.73023378975901,0.015453335338148412
471,2023-08-24 12:00:00,1667.68,1669.79,1635.28,1661.16,163626.6166,2023-08-24 23:59:59.999,270230488.628926,181757,80642.3681,133164114.01403,0,-0.003909622949246794,1.4093505176836563,-0.010984692875131596,-0.35112204554693416,-0.0008540942390741213,1.4664091446930314,-0.0050968155383998015,0.17345193763371358,1661.16,1661.16,1664.4199999999998,1663.313014038305,1657.166,1663.1320666211775,1664.889,1671.4752527263495,1839.0371033202257,1704.891,1570.7448966797745,32.572511031508114,0.015432102517229995
472,2023-08-25 00:00:00,1661.16,1664.28,1645.66,1654.1,74480.6271,2023-08-25 11:59:59.999,123194205.675088,117711,35775.261,59167359.160104,0,-0.004250042139228083,-0.544813498881575,-0.008143049026192117,0.0967038321122895,0.011688144881619955,-0.7781135454093182,-0.012430444439137434,-0.14496888579682277,1654.1,1654.1,1657.6299999999997,1657.1710046794349,1660.988,1660.1213777474518,1662.807,1668.3161158670132,1815.9944377595132,1695.5825,1575.1705622404868,31.318981310152125,0.015424251382777782
473,2023-08-25 12:00:00,1654.11,1677.22,1635.51,1653.8,161781.0627,2023-08-25 23:59:59.999,267308314.907208,189500,79049.9251,130627741.41477,0,-0.00018136751103314808,1.1721227250515458,-0.00443063883069672,-0.011279056783968233,0.006947192810477398,0.31966468279711524,-0.018656096461038274,0.4908656295938154,1653.8,1653.8,1653.9499999999998,1654.9236682264784,1663.27,1658.0142518316347,1659.6629999999998,1665.6768220730107,1791.6201187002284,1686.8235,1582.0268812997715,31.263922338462308,0.015462712004798316
474,2023-08-26 00:00:00,1653.79,1655.59,1646.66,1650.5,43496.1428,2023-08-26 11:59:59.999,71828520.072034,79426,20183.1837,33327925.458604,0,-0.0019954045229169104,-0.7311419391486047,-0.002176410132398221,-0.4160072962113929,-0.017331404314096632,-0.8275116313401639,-0.013313246889889219,-0.6344227335093905,1650.5,1650.5,1652.1499999999996,1651.9745560754927,1657.4479999999999,1655.50950122109,1657.4360000000001,1662.917399877918,1762.3776991539232,1678.0835,1593.7893008460767,30.626114663298154,0.015462876356434733
475,2023-08-26 12:00:00,1650.5,1653.0,1644.0,1647.04,35679.2822,2023-08-26 23:59:59.999,58806237.576299,78554,16691.7699,27511389.112417,0,-0.002096334444107839,-0.17971388028457547,-0.004087555931793441,-0.7794594645099955,-0.01237647510313733,-0.4746337800939944,-0.012299481274924307,-0.7294068240950837,1647.04,1647.04,1648.7699999999998,1648.6848520251642,1653.3200000000002,1652.6863341473934,1655.3849999999998,1660.0305999001146,1730.6584382789945,1670.045,1609.4315617210057,29.93651915839129,0.015434255703992079
476,2023-08-27 00:00:00,1647.03,1655.28,1646.32,1649.31,40306.8535,2023-08-27 11:59:59.999,66504226.868041,76971,20811.2721,34340309.156393,0,0.0013782300369147293,0.12969911429440129,-0.0007209936382914783,-0.0733234970894937,-0.007133569313010235,-0.753665666762922,-0.00798157081163009,-0.39243874785221033,1649.31,1649.31,1648.1749999999997,1649.1016173417215,1650.95,1651.5608894315958,1654.0579999999998,1658.0813999182756,1691.2120763603905,1663.1150000000002,1635.01792363961,31.03368923448369,0.015409118237725583
477,2023-08-27 12:00:00,1649.31,1660.24,1648.43,1658.33,47483.0661,2023-08-27 23:59:59.999,78604916.815795,86075,24563.1812,40663285.782322,0,0.005468953683661626,0.17803951380129446,0.00685472119681374,0.33083019534512936,0.002557281905567921,-0.3624776274205135,0.014275316668603377,-0.858542421026098,1658.33,1658.33,1653.8199999999997,1655.2538724472406,1651.7959999999998,1653.817259621064,1656.3919999999998,1658.1265999331345,1688.810918969149,1661.9569999999999,1635.1030810308507,35.36496276644718,0.008257422039459795
478,2023-08-28 00:00:00,1658.33,1658.33,1621.75,1640.31,100108.2297,2023-08-28 11:59:59.999,164291877.664717,123468,45780.9422,75113051.374121,0,-0.010866353500208037,1.1082932911107863,-0.005456827400549313,1.4836528036106813,-0.008156971822469439,-0.3812116941916961,-0.0012664470679925044,-0.18340692669692027,1640.31,1640.31,1649.3199999999997,1645.2912908157468,1649.098,1649.3148397473763,1656.184,1654.88721812711,1685.743062625842,1659.6775000000002,1633.6119373741585,31.155332615265507,0.008521757594863615
479,2023-08-28 12:00:00,1640.32,1664.34,1637.88,1653.08,114242.7846,2023-08-28 23:59:59.999,188576185.167533,151112,57873.5667,95535209.960693,0,0.007785113789466669,0.14119273652483733,-0.0031658355092171186,1.405968990279674,0.001563162677976404,1.626503805758151,-0.015795333440501103,-0.5469586432659257,1653.08,1653.08,1646.6949999999997,1650.483763605249,1649.614,1650.5698931649176,1653.5309999999997,1654.5586330130898,1685.4562596537603,1659.252,1633.0477403462396,36.88856548278511,0.00816642760139204
480,2023-08-29 00:00:00,1653.08,1662.32,1640.0,1642.21,91024.654,2023-08-29 11:59:59.999,150216353.626997,119086,42217.9388,69698317.739673,0,-0.006575604326469309,-0.20323498487273395,0.0011583176350811186,-0.09073755201966183,-0.0029325335146687115,1.5511907299525212,-0.015272714189772607,0.3403094300543992,1642.21,1642.21,1647.6449999999998,1644.9679212017497,1648.648,1647.783262109945,1650.984,1652.3134270107098,1685.5918708039849,1658.3619999999999,1631.1321291960148,34.27222138814062,0.008288673862864433
481,2023-08-29 12:00:00,1642.2,1745.84,1640.27,1729.42,403346.4283,2023-08-29 23:59:59.999,692248570.895095,385597,209376.3264,359171765.117486,0,0.05310526668331095,3.4311778246363893,0.04618046313548052,2.5306074664780187,0.048571827006445245,9.006894442901629,0.0410917671988249,1.4650416703659936,1729.42,1729.42,1685.8149999999998,1701.26930706725,1664.67,1674.9955080732968,1657.81,1666.3328039178534,1702.4595831792108,1661.3494999999998,1620.2394168207888,59.2463744980728,0.01455974184748708
482,2023-08-30 00:00:00,1729.41,1730.93,1711.19,1716.2,83303.2919,2023-08-30 11:59:59.999,143175837.737903,132691,38063.0083,65413009.394933,0,-0.007644181286211582,-0.7934696180375227,0.04505513911131942,-0.08482715133418683,0.03489655255588464,0.7543789553219269,0.037543074783870534,0.11845583400035586,1716.2,1716.2,1722.81,1711.22310235575,1676.2440000000001,1688.7303387155314,1664.02,1675.39956684188,1710.7197610126989,1663.4134999999999,1616.107238987301,55.78604661267838,0.01470866442321437
483,2023-08-30 12:00:00,1716.2,1722.23,1694.34,1705.23,119538.1483,2023-08-30 23:59:59.999,204115297.547617,175700,59399.2645,101424715.288224,0,-0.006392028901060498,0.43497508409988783,-0.013987348359565721,-0.703634047774212,0.03957788466814205,0.19408912392344502,0.0310980771556415,-0.26111161402328953,1705.23,1705.23,1710.7149999999997,1707.22770078525,1689.2279999999998,1694.2302258103543,1669.163,1680.823281961538,1714.296173956772,1664.413,1614.529826043228,53.01881599718594,0.014758886353753666
484,2023-08-31 00:00:00,1705.23,1729.0,1697.29,1713.7,70863.5194,2023-08-31 11:59:59.999,121129332.40227,120032,34440.3355,58865402.997882,0,0.00496707189059542,-0.4071890822488171,-0.0014567066775433846,-0.1493311034446646,0.0366709415152322,-0.37971120322289476,0.03829142684035136,0.6291908854042112,1713.7,1713.7,1709.4649999999997,1711.5425669284168,1701.352,1700.7201505402363,1675.4829999999997,1686.8008670594402,1720.7130913926585,1666.4595000000002,1612.2059086073418,54.879839551935746,0.014660823581944617
485,2023-08-31 12:00:00,1713.69,1714.08,1630.0,1645.76,259654.7474,2023-08-31 23:59:59.999,433089979.692041,276742,124336.6066,207355836.023156,0,-0.03964521211413907,2.664152579472365,-0.034875060842232464,1.1721496534173768,0.002161721095353286,1.852576043848516,-0.0007771517388770466,6.27746555955097,1645.76,1645.76,1679.7299999999998,1667.6875223094721,1702.062,1682.4001003601577,1675.355,1679.338891230451,1720.3623645609239,1665.3700000000001,1610.3776354390764,40.888581363683706,0.017282164748759057
486,2023-09-01 00:00:00,1645.77,1654.53,1641.15,1646.89,66582.589,2023-09-01 11:59:59.999,109749368.502547,110174,35566.2272,58634102.551434,0,0.0006866128718647779,-0.7435726106812557,-0.038985820155219675,-0.060410919980358746,-0.047721201327612706,-0.8349245603075544,-0.0014672802565920406,0.6518925001178772,1646.89,1646.89,1646.3249999999998,1653.822507436491,1685.556,1670.5634002401052,1675.113,1673.4390928249145,1720.1592677236442,1664.5855,1609.0117322763556,41.15728541968386,0.017274105249544713
487,2023-09-01 12:00:00,1646.88,1652.3,1602.33,1629.12,235823.5796,2023-09-01 23:59:59.999,383707776.436302,258566,117325.6383,190856624.354635,0,-0.010790034549970073,2.541820514068625,-0.010110830254715153,-0.09178021214180965,-0.050740006992192166,1.8309034879808874,-0.017614105756996512,3.9664775038611086,1629.12,1629.12,1638.0049999999997,1637.354169145497,1668.14,1656.7489334934037,1672.1919999999998,1665.381075947657,1720.5457172460772,1664.2920000000001,1608.038282753923,38.2153423647143,0.017033604778299113
488,2023-09-02 00:00:00,1629.13,1636.95,1628.03,1634.66,50007.2157,2023-09-02 11:59:59.999,81618029.648178,98700,25035.5546,40860241.913909,0,0.0034006089176981114,-0.7879464988835239,-0.0074261183199849645,-0.2489445596655907,-0.04138444667288277,-0.5816631225163457,-0.003444470862214999,-0.5004684844606737,1634.66,1634.66,1631.8899999999999,1635.5580563818323,1654.0260000000003,1649.3859556622692,1671.627,1659.7954257753559,1720.857714522366,1663.9055,1606.9532854776342,39.66336595998363,0.017019568014673428
489,2023-09-02 12:00:00,1634.67,1645.0,1628.21,1637.03,52138.7319,2023-09-02 23:59:59.999,85319211.285794,109509,25810.3012,42238461.855274,0,0.0014498427807616565,0.04262417273513597,0.004855382046749179,-0.7789078938228449,-0.04473945264632084,-0.26423733478865297,-0.009709148982505411,-0.5436146616825375,1637.03,1637.03,1635.8449999999998,1636.5393521272774,1638.6919999999998,1645.2673037748461,1670.0220000000002,1655.6562574525638,1719.400769288223,1661.7765,1604.1522307117768,40.30788422813828,0.016165996927491228
490,2023-09-03 00:00:00,1637.02,1639.2,1631.06,1634.39,33805.2164,2023-09-03 11:59:59.999,55257808.69256,87289,15849.8958,25910430.784873,0,-0.001612676615578179,-0.3516294860251482,-0.00016517196236520704,-0.3239932292411154,-0.006908662259381582,-0.8698070544116692,-0.004761875764975221,-0.628614722336654,1634.39,1634.39,1635.7099999999998,1635.1064507090925,1636.4180000000001,1641.6415358498975,1669.2400000000002,1651.7896651884612,1718.8700461213753,1660.1119999999999,1601.3539538786245,39.7979025181832,0.01610628216809137
491,2023-09-03 12:00:00,1634.38,1647.5,1625.14,1635.84,82962.0698,2023-09-03 23:59:59.999,135721838.660751,129050,43147.7114,70591445.359395,0,0.0008871811501538485,1.454120358773979,-0.0007269262017189915,0.5911792783744325,-0.006709616307100208,0.24600246169460283,-0.054110626684090724,-0.7943155957778938,1635.84,1635.84,1635.1149999999998,1635.5954835696975,1634.208,1639.7076905665986,1659.882,1648.8897260632864,1718.542761185191,1658.846,1599.149238814809,40.245087256702796,0.016094595739310484
492,2023-09-04 00:00:00,1635.84,1644.82,1631.14,1632.15,63757.8692,2023-09-04 11:59:59.999,104376246.469559,112076,29313.3232,47990038.848255,0,-0.0022557218309857685,-0.23148169574718103,-0.0013705419147205244,0.886036416557298,0.0018598998232175479,-0.7296374293522936,-0.04897447849900938,-0.23462965573392902,1632.15,1632.15,1633.995,1633.2984945232324,1634.814,1637.1884603777326,1651.477,1645.8461395063252,1718.5507668245334,1657.7485000000001,1596.946233175467,39.44215476765366,0.016077260041830126
493,2023-09-04 12:00:00,1632.15,1635.91,1616.32,1630.51,104253.0364,2023-09-04 23:59:59.999,169672868.948363,163305,50077.1174,81511137.399644,0,-0.0010048096069602552,0.6351399083456195,-0.0032582648669796654,0.25663494957788524,-0.0025387542363549676,1.0847598679644146,-0.043818135969927785,-0.12786806653253135,1630.51,1630.51,1631.33,1631.4394981744108,1633.984,1634.9623069184886,1644.0049999999999,1643.0577505051751,1718.5255890658432,1656.584,1594.642410934157,39.069075208977864,0.016077330670005618
494,2023-09-05 00:00:00,1630.52,1638.74,1609.69,1635.55,105370.7039,2023-09-05 11:59:59.999,171108301.615103,140277,46217.026,75097446.198535,0,0.0030910573992186663,0.0107207189219094,0.002083141868088001,0.6526697837009896,-0.0009040762844908512,1.0209679073533433,-0.04560308105269306,0.4869527338208943,1635.55,1635.55,1633.0299999999997,1634.1798327248036,1633.6879999999999,1635.1582046123258,1636.19,1641.6927049587796,1718.411321222292,1655.8365000000001,1593.2616787777083,40.918611620683826,0.01609410874248048
495,2023-09-05 12:00:00,1635.56,1648.02,1625.96,1634.45,98994.7868,2023-09-05 23:59:59.999,161902332.348852,158768,46103.4008,75401199.893429,0,-0.0006725566323254606,-0.060509390789027395,0.0024164218557383155,-0.0504373760379031,3.671094414436915e-05,1.9283879040632326,-0.006872204938751625,-0.6187445529447693,1634.45,1634.45,1634.9999999999998,1634.3599442416012,1633.7,1634.9221364082173,1635.059,1640.3758495117286,1718.373636478459,1655.2069999999999,1592.0403635215407,40.628740262924914,0.016089047289440207
496,2023-09-06 00:00:00,1634.46,1640.31,1627.92,1632.71,59064.3773,2023-09-06 11:59:59.999,96436343.763919,100284,26034.6017,42517349.639136,0,-0.0010645782985102548,-0.4033587099962318,-0.0017364189416403386,-0.43946111097393925,-0.0019133900625977196,-0.28805564467727396,-0.008610168256532047,-0.1129155806783062,1632.71,1632.71,1633.58,1633.259981413867,1633.074,1634.1847576054784,1633.641,1638.9820586914143,1718.2639035405678,1654.377,1590.4900964594322,40.14428972771005,0.016085212248149523
497,2023-09-06 12:00:00,1632.71,1670.0,1609.2,1633.15,160476.642,2023-09-06 23:59:59.999,261982777.7104,230943,80316.8677,131154142.714025,0,0.0002694906015152654,1.7169784790061606,-0.0007953745908408916,0.6210615446267116,0.0006126887847317519,1.5169699679988677,0.002473728147711851,-0.31950552920875097,1633.15,1633.15,1632.9299999999998,1633.186660471289,1633.274,1633.8398384036523,1634.0439999999999,1637.9216843838842,1717.633021382635,1653.118,1588.602978617365,40.33802194225087,0.016027548989344057
498,2023-09-07 00:00:00,1633.15,1642.47,1626.1,1627.32,86836.4768,2023-09-07 11:59:59.999,142007405.438517,122548,40520.8273,66285494.976603,0,-0.0035697884456419304,-0.4588840112943041,-0.003301259868562112,0.4702004959595165,-0.001956443076092773,-0.16706045407805492,-0.004490230384300187,0.7364789377785734,1627.32,1627.32,1630.2349999999997,1629.2755534904297,1632.636,1631.6665589357683,1633.31,1635.9941054049962,1717.7432958327095,1652.4685000000002,1587.193704167291,38.55727130990494,0.015864835398666597
499,2023-09-07 12:00:00,1627.32,1660.0,1623.4,1648.11,141721.8014,2023-09-07 23:59:59.999,232535548.756215,196969,68158.3882,111824434.814831,0,0.01277560651869325,0.6320537937808179,0.009160211860514744,-0.11686959775741068,0.007679373910916887,0.3449829616256366,0.006768354886593331,1.7181674013824644,1648.11,1648.11,1637.7149999999997,1641.8318511634764,1635.148,1637.147705957179,1634.4180000000001,1638.1969953313603,1717.5214278557664,1652.22,1586.9185721442336,47.46396330171506,0.016036663716772606
500,2023-09-08 00:00:00,1648.11,1658.93,1616.21,1626.02,149122.3452,2023-09-08 11:59:59.999,244763426.410579,199311,71700.0363,117723485.217999,0,-0.013403231580416342,0.052218809857718984,-0.0007988594744733346,0.7172777005158275,-0.005157698308299485,0.5063656382358106,-0.005121176708129727,3.411222914106239,1626.02,1626.02,1637.0649999999996,1631.2906170544923,1633.462,1633.4384706381195,1633.581,1635.9829961802038,1717.5837823653314,1651.4105,1585.2372176346685,40.71114363921255,0.016254535284658044
501,2023-09-08 12:00:00,1626.02,1639.0,1624.44,1636.44,72447.7006,2023-09-08 23:59:59.999,118175396.375039,113655,38215.159,62338144.762894,0,0.006408285260943947,-0.5141727384797058,-0.007080838050858129,-0.4888034170866812,0.0022845453264817017,0.22658874793555128,0.0003667840375587428,-0.12673706460491418,1636.44,1636.44,1631.2299999999998,1634.7235390181643,1634.208,1634.438980425413,1633.641,1636.0660877838031,1702.6200468035286,1646.7614999999998,1590.9029531964711,44.70732714596231,0.010506128331358165
502,2023-09-09 00:00:00,1636.43,1636.98,1631.97,1635.24,25877.2023,2023-09-09 11:59:59.999,42296106.705649,76695,12141.7094,19846498.775304,0,-0.0007332991127081412,-0.6428154091063036,0.005670286958340043,-0.8264699883488689,0.0012797354805129668,-0.838747857772348,0.0018932083448210957,-0.5941332007375177,1635.24,1635.24,1635.8399999999997,1635.067846339388,1634.626,1634.7059869502755,1633.95,1635.9158900049297,1688.722629213691,1642.7135000000003,1596.7043707863095,44.33670279267466,0.010448654331950335
503,2023-09-09 12:00:00,1635.25,1637.52,1629.74,1635.54,32642.4206,2023-09-09 23:59:59.999,53331516.711907,79610,14632.9953,23910424.63586,0,0.00018345930872532001,0.26143546050957767,-0.0005499743345310781,-0.549434691099085,0.005051249907823907,-0.6240932174714855,0.003084924348823348,-0.6868923752517198,1635.54,1635.54,1635.3899999999999,1635.3826154464628,1636.27,1634.9839913001838,1634.453,1635.8475463676696,1675.2415294307716,1639.229,1603.2164705692285,44.46066252609871,0.010418527586907648
504,2023-09-10 00:00:00,1635.53,1635.7,1618.23,1624.43,58840.9301,2023-09-10 11:59:59.999,95636420.36461,113072,26506.2519,43076781.378712,0,-0.0067928635190823705,0.8025908930295444,-0.006610650424402453,1.273852073259094,-0.014367973011510049,-0.5848138429039189,-0.00679893613769067,-0.4415816928029461,1624.43,1624.43,1629.9849999999997,1628.0808718154876,1631.534,1631.4659942001226,1633.341,1633.771628846275,1647.0873123262081,1634.7655,1622.4436876737918,40.833969531017395,0.01033425888830061
505,2023-09-10 12:00:00,1624.44,1628.35,1600.0,1617.42,149116.9127,2023-09-10 23:59:59.999,240881484.078962,179509,73533.2119,118810659.577363,0,-0.0043153598493009815,1.5342378586908163,-0.011078909717891272,3.568194084846758,-0.005288987835327941,-3.642981870177753e-05,-0.010419407140016546,0.506310761608711,1617.42,1617.42,1620.9249999999997,1620.9736239384958,1629.8139999999999,1626.7839961334153,1631.638,1630.7986054196795,1646.757190129999,1633.3485,1619.9398098700012,38.68951523801598,0.005613485508655221
506,2023-09-11 00:00:00,1617.42,1619.0,1575.53,1586.53,144351.0346,2023-09-11 11:59:59.999,230791780.979751,185963,67806.566,108393602.640049,0,-0.019098317072869242,-0.031960681144117986,-0.023331260811484733,1.4532418905458466,-0.03049913226271672,0.9924860748444515,-0.028284263586307423,1.443960999822477,1586.53,1586.53,1601.975,1598.0112079794985,1619.8319999999999,1613.365997422277,1627.02,1622.7497680706467,1653.6774402492574,1630.3305,1606.9835597507426,30.970982504652397,0.006919296798136353
507,2023-09-11 12:00:00,1586.54,1598.34,1531.01,1551.85,273073.7843,2023-09-11 23:59:59.999,426345360.362569,284093,134259.707,209657809.025516,0,-0.021859025672379406,0.8917341677300314,-0.04053987214205346,0.8312730551857785,-0.050995572515349474,9.552678034286574,-0.0497810978783334,0.7016419392673983,1551.85,1551.85,1569.1899999999996,1567.2370693264995,1603.154,1592.8606649481846,1618.8899999999999,1609.8589011487109,1667.9027068722437,1626.467,1585.0312931277565,24.95233935767294,0.00802671864796423
508,2023-09-12 00:00:00,1551.84,1626.0,1549.67,1609.48,193719.9659,2023-09-12 11:59:59.999,307534951.714973,234275,100975.797,160208272.789566,0,0.03713632116506105,-0.29059478779120573,0.014465531694956901,0.34200607870114985,-0.015933575455201354,4.934607861158434,-0.010962810018926739,1.2308593466564965,1609.48,1609.48,1580.6649999999997,1595.3990231088333,1597.942,1598.40044329879,1617.106,1609.7900100307634,1667.0990976700602,1625.208,1583.31690232994,44.31734937657482,0.011912893756144276
509,2023-09-12 12:00:00,1609.48,1622.0,1584.57,1592.97,136020.0026,2023-09-12 23:59:59.999,217857068.029419,209993,62885.9254,100730126.201118,0,-0.010257971518751408,-0.2978524337020855,0.026497406321487338,-0.5018928567285394,-0.01936679327517965,1.311656229241013,-0.033456504723592406,-0.04023233365420653,1592.97,1592.97,1601.225,1593.7796743696113,1591.65,1596.5902955325269,1611.592,1606.7318263888062,1666.7697920137016,1623.0049999999999,1579.2402079862982,41.0494334742943,0.012087599501096568
510,2023-09-13 00:00:00,1592.97,1607.05,1581.88,1604.59,112326.6684,2023-09-13 11:59:59.999,179086993.463611,161118,55848.8861,89042116.633268,0,0.007294550430955837,-0.17419007312972956,-0.0030382483783583103,-0.42015956962338086,-0.007932386145837245,-0.24672080204621882,-0.013179419687334715,-0.24674824387083216,1604.59,1604.59,1598.7799999999997,1600.9865581232036,1589.084,1599.2568636883514,1609.449,1606.342403409023,1665.655405752582,1621.5149999999999,1577.3745942474177,44.16982998051833,0.012238407443280861
511,2023-09-13 12:00:00,1604.58,1619.3,1592.2,1607.62,111082.6205,2023-09-13 23:59:59.999,178217198.21029,188209,52031.4851,83480748.099963,0,0.0018883328451504422,-0.011075267500767372,0.009196657815275788,-0.183336138974607,0.013293161805953746,-0.23046883032177456,-0.017611400356872364,0.533280139742627,1607.62,1607.62,1606.1049999999996,1605.4088527077345,1593.302,1602.0445757922344,1606.567,1606.5746936982914,1664.1265489494033,1620.1039999999998,1576.0814510505963,44.98754877592181,0.012247926626687944
512,2023-09-14 00:00:00,1607.61,1638.0,1607.05,1624.79,127475.9675,2023-09-14 11:59:59.999,206870996.585102,196462,61150.6722,99233677.780351,0,0.010680384668018572,0.14757796427749903,0.012588885634336577,0.1348682313451397,0.04700196539614021,-0.5331812322198077,-0.0063904992539322025,3.9261881567467594,1624.79,1624.79,1616.2049999999997,1618.3296175692446,1607.8899999999999,1609.6263838614896,1605.522,1609.8865675713294,1663.4717247110716,1619.736,1576.0002752889286,49.50120420184862,0.01250580930378321
513,2023-09-14 12:00:00,1624.78,1644.29,1617.07,1626.47,147825.183,2023-09-14 23:59:59.999,241042526.166448,218490,77484.2398,126355586.712712,0,0.0010339797758480707,0.15963177922144411,0.011725407745611705,0.33076787651043915,0.010556204488406218,-0.2369130238423195,-0.005545569047531673,3.528621967452989,1626.47,1626.47,1625.6299999999997,1623.7565391897483,1611.288,1615.2409225743265,1604.6150000000002,1612.9017371038149,1663.1058250249248,1619.534,1575.9621749750754,49.93405032665277,0.01250680313933869
514,2023-09-15 00:00:00,1626.48,1635.88,1617.75,1620.66,68703.7856,2023-09-15 11:59:59.999,111936255.141197,133250,31497.317,51327095.40985,0,-0.003572153190652072,-0.5352362553814662,-0.002541866948959526,-0.46104519191038884,0.017382624908190314,-0.4948993950394175,-0.002320814070166155,0.16761895985053443,1620.66,1620.66,1623.5649999999998,1621.6921797299162,1616.8259999999998,1617.0472817162179,1604.238,1614.3123303576667,1661.7457328306693,1618.7895,1575.8332671693308,48.38931692521834,0.01250746743839153
515,2023-09-15 12:00:00,1620.67,1654.08,1611.42,1641.29,112636.2384,2023-09-15 23:59:59.999,183680337.966668,180526,56590.4436,92313968.221658,0,0.012729381856774413,0.639447337818893,0.00911175736410752,-0.2380443161704051,0.022871886276245146,0.002755979540830067,0.014758071496580927,-0.24464477998812528,1641.29,1641.29,1630.975,1634.7573932433054,1624.166,1625.128187810812,1606.625,1619.2173612017273,1662.685768803444,1619.1315,1575.5772311965559,53.848754984783085,0.01284560116303635
516,2023-09-16 00:00:00,1641.3,1653.17,1631.31,1635.75,64048.6405,2023-09-16 11:59:59.999,105070353.301496,144168,27435.6879,45016749.426325,0,-0.003375393745163824,-0.43136736977537415,0.009311021435711275,-0.06775674818128219,0.017497916174220363,-0.42341439001252223,0.03102368061114502,-0.5562994011267031,1635.75,1635.75,1638.5199999999998,1635.4191310811018,1629.792,1628.6687918738749,1611.547,1622.2232955286859,1663.0469743936385,1619.2835,1575.5200256063615,52.250328805577716,0.012868766177744646
517,2023-09-16 12:00:00,1635.74,1639.42,1631.41,1634.4,35506.8266,2023-09-16 23:59:59.999,58074142.389583,101545,16386.2502,26802324.060236,0,-0.0008253094910590786,-0.44562716206287,-0.004197917491729042,-0.6847655150387195,0.005914610503511275,-0.7214625839180235,0.05319457421786922,-0.8699735066439331,1634.4,1634.4,1635.0749999999998,1634.7397103603673,1631.7140000000002,1630.5791945825833,1619.802,1624.4372417961974,1663.1920011403852,1619.346,1575.4999988596148,51.84645593695071,0.012870654054804557
518,2023-09-17 00:00:00,1634.4,1635.0,1619.54,1629.3,54309.6905,2023-09-17 11:59:59.999,88445169.821755,127171,23948.1428,38997420.769851,0,-0.003120411160058789,0.5295563050965528,-0.003943145346171462,-0.15205553035899344,0.0017399644629165767,-0.632608670607903,0.012314536371995866,-0.7196484613876344,1629.3,1629.3,1631.85,1631.113236786789,1632.28,1630.1527963883889,1621.784,1625.3213796514342,1663.3714396463297,1619.445,1575.5185603536702,50.2657576757416,0.012864270926399777
519,2023-09-17 12:00:00,1629.3,1632.13,1612.0,1622.48,65917.7212,2023-09-17 23:59:59.999,107019636.069248,137542,29556.4995,47963280.795583,0,-0.00418584668262445,0.21373774354320796,-0.007293196279980485,0.8564802183701767,0.0011229992719015147,-0.04055183241605831,0.01852514485520751,-0.5153821501250287,1622.48,1622.48,1625.8899999999999,1625.3577455955963,1632.644,1627.5951975922594,1624.7350000000001,1624.804765169355,1660.1214424066845,1618.1634999999999,1576.2055575933152,48.1515900618795,0.012542413614840384
520,2023-09-18 00:00:00,1622.48,1658.52,1603.88,1655.88,144240.0403,2023-09-18 11:59:59.999,235629048.585979,239621,73102.0959,119431691.538006,0,0.020585769932449205,1.188183051145888,0.01631375437304383,1.6558803589573023,0.008889349231397281,0.2805828954245333,0.03196455169233281,0.2841121556846602,1655.88,1655.88,1639.1799999999998,1645.7059151985322,1635.5620000000001,1637.0234650615064,1629.864,1630.4548078658358,1664.6422165220545,1619.6565,1574.6707834779456,57.56484375961684,0.013025293204345935
521,2023-09-18 12:00:00,1655.88,1669.5,1632.97,1636.66,134801.6575,2023-09-18 23:59:59.999,222606331.660707,213789,65410.7459,108043686.385697,0,-0.011607121288982336,-0.06543524794065103,0.008739707115033912,1.0449987506546266,0.0005563197310103352,1.1046763279854472,0.018063970341249957,0.21352608439769383,1636.66,1636.66,1646.27,1639.6753050661773,1635.7440000000001,1636.9023100410043,1632.768,1631.583024617502,1664.6697314447033,1619.6675,1574.6652685552967,51.74315688144277,0.013251846021621229
522,2023-09-19 00:00:00,1636.66,1661.04,1626.32,1647.8,86757.033,2023-09-19 11:59:59.999,142383148.845222,170055,42628.9986,69967106.967273,0,0.006806545036843303,-0.35640974592615826,-0.004879580645940629,-0.3985232337736666,0.00819872736172278,1.4433902240083598,0.014161830144203247,-0.31942440052474996,1647.8,1647.8,1642.2299999999998,1645.0917683553926,1638.4239999999998,1640.5348733606697,1635.069,1634.5315655961379,1666.4843542724611,1620.2955000000002,1574.1066457275392,54.608536634041656,0.013334200077812186
523,2023-09-19 12:00:00,1647.8,1659.52,1634.44,1643.12,97525.3928,2023-09-19 23:59:59.999,160527847.746606,180494,44988.8903,74053271.51376,0,-0.0028401505037018993,0.12412088596897974,0.003947062920826472,-0.27652675338951227,0.008482170257165578,0.7957272800146045,0.010236893394897972,-0.3402653673697802,1643.12,1643.12,1645.4599999999996,1643.777256118464,1641.188,1641.3965822404466,1636.734,1636.0930991241128,1667.4777936768623,1620.6745,1573.8712063231378,53.179918068858385,0.013354702188579174
524,2023-09-20 00:00:00,1643.13,1649.34,1618.48,1629.69,107050.1292,2023-09-20 11:59:59.999,174884291.450235,172014,48953.4112,79982490.301916,0,-0.008173474852719131,0.09766416854667614,-0.010990411457701077,0.23390721764309297,0.004443814407573576,0.6239962069562561,0.005571804079819387,0.5581401849274517,1629.69,1629.69,1636.4049999999997,1634.3857520394881,1642.6299999999999,1637.4943881602978,1637.637,1634.928899283365,1667.8811546830625,1620.9375,1573.9938453169375,49.20202104587452,0.013396879556210587
525,2023-09-20 12:00:00,1629.7,1640.79,1604.51,1622.26,125794.1055,2023-09-20 23:59:59.999,204371663.50147,210567,61115.1513,99283892.567535,0,-0.004559149286060604,0.17509531693306934,-0.012695360046740323,0.28986002402443023,-0.020303403628282313,-0.12788359433091467,-0.011594538442322833,0.11681735191895393,1622.26,1622.26,1625.975,1626.301917346496,1635.906,1632.416258773532,1635.734,1632.6254630500257,1668.098021918349,1621.1795,1574.2609780816508,47.10283743859576,0.013401358640234834
526,2023-09-21 00:00:00,1622.27,1625.3,1588.72,1594.95,121522.2052,2023-09-21 11:59:59.999,195770732.035239,193021,53768.5984,86594313.809645,0,-0.016834539469628762,-0.0339594632277902,-0.021316937577085193,0.13518971072853225,-0.025484828858773345,-0.09851104612715911,-0.02494268684089862,0.897342461156533,1594.95,1594.95,1608.6049999999998,1605.4006391154987,1627.5639999999999,1619.9275058490214,1631.654,1625.775378859112,1667.4057234903685,1621.6005,1575.7952765096315,40.297319108739686,0.013238047167501784
527,2023-09-21 12:00:00,1594.95,1597.1,1567.77,1583.94,119105.3388,2023-09-21 23:59:59.999,188732752.620602,175142,59708.9285,94615557.049264,0,-0.006903037712781002,-0.019888269769482436,-0.023621367721573527,-0.05317233803137145,-0.03875470324068453,0.37286090454476484,-0.030873715124816514,2.3544349130879523,1583.94,1583.94,1589.4449999999997,1591.093546371833,1614.792,1607.9316705660144,1626.6080000000002,1618.1689463392734,1660.6009492459086,1623.2050000000002,1585.8090507540917,37.918736194566016,0.012307328364044067
528,2023-09-22 00:00:00,1583.94,1602.68,1576.58,1596.94,64032.1533,2023-09-22 11:59:59.999,101975316.595567,134695,30623.1918,48777742.66717,0,0.00820738159273704,-0.46239057001868,0.0012476880152982872,-0.47308269139276615,-0.02810506840644622,-0.3434309623206152,-0.019861290124593367,0.17901893217380804,1596.94,1596.94,1590.4399999999998,1594.9911821239443,1605.556,1604.2677803773431,1623.3719999999998,1614.309137913951,1661.271402848581,1622.578,1583.884597151419,42.25297162348652,0.009141298151015947
529,2023-09-22 12:00:00,1596.94,1600.58,1586.83,1593.08,60853.9377,2023-09-22 23:59:59.999,97012153.460321,132703,29307.8464,46723354.766445,0,-0.0024171227472542522,-0.049634682518165385,0.0057704205967397115,-0.4890746433945746,-0.022464395069000886,-0.4315379331648672,-0.018120408263892385,-0.07681975966123045,1593.08,1593.08,1595.0099999999998,1593.7170607079815,1598.234,1600.5385202515622,1620.432,1610.449294656869,1661.2600946148648,1622.5835000000002,1583.9069053851356,41.33029589022302,0.008857814254791504
530,2023-09-23 00:00:00,1593.07,1598.24,1589.91,1593.3,31700.0809,2023-09-23 11:59:59.999,50528530.666603,109749,14562.7573,23211656.437694,0,0.00013809727069569178,-0.479079216594393,-0.0022793592746127578,-0.5049349542958443,-0.017851639071418957,-0.7480002677867923,-0.0377925936662078,-0.7802268993126453,1593.3,1593.3,1593.1899999999996,1593.4390202359937,1592.442,1598.1256801677082,1614.174,1607.3312410828926,1662.0359438613518,1622.019,1582.0020561386482,41.40882742582559,0.008692362051612496
531,2023-09-23 12:00:00,1593.3,1595.46,1587.45,1593.86,32837.0532,2023-09-23 23:59:59.999,52278375.416828,108201,15334.7493,24413306.491574,0,0.00035147178811278934,0.03586654253617372,0.0004896175961031091,-0.46039558915839884,-0.0006834070033544526,-0.7297855717318731,-0.026150819351606458,-0.7564046777392184,1593.86,1593.86,1593.5799999999997,1593.719673411998,1592.2240000000002,1596.7037867784722,1609.8939999999998,1604.8819245223665,1662.7626549995607,1621.3310000000001,1579.8993450004396,41.62302856766586,0.008678620668513803
532,2023-09-24 00:00:00,1593.85,1596.27,1590.9,1593.9,29619.4418,2023-09-24 11:59:59.999,47188044.094687,101238,15461.8717,24632834.800081,0,2.5096307078475988e-05,-0.09798721524743892,0.0003765769158350363,-0.06563513533493859,0.006288116974127789,-0.7513172616910435,-0.032710280373831724,-0.658593190940497,1593.9,1593.9,1593.8799999999997,1593.8398911373326,1594.216,1595.7691911856482,1604.5040000000001,1602.8852109728452,1662.8578260882764,1619.7865,1576.7151739117235,41.63944072549925,0.008280944584201554
533,2023-09-24 12:00:00,1593.91,1601.12,1570.01,1580.71,107898.4115,2023-09-24 23:59:59.999,171361171.879322,206139,54105.6571,85927991.010192,0,-0.008275299579647455,2.64282393397434,-0.008250410952028275,2.285873761047474,-0.010163187095319826,0.6850661103723963,-0.03798261843322448,0.10636223451334814,1580.71,1580.71,1587.3049999999998,1585.0866303791108,1590.9699999999998,1590.7494607904323,1598.2630000000001,1598.853354432328,1663.657573766733,1617.4985000000001,1571.3394262332672,37.85963059765347,0.00842530489238948
534,2023-09-25 00:00:00,1580.71,1588.2,1563.01,1569.01,89778.2523,2023-09-25 11:59:59.999,141501353.645842,213299,43456.4866,68502422.132633,0,-0.007401737194045688,-0.1679372193537808,-0.015615785181002595,2.0310582119072884,-0.015109096843849645,0.47530719774605457,-0.037234075192214555,-0.16134382115252976,1569.01,1569.01,1574.8599999999997,1574.368876793037,1586.1560000000002,1583.5029738602884,1592.1950000000002,1593.4272899900864,1665.6329673383843,1614.916,1564.1990326616155,34.83862293685064,0.008520433825621461
535,2023-09-25 12:00:00,1569.0,1597.5,1564.35,1588.33,86928.6754,2023-09-25 23:59:59.999,137793133.076819,191743,42786.1889,67823774.250349,0,0.012313497045907784,-0.03174016899413401,0.004820618582788594,-0.1943470326252209,-0.0031193121195004503,1.7422225095961816,-0.020915266356810958,-0.30896066191273175,1588.33,1588.33,1578.6699999999996,1583.6762922643456,1585.162,1585.1119825735257,1588.8020000000001,1592.5005099918887,1662.7299526376337,1612.2679999999998,1561.806047362366,42.9359876884768,0.008484093938216333
536,2023-09-26 00:00:00,1588.34,1599.78,1585.8,1591.47,56501.997,2023-09-26 11:59:59.999,89878444.779729,149424,27196.6032,43264473.568158,0,0.001976919154080159,-0.35001888916393165,0.014314758988151821,-0.3706493994648634,-0.00149950434793511,0.720678060112897,-0.0021818865795165676,-0.5350479617530838,1591.47,1591.47,1589.8999999999996,1588.8720974214486,1584.684,1587.2313217156839,1588.454,1592.313144538818,1660.0843105727204,1610.0539999999999,1560.0236894272794,44.150713576084485,0.008509671519991302
537,2023-09-26 12:00:00,1591.46,1595.67,1580.05,1594.01,69081.0191,2023-09-26 23:59:59.999,109672652.509819,167885,32927.025,52281321.666939,0,0.0015960087214963448,0.22262969041607494,0.0035760830557882706,-0.2053137956822012,6.901311249141173e-05,1.3322863262061881,0.006357564049143338,-0.42000064987850905,1594.01,1594.01,1592.7399999999998,1592.2973658071494,1584.706,1589.4908811437892,1589.4609999999998,1592.6216637135783,1657.2244877922624,1608.0345000000002,1558.844512207738,45.16752998042153,0.008534520829367929
538,2023-09-27 00:00:00,1594.02,1634.1,1589.65,1629.64,132632.2629,2023-09-27 11:59:59.999,213318368.936253,227278,65649.9137,105634369.388167,0,0.022352431916989213,0.9199523201590984,0.02398411531477196,1.3473907108097434,0.030954444521765545,0.22923276678637672,0.020476661615339342,1.0713384770710186,1629.64,1629.64,1611.8249999999998,1617.19245526905,1594.492,1602.8739207625263,1592.7310000000002,1599.3522703111094,1657.2710994600009,1608.0515,1558.8319005399992,56.99540157720251,0.010008723580500605
539,2023-09-27 12:00:00,1629.63,1631.5,1583.5,1598.64,141772.1699,2023-09-27 23:59:59.999,227565188.023801,251211,64659.811,103754781.855609,0,-0.01902260621977858,0.06891164185965204,0.002904624186799376,1.05225938683351,0.018884519537797795,0.5791371102464646,0.0034900946594020876,1.3297123449745145,1598.64,1598.64,1614.1399999999999,1604.8241517563501,1600.4180000000001,1601.4626138416843,1593.287,1599.2227666181802,1655.777435964255,1606.8595,1557.9415640357452,47.4125885789344,0.010853965835000543
540,2023-09-28 00:00:00,1598.63,1637.76,1598.14,1623.7,140513.0061,2023-09-28 11:59:59.999,227074425.168903,237861,68501.5928,110687010.322289,0,0.015675824450783082,-0.00888160067584609,-0.003644976804693112,0.059417995498891596,0.02226867212732886,0.6164172001176036,0.019079897068976504,3.432575631060929,1623.7,1623.7,1611.1699999999998,1617.4080505854502,1607.492,1608.8750758944564,1596.327,1603.673172687602,1649.5080139270494,1605.2505,1560.9929860729508,54.12708693073585,0.010393312061613532
541,2023-09-28 12:00:00,1623.71,1668.21,1621.31,1652.99,190896.6954,2023-09-28 23:59:59.999,314799305.127795,329964,92815.4291,153029279.15484,0,0.018039046621912913,0.35856957799438893,0.03399764800080063,0.3465033055122899,0.03865608525451303,2.378583156981159,0.03709861593866459,4.813453912484449,1652.99,1652.99,1638.3449999999998,1641.1293501951502,1619.7959999999998,1623.5800505963043,1602.2400000000002,1612.6398685625834,1653.1261275312554,1606.067,1559.0078724687446,60.47872462676915,0.010892416580024154
542,2023-09-29 00:00:00,1653.0,1688.0,1648.37,1668.79,141784.0597,2023-09-29 11:59:59.999,236432535.209364,247466,66249.035,110494738.541185,0,0.009558436530166414,-0.25727336765621134,0.027769908234279717,0.009045807468494704,0.04691313103430961,1.0524315006812053,0.046985381767990386,3.7868579245136216,1668.79,1668.79,1660.8899999999999,1659.5697833983834,1634.752,1638.6500337308696,1609.7289999999998,1622.8489833693864,1658.581652977553,1607.1165,1555.6513470224472,63.4210019307215,0.010992494512640234
543,2023-09-29 12:00:00,1668.78,1684.29,1655.0,1667.45,110191.6131,2023-09-29 23:59:59.999,183903126.887264,247149,53075.5228,88592114.127544,0,-0.0008029770072927045,-0.22282086340909035,0.008747784318114515,-0.42276835715198036,0.023201443263542787,-0.1691945029763946,0.05487407557363455,0.02125333976765731,1667.45,1667.45,1668.12,1664.8232611327944,1642.3139999999999,1648.2500224872465,1618.403,1630.9582591204069,1664.113985326569,1608.333,1552.5520146734311,62.99267527875333,0.010967468271483026
544,2023-09-30 00:00:00,1667.45,1679.24,1666.19,1675.96,47509.9322,2023-09-30 11:59:59.999,79466748.692279,142792,27557.9679,46098770.332771,0,0.005103601307385519,-0.5688425746441859,0.004296526225588737,-0.6649134444272088,0.04836611119451528,-0.6648853422112995,0.06816400150413315,-0.47080800769831865,1675.96,1675.96,1671.705,1672.2477537109314,1657.7779999999998,1657.4866816581643,1629.098,1639.1403938257874,1673.2050096609794,1610.6465,1548.0879903390207,64.62658635724176,0.010796715652157373
545,2023-09-30 12:00:00,1675.95,1694.32,1666.33,1670.89,89414.9819,2023-09-30 23:59:59.999,150163590.843158,199523,47190.084,79248994.180102,0,-0.003025131864722308,0.8820271416847021,0.002063030375723418,-0.18855002314146174,0.029063250600480428,-0.36365334155355455,0.05197912272638572,0.028601683950196355,1670.89,1670.89,1673.4249999999997,1671.3425845703107,1667.216,1661.9544544387763,1637.354,1644.913049493826,1680.818678650297,1613.078,1545.337321349703,62.84632527449473,0.010757110167322644
546,2023-10-01 00:00:00,1670.89,1692.08,1670.42,1688.84,56086.3961,2023-10-01 11:59:59.999,94257745.072594,167936,28967.835,48686691.05705,0,0.01074277780105204,-0.3727405082659867,0.0076851476168882105,0.18051938832276404,0.021687971494080305,-0.7061950392463421,0.0611824288236662,-0.007355508160180713,1688.84,1688.84,1679.8649999999998,1683.0075281901036,1674.386,1670.9163029591843,1647.091,1652.8997677676757,1692.4912893036465,1617.7725,1543.0537106963536,66.37767993283447,0.010021119374469586
547,2023-10-01 12:00:00,1688.84,1751.0,1668.0,1733.79,169525.1907,2023-10-01 23:59:59.999,289536101.110894,327259,85028.3309,145313901.029638,0,0.026615902039269557,2.0225723613573385,0.03764460856190399,0.8959372031142805,0.038950377219422405,0.19565761524036818,0.08769079240406263,1.4540053535487,1733.79,1733.79,1711.3149999999996,1716.8625093967012,1687.386,1691.8742019727897,1661.0690000000002,1667.6070827190074,1713.7038585408163,1625.2649999999999,1536.8261414591834,73.23754330527281,0.011043984834011455
548,2023-10-02 00:00:00,1733.8,1744.0,1712.27,1725.07,141369.7945,2023-10-02 11:59:59.999,244291839.103903,303058,71400.1695,123389020.799167,0,-0.005029444165671748,-0.16608384915387098,0.021452594680372306,1.5205719092370065,0.03455575879336714,0.2829451400416969,0.058558945533982776,0.06587787472636109,1725.07,1725.07,1729.4299999999998,1722.3341697989003,1698.9099999999999,1702.93946798186,1670.6120000000003,1678.054885861006,1729.0830250419701,1631.6715,1534.2599749580297,70.24345156266833,0.011211004827091206
549,2023-10-02 12:00:00,1725.07,1734.04,1636.79,1662.4,237205.8953,2023-10-02 23:59:59.999,399388760.9887,470932,109699.0507,184668385.122191,0,-0.0363289605639191,0.677910731489392,-0.04117569025083767,0.3992368586670465,-0.00809088522399104,3.9927643403372395,0.03988390131611874,0.673148513331741,1662.4,1662.4,1693.7349999999997,1682.3780565996335,1696.1979999999999,1689.4263119879067,1676.988,1675.2085429771867,1731.7394666207801,1635.1375,1538.53553337922,53.3595920606444,0.014346747845954149
550,2023-10-03 00:00:00,1662.41,1670.65,1650.15,1656.33,85539.1473,2023-10-03 11:59:59.999,142221326.476858,236254,39686.546,65988043.524903,0,-0.00365134744947071,-0.6393886113504195,-0.03984765835589277,-0.394926281087577,-0.008713918929432962,-0.04334659044425759,0.020096076861489065,-0.39123679953780455,1656.33,1656.33,1659.3649999999998,1665.012685533211,1693.286,1678.394207991938,1680.2509999999997,1671.776080617698,1733.325631232395,1638.289,1543.252368767605,52.05450968161875,0.014400752204620771
551,2023-10-03 12:00:00,1656.34,1663.24,1643.0,1656.88,112747.9691,2023-10-03 23:59:59.999,186385431.921759,293762,54056.0694,89369256.796844,0,0.00033205943260106174,0.3180861939688755,-0.0033205004812318917,-0.5246831072330436,-0.01892423201724247,1.0102551944855662,0.002353311272300651,-0.4093770514793311,1656.88,1656.88,1656.6049999999998,1659.590895177737,1686.8939999999998,1671.2228053279587,1680.6399999999999,1669.067702323571,1734.534489203186,1641.4399999999998,1548.3455107968136,52.16866512058515,0.014400872703748409
552,2023-10-04 00:00:00,1656.88,1657.66,1625.0,1646.6,106639.5554,2023-10-04 11:59:59.999,175052047.788442,260873,48268.3616,79232730.246735,0,-0.006204432427212692,-0.05417759405122624,-0.005874433234922982,0.2466754552275039,-0.05028867394551828,-0.370951567966589,-0.013297059546138246,-0.24787345188423893,1646.6,1646.6,1651.7399999999998,1650.9302983925788,1669.4560000000001,1663.0152035519725,1678.4209999999998,1664.982665537467,1734.5853630530896,1644.075,1553.5646369469105,49.78281371425557,0.014513667530606286
553,2023-10-04 12:00:00,1646.6,1654.81,1627.39,1646.58,116222.1613,2023-10-04 23:59:59.999,190867645.291548,292396,57142.2152,93853881.001331,0,-1.2146240738530878e-05,0.08985976980170363,-0.006216503307421295,0.030813789620623977,-0.04549960291466437,-0.17788547609439997,-0.012516117424810402,0.05472783300238304,1646.58,1646.58,1646.5899999999997,1648.0300994641927,1653.7580000000003,1657.5368023679816,1676.334,1661.6367263488366,1733.0829539211563,1647.3685,1561.6540460788437,49.77804399234453,0.014330366552096675
554,2023-10-05 00:00:00,1646.58,1655.47,1631.88,1636.66,67134.2623,2023-10-05 11:59:59.999,110242466.953116,198224,29238.6552,48023811.813491,0,-0.006024608582637869,-0.4223626410912391,-0.006036681647030084,-0.37045628099083383,-0.015483638113570786,-0.7169789468550363,-0.023449246998735074,0.41305742170686566,1636.66,1636.66,1641.62,1640.4500331547308,1648.61,1650.5778682453213,1672.404,1657.095503376321,1728.8286912824776,1650.7509999999997,1572.6733087175219,47.35455134697932,0.014285336883520553
555,2023-10-05 12:00:00,1636.67,1649.53,1606.73,1611.79,170244.4826,2023-10-05 23:59:59.999,276527854.819236,347621,81583.4907,132502739.21698,0,-0.015195581244730194,1.5358807376066155,-0.021128642398182906,0.46481945177868567,-0.026890776596451116,0.990252275989195,-0.03537037147867317,0.9039816257011397,1611.79,1611.79,1624.225,1621.3433443849103,1639.702,1637.6485788302143,1666.494,1648.8581391260807,1726.8568887472113,1651.9240000000002,1576.991111252789,41.853066076993265,0.014582606126562977
556,2023-10-06 00:00:00,1611.79,1639.5,1611.79,1634.69,72030.372,2023-10-06 11:59:59.999,117215504.283949,188504,37253.2598,60618542.868039,0,0.014207806227858555,-0.5769004028797817,-0.0012036708907164906,0.07293011842628094,-0.013392641591424836,-0.3611381865680098,-0.03206342815186747,0.28427527901012706,1634.69,1634.69,1623.2399999999998,1630.2411147949701,1635.264,1636.6623858868097,1661.0790000000002,1646.2821138304296,1724.2613710945632,1654.0849999999998,1583.9086289054364,47.859761635716815,0.01488632193711383
557,2023-10-06 12:00:00,1634.7,1662.0,1611.68,1645.03,148477.5566,2023-10-06 23:59:59.999,243350219.294895,350984,72369.7408,118617177.801629,0,0.006325358324819952,1.0613187531504074,0.0206230340180793,-0.1278568660057121,-0.0009534798979715653,0.392330979279383,-0.0511942046037871,-0.12415638061276046,1645.03,1645.03,1639.8599999999997,1640.1003715983234,1634.95,1639.4515905912065,1652.203,1646.0544567703514,1721.3916185670541,1656.636,1591.8803814329458,50.35358907375748,0.014926333465506652
558,2023-10-07 00:00:00,1645.03,1647.71,1636.12,1638.67,51425.6919,2023-10-07 11:59:59.999,84391664.263738,153075,24603.5217,40369803.991733,0,-0.0038661908901357345,-0.6536466986822708,0.002434712391951921,-0.2860554447782111,-0.004803896561357379,-0.5575224954967346,-0.05008492409003684,-0.6362328170463599,1638.67,1638.67,1641.85,1639.1467905327745,1633.368,1639.1910603941378,1643.563,1644.711828266651,1721.2067120584916,1657.0875,1592.9682879415086,48.8072698261541,0.014146414859688799
559,2023-10-07 12:00:00,1638.68,1643.0,1630.03,1633.57,49815.8813,2023-10-07 23:59:59.999,81515886.545275,135620,22399.4595,36658710.737812,0,-0.003112280080797336,-0.03130362549385546,-0.006966438302037026,-0.6644888127152815,-0.0018879913971137086,-0.25796635587667727,-0.017342396535130034,-0.789988856571222,1633.57,1633.57,1636.12,1635.4289301775916,1632.75,1637.317373596092,1640.6799999999998,1642.686041309078,1718.218045129999,1658.834,1599.4499548700012,47.54636079377296,0.013427459505112904
560,2023-10-08 00:00:00,1633.56,1641.4,1616.17,1617.84,75063.9059,2023-10-08 11:59:59.999,122244712.253506,177300,34099.1798,55523122.777593,0,-0.009629216991007383,0.5068268178967257,-0.012711528251569959,0.45965767550518843,0.0037535907283205994,-0.5590817114680462,-0.023238122837840325,-0.12246137272401825,1617.84,1617.84,1625.7049999999997,1623.702976725864,1633.9599999999998,1630.8249157307282,1636.8310000000001,1638.168579252882,1718.668726017219,1658.541,1598.413273982781,43.78880399323576,0.013178314085375172
561,2023-10-08 12:00:00,1617.85,1638.95,1617.19,1632.84,74360.7576,2023-10-08 23:59:59.999,121271492.135211,195336,38739.4359,63175176.145174,0,0.00927162142115412,-0.009367328965491528,-0.00044687402437604273,0.49271187539946215,-0.0011317130465103853,0.03235281916911381,-0.014509198010719038,-0.34046920584399254,1632.84,1632.84,1625.3399999999997,1629.794325575288,1633.59,1631.4966104871523,1634.4270000000001,1637.1997466614487,1718.666377987232,1657.5335,1596.400622012768,48.00838025218263,0.012679630536466204
562,2023-10-09 00:00:00,1632.85,1636.0,1583.32,1590.65,139981.9807,2023-10-09 11:59:59.999,225307896.955791,288518,63126.4154,101575107.439012,0,-0.02583841650131047,0.8824711476581297,-0.016806359096078638,0.8648374211499696,-0.033057147893959304,-0.05721791289229783,-0.033979108465929664,0.31266470658972745,1590.65,1590.65,1611.745,1603.6981085250961,1622.714,1617.8810736581017,1628.8319999999999,1628.736156359367,1721.0468895791314,1653.6264999999999,1586.2061104208683,39.11457559612372,0.013631114799444783
563,2023-10-09 12:00:00,1590.65,1597.66,1546.0,1580.13,200159.1181,2023-10-09 23:59:59.999,315280940.503798,357722,104124.5685,164034272.579283,0,-0.006613648508471348,0.42989202680999083,-0.03228117880502668,1.6917304847362127,-0.03572409331958237,2.8922007795095896,-0.04035637503188416,0.7222112879430678,1580.13,1580.13,1585.3899999999999,1587.9860361750323,1611.006,1605.2973824387348,1622.187,1619.8986733849365,1723.4992390720097,1649.2604999999999,1575.02176092799,37.26097709433627,0.013659286702476967
564,2023-10-10 00:00:00,1580.13,1594.9,1576.03,1579.58,85021.0064,2023-10-10 11:59:59.999,134852368.512335,275106,43759.0319,69419990.367906,0,-0.00034807262693592467,-0.5752329086625807,-0.006959419105397213,-0.392628922845353,-0.03305031311789519,0.7067048535784912,-0.03487590580817035,0.26643242194380967,1579.58,1579.58,1579.8549999999998,1582.3820120583441,1600.208,1596.7249216258233,1616.4789999999998,1612.568005496766,1723.4794724626213,1644.4415000000001,1565.403527537379,37.16182412967565,0.01355150552298347
565,2023-10-10 12:00:00,1579.58,1588.46,1550.55,1567.63,155638.3223,2023-10-10 23:59:59.999,244115206.827748,338554,78755.9484,123545591.421349,0,-0.007565302168930921,0.830586685457066,-0.00791074152126725,-0.22242701817739474,-0.03103520743707644,1.0734109214532626,-0.027398110175643087,-0.08579520508936589,1567.63,1567.63,1573.6049999999998,1572.5473373527814,1590.166,1587.0266144172156,1612.063,1604.3974590428086,1724.016162765751,1639.2785,1554.5408372342488,34.98358442824822,0.01359222138568679
566,2023-10-11 00:00:00,1567.62,1578.43,1544.26,1572.8,123075.25,2023-10-11 11:59:59.999,192351997.369244,269551,62522.3175,97716421.888082,0,0.003297972098007751,-0.2092227146809844,-0.004292280226389278,0.4475863696668734,-0.036770289801817624,0.6551102217387845,-0.03786038943163539,0.7086577034476511,1572.8,1572.8,1570.2149999999997,1572.715779117594,1578.158,1582.2844096114773,1605.874,1598.6524664895705,1719.7228240434183,1633.4765000000002,1547.2301759565821,36.711958037373314,0.013291900865365911
567,2023-10-11 12:00:00,1572.8,1576.64,1548.92,1566.87,137178.7171,2023-10-11 23:59:59.999,214315651.774778,335770,72263.1689,112902382.635318,0,-0.0037703458799593914,0.11459222792559842,-0.00048480827746355537,-0.11860578376332187,-0.01494986326344594,-0.020025888946433312,-0.04751281131651097,-0.07609796226940335,1566.87,1566.87,1569.8349999999996,1568.818593039198,1573.4019999999998,1577.1462730743183,1598.058,1592.8738362187394,1702.8127441681654,1625.1305,1547.4482558318346,35.54477437692405,0.011252309377237545
568,2023-10-12 00:00:00,1566.86,1568.56,1534.55,1552.06,102044.8703,2023-10-12 11:59:59.999,158564629.751892,241252,47969.3712,74526849.400097,0,-0.009451964745001096,-0.2561173303172698,-0.013186673448626673,-0.1708741578830838,-0.017764361160157782,-0.490181255449886,-0.05285383878389194,0.9843169149465543,1552.06,1552.06,1559.4649999999997,1557.6461976797325,1567.788,1568.7841820495455,1589.397,1585.453138724423,1685.801607886738,1616.48,1547.158392113262,32.74477039502041,0.011296539578152841
569,2023-10-12 12:00:00,1552.06,1553.96,1521.0,1539.61,135176.6274,2023-10-12 23:59:59.999,207771117.261775,269708,62894.5538,96668671.517741,0,-0.008021597103204825,0.3246783204544874,-0.017397741995187843,-0.014594754509480778,-0.025304194785955803,0.5899203399690645,-0.057518196342978944,1.713524761028367,1539.61,1539.61,1545.8349999999996,1545.622065893244,1559.794,1559.059454699697,1580.0009999999997,1577.1180225927096,1683.9256994561595,1610.3404999999998,1536.7553005438401,30.565021018299774,0.008657248924797996
570,2023-10-13 00:00:00,1539.61,1554.79,1538.12,1546.52,72831.905,2023-10-13 11:59:59.999,112524157.175224,262836,35284.7991,54519546.037988,0,0.004488149596326485,-0.4612093347729136,-0.0035694496346790894,-0.2862756865104271,-0.013466187812175123,-0.5320438827423675,-0.044083469317114155,-0.029734675717161152,1546.52,1546.52,1543.0649999999996,1546.2206886310814,1555.5720000000001,1554.8796364664647,1572.869,1571.5547457576715,1680.2542680489832,1604.85,1529.4457319510166,33.222019303996774,0.008853380067761166
571,2023-10-13 12:00:00,1546.52,1575.36,1537.76,1552.16,119373.9686,2023-10-13 23:59:59.999,185405192.011701,257287,57154.405,88772034.607851,0,0.0036468975506298573,0.6390340002777628,0.008151414968726067,-0.11690378066053164,-0.01312309257375377,-0.030073320184196284,-0.04941084245853844,0.6053355621002978,1552.16,1552.16,1549.3399999999997,1550.180229543694,1551.444,1553.9730909776433,1564.801,1568.0284283471858,1674.3800611240356,1599.614,1524.8479388759645,35.39504341341319,0.00895707982412723
572,2023-10-14 00:00:00,1552.16,1556.48,1544.55,1547.12,58437.1791,2023-10-14 11:59:59.999,90574595.237295,150466,20848.8689,32327857.240657,0,-0.003247087929079573,-0.5104696628139076,0.00038796782453509593,-0.19764313318455695,-0.012604747043468811,-0.5740069572352051,-0.027366171062144562,-0.5825378466015662,1547.12,1547.12,1549.6399999999999,1548.1400765145645,1547.4940000000001,1551.6887273184288,1560.4479999999999,1564.2268959204246,1669.4770787778566,1594.6399999999999,1519.8029212221431,34.320267217897864,0.00892960078805714
573,2023-10-14 12:00:00,1547.12,1561.72,1546.19,1554.94,41877.4963,2023-10-14 23:59:59.999,65073417.670549,131095,20777.8878,32289187.785396,0,0.005054552975852111,-0.2833758072350211,0.001791052468817611,-0.6491907172800486,0.0018555983660426545,-0.5896168403479268,-0.015941726313657756,-0.7907789727616711,1554.94,1554.94,1551.0299999999997,1552.673358838188,1548.07,1552.7724848789526,1557.929,1562.5383693894382,1662.8060222686722,1590.058,1517.3099777313278,37.49182973178085,0.009091412003703671
574,2023-10-15 00:00:00,1554.94,1560.17,1549.6,1555.55,34813.8623,2023-10-15 11:59:59.999,54131485.778322,121584,15132.5177,23532392.229921,0,0.0003922980951032162,-0.16867374184449513,0.00544883396245921,-0.40425149132498084,0.010353271282987242,-0.7424564958483348,-0.015212904696185081,-0.5905263443223603,1555.55,1555.55,1555.245,1554.5911196127295,1551.258,1553.6983232526352,1555.526,1561.2677567731766,1656.9270906227405,1586.0025,1515.0779093772596,37.74436864432971,0.009085578561522973
575,2023-10-15 12:00:00,1555.55,1567.62,1547.44,1557.77,85497.4115,2023-10-15 23:59:59.999,133134746.284064,195367,42656.9547,66424938.504432,0,0.0014271479540999277,1.4558439038807824,0.001820005916626899,1.0416075232272184,0.007274396710032827,0.1739005247768819,-0.006289749494459818,-0.45066606837871315,1557.77,1557.77,1556.6599999999999,1556.7103732042433,1553.5080000000003,1555.0555488350903,1554.54,1560.6318009962354,1654.2065895987262,1583.3015,1512.396410401274,38.71477828838736,0.008610869793351246
576,2023-10-16 00:00:00,1557.78,1588.97,1555.06,1582.72,129631.1518,2023-10-16 11:59:59.999,204501567.852382,235859,64870.8234,102319715.349827,0,0.016016485103705902,0.5161997249472283,0.017466490951753455,2.72354985157737,0.019688691887434162,0.085924790138878,0.006307222787385491,0.05326742622907532,1582.72,1582.72,1570.245,1574.0501244014145,1559.62,1564.277032556727,1555.532,1564.647837178738,1647.5792660740224,1580.703,1513.8267339259776,48.44173560833658,0.008793925320129577
577,2023-10-16 12:00:00,1582.71,1639.43,1566.0,1599.42,288879.7126,2023-10-16 23:59:59.999,460623388.401258,493710,150896.2622,240609356.096155,0,0.010551455721795389,1.228474472291158,0.02673693805889199,2.378812381939774,0.03380474688453394,3.943423297446608,0.020773899557717135,1.1058639321536563,1599.42,1599.42,1591.0699999999997,1590.9633748004715,1570.08,1575.991355037818,1558.7869999999998,1570.9700486007855,1639.2016483570105,1578.4225000000001,1517.6433516429897,53.73479037403491,0.009041105087188049
578,2023-10-17 00:00:00,1599.41,1600.53,1582.66,1584.42,78253.5549,2023-10-17 11:59:59.999,124385639.786249,192276,35309.6997,56123409.580868,0,-0.0093783996698803,-0.7291137055084429,0.001074100283056989,-0.39633680783201986,0.018958930891224135,0.868630214648243,0.020849709418450324,-0.23314562829132224,1584.42,1584.42,1591.9199999999998,1586.6011249334906,1575.976,1578.8009033585454,1562.023,1573.4154943097335,1629.986293167492,1575.71,1521.433706832508,48.88072919661169,0.009203888677177084
579,2023-10-17 12:00:00,1584.41,1586.01,1551.08,1565.01,156563.515,2023-10-17 23:59:59.999,245646568.370505,282937,71054.7629,111473240.883346,0,-0.01225053962964373,1.000720800480848,-0.02151404884270558,-0.4580321560455609,0.006081450290893908,3.4971601728889476,0.016497684478536723,0.15821438965712797,1565.01,1565.01,1574.7149999999997,1572.207041644497,1577.868,1574.2039355723637,1564.5629999999999,1571.8872226170547,1619.7399112899377,1572.282,1524.8240887100621,43.41544329207565,0.009502722973215064
580,2023-10-18 00:00:00,1565.01,1585.42,1562.4,1578.76,88820.7599,2023-10-18 11:59:59.999,139776224.701254,229815,44741.77,70412839.188691,0,0.00878588635216393,-0.4326854510132837,-0.003572285126418606,0.13503801857313458,0.01347438967241632,0.03887074873605978,0.02084680443835185,0.21953091711661266,1578.76,1578.76,1571.8849999999998,1576.5756805481658,1582.066,1575.7226237149093,1567.787,1573.136818504863,1613.109625775602,1570.328,1527.546374224398,47.862637672395174,0.009625984127916702
581,2023-10-18 12:00:00,1578.77,1581.76,1555.88,1563.44,88929.4654,2023-10-18 23:59:59.999,139581724.753326,210762,43197.2643,67806768.773467,0,-0.00970381818642474,0.0012238749153057338,-0.001003188478028827,-0.4319911289676909,-0.012181560857258411,-0.31398075103734446,0.007267292031749362,-0.25503469103899756,1563.44,1563.44,1571.1,1567.818560182722,1578.21,1571.6284158099397,1568.9150000000002,1571.373760594888,1598.6391702742949,1566.858,1535.076829725705,43.737982112885916,0.009475833301110818
582,2023-10-19 00:00:00,1563.45,1567.12,1541.61,1553.86,105600.1198,2023-10-19 11:59:59.999,163780947.205618,206145,48807.1597,75693991.510793,0,-0.00612751368776554,0.1874592895056355,-0.015771871595429365,0.18891259114300807,-0.028485325930650007,-0.6344495123954232,0.004356481720874994,0.8070707968174322,1553.86,1553.86,1558.6499999999996,1558.5128533942407,1569.098,1565.70561053996,1569.589,1568.1894404867264,1595.301919407388,1565.0185000000001,1534.7350805926123,41.33891937281797,0.007747192370592217
583,2023-10-19 12:00:00,1553.86,1574.45,1551.0,1566.57,110617.5477,2023-10-19 23:59:59.999,172903298.838878,263453,53000.1054,82840919.265703,0,0.00817963008250433,0.04751346787771338,0.0020019955994472483,0.24387959831365413,-0.011265952209641439,0.41357856318933806,0.00747938827221617,1.6414556139546481,1566.57,1566.57,1560.2149999999997,1563.8842844647468,1565.528,1565.9937403599733,1570.752,1567.8949967618669,1593.8372235299748,1564.3405,1534.8437764700252,45.60206348441222,0.007901829340600687
584,2023-10-20 00:00:00,1566.57,1630.4,1561.19,1613.15,200028.49,2023-10-20 11:59:59.999,319778493.847344,392549,102168.7041,163324111.716774,0,0.029733749529226472,0.8082889573947769,0.03815659068384547,0.8942070366855777,0.0307601868358669,0.27761879899030095,0.03702870367394184,4.745656378953392,1613.15,1613.15,1589.8599999999997,1596.7280948215823,1575.156,1581.7124935733157,1576.5120000000002,1576.1231791688,1601.9190311420996,1566.0189999999998,1530.1189688579,57.72704703625898,0.010385228098957214
585,2023-10-20 12:00:00,1613.15,1616.49,1597.15,1603.89,115967.302,2023-10-20 23:59:59.999,186286689.13497,259189,56786.0206,91225145.454162,0,-0.005740321730775211,-0.42024607594648145,0.023822746509891246,0.04836261887226767,0.015917555549925355,0.3056328512676909,0.02960642456845375,0.3563837777708627,1603.89,1603.89,1608.52,1601.502698273861,1580.182,1589.104995715544,1581.124,1581.1716920472,1607.353991650266,1567.8319999999999,1528.3100083497338,55.097812808570936,0.010312822321810983
586,2023-10-21 00:00:00,1603.88,1609.85,1592.36,1608.68,54717.873,2023-10-21 11:59:59.999,87667306.449886,177921,26897.5232,43095304.147092,0,0.002986489098379508,-0.5281611966793881,-0.0027709760406657846,-0.7264496022541589,0.028936191986900672,-0.38470480223982095,0.016402143145976655,-0.5778956505422334,1608.68,1608.68,1606.2849999999999,1606.287566091287,1589.23,1595.629997143696,1583.72,1586.1732025840727,1612.9606246782369,1569.6259999999997,1526.2913753217626,56.20889216209885,0.010309712666887159
587,2023-10-21 12:00:00,1608.68,1644.53,1602.5,1628.94,121701.5362,2023-10-21 23:59:59.999,197879288.112244,285112,62522.3861,101659380.534565,0,0.01259417659198836,1.224164236062319,0.015618278061463098,0.0494469915321476,0.048318381321354575,0.15247536111223248,0.018456690550324506,-0.5787120697931628,1628.94,1628.94,1618.81,1621.3891886970957,1604.246,1606.7333314291309,1586.672,1593.948983932423,1623.1425326304975,1572.7295,1522.3164673695023,60.644669669419926,0.010543015046839386
588,2023-10-22 00:00:00,1628.94,1648.0,1623.26,1628.56,110837.1454,2023-10-22 11:59:59.999,181095096.303092,301494,53727.9935,87791695.423809,0,-0.00023328053826421336,-0.08927077783263027,0.012357958077429787,1.025611364681518,0.039570526692072505,0.001985197688485707,0.027858774819807808,0.4163847960854745,1628.56,1628.56,1628.7499999999998,1626.1697295656984,1616.644,1614.0088876194206,1591.086,1600.2418959447098,1631.5173479884688,1576.5545,1521.591652011531,60.52084202173736,0.010212475075247206
589,2023-10-22 12:00:00,1628.57,1667.8,1621.1,1663.7,117813.7771,2023-10-22 23:59:59.999,193746399.001299,279349,54907.9926,90292815.243139,0,0.021577344402416987,0.06294488796893916,0.02133903028963613,-0.03194502897326612,0.03133620556054928,-0.4110150154110547,0.06306029993418583,-0.24750171136615073,1663.7,1663.7,1646.1299999999997,1651.1899098552328,1626.7540000000001,1630.5725917462805,1600.955,1611.7797330456715,1646.8902700326714,1582.759,1518.6277299673286,67.1920812258538,0.010744735546666863
590,2023-10-23 00:00:00,1663.69,1705.79,1657.07,1676.78,233870.7357,2023-10-23 11:59:59.999,393560055.902686,464822,115812.3896,194926525.240644,0,0.007861994349942947,0.9850881743778672,0.029608979712138384,1.1100393271225477,0.04544575999600964,1.0166954966323178,0.062086700955179985,1.6330638914067652,1676.78,1676.78,1670.2399999999998,1668.2499699517443,1641.3319999999999,1645.975061164187,1610.757,1623.5979634010039,1663.0858183811358,1589.2720000000002,1515.4581816188645,69.27342337083854,0.01078025896319085
591,2023-10-23 12:00:00,1676.77,1800.0,1663.44,1765.46,377061.2306,2023-10-23 23:59:59.999,650561512.196368,703012,186797.1439,322270959.946209,0,0.05288708119133112,0.6122634132544016,0.061164873474785164,2.2004850356334087,0.0974587860854863,5.891006720966658,0.12921506421736684,3.2400033431439024,1765.46,1765.46,1721.12,1733.0566566505815,1672.688,1685.8033741094582,1630.959,1649.3910609644577,1704.4668667558851,1599.9370000000001,1495.4071332441151,79.0004087413209,0.015331741784287737
592,2023-10-24 00:00:00,1765.47,1850.0,1757.64,1845.68,386851.1661,2023-10-24 11:59:59.999,700470157.6630529,755953,195512.8617,354137815.748759,0,0.04543858257904465,0.025963781756140003,0.1007287777764525,0.6541238686495481,0.13305585227202976,2.1786876170918865,0.18780327700050203,2.6633591593709536,1845.68,1845.68,1805.5699999999997,1808.138885550194,1716.036,1739.095582739639,1660.141,1685.07995897092,1761.6815849623363,1614.8650000000002,1468.0484150376642,83.95009968090375,0.017414784467634496
593,2023-10-24 12:00:00,1845.69,1854.38,1756.21,1784.98,287203.9714,2023-10-24 23:59:59.999,516397666.236172,552579,140447.8996,252533767.590358,0,-0.0328876078193403,-0.2575853543485027,0.011056608475978003,-0.2383094625162453,0.09604804244240306,1.5912249035601742,0.13941924076166412,1.5963689972490682,1784.98,1784.98,1815.33,1792.6996285167313,1747.3200000000002,1754.3903884930928,1681.982,1703.243602794389,1787.9081623209472,1626.367,1464.8258376790527,70.42384160006063,0.019774312812620896
594,2023-10-25 00:00:00,1784.98,1807.01,1760.0,1785.57,164313.1304,2023-10-25 11:59:59.999,293197917.407706,349875,82885.041,147926229.352701,0,0.0003305359163687793,-0.4278869835990018,-0.032567942438559316,-0.5752549176560438,0.07325238925287003,0.39468519255206846,0.1068840467408485,-0.17855136335828958,1785.57,1785.57,1785.2749999999996,1787.9465428389103,1771.694,1764.7835923287287,1699.2239999999997,1718.2120386499546,1810.0091184580906,1637.868,1465.7268815419093,70.47363988313624,0.019775421174559688
595,2023-10-25 12:00:00,1785.58,1817.69,1776.04,1787.15,190097.699,2023-10-25 23:59:59.999,341091598.158073,424902,94771.2617,170094531.387702,0,0.000884871497617068,0.15692336052043232,0.0012156998957972842,-0.3381090864678761,0.06582258853278322,-0.18716765297283833,0.11425970608956981,0.6392353337667545,1787.15,1787.15,1786.3599999999997,1787.415514279637,1793.768,1772.239061552486,1717.55,1730.7462134408718,1829.0041867760003,1649.337,1469.6698132239997,70.61632166550766,0.019783981957947214
596,2023-10-26 00:00:00,1787.15,1865.54,1779.42,1812.32,258046.9438,2023-10-26 11:59:59.999,471403063.410796,514844,130089.7179,237552025.812897,0,0.01408387656324317,0.3574438047248536,0.014981210481807006,0.5704584482799191,0.026542657437721662,-0.3156364991718138,0.12658825869657098,3.715953483791302,1812.32,1812.32,1799.7349999999997,1804.0185047598789,1803.14,1785.599374368324,1737.914,1745.5778109970768,1851.0228440847754,1660.8169999999998,1470.6111559152241,72.86582215834093,0.01974268906731192
597,2023-10-26 12:00:00,1812.32,1825.06,1762.21,1803.38,173122.1015,2023-10-26 23:59:59.999,310078841.548901,386175,86077.0677,154141347.40627,0,-0.004932903681468925,-0.3291061736651345,0.00908149847522588,-0.08929933181358496,-0.02291838238481203,-0.552483961092033,0.10708804498631008,0.42251369132676553,1803.38,1803.38,1807.85,1803.5928349199596,1794.6799999999998,1791.526249578883,1755.3579999999997,1756.0872999066992,1868.684395152618,1671.015,1473.3456048473822,70.79278115394243,0.01989820860532982
598,2023-10-27 00:00:00,1803.39,1803.91,1772.83,1781.33,99547.7139,2023-10-27 11:59:59.999,177901670.201505,256962,49737.9223,88888729.910423,0,-0.012227040335370365,-0.4249855273389227,-0.017099629204555544,-0.6142263402384849,-0.0020448408385528305,-0.6533901902026414,0.09380679864420105,-0.10185602903482927,1781.33,1781.33,1792.3549999999998,1788.75094497332,1793.95,1788.1274997192554,1770.6349999999998,1760.6768817418447,1879.9072164738006,1680.8605,1481.8137835261994,65.81895327024964,0.020025410883677007
599,2023-10-27 12:00:00,1781.34,1796.84,1744.66,1779.4,174984.9782,2023-10-27 23:59:59.999,310497225.016032,337630,87525.5459,155361219.607653,0,-0.0010834601112650333,0.7578000673705074,-0.013297252936153248,0.010760478782658733,-0.0034554792027194914,0.06494823495858615,0.0695437879425378,0.4852675341312014,1779.4,1779.4,1780.3649999999998,1782.5169816577734,1792.716,1785.2183331461704,1782.205,1764.0810850615092,1887.5843457681522,1691.58,1495.5756542318477,65.38592183152491,0.019639911723570155
600,2023-10-28 00:00:00,1779.41,1803.23,1778.87,1787.86,69431.1811,2023-10-28 11:59:59.999,124238566.698881,180900,34318.1831,61402655.608795,0,0.004754411599415365,-0.6032163342578855,0.003665800272829811,-0.30253364562699414,0.00039728058640831065,-0.6347605391057363,0.06624601915576278,-0.7031215517743805,1787.86,1787.86,1783.6299999999997,1786.0789938859243,1792.8580000000002,1786.0988887641136,1793.313,1768.4045241412346,1895.138010489224,1702.0350000000003,1508.9319895107767,66.42856592524637,0.019637204980530787
601,2023-10-28 12:00:00,1787.87,1791.71,1770.0,1776.2,53488.5571,2023-10-28 23:59:59.999,95350030.942169,152811,25272.2712,45057899.850564,0,-0.0065217634490395415,-0.22961764076918467,-0.0017983589974148728,-0.6943248634813386,-0.019930255142579623,-0.7927177268123103,0.006083400360246127,-0.8581435778616482,1776.2,1776.2,1782.0299999999997,1779.4929979619747,1785.634,1782.7992591760758,1794.387,1769.8218833882827,1897.3199039112246,1712.673,1528.0260960887754,63.5857045946165,0.01951219511696456
602,2023-10-29 00:00:00,1776.21,1793.01,1762.66,1788.66,55171.505,2023-10-29 11:59:59.999,98244068.637302,159869,28264.631,50338277.255328,0,0.0070149757910145105,0.03146369973775198,0.00044746232926518026,-0.20537856153508538,-0.008162450509598629,-0.6813144912060809,-0.030893762732434604,-0.8573831234471753,1788.66,1788.66,1782.4299999999998,1785.6043326539916,1782.6899999999998,1784.7528394507174,1788.685,1773.246995499504,1896.6153802506828,1724.413,1552.2106197493172,65.29492459804752,0.01928172783034814
603,2023-10-29 12:00:00,1788.65,1811.3,1786.01,1795.14,88939.1458,2023-10-29 23:59:59.999,159771344.294252,211155,40018.3469,71902106.472897,0,0.0036228237898763282,0.612048571087557,0.010663213602071897,0.6627695832909279,0.007752634267653935,-0.10656767176649351,0.00569194052594435,-0.690327590644173,1795.14,1795.14,1791.8999999999999,1791.9614442179973,1785.452,1788.2152263004784,1789.7009999999998,1777.2275417723215,1894.4252207628845,1735.8415,1577.2577792371155,66.18390294721313,0.01929689559496615
604,2023-10-30 00:00:00,1795.14,1827.45,1777.77,1814.92,155770.312,2023-10-30 11:59:59.999,280866104.127847,272737,77552.8254,139931856.812254,0,0.011018639214768644,0.7514257709455088,0.014681381592924314,1.82338341141863,0.019961784871304955,-0.10980751832330715,0.016437328136113427,-0.051991087865002394,1814.92,1814.92,1805.0299999999997,1807.2671480726658,1792.556,1797.1168175336525,1792.636,1784.0807159955357,1897.5272498431298,1745.9299999999998,1594.33275015687,68.81021617529404,0.018577175069252837
605,2023-10-30 12:00:00,1814.93,1829.84,1777.77,1809.04,121915.88,2023-10-30 23:59:59.999,220361925.189758,287622,57342.8226,103644462.997067,0,-0.003239812223128302,-0.21733558574370704,0.007743128669630117,0.370778625130443,0.011846565167294987,0.755924039725143,0.012248552164060067,-0.3586672503595112,1809.04,1809.04,1811.9799999999998,1808.4490493575554,1796.7920000000001,1801.0912116891018,1794.825,1788.6187676327108,1895.192402917128,1756.1875,1617.182597082872,67.14087255013382,0.01850175831849804
606,2023-10-31 00:00:00,1809.03,1819.41,1780.99,1809.41,126160.1695,2023-10-31 11:59:59.999,227209999.064653,268445,56816.4777,102319599.713742,0,0.00020452836863760204,0.034813262226381037,-0.0030359464879994302,-0.19008848425494584,0.018697218781668745,1.3586384890535776,-0.0016056767016862095,-0.5110960523609969,1809.41,1809.41,1809.225,1809.089683119185,1803.434,1803.864141126068,1794.534,1792.3989916994906,1889.2454294178046,1766.2239999999997,1643.2025705821948,67.19480430290264,0.018537584477816598
607,2023-10-31 12:00:00,1809.42,1817.67,1781.36,1814.67,131914.4101,2023-10-31 23:59:59.999,237485559.930601,309443,63296.4377,113964676.174174,0,0.002907024941831926,0.04561059661543965,0.003112147879538396,0.08201171250209582,0.014541612156586448,1.3909880671190682,0.006260466457429947,-0.23802675130997053,1814.67,1814.67,1812.04,1812.8098943730618,1808.636,1807.4660940840454,1795.663,1796.4482659359467,1882.6988362078164,1775.5105000000003,1668.3221637921843,67.99892597305643,0.018484277915556558
608,2023-11-01 00:00:00,1814.67,1829.0,1792.46,1799.79,117008.1466,2023-11-01 11:59:59.999,211575920.115511,257968,52628.016,95212766.222925,0,-0.008199837987072134,-0.11299950845931128,-0.005316650178787574,-0.0725428868419522,0.002590327216818622,0.31559782306791617,0.010363043344018275,0.17539762608250098,1799.79,1799.79,1807.2299999999998,1804.1299647910205,1809.566,1804.9073960560304,1797.509,1797.0558539475926,1867.709020654729,1784.0719999999997,1700.4349793452702,63.27388575325801,0.01870055951410338
609,2023-11-01 12:00:00,1799.79,1857.66,1783.19,1846.99,354913.4718,2023-11-01 23:59:59.999,647168735.195997,604448,182304.8834,332617611.396306,0,0.026225281838436754,2.0332372754633483,0.017810400789124214,1.690482954295529,0.017670200339408915,1.2784410408062867,0.037984713948521875,1.028251084469375,1846.99,1846.99,1823.3899999999999,1832.7033215970068,1815.9800000000002,1818.9349307040204,1804.268,1806.1347895934848,1860.7127939927757,1793.2365000000002,1725.7602060072247,70.31923199886964,0.01894244407049136
610,2023-11-02 00:00:00,1846.99,1875.0,1820.53,1835.97,196368.3315,2023-11-02 11:59:59.999,362543107.701142,389482,100465.0207,185545388.40992,0,-0.005966464355518952,-0.44671491193589574,0.02010234527361532,0.6782449530740624,0.01488634856056259,0.610687069641789,0.02690926582618336,1.8282441460584629,1835.97,1835.97,1841.4799999999998,1834.8811071990024,1821.366,1824.6132871360137,1809.0790000000002,1811.5593733037601,1845.3824551191803,1801.1960000000004,1757.0095448808204,67.08353689298144,0.019099845667142443
611,2023-11-02 12:00:00,1835.97,1842.45,1785.01,1800.8,172369.8878,2023-11-02 23:59:59.999,311979046.064447,400628,85158.8283,154150998.905651,0,-0.019156086428427477,-0.1222113744954848,-0.025008256677080065,-0.5143326430360653,-0.0047584571766488,0.3662781881408299,0.013849791690125013,2.2225563213033466,1800.8,1800.8,1818.3849999999998,1812.1603690663342,1819.6439999999998,1816.6755247573426,1811.539,1809.6031236121673,1844.0065461918107,1802.9630000000002,1761.9194538081897,57.9230173140942,0.016093714788041356
612,2023-11-03 00:00:00,1800.79,1804.46,1777.11,1789.65,137081.1043,2023-11-03 11:59:59.999,245635364.835751,349458,64122.0005,114925334.101132,0,-0.006191692581074992,-0.20472707820605773,-0.025229170411281143,-0.30191847507753555,-0.013787630808907436,0.039167018948750965,0.0005534869678978094,1.4846359420501583,1789.65,1789.65,1795.225,1797.1534563554446,1814.64,1807.6670165048952,1811.6380000000001,1805.9752829554095,1836.5438838003963,1800.1615000000002,1763.779116199604,55.34282168224995,0.012304293340675017
613,2023-11-03 12:00:00,1789.65,1834.58,1784.78,1832.71,177919.1635,2023-11-03 23:59:59.999,322609112.681952,364134,84548.1441,153288648.207645,0,0.024060570502612233,0.29791165900317296,0.01771990226565978,0.03219399728587624,0.018291022841553817,0.5205707352004156,0.02092872979266236,1.0004595490504475,1832.71,1832.71,1811.1799999999998,1820.8578187851483,1821.2239999999997,1816.0146776699303,1815.395,1810.8361405998805,1840.8452806345213,1802.548,1764.2507193654787,62.32293352727326,0.011189461093640473
614,2023-11-04 00:00:00,1832.7,1847.58,1824.03,1837.49,95782.3568,2023-11-04 11:59:59.999,175804159.539047,248708,51361.6522,94285472.684912,0,0.002608159501503282,-0.4616523879958552,0.026731483809683487,-0.30127235778330397,-0.0051435037547576945,-0.7301247644553346,0.012435809842858081,-0.38510518743777067,1837.49,1837.49,1835.1,1831.9459395950496,1819.324,1823.1731184466203,1817.652,1815.6822968544477,1845.4709514840783,1805.1439999999998,1764.8170485159212,63.014042487996925,0.011189814443392882
615,2023-11-04 12:00:00,1837.49,1869.9,1828.06,1855.54,75755.6796,2023-11-04 23:59:59.999,139756323.163469,215086,39603.2306,73097454.023325,0,0.009823182711198308,-0.20908524146902174,0.012456962640024827,-0.574212928446013,0.010659215564524427,-0.6142164114685671,0.025704240923362764,-0.3786233622724128,1855.54,1855.54,1846.5149999999999,1847.6753131983498,1823.238,1833.9620789644136,1822.3020000000001,1822.9291519718208,1853.5377776595594,1808.5634999999997,1763.58922234044,65.58145659179857,0.011341699949318591
616,2023-11-05 00:00:00,1855.54,1896.55,1846.11,1887.88,171403.6719,2023-11-05 11:59:59.999,321911078.168705,344746,91227.4243,171335750.717746,0,0.017428888625413697,1.2625850999559902,0.0274232784940327,0.7895119479874815,0.048356286095069034,-0.005605479659655521,0.043367727601814954,0.3586195435477755,1887.88,1887.88,1871.7099999999998,1874.4784377327833,1840.654,1851.9347193096091,1830.1490000000001,1834.7383970678534,1869.095281292519,1812.3415,1755.587718707481,69.64691388244646,0.011552898925950818
617,2023-11-05 12:00:00,1887.88,1912.67,1855.45,1891.71,211703.0909,2023-11-05 23:59:59.999,399597330.77528703,435926,103532.7605,195489302.408759,0,0.0020287306396593596,0.23511409384223358,0.019492977785442456,1.7945507454730825,0.057027910485290434,0.5443637690333372,0.04245399990080845,0.6048518940388303,1891.71,1891.71,1889.7949999999998,1885.9661459109277,1861.066,1865.1931462064063,1837.8529999999998,1845.0968703282435,1882.9907703180158,1816.7580000000003,1750.5252296819847,70.0973876323319,0.011433874190429093
618,2023-11-06 00:00:00,1891.71,1899.98,1868.48,1898.71,133315.5834,2023-11-06 11:59:59.999,251170507.190514,302581,64375.3043,121310413.00042,0,0.003700355762775498,-0.37027096376701985,0.005736593427548398,-0.22221279204695954,0.03601224416301552,-0.2506957610555537,0.05496196778513052,0.13937009750054452,1898.71,1898.71,1895.2099999999998,1894.4620486369759,1874.266,1876.365430804271,1847.7450000000001,1854.8447120867447,1895.7104909127834,1822.627,1749.5435090872165,70.94608953900216,0.010899596782755615
619,2023-11-06 12:00:00,1898.72,1914.23,1881.72,1900.95,195430.656,2023-11-06 23:59:59.999,371028429.966178,414712,99172.1533,188272978.106541,0,0.0011797483554623067,0.46592507054205323,0.004884469606863728,-0.07686441813778933,0.03453624237410824,1.0403617381024812,0.029215101327024096,-0.44935689533326983,1900.95,1900.95,1899.83,1898.7873495456586,1886.958,1884.5602872028473,1853.141,1863.2274917073364,1906.464620749641,1828.7044999999998,1750.9443792503587,71.22751159542337,0.010863907523212313
620,2023-11-07 00:00:00,1900.95,1903.84,1867.01,1873.39,143643.1655,2023-11-07 11:59:59.999,270796723.100876,351646,64847.3931,122265715.358994,0,-0.014498014150819305,-0.26499164235523,-0.013335369803708752,0.0774671785294081,0.009619841124416606,0.8961372435499873,0.02038159664918271,-0.26850136983518647,1873.39,1873.39,1887.1699999999998,1881.8557831818864,1890.5280000000002,1880.8368581352318,1856.8829999999998,1865.0752204878206,1910.693204421176,1832.9809999999998,1755.2687955788235,63.12580772729216,0.011564675039637203
621,2023-11-07 12:00:00,1873.4,1906.99,1850.32,1885.27,188776.2751,2023-11-07 23:59:59.999,354769594.326169,409275,92202.7063,173333378.913124,0,0.006341445187600936,0.31420297264334507,-0.008248507325284704,-0.0340498314655403,-0.0013825031251987197,0.10135490685482806,0.04690693025322079,0.0951812843263915,1885.27,1885.27,1879.33,1884.1319277272955,1890.006,1882.3145720901546,1865.33,1868.7469985809441,1914.7380751390365,1838.4345,1762.1309248609637,64.9751883870958,0.0113987375801403
622,2023-11-08 00:00:00,1885.26,1893.0,1872.51,1880.89,91172.8925,2023-11-08 11:59:59.999,171615325.88531,207544,47088.4781,88644719.717047,0,-0.0023232746503152324,-0.5170320399017132,0.004003437618435024,-0.365282071147339,-0.005719692764747153,-0.5693360351405243,0.050982035593551744,-0.3348981760427794,1880.89,1880.89,1883.08,1881.9706425757654,1887.842,1881.83971472677,1874.4540000000002,1870.9548170207725,1917.8936157001576,1843.0459999999998,1768.198384299842,63.706571803492956,0.011418826312310436
623,2023-11-08 12:00:00,1880.88,1904.69,1880.0,1888.12,156708.2072,2023-11-08 23:59:59.999,296529250.856144,307292,78583.1416,148701709.887809,0,0.003843924950422295,0.7188026276560218,0.001511719806712053,-0.16987340110939608,-0.005577471019797775,0.1754680375947708,0.030233915895040653,-0.1192168166865285,1888.12,1888.12,1884.5049999999997,1886.0702141919217,1885.7240000000002,1883.93314315118,1879.9950000000001,1874.075759380632,1921.6074407660744,1847.6950000000002,1773.782559233926,64.92399569884907,0.011419997335484251
624,2023-11-09 00:00:00,1888.11,1929.27,1882.07,1913.09,241874.365,2023-11-09 11:59:59.999,462920803.673848,409602,131454.5442,251612414.448841,0,0.013224795034213921,0.5434696709362903,0.017119555104232465,1.6529197261126707,0.006386280543938527,0.2376480228362945,0.04114308105078113,1.525249671033361,1913.09,1913.09,1900.6049999999996,1904.0834047306405,1888.152,1893.6520954341202,1887.5550000000003,1881.1692576750625,1930.1092190857444,1852.6035,1775.0977809142555,68.81470365390588,0.011515950108719824
625,2023-11-09 12:00:00,1913.09,2132.0,1907.15,2121.32,858455.9587,2023-11-09 23:59:59.999,1737563575.256002,1247777,444729.8674,899713740.246536,0,0.10884485309107261,2.549181240021033,0.12350909899794527,4.4780536006285185,0.13234297183181298,4.976309110926687,0.14323593131918488,10.331902284195202,2121.32,2121.32,2017.205,2048.90780157688,1937.738,1969.5413969560802,1914.1330000000003,1924.8330290068693,2006.3989179801251,1868.2175,1730.0360820198748,84.37733587596372,0.026280880174494457
626,2023-11-10 00:00:00,2121.33,2136.99,2082.27,2097.07,337620.4588,2023-11-10 11:59:59.999,712271517.483341,508715,166523.6035,351345625.850314,0,-0.011431561480587549,-0.606711963056003,0.09616902498052893,0.3958505226463336,0.1123446508988104,0.7884686972510351,0.11080683094264465,0.9697387754736895,2097.07,2097.07,2109.1949999999997,2081.01593385896,1980.098,2012.0509313040536,1935.0520000000001,1956.148841914711,2050.0807987189773,1882.6005,1715.120201281023,79.40743772509967,0.026596533934858908
627,2023-11-10 12:00:00,2097.07,2103.57,2064.61,2077.72,217953.1907,2023-11-10 23:59:59.999,454949003.34492,371931,104273.215,217686643.619815,0,-0.009227159799148454,-0.35444317718580154,-0.020553240435200903,-0.7461102244196001,0.10464726804863633,1.3905481632054175,0.09832902506198082,0.029522950153582306,2077.72,2077.72,2087.395,2078.8186446196532,2019.464,2033.9406208693692,1953.6529999999998,1978.2526888393088,2080.2770112397234,1895.753,1711.2289887602765,75.58189240617878,0.026849362445360705
628,2023-11-11 00:00:00,2077.72,2084.95,2030.3,2057.51,191418.5778,2023-11-11 11:59:59.999,393009986.483229,342807,91180.5604,187227352.080015,0,-0.009727008451571706,-0.12174454897759845,-0.01886441558936991,-0.43303620141872756,0.08971357752685227,0.2214968266193016,0.08363573162831606,0.4358304777144304,2057.51,2057.51,2067.615,2064.6128815398847,2053.3419999999996,2041.7970805795796,1969.5330000000001,1992.6631090503436,2100.410219623794,1908.6390000000004,1716.8677803762066,71.69679477574749,0.026897340706081758
629,2023-11-11 12:00:00,2057.51,2089.6,2032.37,2053.17,179547.4594,2023-11-11 23:59:59.999,370786750.926146,332715,85894.6183,177425298.602349,0,-0.0021093457625965817,-0.06201654268063428,-0.011815836590108209,-0.1762109156404289,0.07322185574123541,-0.2576829735553001,0.08007575159788538,-0.08127279990299985,2053.17,2053.17,2055.34,2056.984293846628,2081.358,2045.58805371972,1984.7550000000003,2003.664361950281,2118.369214779163,1918.9479999999999,1719.5267852208367,70.85450842298756,0.026577921828563784
630,2023-11-12 00:00:00,2053.16,2060.0,2012.1,2047.52,142179.2259,2023-11-12 11:59:59.999,290657800.22508,288168,71129.7404,145422132.782129,0,-0.002751842273167826,-0.20812454614994125,-0.00485538344892622,-0.25723392403138,-0.03478965926875732,-0.834377961432863,0.09294914566641221,-0.010191501940967851,2047.52,2047.52,2050.3450000000003,2050.6747646155427,2066.598,2046.2320358131467,2002.1680000000001,2011.638114322957,2132.627368575838,1929.5254999999997,1726.4236314241616,69.70641774798291,0.02651379002552608
631,2023-11-12 12:00:00,2047.52,2066.5,2030.0,2044.68,139728.3331,2023-11-12 23:59:59.999,286495659.29063,268063,71190.9668,146007993.683555,0,-0.0013870438383996042,-0.017238051371329055,-0.00413506918569817,-0.22177493590310304,-0.02498247554921873,-0.5861378377464608,0.08455552785542664,-0.25982047783291606,2044.68,2044.68,2046.1,2046.6782548718475,2056.12,2045.714690542098,2018.109,2017.6457299006013,2141.70363781847,1941.7195,1741.73536218153,69.10031908131617,0.025925286699189344
632,2023-11-13 00:00:00,2044.69,2074.4,2028.49,2046.73,210029.5119,2023-11-13 11:59:59.999,430865600.972558,366570,103936.4117,213250951.599759,0,0.0010026018741318143,0.5031275850810248,-0.00038583261701963245,0.4772165945517364,-0.014915388021484954,-0.03635495665170818,0.08817102541881772,1.3036398883582638,2046.73,2046.73,2045.705,2046.7127516239493,2049.922,2046.0531270280655,2034.693,2022.9337790095828,2146.7015004866457,1954.5735,1762.4454995133542,69.30777182668085,0.025786951575336916
633,2023-11-13 12:00:00,2046.73,2118.0,2039.16,2053.65,319114.0696,2023-11-13 23:59:59.999,662996853.348816,658679,158027.3242,328371341.489962,0,0.00338100286798948,0.519377285188082,0.0043869945419332534,1.2838179095117255,-0.0018760540653508517,0.6671008282875248,0.08766921593966504,1.0363583714076205,2053.65,2053.65,2050.19,2051.3375838746497,2049.15,2048.5854180187102,2051.246,2028.518546462386,2153.8175025770774,1965.6205000000002,1777.423497422923,70.03900903533287,0.025480982969395015
634,2023-11-14 00:00:00,2053.65,2064.96,2026.41,2031.84,147289.1457,2023-11-14 11:59:59.999,301708493.895775,321767,69880.2648,143207771.070185,0,-0.010620115404280317,-0.5384435857540767,-0.007275019176931075,-0.2987216683618833,-0.010388813395870833,-0.1796645511320446,0.062072354149569575,-0.3910510289091612,2031.84,2031.84,2042.745,2038.3391946248832,2044.884,2043.0036120124737,2063.121,2029.1224471055884,2155.986586996955,1975.3380000000002,1794.6894130030455,64.7989956870706,0.025743921861916937
635,2023-11-14 12:00:00,2031.85,2055.9,1936.6,1979.39,334620.5873,2023-11-14 23:59:59.999,670323934.430798,562720,157817.1338,316298087.089971,0,-0.025814040475627964,1.2718618246422486,-0.036160007791006255,0.04859239744407695,-0.03327440025005857,1.3535125133917334,-0.06690645447174404,-0.6102064597387947,1979.39,1979.39,2005.615,1999.0397315416278,2031.2580000000003,2021.7990746749826,2048.928,2020.0801839954813,2153.6162209038453,1981.5305,1809.4447790961547,54.28136998958611,0.026634905085886562
636,2023-11-15 00:00:00,1979.4,2014.46,1967.01,2013.15,184662.2764,2023-11-15 11:59:59.999,366484578.16825104,269551,96478.6719,191499480.074259,0,0.01705575960270589,-0.448144306093028,-0.009198558941648893,0.2537398836987077,-0.015420505898233405,0.3215807581977088,-0.04001773903589301,-0.4530477298196244,2013.15,2013.15,1996.27,2008.4465771805426,2024.952,2018.9160497833218,2040.536,2018.8201505417574,2154.8342494490357,1987.7939999999999,1820.7537505509642,58.90497106004978,0.026624803913726305
637,2023-11-15 12:00:00,2013.16,2062.4,2001.83,2058.48,237208.5268,2023-11-15 23:59:59.999,481461421.49574894,462194,117792.1336,239150312.068873,0,0.022516951046866795,0.2845532472814247,0.0399567543536139,-0.29111197636105524,0.005740864696369252,0.12940569472418018,-0.0092601505496408,0.08834619965029034,2058.48,2058.48,2035.815,2041.8021923935141,2027.3020000000001,2032.1040331888812,2038.6119999999999,2026.0310322614378,2159.769897055184,1996.1325000000002,1832.4951029448162,64.14785512978585,0.026955862997037488
638,2023-11-16 00:00:00,2058.49,2090.4,2036.07,2068.61,198639.1854,2023-11-16 11:59:59.999,409182348.902174,381228,98490.2002,203002535.136351,0,0.004921106836112132,-0.16259677474629464,0.027548866204704092,0.07568903228358548,0.007284590850437089,-0.3775292150265004,0.005394870498806714,0.03772156121410686,2068.61,2068.61,2063.545,2059.6740641311712,2030.2940000000003,2044.2726887925876,2039.7220000000002,2033.7726627593581,2164.7552818337463,2004.6275,1844.499718166254,65.21585382294326,0.026955195865366762
639,2023-11-16 12:00:00,2068.61,2069.2,1939.1,1961.77,346646.9443,2023-11-16 23:59:59.999,691992198.406435,610445,159759.0404,318813346.777658,0,-0.051648208217112024,0.7451085675867859,-0.04698126773153011,0.4613595429150483,-0.03448598314827933,1.3535131706585761,-0.04451652810044959,0.930670283268848,1961.77,1961.77,2015.19,1994.4046880437238,2016.28,2016.7717925283919,2030.5820000000003,2020.6812695303838,2162.010535916972,2007.6685000000002,1853.3264640830287,48.72859131905173,0.029753306520434463
640,2023-11-17 00:00:00,1961.77,1991.5,1954.64,1965.68,158183.4685,2023-11-17 11:59:59.999,312503957.498804,325021,73597.8498,145407129.267015,0,0.001993098069600352,-0.5436755722182202,-0.049758050091607386,-0.20366433147887852,-0.006926376307852422,-0.5272751453329363,-0.03997030554036096,0.11256386085022285,1965.68,1965.68,1963.725,1975.2548960145748,2013.538,1999.741195018928,2022.3980000000004,2010.6810387066776,2155.400969954844,2012.2830000000001,1869.165030045156,49.234407120189374,0.02950005498986242
641,2023-11-17 12:00:00,1965.69,1970.86,1904.0,1960.82,242917.0384,2023-11-17 23:59:59.999,471057900.51308495,463050,116486.4543,225905418.688397,0,-0.0024724268446543185,0.5356664049884581,-0.00048425656422523833,-0.29923790647993886,-0.025994088865708087,0.31546649990284625,-0.041013752763268685,0.7384952143252901,1960.82,1960.82,1963.25,1965.6316320048581,2003.0720000000001,1986.7674633459521,2014.0120000000002,2001.6153953054634,2149.210426545213,2016.0605,1882.910573454787,48.59270654753244,0.029510265673539995
642,2023-11-18 00:00:00,1960.82,1961.39,1916.0,1934.92,143576.4771,2023-11-18 11:59:59.999,278449331.175957,278861,56158.0958,108918562.880973,0,-0.013208759600575215,-0.40894851161663104,-0.015648528753408497,-0.09234208567123436,-0.060024872721619826,-0.3947246372764034,-0.0546286026979621,-0.3163985584637261,1934.92,1934.92,1947.87,1945.157210668286,1978.3600000000001,1969.4849755639682,2002.8310000000001,1989.488959795379,2142.706559638556,2018.762,1894.817440361444,45.21085446959394,0.029701024964400153
643,2023-11-18 12:00:00,1934.93,1971.22,1930.67,1962.6,135791.7437,2023-11-18 23:59:59.999,265475064.557071,256633,69636.8936,136101867.116037,0,0.014305501002625398,-0.05422011709186869,0.0009077834783406402,-0.4409953925241006,-0.05124697260479272,-0.31638994880815696,-0.0443356949821051,-0.5744727148188392,1962.6,1962.6,1948.76,1956.7857368894286,1957.1580000000001,1967.1899837093122,1993.726,1984.600058014401,2134.397343374993,2022.486,1910.5746566250075,49.27402393243472,0.029830397837160762
644,2023-11-19 00:00:00,1962.59,1966.72,1942.89,1952.03,106781.2597,2023-11-19 11:59:59.999,208724233.053992,213442,50701.9435,99146027.825582,0,-0.005385712829919509,-0.21363952777638573,0.008842742852417596,-0.2562760846567672,-0.004964904142687465,-0.6919596106187282,-0.03927966769036928,-0.27502288649638085,1952.03,1952.03,1957.315,1953.6152456298096,1955.2099999999998,1962.1366558062082,1985.7450000000001,1978.6782292845098,2129.82891151461,2024.4330000000002,1919.0370884853903,47.81576351286464,0.02976325889072249
645,2023-11-19 12:00:00,1952.03,2015.75,1945.21,2011.47,144351.3595,2023-11-19 23:59:59.999,285876401.837154,293189,75442.4982,149498840.632381,0,0.030450351685168853,0.351841698679642,0.024900642005502904,0.06303487654529616,0.023294737698913437,-0.08744345493979355,0.016207013271765547,-0.5686118398609361,2011.47,2011.47,1981.75,1992.1850818766034,1964.368,1978.5811038708057,1988.953,1984.6403694145988,2114.5638112739543,2018.9405,1923.3171887260457,55.74711418691016,0.01750982377137992
646,2023-11-20 00:00:00,2011.47,2042.15,1993.55,2024.41,168752.7251,2023-11-20 11:59:59.999,340136498.607518,300904,81611.6262,164502259.247874,0,0.00643310613630832,0.16904146718479662,0.03707934816575564,0.5803590028260364,0.03243030976836225,-0.3053071690174203,0.005593224548593012,-0.08615485311974624,2024.41,2024.41,2017.94,2013.6683606255344,1977.086,1993.8574025805372,1990.0790000000002,1991.871211339217,2104.0552449572415,2015.3075000000001,1926.5597550427588,57.26970724581501,0.017486288056299502
647,2023-11-20 12:00:00,2024.41,2066.4,1990.0,2021.4,252964.9539,2023-11-20 23:59:59.999,513866258.843654,450717,121146.9633,246186583.231949,0,-0.0014868529596276936,0.4990273712622848,0.004936688093782227,0.75242515745063,0.0446943542885494,0.7618829978939496,-0.01801329136061558,0.06642437062679818,2021.4,2021.4,2022.9050000000002,2018.822786875178,1994.382,2003.0382683870248,1986.3709999999999,1997.240082004814,2096.5914553566804,2012.4915,1928.3915446433198,56.78031515104992,0.017394350122645414
648,2023-11-21 00:00:00,2021.41,2034.6,2001.71,2004.01,124436.4664,2023-11-21 11:59:59.999,250723095.390142,242433,57614.6424,116108759.161616,0,-0.008602948451568282,-0.5080881186047961,-0.010077010091829264,-0.2626106255394628,0.021099561805767886,-0.08362273721947933,-0.031228699464858067,-0.3735552924795673,2004.01,2004.01,2012.705,2008.9475956250594,2002.664,2003.3621789246833,1979.911,1998.4709761857569,2091.38385922534,2009.8165000000001,1928.2491407746602,53.91382846420291,0.017367237060262657
649,2023-11-21 12:00:00,2004.0,2020.63,1931.43,1933.01,365727.5199,2023-11-21 23:59:59.999,723581047.007032,646431,170843.0221,338060870.09868,0,-0.03542896492532477,1.9390702780354747,-0.04372711981794797,0.4457635900211552,-0.00974370270948699,2.4250159712247714,-0.014660230302227073,0.05504325341315308,1933.01,1933.01,1968.51,1958.3225318750196,1998.8600000000001,1979.9114526164556,1977.0349999999999,1986.5689805156192,2089.3233661403133,2003.8084999999999,1918.2936338596865,44.12039508689184,0.018984743609297788
650,2023-11-22 00:00:00,1933.01,2029.4,1928.41,2015.13,193864.0579,2023-11-22 11:59:59.999,385241464.24382097,313081,96480.2621,191701151.781238,0,0.04248296697896037,-0.46992214872698723,0.005548874506614343,0.5579360577214205,0.001819564795895623,0.3430012614463809,0.025156688779455427,0.22556459115700855,2015.13,2015.13,1974.0700000000002,1996.1941772916734,1999.592,1991.6509684109706,1981.98,1991.761893149143,2085.530450887273,2002.1890000000003,1918.8475491127274,54.430911496313634,0.021520621328343884
651,2023-11-22 12:00:00,2015.13,2092.46,2011.28,2063.21,272256.453,2023-11-22 23:59:59.999,558535061.4135591,483619,134149.7316,275197230.529776,0,0.023859502860857473,0.40436786451894413,0.06735609231199002,-0.2555756999789286,0.01916607801779291,0.6133455198348081,0.05221794963331683,0.12077956652710453,2063.21,2063.21,2039.17,2040.871392430558,2007.352,2015.5039789406471,1992.2189999999998,2004.7524580311167,2088.7074347777334,2003.1155000000003,1917.5235652222673,59.17990233762338,0.022200229602408434
652,2023-11-23 00:00:00,2063.22,2088.94,2041.5,2062.61,144831.861,2023-11-23 11:59:59.999,299078195.543493,277866,72948.9308,150662519.956045,0,-0.0002908089821200832,-0.4680314850057934,0.02356175532099658,-0.252920512606272,0.020386860591669054,-0.42746274230044634,0.06599239245033384,0.008743660001670372,2062.61,2062.61,2062.91,2055.3637974768526,2015.5939999999998,2031.2059859604315,2004.988,2015.272011116368,2091.3791046578226,2003.9095000000002,1916.439895342178,59.097133114625294,0.022201144787201404
653,2023-11-23 12:00:00,2062.6,2077.31,2040.35,2062.2,106128.8348,2023-11-23 23:59:59.999,218404117.908763,250011,52265.9861,107577961.091054,0,-0.00019877727733319528,-0.2672272933094466,-0.000489528453235577,-0.610187991393541,0.029036781253586552,-0.1471243288213463,0.05074900642005509,-0.21844412695320592,2062.2,2062.2,2062.4049999999997,2059.9212658256174,2027.232,2041.537323973621,2014.9479999999999,2023.8043727315737,2092.8521609838435,2004.337,1915.8218390161567,59.036371182046565,0.022192159339205486
654,2023-11-24 00:00:00,2062.21,2127.29,2059.37,2097.01,206964.4663,2023-11-24 11:59:59.999,432413213.916617,316801,108192.1053,226046853.660864,0,0.01688003103481739,0.9501247393323875,0.016677898390873747,0.42899818362480335,0.08484177526241465,-0.43410201573950524,0.07427139951742556,0.9382096341760988,2097.01,2097.01,2079.605,2084.6470886085394,2060.032,2060.028215982414,2029.446,2037.1144867803785,2104.3365792734694,2007.5955000000001,1910.8544207265309,62.55641032327014,0.022322180788551138
655,2023-11-24 12:00:00,2097.01,2133.02,2060.0,2080.84,219968.0739,2023-11-24 23:59:59.999,461957558.60149693,355243,101493.6117,213222763.375919,0,-0.007710978965288717,0.06283014583358937,0.009038890505285835,1.0726513610983317,0.03260831807377196,0.1346511379301938,0.034487215817287975,0.5238379095418217,2080.84,2080.84,2088.925,2082.10902953618,2073.174,2066.96547732161,2036.3829999999998,2045.0645800930367,2113.513211606678,2012.6680000000001,1911.8227883933223,59.97811555699674,0.021494429513362546
656,2023-11-25 00:00:00,2080.84,2090.54,2065.3,2070.6,85788.816,2023-11-25 11:59:59.999,178601453.69377,190744,41173.2495,85737128.521541,0,-0.004921089559985492,-0.6099942392594637,-0.012594122107190908,-0.5854901204361959,0.00358179729644581,-0.684897033459846,0.022816524320666165,-0.4916300406457851,2070.6,2070.6,2075.7200000000003,2074.4363431787265,2074.6519999999996,2068.176984881073,2041.0019999999997,2049.7073837124844,2119.501687656719,2015.5404999999998,1911.5793123432807,58.33832154064455,0.021283874752272343
657,2023-11-25 12:00:00,2070.59,2086.43,2067.47,2083.09,53058.577,2023-11-25 23:59:59.999,110286380.284234,160176,27836.0848,57859828.43199,0,0.006032067999613755,-0.38152104815154464,0.0010812940927702464,-0.7587896458823337,0.009929167414101547,-0.6336539720358907,0.030518452557633413,-0.7902532497803049,2083.09,2083.09,2076.8450000000003,2080.2054477262423,2078.7480000000005,2073.1479899207156,2047.1709999999998,2055.7769503102145,2123.2871906753876,2016.771,1910.254809324612,59.78262151685944,0.020744565476573697
658,2023-11-26 00:00:00,2083.1,2094.99,2067.38,2084.66,74607.8027,2023-11-26 11:59:59.999,155418709.569271,180386,37719.3617,78582295.444417,0,0.0007536880307619231,0.406140287177321,0.006790302327827735,-0.13033182903468454,0.010891281156046873,-0.2970072380366886,0.0402443101581329,-0.40043457630680523,2084.66,2084.66,2083.875,2083.175149242081,2083.2400000000002,2076.9853266138107,2055.236,2061.028413890175,2125.866850354468,2017.5735,1909.280149645532,59.97047660302165,0.020721910743270434
659,2023-11-26 12:00:00,2084.65,2090.0,2036.42,2062.33,166655.1109,2023-11-26 23:59:59.999,343895551.264644,330536,81054.7892,167243921.858339,0,-0.010711578866577698,1.2337490834588003,-0.00996596402459815,2.140964577696835,-0.016537832437613642,-0.19476461887699414,0.0669008437618015,-0.5443189209672596,2062.33,2062.33,2073.495,2069.2783830806934,2076.304,2072.1002177425407,2068.168,2061.265065910143,2129.391711775216,2022.6015,1915.811288224784,55.96633160989851,0.016972914365913274
660,2023-11-27 00:00:00,2062.34,2071.24,2016.84,2024.99,149465.6572,2023-11-27 11:59:59.999,305243451.862154,287807,73350.1919,149808386.049344,0,-0.018105734775714755,-0.10314387363922128,-0.0286233726363051,1.0033515502527992,-0.026840122258318777,-0.3205120427251239,0.004892984571714942,-0.22901821606819894,2024.99,2024.99,2043.6599999999999,2039.7527943602313,2065.134,2056.3968118283606,2069.154,2054.6695993810263,2129.1145838636303,2025.5670000000002,1922.0194161363704,49.95931239385715,0.017596692334405275
661,2023-11-27 12:00:00,2024.99,2029.99,1985.78,2027.5,176607.5726,2023-11-27 23:59:59.999,355429850.877906,334715,86142.0472,173399380.187119,0,0.0012395122938879677,0.18159298870697382,-0.016888664762671368,0.05971891078679192,-0.020815222640780395,1.0586316589332578,-0.017307981252514315,-0.3513190572566519,2027.5,2027.5,2026.245,2031.5842647867437,2056.514,2046.7645412189072,2065.583,2049.7296722208393,2128.0975341934663,2028.9010000000003,1929.7044658065345,50.345126542842515,0.017570661475828874
662,2023-11-28 00:00:00,2027.5,2040.39,1995.15,2028.07,107797.7299,2023-11-28 11:59:59.999,217481777.933156,249318,55924.2932,112846652.166946,0,0.0002811344019728601,-0.38962000149250675,0.0015209951654082676,-0.2787792733165728,-0.026412685001608316,1.0316739723343882,-0.016745773558743626,-0.25570431011723305,2028.07,2028.07,2027.7849999999999,2029.2414215955812,2045.5099999999998,2040.5330274792716,2062.129,2045.7915499988685,2122.927597628853,2033.5585000000003,1944.1894023711477,50.438577652136736,0.017218810492399112
663,2023-11-28 12:00:00,2028.07,2075.0,2019.37,2048.14,175978.198,2023-11-28 23:59:59.999,360922636.025312,357040,90709.272,186012188.495681,0,0.009896108122500635,0.6324851939205818,0.010180024660912501,-0.0035636897712505444,-0.017518444254698617,1.35871037118749,-0.006817961400446104,0.6581563185126009,2048.14,2048.14,2038.105,2041.8404738651936,2038.2059999999997,2043.068684986181,2060.723,2046.218540908165,2121.1971637249726,2037.8355000000004,1954.4738362750281,53.739888769243294,0.01708733958753228
664,2023-11-29 00:00:00,2048.14,2075.7,2038.79,2052.95,125055.2893,2023-11-29 11:59:59.999,257075999.136186,238329,61711.4335,126861201.05298,0,0.0023484722724032014,-0.28937055430014125,0.012267821130434342,0.1600920484690096,-0.004548253674242275,-0.249616236641921,-0.021010867854707627,-0.39576444432384184,2052.95,2052.95,2050.545,2049.2468246217313,2036.33,2046.3624566574542,2056.317,2047.4424425612258,2116.505486383483,2042.8815,1969.257513616517,54.52174848848122,0.016992136506780248
665,2023-11-29 12:00:00,2052.95,2061.8,2019.31,2028.81,129788.4426,2023-11-29 23:59:59.999,264149854.196064,265285,64272.6106,130798815.044315,0,-0.011758688716237531,0.03784848546985842,-0.009437831398244279,-0.26247430605011657,0.0018864290687854446,-0.13165040698058095,-0.02500432517637119,-0.40996690883876485,2028.81,2028.81,2040.8799999999999,2035.6222748739106,2037.0939999999998,2040.5116377716363,2051.114,2044.054725731912,2116.2726309564982,2043.7485000000001,1971.224369043502,49.9581696486861,0.015947995739798264
666,2023-11-30 00:00:00,2028.8,2046.82,2020.85,2045.48,119767.1898,2023-11-30 11:59:59.999,243673884.300636,219094,60749.3152,123617787.104721,0,0.008216639310729024,-0.07721221242237175,-0.0036386663094569727,-0.04228609225247704,0.008868064118372487,-0.3218456715258653,-0.012131749251424684,0.3960699702394772,2045.48,2045.48,2037.145,2042.1940916246367,2040.69,2042.1677585144243,2048.602,2044.313866507928,2116.7819570991487,2044.8020000000001,1972.8220429008516,52.890591528238105,0.015987564112881717
667,2023-11-30 12:00:00,2045.47,2054.75,2025.02,2051.96,123912.9023,2023-11-30 23:59:59.999,252686504.365749,239133,62608.6723,127683717.529282,0,0.0031679605764907137,0.034614759742822354,0.01141062987662722,-0.04527013486176157,0.011779672299279564,0.14949454329835565,-0.014944145476191717,1.3353981449596737,2051.96,2051.96,2048.7200000000003,2048.704697208212,2045.468,2045.4318390096164,2045.489,2045.7040725973955,2117.5514276745084,2046.33,1975.1085723254914,54.01856750791956,0.015988874220529647
668,2023-12-01 00:00:00,2051.95,2110.87,2045.04,2093.01,229903.436,2023-12-01 11:59:59.999,480379135.677414,339123,123907.8114,258850810.372458,0,0.020005263260492567,0.8553631763332525,0.023236599722314732,0.9195861269177079,0.021907682092044745,0.30643135691160994,0.004005449329866906,2.0814931907919596,2093.01,2093.01,2072.485,2078.241565736071,2054.442,2061.2912260064113,2046.3239999999998,2054.30515030696,2121.9901801710625,2050.7799999999997,1979.569819828937,60.47492720432415,0.016371760611910736
669,2023-12-01 12:00:00,2093.02,2110.0,2071.0,2087.24,142742.15,2023-12-01 23:59:59.999,298291805.356346,259523,69672.291,145612392.156216,0,-0.00275679523748118,-0.3791212846423052,0.017193317608530156,0.15195550544376202,0.016702793541002015,0.1414323280446803,0.01207857132466672,-0.14348771406325955,2087.24,2087.24,2090.125,2084.2405219120237,2061.3,2069.9408173376078,2048.815,2060.2933047966035,2106.7090545936867,2058.4915,2010.2739454063135,59.21630933820036,0.013843598608979941
670,2023-12-02 00:00:00,2087.24,2107.0,2086.25,2099.15,66014.1611,2023-12-02 11:59:59.999,138471952.671932,169663,35085.3895,73589315.842545,0,0.005706099921427565,-0.5375286059513605,0.0029335741348583966,-0.7128613549733984,0.034670570432913994,-0.49137103599084253,0.036622403073595544,-0.5583322461047593,2099.15,2099.15,2093.1949999999997,2094.180173970675,2075.368,2079.6772115584054,2056.2309999999998,2067.358158469948,2109.6916250449954,2062.6925,2015.6933749550046,61.01967829220595,0.010490236257004038
671,2023-12-02 12:00:00,2099.15,2186.6,2093.39,2164.74,254965.8157,2023-12-02 23:59:59.999,545962446.012313,448738,142422.517,304973353.445889,0,0.031245980515922867,2.8622897186222067,0.03713037312431733,0.7861985103909392,0.05830416332596733,1.128845271612109,0.06768927250308243,0.4436856355954466,2164.74,2164.74,2131.9449999999997,2141.220057990225,2099.2200000000003,2108.03147437227,2069.955,2085.0639478390485,2132.4877703529282,2067.769,2003.0502296470715,69.11828085292758,0.011388337751925246
672,2023-12-03 00:00:00,2164.75,2177.41,2152.92,2159.31,94004.0157,2023-12-03 11:59:59.999,203342984.376533,219786,49701.4362,107517967.502199,0,-0.00250838437872436,-0.6313073756891089,0.02865921920777459,0.4239977322077946,0.05231583461665923,-0.24137023703624438,0.06471177030378628,-0.12795922708943797,2159.31,2159.31,2162.0249999999996,2153.280019330075,2120.6899999999996,2125.12431624818,2083.0789999999997,2098.5632300501306,2148.5357997679166,2072.604,1996.672200232083,67.86128561481351,0.011427319041366523
673,2023-12-03 12:00:00,2159.3,2217.27,2149.0,2192.95,163875.0979,2023-12-03 23:59:59.999,357000835.651976,337162,85504.8717,186361716.88436,0,0.015579050715274656,0.7432776321277941,0.013031588089100765,-0.35726639490832734,0.047749413524063256,-0.2872003100466928,0.07070317458767472,-0.06877613384812598,2192.95,2192.95,2176.13,2179.726673110025,2140.678,2147.732877498787,2097.56,2115.7244609501067,2171.1722877342954,2079.1415,1987.1107122657047,71.3388498453164,0.011780881183732893
674,2023-12-04 00:00:00,2192.96,2274.28,2191.0,2237.52,356587.9507,2023-12-04 11:59:59.999,797733634.419731,581687,175965.83,393516366.884254,0,0.020324220798467962,1.1759739903716024,0.03621990358031035,2.793326785506675,0.07199938674996664,1.498126521843758,0.08990477118293194,1.8514423715782806,2237.52,2237.52,2215.2349999999997,2218.2555577033418,2170.734,2177.6619183325247,2116.0170000000003,2137.8691044137236,2201.167558624708,2086.167,1971.1664413752922,75.1720297805014,0.01201508440420026
675,2023-12-04 12:00:00,2237.53,2255.86,2201.77,2243.37,208719.7627,2023-12-04 23:59:59.999,465336199.78888094,398430,107124.9167,238894572.774036,0,0.0026145017698164796,-0.4146752230683267,0.02299186027953226,0.2736514905233811,0.0687039992377867,2.1617422568443425,0.10575657651529702,0.6081536885627135,2243.37,2243.37,2240.4449999999997,2234.9985192344475,2199.578,2199.564612221683,2137.473,2157.0510854294103,2228.076345428683,2094.2935,1960.5106545713177,75.63267999099047,0.01173489359255686
676,2023-12-05 00:00:00,2243.36,2253.52,2188.33,2204.86,171639.54,2023-12-05 11:59:59.999,380561325.143446,349981,83726.057,185687670.641457,0,-0.017166138443502343,-0.17765554262964856,-0.014596517573027268,-0.5186614139287011,0.018533403549618077,-0.326813519966316,0.07791814146312848,0.43310985493290777,2204.86,2204.86,2224.115,2214.9061730781495,2207.602,2201.3297414811223,2153.411,2165.7436153513354,2242.6056032845718,2101.0065000000004,1959.407396715429,66.84093808138795,0.012509502337208316
677,2023-12-05 12:00:00,2204.86,2309.72,2199.58,2293.33,358190.1814,2023-12-05 23:59:59.999,810036394.049781,668576,188376.4592,425902040.105653,0,0.04012499659842339,1.0868745127142616,0.022270066908267383,0.716129688758026,0.062066122974468785,2.8103710648182445,0.11762899861595733,1.890660897707018,2293.33,2293.33,2249.0950000000003,2267.1887243593833,2234.406,2231.9964943207483,2177.5480000000002,2188.9411398329107,2275.657962077206,2111.5184999999997,1947.3790379227935,74.24717379389847,0.01498983596394172
678,2023-12-06 00:00:00,2293.33,2312.23,2233.72,2253.15,222190.9847,2023-12-06 11:59:59.999,505809585.44370896,450093,106962.561,243592743.274667,0,-0.017520374302869568,-0.3796843234743117,0.02190161733624807,0.2945209751785631,0.027451606283773078,0.35585569465585043,0.07651181790818007,-0.03354648122788384,2253.15,2253.15,2273.24,2257.8295747864613,2246.446,2239.047662880499,2193.562,2200.615478045109,2294.658468015841,2119.9429999999998,1945.2275319841583,66.9349902042032,0.01579290252340509
679,2023-12-06 12:00:00,2253.15,2284.6,2220.0,2232.7,186147.9209,2023-12-06 23:59:59.999,420116582.66563296,392119,94624.0828,213588968.567152,0,-0.00907618223376172,-0.16221658969946495,-0.02643753842665475,-0.48030981705742537,-0.002154170688977164,-0.4779747309616539,0.06969011709242823,0.3040851696573157,2232.7,2232.7,2242.925,2241.07652492882,2245.482,2236.9317752536663,2208.1079999999997,2206.4490274914524,2307.6658862493173,2128.4615000000003,1949.2571137506834,63.50687082284696,0.015716711771246124
680,2023-12-07 00:00:00,2232.7,2269.42,2222.0,2236.05,157531.8527,2023-12-07 11:59:59.999,353955308.655592,319776,82759.9081,186011157.643276,0,0.0015004254937969197,-0.15372757354283195,-0.007589374875174748,-0.291007000519405,-0.0032629481538933858,-0.24524706878655345,0.06521687349641536,1.3863342360946853,2236.05,2236.05,2234.375,2237.725508309607,2244.018,2236.637850169111,2221.798,2211.8310224930065,2317.459269099557,2139.0144999999998,1960.5697309004424,63.833641959491324,0.014846597540783804
681,2023-12-07 12:00:00,2236.04,2382.8,2232.05,2355.73,327658.2082,2023-12-07 23:59:59.999,761434213.867461,602141,170632.5949,396266526.394637,0,0.05352295342232938,1.0799489283223545,0.05510368611994454,0.7602034264783453,0.06842611322260828,0.9089902489834218,0.08822768554191285,0.2851064261317757,2355.73,2355.73,2295.8900000000003,2316.395169436536,2274.192,2276.335233446074,2240.897,2237.9944729488234,2349.5167291345833,2155.426,1961.3352708654168,73.10059107500403,0.01833032040667412
682,2023-12-08 00:00:00,2355.74,2392.0,2345.17,2365.84,183438.3177,2023-12-08 11:59:59.999,433915043.110302,336636,91583.1908,216690311.838905,0,0.004291663306066562,-0.4401534492063428,0.05804431922363085,0.1644522333482341,0.0316177785142131,-0.48787452245892293,0.09564629441812444,0.9513881011787457,2365.84,2365.84,2360.785,2349.3583898121788,2288.6940000000004,2306.170155630716,2261.55,2261.239114230855,2377.5977811969688,2172.3144999999995,1967.0312188030302,73.7133387718311,0.01826686188839744
683,2023-12-08 12:00:00,2365.85,2376.8,2336.34,2358.72,195131.4949,2023-12-08 23:59:59.999,459926877.727018,376795,96851.2202,228255028.539922,0,-0.003009501910526624,0.06374446378822185,0.0012692456266210073,-0.40446633102231555,0.046854403834631464,-0.12178482325255213,0.07559223876513377,0.19073304852622153,2358.72,2358.72,2362.2799999999997,2355.599463270726,2309.808,2323.6867704204774,2278.127,2278.9629116434267,2400.074899587794,2187.8435,1975.612100412206,72.46146771615959,0.018419496333638957
684,2023-12-09 00:00:00,2358.71,2403.0,2348.12,2356.35,157554.0744,2023-12-09 11:59:59.999,373088701.717048,341936,79973.9699,189431558.126555,0,-0.0010047822547821772,-0.19257486096366694,-0.004011260271193473,-0.1411059784266654,0.05538137680834865,-0.15360819697449535,0.053107905180735715,-0.5581620913137602,2356.35,2356.35,2357.535,2356.099821090242,2334.538,2334.5745136136516,2290.0099999999998,2293.033291344622,2417.865281959084,2203.0135,1988.1617180409164,72.02299986314097,0.018481546593306288
685,2023-12-09 12:00:00,2356.35,2369.01,2328.01,2340.49,130216.992,2023-12-09 23:59:59.999,306348757.214206,306877,63155.4563,148627710.733397,0,-0.006730748827636024,-0.17350920630967837,-0.007728768145434772,-0.33267055599234274,0.0467073634310502,-0.1733926201707141,0.04329201157187623,-0.37611565711117967,2340.49,2340.49,2348.42,2345.6932736967474,2355.426,2336.5463424091013,2299.722,2301.661783827418,2425.7216891112516,2218.5975000000003,2011.473310888749,69.01343441594035,0.018244553816255633
686,2023-12-10 00:00:00,2340.48,2358.86,2320.0,2337.65,90382.1784,2023-12-10 11:59:59.999,211723723.218447,226610,44296.4809,103819936.512038,0,-0.001213421121218028,-0.30591102580529583,-0.007936002716064983,-0.4263418528261177,-0.007674903320838977,-0.7241571364974583,0.060226046098164954,-0.4734186633219828,2337.65,2337.65,2339.0699999999997,2340.3310912322495,2351.81,2336.9142282727344,2313.0009999999997,2308.205095858796,2430.405296185339,2233.2059999999997,2036.00670381466,68.46176297145249,0.018341927473825664
687,2023-12-10 12:00:00,2337.65,2377.47,2337.45,2352.39,109655.0318,2023-12-10 23:59:59.999,258137240.728706,237845,54549.7594,128411484.937667,0,0.006305477723354658,0.21323731891817288,0.005084405402287606,-0.15790535385735216,-0.005685084367497484,-0.40222395639643405,0.0257529444083493,-0.6938636582069081,2352.39,2352.39,2345.02,2348.370363744083,2349.12,2342.0728188484895,2318.907,2316.23871479356,2433.3110574409384,2248.2275,2063.1439425590615,69.81061692550786,0.018322141175509742
688,2023-12-11 00:00:00,2352.39,2355.0,2161.0,2249.68,327302.8755,2023-12-11 11:59:59.999,736257089.6289581,604309,156116.2507,351072442.770324,0,-0.04366197781830394,1.9848413714107376,-0.03763180972344027,2.6213209428464053,-0.046228462895129496,0.6773451956985959,-0.0015400661296408602,0.47307000750692474,2249.68,2249.68,2301.035,2282.5767879146943,2327.312,2311.27521256566,2318.56,2304.13713028564,2426.918823455623,2256.0609999999997,2085.203176544376,52.849089611143036,0.021243737512651923
689,2023-12-11 12:00:00,2249.68,2252.16,2156.62,2225.12,313112.0411,2023-12-11 23:59:59.999,690653875.337262,549007,154260.4676,340295328.54726,0,-0.010917108210945492,-0.04335688887035172,-0.05410242349270311,1.8554279357748542,-0.05569206611920985,0.9873306500793353,-0.0033949926098445493,0.6820603721284968,2225.12,2225.12,2237.3999999999996,2244.2722626382315,2301.066,2282.556808377107,2317.802,2289.7703793246146,2416.2313842866633,2262.955,2109.6786157133365,49.73719361639313,0.021454193803364364
690,2023-12-12 00:00:00,2225.11,2244.12,2207.08,2208.39,152380.7878,2023-12-12 11:59:59.999,339690479.705349,353241,74255.0598,165551996.879149,0,-0.007518695620910343,-0.5133346285097562,-0.018353721418157276,-0.5344349249385071,-0.05644117257497361,0.17020663324798657,-0.012370027503857406,-0.032698561032031837,2208.39,2208.39,2216.755,2220.3507542127436,2274.6459999999997,2257.8345389180713,2315.036,2274.973946720139,2404.811165725638,2268.417,2132.0228342743617,47.677724222113135,0.021583447823711806
691,2023-12-12 12:00:00,2208.39,2233.26,2166.0,2203.46,209208.1209,2023-12-12 23:59:59.999,459324647.70962495,450821,100224.0974,220074463.86256,0,-0.00223239554607646,0.3729297762562167,-0.009734306464370346,-0.33184262040825097,-0.05740380296451564,1.314705449719499,-0.06463813764735349,-0.3615050205844347,2203.46,2203.46,2205.925,2209.090251404248,2247.808,2239.7096926120475,2299.809,2261.971410952841,2401.81582502667,2270.353,2138.89017497333,47.05934399289407,0.020530377508737548
692,2023-12-13 00:00:00,2203.47,2206.89,2144.32,2171.64,200482.5911,2023-12-13 11:59:59.999,435535416.27616704,382714,95715.8794,207979658.498942,0,-0.014440924727474158,-0.04170741442762038,-0.016641082417507724,0.3156684250978783,-0.07683674900845527,0.8283027035700516,-0.08208500997531543,0.09291555664980877,2171.64,2171.64,2187.55,2184.123417134749,2211.6580000000004,2217.0197950746983,2280.389,2245.547518052324,2400.444191654365,2270.9695,2141.494808345635,43.167668570037875,0.0208117610153117
693,2023-12-13 12:00:00,2171.65,2284.02,2169.07,2260.16,218434.0243,2023-12-13 23:59:59.999,486884857.671086,514305,112420.3326,250537438.940595,0,0.040761820559577,0.08954110729268194,0.025732257449647244,0.044099164794897616,0.004658440311511081,-0.33262418191006704,-0.04178537511870839,0.11941962219856905,2260.16,2260.16,2215.8999999999996,2234.81447237825,2213.754,2231.3998633831325,2270.533,2248.2043329519015,2398.9272893765865,2274.33,2149.7327106234134,54.45221105116603,0.02246864827610735
694,2023-12-14 00:00:00,2260.16,2308.0,2245.97,2307.35,176089.414,2023-12-14 11:59:59.999,400246816.111786,376160,86160.5213,195899746.721755,0,0.020879052810420573,-0.1938553777768769,0.062491941574109866,-0.12167229566497761,0.03695531027540078,-0.43761532331565134,-0.020794873427122496,0.11764430510976354,2307.35,2307.35,2283.755,2283.17149079275,2230.2,2256.716575588755,2265.6330000000003,2258.95809059701,2402.010030432535,2277.8215,2153.632969567465,59.11307271110636,0.02249312070953708
695,2023-12-14 12:00:00,2307.35,2332.11,2228.2,2315.32,233418.6791,2023-12-14 23:59:59.999,534469241.539078,542805,113834.7385,260784269.537652,0,0.0034541790365572034,0.3255690606137176,0.024405351833498568,0.06860036959910554,0.048419889602832944,0.5318117360461634,-0.01075415831727533,0.7925362544083341,2315.32,2315.32,2311.335,2304.60383026425,2251.5860000000002,2276.2510503925037,2263.116,2269.205710488463,2405.5756325090715,2281.419,2157.262367490928,59.860153633706766,0.022495552784360367
696,2023-12-15 00:00:00,2315.32,2317.81,2256.8,2272.74,175681.0309,2023-12-15 11:59:59.999,400150383.27546895,354406,85368.4653,194384869.085314,0,-0.018390546447143552,-0.24735658869556165,-0.014999891650594899,-0.0023191803000717215,0.03144146024888128,-0.16025711552576727,-0.02776720210467787,0.9437574310556782,2272.74,2272.74,2294.0299999999997,2283.36127675475,2265.442,2275.0807002616693,2256.625,2269.8483085814696,2404.0254211816564,2284.8129999999996,2165.600578818343,54.165848418762856,0.02255153099524399
697,2023-12-15 12:00:00,2272.75,2273.46,2200.0,2220.5,157871.6019,2023-12-15 23:59:59.999,353872603.972253,359696,72633.6326,162760132.559857,0,-0.022985471281360748,-0.10137365945978183,-0.04095330235129491,-0.32365480556778625,0.022499125085189142,-0.21254209139159508,-0.056066383550346655,0.4397114232563655,2220.5,2220.5,2246.62,2241.45375891825,2275.214,2256.8871335077797,2243.436,2260.875888839384,2403.5286976264274,2281.1714999999995,2158.8143023735715,48.11810169701457,0.021279713682160632
698,2023-12-16 00:00:00,2220.51,2259.0,2210.0,2253.71,105876.1271,2023-12-16 11:59:59.999,237387313.894966,267432,58932.3428,132167844.489774,0,0.014956090970502212,-0.3293529309529354,-0.00837315311034248,-0.39733887854821326,-0.0028537802633441522,-0.5152947099734406,0.0017913658831478774,-0.6765194105360068,2253.71,2253.71,2237.105,2249.6245863060835,2273.924,2255.8280890051865,2243.839,2259.572999959496,2403.531288914381,2281.1994999999997,2158.8677110856183,51.802313802064546,0.02122383667733051
699,2023-12-16 12:00:00,2253.7,2263.4,2220.12,2228.96,93409.7959,2023-12-16 23:59:59.999,209592913.187869,261260,43584.8066,97823251.897304,0,-0.010981892080170086,-0.11774449577500645,0.0038099527133528266,-0.40831793194086796,-0.0339740394825232,-0.46953201911388043,0.0017257496224922786,-0.7016729360779603,2228.96,2228.96,2241.335,2235.8481954353615,2258.246,2246.872059336791,2244.223,2254.0069999668603,2403.6513171624006,2281.0125,2158.373682837599,49.009146694411896,0.02127201343016898
700,2023-12-17 00:00:00,2228.96,2233.69,2200.77,2215.97,98306.4677,2023-12-17 11:59:59.999,217861491.029801,234770,48725.3234,107982912.177536,0,-0.005827830019381364,0.05242139491710418,-0.016745721499216937,-0.0714954315702393,-0.04290983535753168,-0.5788406134460042,0.0034323647544138858,-0.3548631089305866,2215.97,2215.97,2222.465,2222.5960651451205,2238.3759999999997,2236.571372891194,2244.9809999999998,2247.0911817910674,2404.419220964846,2280.0085,2155.597779035154,47.55968947305556,0.021310231639015752
701,2023-12-17 12:00:00,2215.98,2248.68,2191.5,2196.52,127619.2998,2023-12-17 23:59:59.999,283445227.213007,296471,61471.4097,136608761.040466,0,-0.008777194637111463,0.29817806280511894,-0.014553872658100708,0.3662303677081473,-0.033536612194971616,-0.27357382213539827,-0.0031495920053007387,-0.3899887860423874,2196.52,2196.52,2206.245,2205.21202171504,2223.132,2223.220915260796,2244.287,2237.896421465419,2396.433956056111,2272.048,2147.6620439438884,45.39482960543839,0.017194101047938403
702,2023-12-18 00:00:00,2196.53,2204.59,2116.6,2142.19,201892.7844,2023-12-18 11:59:59.999,436384210.483348,403888,96632.2177,208881637.985381,0,-0.024734580154061825,0.5819925725685577,-0.033294674566893834,1.053708053229137,-0.03526683179464085,0.2788416787452639,-0.013561179569357651,0.007033993786007109,2142.19,2142.19,2169.355,2163.19734057168,2207.47,2196.210610173864,2241.3419999999996,2220.4952539262517,2389.647894056769,2260.8655,2132.0831059432307,39.92758389194671,0.017731559586774512
703,2023-12-18 12:00:00,2142.19,2224.0,2127.4,2219.43,162210.3337,2023-12-18 23:59:59.999,352716294.548363,365422,88696.1487,192896043.874255,0,0.0360565589420172,-0.19655209975894516,0.010430134940724312,0.27104861062715213,-0.015210475172049764,0.5320765704509793,-0.0180208480815518,-0.2573943815766617,2219.43,2219.43,2180.81,2200.68578019056,2200.614,2203.950406782576,2237.269,2220.301571394206,2375.6350029572386,2253.901,2132.166997042761,49.2800885393967,0.01995227963564647
704,2023-12-19 00:00:00,2219.44,2255.0,2211.75,2236.13,166569.3136,2023-12-19 11:59:59.999,373000130.26146895,346898,91769.9335,205546018.491656,0,0.007524454477050524,0.026872393395489302,0.043852319355426106,-0.17496153171088769,0.0032167468236308228,0.7832103367222967,-0.030866578542483758,-0.05406401318366583,2236.13,2236.13,2227.7799999999997,2224.31526006352,2202.048,2214.6769378550507,2230.147,2223.17946750435,2360.311711248287,2247.8900000000003,2135.4682887517138,51.05438234297969,0.020084514350166754
705,2023-12-19 12:00:00,2236.13,2241.27,2135.55,2177.91,216982.0913,2023-12-19 23:59:59.999,474060709.446929,439169,107414.7434,234644455.007359,0,-0.02603605336004622,0.3026534516499322,-0.01870750598126547,0.33765886766066133,-0.017175322770615065,1.207200567537023,-0.05934816785584729,-0.07041676297447619,2177.91,2177.91,2207.02,2193.378420021173,2194.436,2202.421291903367,2216.406,2214.9486552308317,2347.6443011915794,2239.7609999999995,2131.8776988084196,45.12747067089374,0.0207551163197529
706,2023-12-20 00:00:00,2177.9,2224.26,2170.44,2211.4,140743.757,2023-12-20 11:59:59.999,310149942.904341,310648,74118.6974,163352885.570942,0,0.01537712761317045,-0.3513577265443196,-0.011059285461936463,-0.15504390359689868,0.006774352157048469,0.10284069275233576,-0.026989448859086274,-0.19886765077037127,2211.4,2211.4,2194.6549999999997,2205.3928066737244,2197.412,2205.414194602245,2210.272,2214.303445188862,2332.0580028432514,2233.4485,2134.8389971567485,48.80890832177539,0.021173960000086457
707,2023-12-20 12:00:00,2211.4,2266.0,2156.0,2202.17,276097.8702,2023-12-20 23:59:59.999,612644637.799061,556550,143819.0301,319134542.460868,0,-0.004173826535226577,0.9617059831648518,0.011139119614676618,0.2724454287716602,0.027999383808158917,0.36754699292759874,-0.008254897545597828,0.7488760921985678,2202.17,2202.17,2206.785,2203.2442688912415,2209.408,2204.332796401497,2208.439,2212.0973642454323,2308.789333986903,2225.9375,2143.085666013097,47.8559591602868,0.021072459683959415
708,2023-12-21 00:00:00,2202.17,2256.4,2182.98,2253.01,178719.9138,2023-12-21 11:59:59.999,395813004.22954094,332577,93709.9074,207593779.29914,0,0.023086319403134326,-0.3526936166854937,0.018816134575382115,0.26982480508886786,0.015130010858644072,0.10177884308242446,-0.00031059896792395847,0.6880095513051687,2253.01,2253.01,2227.59,2236.4214229637473,2216.1240000000003,2220.5585309343314,2208.369,2219.536025291717,2309.1591521339487,2226.1040000000003,2143.048847866052,53.26813921608989,0.019537274970763217
709,2023-12-21 12:00:00,2253.0,2279.31,2201.0,2239.61,274349.8114,2023-12-21 23:59:59.999,614541335.906258,515931,137333.9809,307669409.213968,0,-0.00594759898979591,0.5350824962181691,0.017001412243378144,-0.0063313012836127,0.0015562601458769532,0.6470609470050672,0.004778013064388853,1.9370561059110507,2239.61,2239.61,2246.3100000000004,2238.547140987916,2216.82,2226.909020622888,2209.434,2223.185838875041,2310.0892197362195,2226.8285,2143.5677802637806,51.74370388372049,0.019418966552357565
710,2023-12-22 00:00:00,2239.6,2331.0,2230.59,2313.03,366919.5753,2023-12-22 11:59:59.999,838134486.302119,660685,196042.1373,447752941.03214896,0,0.032782493380544064,0.3374150812337684,0.026639917266235047,1.0530424813801584,0.062041131176219455,0.6910131757956746,0.043800231952598745,2.7324052413287965,2313.03,2313.03,2276.32,2288.2023803293055,2243.844,2255.616013748592,2219.1400000000003,2239.5211408977607,2322.840432909169,2232.0605,2141.280567090831,58.71519918095655,0.020598011840265447
711,2023-12-22 12:00:00,2313.04,2343.15,2290.0,2324.54,224437.9127,2023-12-22 23:59:59.999,520188420.65595907,464135,108242.5907,250917273.916646,0,0.004976156815951205,-0.38831850953578717,0.0379217810243746,-0.1819279497416123,0.051162159717825784,0.5946562567602907,0.058283102361917916,0.7586518109073657,2324.54,2324.54,2318.785,2312.4274601097686,2266.472,2278.590675832395,2231.942,2254.9791152799858,2336.304552546035,2238.1145,2139.924447453965,59.69817380508435,0.020573576850533206
712,2023-12-23 00:00:00,2324.54,2330.65,2265.0,2286.98,137911.9146,2023-12-23 11:59:59.999,315842012.723163,315427,66909.8745,153221958.344831,0,-0.01615803556832751,-0.3855230921509101,-0.011262283671201967,-0.6241358491510278,0.0385120131506651,-0.5004962751067248,0.06758970959625432,-0.3169051830660671,2286.98,2286.98,2305.76,2295.462486703256,2283.434,2281.387117221597,2246.4210000000003,2260.797457956352,2339.286158434445,2243.8815000000004,2148.476841565556,55.08871734780772,0.020653083128148886
713,2023-12-23 12:00:00,2286.98,2315.63,2283.21,2308.2,117715.0206,2023-12-23 23:59:59.999,270236130.518916,272802,58429.0258,134142982.635726,0,0.009278611968622341,-0.14644778196705555,-0.007029347741918879,-0.47551187237538406,0.02449611852588296,-0.34134356884408934,0.03999675592381835,-0.27430627929224205,2308.2,2308.2,2297.59,2303.9541622344186,2294.472,2290.324744814398,2255.2980000000002,2269.416101964288,2345.547523749761,2246.2835,2147.019476250239,57.10388468026889,0.018715684539844842
714,2023-12-24 00:00:00,2308.2,2326.19,2273.57,2288.91,165134.5364,2023-12-24 11:59:59.999,379780493.241523,369982,79886.8238,183782338.85801,0,-0.008357161424486614,0.4028331776038445,0.000843907686118639,0.19739137027396492,0.022012761150378646,-0.39808766203511226,0.023603278879134715,-0.00861369461751793,2288.91,2288.91,2298.555,2293.924720744806,2304.332,2289.8531632095987,2260.576,2272.96044706169,2342.6627142318534,2245.3615,2148.0602857681465,54.70105552013567,0.01823478921443247
715,2023-12-24 12:00:00,2288.92,2306.89,2245.0,2264.05,142816.5396,2023-12-24 23:59:59.999,325640495.543517,341218,69457.981,158385025.938414,0,-0.010861064873673332,-0.13515038880746222,-0.01912745862576881,0.2132397282186771,-0.021175687301937307,-0.6107688190709623,0.03955168028063616,-0.3418049446184871,2264.05,2264.05,2276.48,2274.008240248269,2294.536,2281.2521088063995,2269.19,2271.3403657777462,2335.1681998698336,2242.798,2150.427800130166,51.68279441267321,0.01836249757106617
716,2023-12-25 00:00:00,2264.04,2290.0,2253.1,2278.73,113387.5061,2023-12-25 11:59:59.999,257918741.133797,266195,54529.5278,124043146.864729,0,0.006483955743026737,-0.2060618019623267,-0.004447531794609549,-0.3133628581162142,-0.019707124850508073,-0.49479343870230175,0.030446775798136816,-0.19436919607027414,2278.73,2278.73,2271.3900000000003,2277.1560800827565,2285.374,2280.4114058709333,2275.923,2272.6839356363375,2335.8919614456763,2243.0975000000003,2150.3030385543243,53.32072253900983,0.017957669810450202
717,2023-12-25 12:00:00,2278.73,2304.8,2256.61,2271.35,172889.6555,2023-12-25 23:59:59.999,394239917.124554,346913,88081.1269,200838145.254886,0,-0.003238646087952546,0.5247681287524146,0.003224310417172749,0.21057166056696697,-0.006834340483957035,0.25362377863761454,0.03141446845611373,-0.3738102529557289,2271.35,2271.35,2275.04,2273.2853600275853,2282.248,2277.390937247289,2282.841,2272.441401884276,2338.6048654062015,2245.6400000000003,2152.675134593799,52.359761715564716,0.01713494734216033
718,2023-12-26 00:00:00,2271.36,2274.99,2218.32,2242.6,197084.3973,2023-12-26 11:59:59.999,442107947.92110896,347591,96606.7971,216722158.912189,0,-0.012657670548352318,0.13994325877987546,-0.015855322921100812,0.7381491495737202,-0.02842041417554797,0.6742502043957508,-0.004620485483863956,0.10275566448935924,2242.6,2242.6,2256.975,2252.8284533425285,2269.1279999999997,2265.7939581648593,2281.8,2267.015692450771,2337.9825905024054,2245.0845,2152.1864094975945,48.679159379860884,0.017086689063850035
719,2023-12-26 12:00:00,2242.6,2250.66,2178.45,2230.88,213328.7618,2023-12-26 23:59:59.999,473989879.57734096,354110,107740.9417,239424270.426268,0,-0.0052260768750556075,0.0824233918186481,-0.017817597464063084,0.2339012486493155,-0.02535267878597225,0.2918482496190906,-0.00389800009823138,-0.22242059977592532,2230.88,2230.88,2236.74,2238.1961511141762,2257.522,2254.1559721099065,2280.9269999999997,2260.4455665506307,2338.015687396768,2245.1805,2152.345312603232,47.22189257937593,0.016941781931589676
720,2023-12-27 00:00:00,2230.88,2291.28,2211.88,2285.93,171929.8476,2023-12-27 11:59:59.999,385980022.70418894,305085,86779.9495,194874420.607902,0,0.02467636089794145,-0.19406156886998815,0.019321323463836526,-0.12763338977925276,0.009664097524347826,0.20385109512904087,-0.011716233684820554,-0.5314236165802082,2285.93,2285.93,2258.4049999999997,2270.0187170380586,2261.898,2264.747314739938,2278.2169999999996,2265.0790999050614,2342.117687127206,2248.6785,2155.239312872794,54.16296968410167,0.017727468450613116
721,2023-12-27 12:00:00,2285.92,2392.44,2275.8,2378.35,369607.5098,2023-12-27 23:59:59.999,864893696.846472,673581,188959.3325,442191586.219932,0,0.040429934424938585,1.1497576770957365,0.0661039589758301,0.7325723295882365,0.04371733377802545,2.259684620579198,0.02314866597262255,0.646814058077809,2378.35,2378.35,2332.14,2342.2395723460195,2281.8219999999997,2302.614876493292,2283.598,2285.673809013232,2363.690243390926,2257.77,2151.849756609074,62.968207901571354,0.01952030518781341
722,2023-12-28 00:00:00,2378.35,2445.8,2364.77,2401.46,303756.8494,2023-12-28 11:59:59.999,729926012.450611,638333,152291.2794,365960069.146528,0,0.009716820484789945,-0.17816375115222294,0.05053960532474755,0.7667487852760708,0.057283113566821475,0.7569405672162961,0.050057280780767766,1.202542472715407,2401.46,2401.46,2389.9049999999997,2381.7198574486733,2307.844,2335.563250995528,2295.046,2306.725843738099,2380.2985700314334,2270.7335000000003,2161.168429968567,64.7896431161005,0.01831904469140494
723,2023-12-28 12:00:00,2401.46,2413.0,2335.0,2344.15,276703.1326,2023-12-28 23:59:59.999,655530473.83558,602761,134395.5742,318423712.772348,0,-0.023864649005188476,-0.08906372598161405,-0.0143797170307145,-0.25135954962135887,0.04528226166057259,0.40398294533080215,0.015574906853825565,1.3506187331882438,2344.15,2344.15,2372.8050000000003,2356.6732858162245,2328.154,2338.4255006636854,2298.641,2313.530235785717,2388.3272139626747,2276.9695,2165.6117860373256,57.26718189534144,0.018022715725835775
724,2023-12-29 00:00:00,2344.15,2378.2,2311.16,2372.1,198330.5095,2023-12-29 11:59:59.999,465535699.331566,434707,100173.529,235200071.941116,0,0.011923298423735629,-0.28323720936435837,-0.012225895913319462,-0.3470747741433482,0.06330237395108651,-0.07030581424393767,0.03634481041194282,0.20102380655001473,2372.1,2372.1,2358.125,2366.9577619387414,2356.3979999999997,2349.6503337757904,2306.96,2324.1792838246774,2400.7810398886927,2283.768,2166.7549601113074,59.723273832182436,0.018108877066714747
725,2023-12-29 12:00:00,2372.11,2385.41,2255.34,2299.2,251870.6974,2023-12-29 23:59:59.999,584030650.7906431,555601,120645.5889,279880457.890468,0,-0.030732262552168987,0.26995437078731466,-0.019175394066079487,-0.08974396121455408,0.0058050771458444395,0.4649620232665175,0.015525275501865998,0.7635961360318524,2299.2,2299.2,2335.6499999999996,2321.785920646247,2359.052,2332.833555850527,2310.475,2319.637595856554,2396.3753784808855,2289.8325,2183.2896215191145,51.42170855572832,0.018532198960669703
726,2023-12-30 00:00:00,2299.2,2309.79,2268.0,2288.14,99569.0284,2023-12-30 11:59:59.999,228093248.118317,264931,48713.0161,111607297.919849,0,-0.004810368823938704,-0.6046819680581073,-0.03539479785843769,-0.4979641374843541,-0.037929657115227,-0.7306087518246633,0.0041294931826061365,-0.12186949140422099,2288.14,2288.14,2293.67,2299.3553068820825,2341.0099999999998,2317.935703900351,2311.416,2313.9107602462714,2393.982690453662,2293.6695,2193.356309546338,50.27982345327456,0.01836446648176127
727,2023-12-30 12:00:00,2288.14,2322.84,2277.0,2291.68,110970.1043,2023-12-30 23:59:59.999,255276665.360529,291001,55726.4842,128207991.336682,0,0.0015471081314955004,0.11450423975413626,-0.0032707028531663296,-0.5594163773494994,-0.04571385740341305,-0.6346745611853848,0.00895062407819136,-0.3581449163105076,2291.68,2291.68,2289.91,2294.2384356273606,2319.054,2309.1838026002342,2313.449,2309.868803837858,2389.298583034309,2298.145,2206.991416965691,50.657508506222825,0.018309906603237343
728,2023-12-31 00:00:00,2291.68,2315.74,2277.63,2308.6,94287.2282,2023-12-31 11:59:59.999,216627979.242571,248167,48527.0092,111501151.486576,0,0.007383229770299593,-0.15033667135158313,0.008941760556609335,-0.05304661785772735,-0.015165411769724746,-0.6592477023514551,0.02943012574690096,-0.5215895855191577,2308.6,2308.6,2300.14,2303.812811875787,2311.944,2308.9892017334896,2320.049,2309.638112230975,2389.764248868357,2300.9245,2212.0847511316433,52.51421204277654,0.017691216104490873
729,2023-12-31 12:00:00,2308.59,2321.34,2258.88,2281.87,127888.6497,2023-12-31 23:59:59.999,293418709.944825,300681,61043.7977,140073260.755487,0,-0.011578445811314175,0.356372990716467,-0.004280702366822542,0.15246039018096136,-0.038038025378356766,-0.35517409791154697,0.022856451265867994,-0.4005091080034573,2281.87,2281.87,2295.2349999999997,2289.1842706252623,2293.8979999999997,2299.9494678223264,2325.148,2304.5893645526157,2387.862986234932,2303.0375,2218.2120137650677,49.354609236484464,0.0178577740735559
730,2024-01-01 00:00:00,2281.87,2306.6,2265.24,2304.47,91740.9561,2024-01-01 11:59:59.999,209973286.373776,236263,46572.0931,106600600.318762,0,0.009904157554987858,-0.2826497401043402,-0.0017889630078835594,-0.02700548259408908,0.0022921016005568173,-0.6357616942065132,0.00811048457301844,-0.466404714593605,2304.47,2304.47,2293.17,2299.3747568750873,2294.9519999999998,2301.456311881551,2327.002,2304.5676619066853,2387.3152895246403,2302.6095,2217.9037104753597,51.985037114807156,0.016393208528636564
731,2024-01-01 12:00:00,2304.47,2352.37,2294.84,2352.04,124961.7353,2024-01-01 23:59:59.999,290477933.23903,300407,65802.3439,152987975.081483,0,0.02064249046418487,0.36211503141288937,0.030751094497057263,-0.022886428208178988,0.027926612882078983,0.25502615931923667,-0.011062291084154907,-0.6619069364482919,2352.04,2352.04,2328.255,2334.4849189583624,2307.732,2318.3175412543674,2324.371,2313.1989961054696,2390.9327247029382,2303.9845,2217.036275297062,57.04252252962271,0.017009148836774565
732,2024-01-02 00:00:00,2352.05,2431.3,2346.95,2391.24,256378.305,2024-01-02 11:59:59.999,613267829.655468,541319,127245.2897,304374408.494468,0,0.016666383224775094,1.0516544875477574,0.03765290934574983,1.794589416754509,0.043444110870627606,1.31033670390089,-0.0042557444221432705,-0.15597522983789547,2391.24,2391.24,2371.64,2372.3216396527873,2327.644,2342.6250275029115,2323.3489999999997,2327.388269540839,2403.6229528980007,2309.1974999999998,2214.772047101999,60.71471587247147,0.016877461173544425
733,2024-01-02 12:00:00,2391.24,2404.68,2341.0,2355.34,201663.3592,2024-01-02 23:59:59.999,477654368.39362305,487016,96500.9525,228607869.985284,0,-0.015013131262441082,-0.21341488235519768,0.0014030373633102666,0.6138008864542392,0.02024603655895363,1.138819467385722,0.004773585308107453,-0.2711923522328782,2355.34,2355.34,2373.29,2361.0005465509294,2336.9919999999997,2346.8633516686077,2324.468,2332.470402351595,2408.0924273601445,2311.5544999999997,2215.016572639855,55.9938650289554,0.01722434837935753
734,2024-01-03 00:00:00,2355.35,2385.45,2294.01,2307.68,201971.1769,2024-01-03 11:59:59.999,476589695.23412895,413252,100542.3481,237418446.456875,0,-0.020234870549474926,0.0015263937941978334,-0.034944213044278305,-0.21221424371301623,0.011310898517443935,0.5792736679430277,-0.027157371105771322,0.018356567575902982,2307.68,2307.68,2331.51,2325.4535155169765,2342.154,2333.8022344457386,2318.026,2327.9630564694867,2408.4955831110415,2312.4929999999995,2216.4904168889575,50.39200534655616,0.017765724882444146
735,2024-01-03 12:00:00,2307.99,2308.6,2100.0,2209.72,596758.31,2024-01-03 23:59:59.999,1321008199.945775,937815,300685.4127,665707811.458882,0,-0.0424495597309853,1.9546706572664432,-0.061825468934421535,1.9591806482215932,-0.04111574461806833,5.504818952938731,-0.03891788448155886,1.3693042349117666,2209.72,2209.72,2258.7,2248.297838505659,2323.2039999999997,2292.4414896304925,2309.078,2306.46431892958,2413.84422569338,2309.7765,2205.70877430662,41.25596598051663,0.020086852525218513
736,2024-01-04 00:00:00,2209.72,2244.93,2201.91,2228.14,189379.3029,2024-01-04 11:59:59.999,421263316.306614,315017,96489.4668,214657441.86541,0,0.008335897760802347,-0.6826532622562056,-0.034467517160091554,-0.062344905809181284,-0.05267767554973557,0.5154983439158436,-0.026222171720261866,0.9019900660193649,2228.14,2228.14,2218.93,2234.8592795018862,2298.424,2271.0076597536618,2303.078,2292.2235336696563,2416.538466473795,2307.247,2197.955533526205,43.33627094620623,0.0201275003614193
737,2024-01-04 12:00:00,2228.13,2294.69,2222.7,2267.11,259464.7521,2024-01-04 23:59:59.999,587809302.900159,465754,138305.1615,313248150.284113,0,0.017489924331505424,0.3700797717953792,0.025971616313379187,-0.565209653971974,-0.05191030595005086,0.012038643831427276,-0.01072139216644541,1.3381500246098263,2267.11,2267.11,2247.625,2256.3597598339625,2273.598,2269.7084398357747,2300.621,2287.6574366388095,2416.6202257377454,2307.035,2197.4497742622543,47.56680346028081,0.020531936320486745
738,2024-01-05 00:00:00,2267.11,2274.76,2212.0,2241.97,205059.3355,2024-01-05 11:59:59.999,461473457.717934,359874,107316.6775,241551606.367979,0,-0.011089007591162492,-0.20968326587586628,0.006206970836661885,0.08279697073486258,-0.04813317822480001,0.01683982808514073,-0.028861647751884267,1.1748368195216496,2241.97,2241.97,2254.54,2246.7665866113207,2250.924,2260.46229322385,2293.9579999999996,2279.3506299772075,2416.663131273284,2307.0035,2197.3438687267158,45.22121578871503,0.020483545597315547
739,2024-01-05 12:00:00,2241.97,2277.21,2206.17,2268.78,200508.6651,2024-01-05 23:59:59.999,448894163.463728,399089,106298.7652,238082883.940301,0,0.011958233161014853,-0.022191968919161864,0.0007366206315528867,-0.22722195027584247,-0.016856756569368248,-0.007241190661200658,-0.005736523114813541,0.5678378462072387,2268.78,2268.78,2255.375,2261.442195537107,2243.144,2263.2348621492333,2292.6490000000003,2277.428697254079,2414.464215888221,2308.8985000000002,2203.3327841117793,48.157191431107336,0.02060463896524315
740,2024-01-06 00:00:00,2268.78,2270.0,2216.4,2238.67,107879.3905,2024-01-06 11:59:59.999,241679702.802821,248565,54377.4084,121804611.984253,0,-0.013271449854106665,-0.46197142928363155,-0.0014719197848319654,-0.47391134260259027,0.01310120739279208,-0.8192243179655094,-0.02855320312262677,0.17591308272838013,2238.67,2238.67,2253.7250000000004,2246.2607318457026,2248.934,2255.0465747661556,2286.069,2270.381661389701,2416.0922585272247,2306.5355,2196.9787414727753,45.225475888028335,0.02005386870257875
741,2024-01-06 12:00:00,2238.67,2254.77,2228.37,2240.78,86188.4751,2024-01-06 23:59:59.999,193187813.156336,201876,42105.0089,94384021.022503,0,0.0009425239092855087,-0.20106635103764325,-0.012341434603619583,-0.5701508707515703,0.005672893085712838,-0.5448896802333726,-0.04730361728542021,-0.31028106409466616,2240.78,2240.78,2239.7250000000004,2242.6069106152345,2251.4620000000004,2250.291049844104,2274.943,2264.9995411370282,2407.576974814641,2299.657,2191.7370251853595,45.47597429938888,0.017564962173644037
742,2024-01-07 00:00:00,2240.77,2254.03,2230.26,2237.04,78101.1428,2024-01-07 11:59:59.999,175229572.901974,196940,40074.8122,89919159.139149,0,-0.001669061666027094,-0.09383310576752502,-0.0007281108872679853,-0.2760327766219628,-0.013263582269938401,-0.6989913189830921,-0.06448537160636314,-0.6953675826821618,2237.04,2237.04,2238.91,2238.895636871745,2245.448,2245.874033229403,2259.523,2259.915988203023,2391.873986718137,2291.4359999999997,2190.9980132818623,45.08241752713658,0.01731982238039196
743,2024-01-07 12:00:00,2237.05,2258.01,2203.46,2221.42,129037.5499,2024-01-07 23:59:59.999,288295586.355455,319629,62773.858,140299219.815251,0,-0.006982441082859392,0.6521851700741055,-0.008639848624139912,0.4971555042630056,-0.00916604593281789,-0.3707306737078546,-0.056858033235116845,-0.3601338864338426,2221.42,2221.42,2229.23,2227.245212290582,2241.338,2237.722688819602,2246.1310000000003,2252.916717620655,2387.0927096900023,2285.2995,2183.506290309998,43.39336626495781,0.0166689034087923
744,2024-01-08 00:00:00,2221.42,2242.0,2166.38,2240.61,208953.2711,2024-01-08 11:59:59.999,461081948.598375,470291,108109.7697,238710990.452278,0,0.008638618541293441,0.619321439859422,0.0015958588134321605,1.6754188685187845,-0.01241636474228447,0.042115915518107006,-0.029063821673715462,0.03456975548276864,2240.61,2240.61,2231.0150000000003,2236.1550707635274,2235.704,2238.6851258797346,2239.424,2250.679132598718,2374.0220422415764,2278.725,2183.4279577584234,46.06680602413495,0.01653441636912689
745,2024-01-08 12:00:00,2240.61,2358.2,2239.81,2330.44,330454.2836,2024-01-08 23:59:59.999,760445461.842447,598736,171106.9613,393506798.105802,0,0.040091760725873726,0.5814745653914772,0.049076716694726796,1.5609156703307803,0.0409930896469779,2.063182708656479,0.05463135600890623,-0.44625105664636666,2330.44,2330.44,2285.525,2299.011690254509,2254.058,2269.2700839198233,2251.496,2265.18110848986,2377.8718861453085,2280.287,2182.702113854691,56.43825529005598,0.0177573665336005
746,2024-01-09 00:00:00,2330.43,2336.7,2285.4,2298.76,152050.9094,2024-01-09 11:59:59.999,350543349.193391,336403,75322.7903,173672685.309305,0,-0.013593999416419145,-0.5398730870014965,0.025952753937543926,-0.2723209902407697,0.025874918555145898,0.7641675319534689,0.031694597287423854,-0.19710915041075483,2298.76,2298.76,2314.6000000000004,2298.843896751503,2265.654,2279.100055946549,2258.558,2271.2863614917037,2378.683206197059,2280.818,2182.9527938029414,52.59683871845405,0.01801089080036828
747,2024-01-09 12:00:00,2298.77,2371.72,2226.78,2344.29,399404.0837,2024-01-09 23:59:59.999,917220783.642686,860042,197753.0989,454318347.29201907,0,0.01980633036941648,1.6267786577276464,0.005943083709514019,0.20865155491057452,0.04794281729428174,4.113933924408594,0.034043341522908,0.5393385053938506,2344.29,2344.29,2321.525,2329.1412989171677,2287.1040000000003,2300.8300372976996,2266.276,2284.5597503113936,2385.095255044088,2283.4485,2181.801744955912,57.1146110368344,0.018528194240070562
748,2024-01-10 00:00:00,2344.3,2431.0,2339.59,2402.21,341073.31,2024-01-10 11:59:59.999,813691546.8251139,607271,177563.916,423661450.81554896,0,0.024706840877195324,-0.14604451001010132,0.04500252309941,1.2431520557548206,0.081384879941659,1.6432097499086193,0.07147285646105894,0.6632908185738269,2402.21,2402.21,2373.25,2377.8537663057227,2323.262,2334.6233581984666,2282.3,2305.950704800231,2401.877730436839,2288.129,2174.3802695631607,62.06735369078783,0.019219635832414563
749,2024-01-10 12:00:00,2402.21,2643.1,2342.0,2584.38,697315.356,2024-01-10 23:59:59.999,1722629435.563429,1403436,357562.5212,883680970.72502,0,0.07583433588237498,1.0444735356161408,0.10241480362924382,0.7458893998784619,0.1534269685487435,2.337183248336331,0.13910559860365468,2.4777317760917055,2584.38,2584.38,2493.295,2515.537922101908,2392.016,2417.8755721323114,2313.8599999999997,2356.5742130183708,2475.210153175441,2303.2545,2131.298846824559,72.733345622194,0.024999707597021303
750,2024-01-11 00:00:00,2584.37,2665.74,2566.01,2657.9,356799.3568,2024-01-11 11:59:59.999,929101727.840258,697015,187868.8647,489422372.656764,0,0.028447828879653914,-0.4883242513879187,0.10643948697241301,0.046107526853977454,0.14051423765469173,0.07972380600727669,0.18726744004252516,2.3073912926862525,2657.9,2657.9,2621.1400000000003,2610.4459740339694,2457.5080000000003,2497.8837147548743,2355.7830000000004,2411.3607197423034,2552.1704802714053,2320.926,2089.6815197285946,75.70268426286101,0.025470647463903824
751,2024-01-11 12:00:00,2657.89,2689.39,2570.0,2618.01,481912.9009,2024-01-11 23:59:59.999,1265814631.351388,996740,235025.1917,617525503.187909,0,-0.015008089092892862,0.3506551839725738,0.01301279223643581,-0.30890249762404487,0.1388792218413406,2.1694180771535723,0.16834762895063315,4.591384466900727,2618.01,2618.01,2637.955,2615.4886580113234,2521.358,2537.925809836583,2393.506,2448.933316152794,2599.2240729411506,2334.2245,2069.224927058849,71.17379971266129,0.025745738593418287
752,2024-01-12 00:00:00,2618.01,2667.99,2580.0,2647.59,254022.848,2024-01-12 11:59:59.999,663653096.664522,554875,131143.6201,342744337.831232,0,0.011298658141107198,-0.4728863918654227,-0.003879002219797534,-0.2880512726305453,0.1293781912647327,-0.3639953661795773,0.18352376354468403,2.2524856729753253,2647.59,2647.59,2632.8,2636.8895526704414,2582.018,2574.4805398910557,2434.561,2485.0527132159223,2644.6273731351594,2347.042,2049.4566268648405,72.48817154233204,0.02565299811307925
753,2024-01-12 12:00:00,2647.58,2717.32,2458.0,2522.54,633434.9147,2024-01-12 23:59:59.999,1654526521.42239,1305761,307219.9519,803236883.4742621,0,-0.04723163329669633,1.49361393940438,-0.036466629233654624,0.31441784089411984,0.05009137419293075,0.8571811283034723,0.135552934609394,3.908919265678029,2522.54,2522.54,2585.065,2560.656517556814,2606.084,2557.1670265940375,2464.673,2491.8685835403,2662.6862888010905,2355.402,2048.1177111989095,60.02726571621574,0.02791501421949897
754,2024-01-13 00:00:00,2522.55,2561.68,2497.5,2542.5,228762.6547,2024-01-13 11:59:59.999,580700026.181657,492165,115057.7088,292115529.489457,0,0.00791265946228803,-0.6388537332073905,-0.03969270166453265,-0.09944063496209599,-0.016205047245374193,-0.6719380224002983,0.13473563002932232,0.094802936061813,2542.5,2542.5,2532.52,2548.5521725189383,2597.708,2552.2780177293585,2494.862,2501.0742956238814,2684.0308102483464,2367.143,2050.2551897516537,61.17452292135395,0.027343120458316834
755,2024-01-13 12:00:00,2542.5,2590.0,2531.15,2578.19,193298.5773,2024-01-13 23:59:59.999,494766455.53876305,406680,103114.6969,263950191.954223,0,0.014037364798426877,-0.1550256419541367,0.022061097148112552,-0.6948406650562547,-0.029989841604274092,-0.4582429210814093,0.10631039632000827,-0.4150519848186347,2578.19,2578.19,2560.3450000000003,2568.3107241729795,2581.766,2560.915345152906,2519.637,2515.0953327831758,2706.5212474816217,2385.5665,2064.611752518378,63.20791901162342,0.024976206847553188
756,2024-01-14 00:00:00,2578.18,2578.69,2534.58,2538.0,132315.0836,2024-01-14 11:59:59.999,337738593.86534,289319,59431.9251,151734396.466409,0,-0.01558845546681975,-0.3154885801634919,-0.001769911504424737,-0.42160540244858413,-0.030561380590601317,-0.7254377640588289,0.10407350049591946,-0.12979748610434805,2538.0,2538.0,2558.0950000000003,2548.103574724327,2565.764,2553.2768967686043,2543.561,2519.259817731689,2720.0303317996986,2401.0595000000003,2082.088668200302,59.433152512989004,0.025527754433580033
757,2024-01-14 12:00:00,2538.01,2546.58,2470.0,2472.87,173892.6627,2024-01-14 23:59:59.999,437224310.94177693,442975,84732.5539,213130882.007448,0,-0.025661938534279005,0.3142315899953825,-0.04085036401506492,-0.10039346833826912,-0.06599209092042202,-0.3154447953437638,0.05484816298324868,-0.5646197177327459,2472.87,2472.87,2505.435,2497.947858241442,2530.8199999999997,2526.4745978457363,2556.4190000000003,2510.8253054168363,2725.6115221771997,2411.3475000000003,2097.083477822801,53.82347273943478,0.026389004527379543
758,2024-01-15 00:00:00,2472.87,2542.86,2470.92,2539.35,162825.6167,2024-01-15 11:59:59.999,408274458.660724,408723,82730.1685,207461146.547092,0,0.026883742372223463,-0.06364297278656816,0.0005319148936169249,0.23058998467805836,0.006663918114281575,-0.7429481499656274,0.05708909712306576,-0.5226081551206689,2539.35,2539.35,2506.1099999999997,2525.5492860804807,2534.182,2530.766398563824,2570.133,2516.011613522866,2735.1124492952135,2426.2165,2117.3205507047865,58.16410490689203,0.026560298003500314
759,2024-01-15 12:00:00,2539.36,2553.82,2500.33,2511.78,152422.2652,2024-01-15 23:59:59.999,385597516.21087694,380655,76353.2681,193224660.094672,0,-0.010857109102722973,-0.06389259694417615,0.01573475354547571,-0.12346925492216299,-0.012082595870206436,-0.333710017485647,-0.02809184407865717,-0.7814155906814707,2511.78,2511.78,2525.565,2516.369762026827,2528.038,2524.4375990425497,2562.8730000000005,2515.242229245981,2740.5803145270515,2438.3665,2136.1526854729486,55.8206477059316,0.026805861157991488
760,2024-01-16 00:00:00,2511.79,2549.38,2505.0,2530.77,127515.4482,2024-01-16 11:59:59.999,322586680.84508,411729,65540.5836,165814400.625179,0,0.007560375510593964,-0.1634066844979548,-0.003378817413905111,-0.21685880401151902,-0.018392748401010017,-0.34031874429114073,-0.04783099439407057,-0.6426130098898205,2530.77,2530.77,2521.275,2525.969920675609,2518.554,2526.5483993617,2550.16,2518.065460292166,2743.164381599448,2452.9715000000006,2162.778618400553,57.10269735496708,0.026442928967870042
761,2024-01-16 12:00:00,2530.78,2614.43,2500.05,2587.4,253562.1765,2024-01-16 23:59:59.999,649473717.92952,728359,135931.2316,348224695.666369,0,0.02237658894328609,0.988482023780394,0.03010613986893751,0.6635507690906566,0.019464144996059973,0.916351254907116,-0.011692086737636664,-0.47384231460403303,2587.4,2587.4,2559.085,2566.9233068918697,2528.434,2546.8322662411333,2547.0989999999997,2530.6717402390445,2748.9054649429286,2470.3025,2191.699535057071,60.759690945146794,0.02664036926570515
762,2024-01-17 00:00:00,2587.41,2592.97,2534.4,2542.85,148483.4529,2024-01-17 11:59:59.999,380614768.05955505,447116,71818.3294,184086268.15351,0,-0.01721805673649235,-0.41441008690821046,0.004773250828799203,0.16443501549014683,0.02829910185331208,-0.14612008008547206,-0.03956050596957994,-0.4154720566710598,2542.85,2542.85,2565.125,2550.8744356306233,2542.4300000000003,2545.5048441607555,2536.625,2532.8859692864908,2744.155881489185,2485.593,2227.0301185108146,56.666988442016624,0.027145666405640045
763,2024-01-17 12:00:00,2542.86,2574.75,2506.75,2530.19,217797.8948,2024-01-17 23:59:59.999,553194422.288653,693508,108789.4852,276331401.548508,0,-0.004978665670409166,0.4668159350165544,-0.02211099945891626,-0.1410473840920039,-0.003607222320672565,0.3376144320170722,0.003032657559444152,-0.6561637356173351,2530.19,2530.19,2536.52,2537.0848118768745,2540.598,2540.3998961071707,2537.3900000000003,2532.395793052583,2729.8145375071335,2501.0315,2272.2484624928666,55.522440861024535,0.027095879415331203
764,2024-01-18 00:00:00,2530.2,2550.0,2510.03,2522.41,171097.6688,2024-01-18 11:59:59.999,433231963.86571,383384,80814.9504,204709372.245248,0,-0.0030748678952964292,-0.21442000641412995,-0.008038224826474205,0.15230125282195672,0.004232058540158734,0.1225241179528147,-0.007901671583087522,-0.2520734250772795,2522.41,2522.41,2526.3,2527.3016039589584,2542.7239999999997,2534.403264071447,2535.3810000000003,2530.5801943157494,2710.249925328014,2515.1215,2319.9930746719865,54.790061525624154,0.027182159390220763
765,2024-01-18 12:00:00,2522.42,2535.27,2428.56,2470.81,280992.4386,2024-01-18 23:59:59.999,696571189.049078,510971,132484.2285,328501122.32292,0,-0.020456626797388133,0.6422926190096634,-0.023468593267699345,0.2901522251077331,-0.023692394014469875,1.2035952707414785,-0.04164937417335424,0.4536704952768422,2470.81,2470.81,2496.6099999999997,2489.640534652986,2530.732,2513.205509380965,2524.643,2519.7128862583404,2699.479548662982,2522.1400000000003,2344.800451337019,50.072460071777826,0.02658422819322019
766,2024-01-19 00:00:00,2470.81,2496.62,2443.13,2488.97,146084.6494,2024-01-19 11:59:59.999,360714935.847282,312233,72170.3435,178245569.267197,0,0.007349816456951208,-0.4801118132294112,-0.01325716279272604,-0.14619146815634476,-0.03804204993429705,-0.42387050223162914,-0.01931836091410566,0.10406648603742386,2488.97,2488.97,2479.89,2489.193511550995,2511.046,2505.1270062539766,2519.74,2514.123270575006,2677.6910490916475,2531.6505,2385.609950908353,51.65030396928122,0.026296337141203645
767,2024-01-19 12:00:00,2488.98,2504.2,2415.2,2492.0,278124.3535,2024-01-19 23:59:59.999,686638036.046088,542811,134632.615,332424359.156045,0,0.001217371041033033,0.903857487027655,0.008576134951695957,-0.010206983199582687,-0.019997247183278555,0.873099985675239,0.007735950535208147,0.5994024657602763,2492.0,2492.0,2490.4849999999997,2491.0645038503317,2500.876,2500.751337502651,2521.653,2510.100857743186,2659.049751612012,2539.036,2419.022248387988,51.92330853318292,0.026047009136228712
768,2024-01-20 00:00:00,2491.99,2492.0,2463.31,2470.59,71420.6818,2024-01-20 11:59:59.999,177001125.610748,215453,32250.8648,79924621.337845,0,-0.008591492776885978,-0.7432059404319658,-0.00738458077035864,-0.5111007070671725,-0.023555543259597078,-0.6720781811707393,-0.027077795498848034,-0.5613670425606931,2470.59,2470.59,2481.295,2477.414834616777,2488.956,2490.697558335101,2514.777,2502.917065426243,2649.9224018481405,2542.455,2434.9875981518594,49.78423025279969,0.025673419116975127
769,2024-01-20 12:00:00,2470.58,2475.91,2454.2,2472.01,65200.2759,2024-01-20 23:59:59.999,160793477.536852,203485,32178.8614,79359909.501457,0,0.0005747614942179791,-0.08709530269424015,-0.008021669341893967,-0.7655714967801265,-0.01998089129047209,-0.6189294900550977,-0.015833393051939204,-0.5722391619462692,2472.01,2472.01,2471.3,2473.8116115389257,2478.876,2484.468372223401,2510.8,2497.297598985108,2646.6724265950347,2536.8365000000003,2427.000573404966,49.93155807108533,0.018844831546367676
770,2024-01-21 00:00:00,2472.02,2482.18,2465.0,2473.65,52069.402,2024-01-21 11:59:59.999,128825168.384237,170172,26840.4006,66404327.265144,0,0.0006634277369428343,-0.20139291925910396,0.0012385705438782146,-0.27094784468999566,0.001149420635338183,-0.8146946506481545,-0.02257020590571246,-0.5916620085251757,2473.65,2473.65,2472.83,2473.7038705129753,2479.444,2480.862248148934,2505.088,2492.99803553327,2625.561136449817,2527.6240000000003,2429.6868635501837,50.113598144165486,0.01745075889905085
771,2024-01-21 12:00:00,2473.65,2481.05,2452.13,2457.05,70502.7667,2024-01-21 23:59:59.999,174197590.343845,190274,34333.9549,84848551.713308,0,-0.006710731105855627,0.3540152948174822,-0.0060517554540636675,0.08132620187271322,-0.012824582056031097,-0.517384153711088,-0.050378758599366136,-0.7219507748625119,2457.05,2457.05,2465.3500000000004,2462.601290170992,2473.06,2472.9248320992897,2492.053,2486.4620290726753,2612.8219842351946,2519.576,2426.3300157648055,48.2031837936351,0.017258832870236232
772,2024-01-22 00:00:00,2457.06,2466.1,2361.6,2381.34,234086.7808,2024-01-22 11:59:59.999,564594233.456499,425080,104328.6251,251716364.159925,0,-0.030813373761217733,2.320249569723624,-0.03731732460129766,3.4956687000169504,-0.044406099518458975,-0.15833770810005676,-0.0635153469532217,0.5765176269011725,2381.34,2381.34,2419.195,2408.427096723664,2450.928,2442.39655473286,2475.9020000000005,2467.348932877643,2598.622822490967,2506.2635,2413.904177509033,40.60099716245507,0.01797345433096034
773,2024-01-22 12:00:00,2381.34,2404.97,2303.59,2314.2,292250.8684,2024-01-22 23:59:59.999,687911524.866405,508713,141164.0169,332361122.894333,0,-0.028194209982615015,0.24847232894237825,-0.05813882501373613,3.1452397129827814,-0.06330066907095078,3.0919641346801026,-0.08536513068188567,0.3418443216284015,2314.2,2314.2,2347.77,2345.609032241221,2419.65,2399.664369821907,2454.303,2439.5036723544354,2620.027342367052,2495.8465,2371.6656576329483,35.28626621746541,0.0160249119558125
774,2024-01-23 00:00:00,2314.19,2352.23,2203.11,2218.14,322454.9404,2024-01-23 11:59:59.999,735188760.067219,522863,150522.1747,343680754.130614,0,-0.041508944775732415,0.1033498109530342,-0.06853284285318362,0.3775017081186671,-0.10269780462053157,3.9456069924391226,-0.12062670224111072,0.8846249785958509,2218.14,2218.14,2266.17,2260.6296774137404,2368.8759999999997,2339.156246547938,2423.8759999999997,2399.255731926356,2650.969264942237,2479.6285,2308.287735057763,29.363797985272356,0.01777698445323649
775,2024-01-23 12:00:00,2218.14,2248.21,2168.07,2242.6,377650.391,2024-01-23 23:59:59.999,833260052.3708711,681320,192270.0611,424326919.75732094,0,0.011027257071239971,0.17117260021363268,-0.030939417509290412,0.292213067039085,-0.09340448325349182,6.252827505105589,-0.09236242365863823,0.3439877346222655,2242.6,2242.6,2230.37,2248.609892471247,2322.666,2306.970831031959,2401.055,2370.7728715761095,2656.5629111060207,2462.849,2269.1350888939796,32.47179636830366,0.01760453047011584
776,2024-01-24 00:00:00,2242.6,2264.6,2211.64,2244.16,172886.4252,2024-01-24 11:59:59.999,386394338.230732,380375,82560.1498,184546974.192777,0,0.0006956211540176671,-0.5422050941289771,0.011730549018547087,-0.4638431497264789,-0.08664455342789135,1.4521934853373635,-0.09835795529877822,0.18346743419024825,2244.16,2244.16,2243.38,2245.6432974904155,2280.0879999999997,2286.0338873546393,2376.574,2347.7523494713623,2660.517780475095,2448.157,2235.796219524905,32.67525727509252,0.017553168916388025
777,2024-01-24 12:00:00,2244.16,2248.19,2196.12,2235.02,186964.7244,2024-01-24 23:59:59.999,416082784.87778306,420637,93010.9557,207003244.261795,0,-0.004072793383715911,0.08143091155776871,-0.0033800053509319694,-0.5049264376373968,-0.061444396852192495,-0.2013016550484341,-0.10312199036918135,-0.32776572045137364,2235.02,2235.02,2239.59,2238.561099163472,2250.8239999999996,2269.0292582364264,2350.876,2327.255558658387,2667.5537227039376,2436.2645,2204.975277296063,32.06566106629076,0.016932323381539435
778,2024-01-25 00:00:00,2235.02,2242.89,2203.37,2231.59,118726.496,2024-01-25 11:59:59.999,264050414.166667,300853,61609.2029,137008071.024196,0,-0.0015346618822201785,-0.36497916181240875,-0.005601204905176016,-0.31326883610061484,-0.03569700112349827,-0.5937514346835042,-0.0967380261395051,0.6623545590403477,2231.59,2231.59,2233.3050000000003,2233.9136997211576,2234.302,2256.549505490951,2326.976,2309.8618207204986,2663.364744026369,2420.8765,2178.3882559736307,31.825703821828682,0.015231102809173676
779,2024-01-25 12:00:00,2231.59,2234.2,2171.3,2218.64,211700.1101,2024-01-25 23:59:59.999,466965600.215622,455311,105812.612,233414350.74007,0,-0.0058030372962776244,0.7830906935887334,-0.007328793478358131,0.1322997468072109,0.00022541408567544607,-0.3434738204432858,-0.10249554006658557,2.246920464335029,2218.64,2218.64,2225.115,2223.731233240386,2234.402,2243.9130036606343,2301.639,2293.2760351349534,2660.125917837345,2406.2195,2152.3130821626555,30.885948186626592,0.015193873454722678
780,2024-01-26 00:00:00,2218.64,2260.66,2195.84,2254.02,175974.7111,2024-01-26 11:59:59.999,391668244.64076704,379770,89002.1996,198097386.396683,0,0.015946706090217422,-0.16875474926831413,0.010051129463745534,0.48218567066950224,0.00509230357620627,-0.5340274621879049,-0.08878782366139115,2.3796184388674173,2254.02,2254.02,2236.33,2243.923744413462,2236.686,2247.282002440423,2279.6760000000004,2286.1385742013254,2647.789391326078,2392.382,2136.974608673922,36.41047687827459,0.015697353216082423
781,2024-01-26 12:00:00,2254.02,2282.36,2234.46,2267.68,187591.7144,2024-01-26 23:59:59.999,424085587.522404,443833,93450.9838,211265150.326376,0,0.006060283404761169,0.06601518608772428,0.022103631053257855,-0.11387993935672491,0.010480536147155384,0.08505751208047996,-0.07707209865489117,1.6607709623401208,2267.68,2267.68,2260.85,2259.7612481378205,2241.3900000000003,2254.081334960282,2260.739,2282.782469801084,2620.7613830966907,2376.3959999999997,2132.030616903309,38.45594420406633,0.014545551337891732
782,2024-01-27 00:00:00,2267.67,2282.94,2251.4,2265.48,78836.74,2024-01-27 11:59:59.999,178743723.220617,222313,36203.057,82084676.434803,0,-0.0009701545191560523,-0.5797429526556956,0.005084249474272662,-0.551999605470584,0.01362851339137916,-0.578333612113195,-0.048653279246138825,-0.6632157538731038,2265.48,2265.48,2266.58,2263.5737493792735,2247.482,2257.880889973522,2249.1530000000002,2279.636566200887,2598.8835540265313,2362.5274999999997,2126.171445973468,38.242585243618535,0.014366357209748729
783,2024-01-27 12:00:00,2265.48,2277.49,2261.35,2267.94,66272.6436,2024-01-27 23:59:59.999,150358421.239198,194657,34813.3611,78982045.990644,0,0.0010858625986545078,-0.15936854314371707,0.00011465462499127277,-0.6467187060368376,0.016288834418508813,-0.4418040973768821,-0.019989629245527496,-0.773233715393812,2267.94,2267.94,2266.71,2266.4845831264247,2254.7519999999995,2261.233926649015,2244.527,2277.509917800726,2576.006372077564,2349.415,2122.823627922436,38.652451092117204,0.014445250747780771
784,2024-01-28 00:00:00,2267.94,2308.24,2263.0,2281.08,114037.2497,2024-01-28 11:59:59.999,260750378.337208,289360,59689.8981,136495083.597543,0,0.00579380406889074,0.7207288483660248,0.006885957942687648,0.4464987986565654,0.02814336710777776,-0.46132645067528477,0.028375125104817656,-0.6463467126335894,2281.08,2281.08,2274.51,2276.2148610421414,2267.2400000000002,2267.8492844326765,2250.821,2278.159023655139,2551.1468364083858,2337.3485,2123.5501635916144,40.90837026172438,0.014653566041057815
785,2024-01-28 12:00:00,2281.08,2286.08,2239.89,2256.9,95289.659,2024-01-28 23:59:59.999,215784390.821684,277266,44464.1515,100696048.501593,0,-0.010600241990635917,-0.1643988323930966,-0.0048678536469218825,0.4378430348295326,0.0012777171453670633,-0.45850367700930406,0.0063765272451619115,-0.7476775841601075,2256.9,2256.9,2268.99,2263.338287014047,2267.816,2264.199522955118,2252.2509999999997,2274.293746626932,2533.979196135446,2326.653,2119.3268038645538,38.12971008435908,0.014263824899342425
786,2024-01-29 00:00:00,2256.9,2278.19,2250.57,2264.17,93980.1381,2024-01-29 11:59:59.999,213019870.438328,242248,50604.6477,114712078.631807,0,0.0032212326642739875,-0.013742528976832702,-0.007413155172111385,-0.17588210565200968,-0.0015478374373808501,-0.49901764904388546,0.00891647654356209,-0.45640533667532857,2264.17,2264.17,2260.535,2263.892762338016,2267.1140000000005,2264.1896819700787,2254.252,2272.453065422035,2510.3239144301406,2315.413,2120.5020855698594,39.461145952552634,0.01411362017719317
787,2024-01-29 12:00:00,2264.17,2322.34,2233.8,2317.6,211547.9395,2024-01-29 23:59:59.999,483354418.18114495,439550,112153.3016,256226613.159729,0,0.023598051383067364,1.250985620758521,0.026895298861269845,1.220051385638813,0.023006162049543644,1.683367418541152,0.036948215228499004,0.13148584674938824,2317.6,2317.6,2290.885,2299.6975874460054,2277.5379999999996,2281.993121313386,2262.5099999999998,2280.6615989816646,2484.0358144695856,2306.693,2129.350185530415,48.271674594119965,0.01542739122632314
788,2024-01-30 00:00:00,2317.61,2327.97,2301.0,2314.01,112734.101,2024-01-30 11:59:59.999,260645370.671617,242894,51979.1488,120194387.609496,0,-0.0015490162236795335,-0.4670990354883604,0.02201248139494827,0.19955240840404764,0.02031358854290688,0.7010654000831198,0.036933307641636715,-0.05047226357964785,2314.01,2314.01,2315.8050000000003,2309.2391958153353,2286.7520000000004,2292.665414208924,2270.7519999999995,2286.724944621362,2459.623333340226,2298.864,2138.104666659774,47.76863225932119,0.015385536993856466
789,2024-01-30 12:00:00,2314.0,2391.98,2297.0,2343.01,260145.4781,2024-01-30 23:59:59.999,610503366.495041,527766,131096.8002,307774465.179201,0,0.012532357249968706,1.3076023651441546,0.010963928201588091,0.22972352609466085,0.02714942044996249,1.2812324813547304,0.05605686366422691,0.2288395975661801,2343.01,2343.01,2328.51,2331.7530652717787,2299.138,2309.4469428059497,2283.189,2296.9585910538412,2434.0862261277557,2292.4139999999998,2150.741773872244,52.11017108108066,0.015765721152170436
790,2024-01-31 00:00:00,2343.0,2351.6,2280.77,2300.18,166936.6526,2024-01-31 11:59:59.999,387863412.05087,356305,79915.2704,185726345.665991,0,-0.018279904908643285,-0.35829500547447724,-0.005976637957485265,0.4807999630919131,0.019176746865168903,0.7518863468700208,0.020478966468797877,-0.05135998487228077,2300.18,2300.18,2321.5950000000003,2310.704355090593,2307.794,2306.357961870633,2287.805,2297.5443017713246,2398.6877307582663,2283.7405,2168.7932692417335,46.02539532555109,0.016126982110545016
791,2024-01-31 12:00:00,2300.18,2350.3,2263.57,2283.14,230179.5333,2024-01-31 23:59:59.999,532268172.239234,566579,110730.3363,256053818.388728,0,-0.0074081158865827446,0.37884358955931297,-0.025552601141267117,-0.11518918191028893,0.008378346148919746,1.449235955102305,0.006817540393706301,0.2270239868333972,2283.14,2283.14,2291.66,2292.328118363531,2311.5879999999997,2298.618641247089,2289.351,2294.925337812902,2358.1308263483866,2275.0449999999996,2191.9591736516127,43.83246817669243,0.016135032910463445
792,2024-02-01 00:00:00,2283.15,2289.6,2240.0,2266.66,150640.4065,2024-02-01 11:59:59.999,341237623.72313,358846,75008.4038,169933545.317772,0,-0.00721812941825728,-0.3455525591683871,-0.01457277256562528,-0.09761934150583296,-0.02197963410424575,-0.28791361969280727,0.0005208609213058768,0.9107893921032251,2266.66,2266.66,2274.8999999999996,2275.2160394545103,2301.4,2287.965760831393,2289.469,2289.786185483283,2336.5871157915235,2269.311,2202.034884208477,41.76012913001195,0.014847006337097998
793,2024-02-01 12:00:00,2266.67,2311.72,2263.2,2304.28,160357.0473,2024-02-01 23:59:59.999,367630821.32362497,420626,83210.852,190749284.315735,0,0.016597107638552044,0.0645022210558095,0.009259178149390923,-0.30333924567045767,-0.0042048219324895,0.4224360320219347,0.016023351587784562,1.4196567179040374,2304.28,2304.28,2285.4700000000003,2294.5920131515036,2299.4539999999997,2293.403840554262,2293.103,2292.4214244863224,2334.8956584409875,2268.815,2202.7343415590126,47.82440014431952,0.014104483009210399
794,2024-02-02 00:00:00,2304.28,2320.48,2296.87,2318.36,105336.6823,2024-02-02 11:59:59.999,243238899.480925,245196,57067.5662,131789694.164388,0,0.006110368531601962,-0.34311161203328044,0.02280889061438418,-0.30074085202365675,-0.010520655054822692,-0.5950854765213003,0.016343135707647338,-0.0762958368681177,2318.36,2318.36,2311.32,2310.437337717168,2294.524,2301.7225603695083,2296.8309999999997,2297.137529125173,2338.9686374657517,2273.826,2208.6833625342483,49.92594891651414,0.01023955672782475
795,2024-02-02 12:00:00,2318.36,2324.74,2281.94,2309.06,132893.8287,2024-02-02 23:59:59.999,306063302.216717,329425,67072.9885,154503504.214772,0,-0.004011456374333644,0.2616101608508703,0.00207440068047271,-0.17126293519623814,0.0038605674338529905,-0.20392659952018222,0.023111347423456996,0.39463012140698295,2309.06,2309.06,2313.71,2309.519112572389,2296.3,2304.1683735796723,2302.047,2299.305251102414,2342.3614852769333,2277.149,2211.9365147230665,48.53537092124947,0.010113381343474809
796,2024-02-03 00:00:00,2309.07,2329.98,2300.24,2303.89,68408.5938,2024-02-03 11:59:59.999,158552715.123013,195067,33877.09,78532917.93383,0,-0.002239006348903949,-0.4852387468312891,-0.006241481046947106,-0.35057197259002715,0.00908836076631303,-0.7028033169619776,0.017542852347659288,-0.2720951981661325,2303.89,2303.89,2306.475,2305.766370857463,2300.45,2304.0755823864483,2306.019,2300.138841811066,2344.496613251669,2280.1355,2215.774386748331,47.73932598209545,0.010147046758337318
797,2024-02-03 12:00:00,2303.88,2313.88,2292.75,2296.49,64824.2512,2024-02-03 23:59:59.999,149313524.063429,202397,33862.0704,78009511.26836,0,-0.003211958904288048,-0.05239608652794736,-0.0054437736568128114,-0.5122102219935516,0.013160332824508236,-0.5696755425311468,-0.009108560579910274,-0.6935718147233478,2296.49,2296.49,2300.1899999999996,2299.582123619154,2306.416,2301.547054924299,2303.9080000000004,2299.4754160272355,2344.4542410885456,2283.209,2221.963758911454,46.56215865633462,0.010124576695414203
798,2024-02-04 00:00:00,2296.5,2309.99,2286.71,2305.62,59067.7973,2024-02-04 11:59:59.999,135734477.902296,185117,30490.9283,70074207.662022,0,0.0039756323781074965,-0.08880093164886416,0.0007509039060025202,-0.13654419687837527,0.0005815265505926259,-0.6316482605875471,-0.0036257405974911006,-0.4760432134017727,2305.62,2305.62,2301.055,2303.607374539718,2306.684,2302.904703282866,2303.069,2300.5926131131923,2344.039490005023,2286.9105,2229.781509994977,48.25740895545233,0.010115312294660252
799,2024-02-04 12:00:00,2305.62,2311.0,2266.0,2289.79,112164.2471,2024-02-04 23:59:59.999,257305054.549772,321567,55864.9196,128166300.418889,0,-0.006865832183967857,0.89890688712037,-0.0029174958305935306,0.7302821864296367,-0.012323366517710821,0.06481659238663906,-0.022714371684286583,-0.5688402969015514,2289.79,2289.79,2297.705,2294.3957915132396,2300.97,2298.533135521911,2297.7470000000003,2298.628501638066,2338.2443994456876,2290.468,2242.691600554312,45.55872923206465,0.010159396652859618
800,2024-02-05 00:00:00,2289.79,2332.9,2269.11,2329.62,108201.5089,2024-02-05 11:59:59.999,249423953.697222,329911,55569.9862,128092123.736909,0,0.017394608239183373,-0.03532978023261735,0.010409347594139584,0.8318189241162037,0.008904056196027854,-0.1858048642404717,0.012798998339260459,-0.3518409096217855,2329.62,2329.62,2309.705,2317.87859717108,2305.082,2308.895423681274,2300.691,2304.263319522054,2341.8538318275587,2294.248,2246.6421681724414,52.72270403848619,0.01027134014225912
801,2024-02-05 12:00:00,2329.63,2338.41,2283.63,2301.83,128408.9031,2024-02-05 23:59:59.999,296152666.305343,400952,63907.2211,147364953.075921,0,-0.011928984126166498,0.18675704623191258,0.005258124107450968,0.14482918059902894,-0.0008941399111936921,0.8770873068289848,0.008186094589030857,-0.44213587863765125,2301.83,2301.83,2315.725,2307.1795323903602,2304.67,2306.540282454183,2302.56,2303.8208977907716,2342.052990376307,2295.9554999999996,2249.858009623692,47.97877807222618,0.010650160501779438
802,2024-02-06 00:00:00,2301.84,2344.0,2299.0,2325.49,155217.5492,2024-02-06 11:59:59.999,360536438.37181693,357011,85052.0695,197529969.701537,0,0.010278778189527493,0.20877560241381743,-0.0017728213184983188,0.4345229634778227,0.012627967027942555,1.3944364389356805,0.025954488101435524,0.030384561528649323,2325.49,2325.49,2313.66,2319.3865107967868,2310.4700000000003,2312.8568549694555,2308.443,2307.760734556086,2344.5374955436273,2298.956,2253.374504456373,51.943419953452185,0.010846900651429488
803,2024-02-06 12:00:00,2325.49,2392.4,2311.9,2372.64,213725.2006,2024-02-06 23:59:59.999,503577207.415864,504785,109694.9808,258436862.731978,0,0.020275296819165067,0.37693966759268993,0.030762480287423566,0.6644110761818354,0.02906810315663466,2.6183032103687403,0.029666533580988252,0.33280828126098827,2372.64,2372.64,2349.0649999999996,2354.888836932262,2323.874,2332.784569979637,2315.279,2319.5569646367976,2357.6841748543075,2304.191,2250.697825145692,58.698638765385546,0.011640689035124607
804,2024-02-07 00:00:00,2372.63,2390.66,2354.0,2361.66,114210.3785,2024-02-07 11:59:59.999,270511589.261608,309851,54283.5846,128593421.93555,0,-0.004627756423224771,-0.4656204407371135,0.015553711260852587,-0.26419158730023296,0.031387157774293684,0.018242278202748485,0.018676995807380914,0.0842412728998585,2361.66,2361.66,2367.1499999999996,2359.402945644087,2338.2479999999996,2342.4097133197583,2319.609,2327.2120619755615,2366.1017926466816,2308.2200000000003,2250.338207353319,56.699819339119806,0.011710202603262148
805,2024-02-07 12:00:00,2361.67,2444.44,2361.0,2425.1,228581.3228,2024-02-07 23:59:59.999,549964295.0419129,550506,116561.4488,280473285.708796,0,0.02686246115020796,1.0014058774877448,0.022110391799851747,0.06951039071805165,0.04098522505816393,1.1125520810551284,0.05025421600131663,0.7200296284337542,2425.1,2425.1,2393.38,2403.200981881362,2357.344,2369.973142213172,2331.2129999999997,2345.0098688890957,2389.244240476598,2316.63,2244.0157595234023,64.27025633874541,0.012585445025221468
806,2024-02-08 00:00:00,2425.09,2444.39,2411.01,2425.3,127833.8229,2024-02-08 11:59:59.999,310393555.895347,340486,62193.6494,151012967.377824,0,8.247082594547983e-05,-0.4407512331536827,0.026947147345511402,0.11928376894399295,0.05363992996876399,-0.0044785072227596645,0.05269782845535165,0.8686807577676008,2425.3,2425.3,2425.2,2417.933660627121,2382.0379999999996,2388.415428142115,2343.3540000000003,2359.608074545624,2407.2977741155405,2324.6865,2242.075225884459,64.29145238859984,0.01261094902840628
807,2024-02-08 12:00:00,2425.29,2463.15,2413.44,2419.55,210206.231,2024-02-08 23:59:59.999,511568387.756749,553616,109472.5706,266453920.228466,0,-0.0023708407207355675,0.6443709984675738,-0.002288565419982569,-0.08038754686916172,0.040447389582410676,0.3542684579380022,0.05358612491236636,2.2427097437879855,2419.55,2419.55,2422.425,2419.0112202090404,2400.85,2398.7936187614105,2355.6600000000003,2370.5066064464195,2422.03614152524,2329.784,2237.53185847476,63.131884139535906,0.011741634403107486
808,2024-02-09 00:00:00,2419.56,2507.4,2419.16,2503.2,206258.9056,2024-02-09 11:59:59.999,507271533.73761696,502039,117686.4407,289495457.840924,0,0.03457254448141178,-0.018778346299354043,0.032119737764400025,0.6134924304137352,0.05502731134938288,-0.03493408816105714,0.08569495406875371,2.491901087024283,2503.2,2503.2,2461.375,2475.1370734030133,2426.9620000000004,2433.5957458409403,2375.418,2394.6326780016157,2458.0601110061743,2339.2434999999996,2220.426888993825,71.25449729629044,0.013739500913214985
809,2024-02-09 12:00:00,2503.19,2525.0,2476.57,2486.56,286125.4794,2024-02-09 23:59:59.999,715363997.891176,632237,149738.1975,374410811.03178304,0,-0.006647491211249523,0.3872151535356543,0.027695232584571405,0.36116554699085013,0.05288652896691315,1.5052493753884195,0.08593364457002606,1.5509508314615168,2486.56,2486.56,2494.88,2482.7523578010046,2451.942,2451.2504972272936,2395.095,2411.3467365467764,2481.509541172049,2346.421,2211.3324588279506,68.04305098872152,0.01378381030333607
810,2024-02-10 00:00:00,2486.56,2516.0,2471.57,2483.1,91906.325,2024-02-10 11:59:59.999,229291364.467804,310774,44748.6597,111665939.178574,0,-0.0013914805997040647,-0.6787901406308662,-0.008029721955896463,-0.5544128156180812,0.02391653952414341,-0.5979272327493942,0.06588198933731682,-0.15060033880913837,2483.1,2483.1,2484.83,2482.9841192670015,2463.542,2461.866998151529,2410.443,2424.3927844473624,2501.247817144853,2355.567,2209.886182855147,67.36319252813595,0.012895944305523205
811,2024-02-10 12:00:00,2483.11,2516.45,2480.76,2500.24,93193.265,2024-02-10 23:59:59.999,232674812.926952,311949,47352.0871,118251053.354869,0,0.006902661995086712,0.014002735937923783,0.0055015764751302765,-0.6742923237894626,0.030899270193377903,-0.2709811622163417,0.08619663485140072,-0.27424607834688375,2500.24,2500.24,2491.67,2494.488039755667,2478.53,2474.657998767686,2430.284,2438.1831872751145,2520.9810427765124,2366.422,2211.8629572234877,69.0148057578767,0.012629077126211856
812,2024-02-11 00:00:00,2500.24,2539.63,2493.8,2531.28,122762.3712,2024-02-11 11:59:59.999,309472522.600129,358252,63418.7831,159877660.992126,0,0.012414808178415004,0.31728801646771365,0.019403165398091282,0.33573365271650246,0.04617800830732999,-0.415990807617877,0.08849317778188692,-0.20909477161104417,2531.28,2531.28,2515.76,2519.016013251889,2500.8759999999997,2493.5319991784577,2450.863,2455.109880497821,2542.850429403748,2379.653,2216.4555705962516,71.79819046667183,0.012421226358401791
813,2024-02-11 12:00:00,2531.29,2532.31,2493.45,2507.21,97212.7759,2024-02-11 23:59:59.999,243957855.72494,352829,45206.7666,113454560.830703,0,-0.00950902310293611,-0.20812236722257127,0.0027877323776919205,0.043130916166527644,0.0016019495046342147,-0.5286856796936288,0.05671741182817458,-0.5451506157107802,2507.21,2507.21,2519.245,2511.14533775063,2501.6780000000003,2498.0913327856388,2464.32,2464.582629498217,2558.1430028119325,2389.7995,2221.4559971880676,66.78797556168901,0.012576437799972974
814,2024-02-12 00:00:00,2507.22,2525.0,2472.0,2488.16,108967.1121,2024-02-12 11:59:59.999,272069820.732202,354897,53490.759,133576495.835315,0,-0.007598087116755359,0.12091349198886525,-0.017034859833760185,-0.11237367741557602,0.0006434592368573799,-0.6191631995567047,0.05356401852933956,-0.045908843564510304,2488.16,2488.16,2497.685,2495.82177925021,2501.998,2494.780888523759,2476.9700000000003,2468.869424134905,2568.481896125652,2398.2895,2228.097103874348,63.0386485322754,0.012843491336952634
815,2024-02-12 12:00:00,2488.16,2665.58,2481.08,2659.99,340534.6639,2024-02-12 23:59:59.999,880017421.394156,664493,181023.8292,467372252.404182,0,0.06905906372580528,2.125114149923406,0.060936259826659844,2.502982614654459,0.07123756594579356,2.7052364339451067,0.09685786153148324,0.4897746663140756,2659.99,2659.99,2574.075,2605.26725975007,2537.3759999999997,2549.850592349173,2500.459,2503.61861974674,2615.43305071967,2415.8360000000002,2216.2389492803304,76.0815996673867,0.019319377639946067
816,2024-02-13 00:00:00,2659.99,2686.06,2635.96,2681.75,197422.8207,2024-02-13 11:59:59.999,525619816.37842304,398334,101891.754,271331935.777591,0,0.008180481881510993,-0.42025631564493415,0.07780448202687928,0.811765191306745,0.0725970306850543,1.1184236940298207,0.10573949614480682,0.5443707793549841,2681.75,2681.75,2670.87,2656.255753250023,2573.678,2593.8170615661156,2526.1040000000003,2536.0061434291506,2658.4405789493026,2434.7290000000003,2211.017421050698,77.17982529490618,0.019189469631609547
817,2024-02-13 12:00:00,2681.75,2686.12,2590.0,2639.99,305024.9243,2024-02-13 23:59:59.999,802519116.550746,646551,149143.6568,392407385.022571,0,-0.0155719213200336,0.5450337667067888,-0.0075188252587415905,-0.10427643163642109,0.04294665149647603,1.484677685176547,0.091107850633382,0.45107460824983825,2639.99,2639.99,2660.87,2645.4119177500074,2595.42,2609.208041044077,2548.148,2554.912299169305,2683.1427499014585,2451.9039999999995,2220.6652500985406,70.49058439173157,0.019753261573871857
818,2024-02-14 00:00:00,2639.99,2760.0,2618.4,2755.87,237553.4052,2024-02-14 11:59:59.999,641599718.114892,506281,126527.9444,341869875.144519,0,0.043894105659491256,-0.22120001916184395,0.02763866877971477,0.2032722679055512,0.09917797073240764,1.4436438832316076,0.10093879833812713,0.15172435589612676,2755.87,2755.87,2697.93,2719.0506392500024,2645.1519999999996,2658.0953606960516,2573.415,2591.4500629567037,2730.6261269287884,2474.4165000000003,2218.206873071212,76.56129286831,0.021364097266297222
819,2024-02-14 12:00:00,2755.86,2786.0,2726.54,2774.81,224117.2892,2024-02-14 23:59:59.999,617040236.432773,584131,113018.6254,311226086.060106,0,0.006872602844111064,-0.05656040160185427,0.05106837525899732,-0.2652492588455665,0.11520561378689487,1.0567424875344567,0.11592320314008098,-0.21671677171159331,2774.81,2774.81,2765.34,2756.2235464166674,2702.482,2697.0002404640345,2602.2400000000002,2624.788233328212,2771.6524647782608,2498.6675,2225.6825352217393,77.38036205789874,0.021039753377324454
820,2024-02-15 00:00:00,2774.8,2825.75,2759.25,2793.21,198359.9429,2024-02-15 11:59:59.999,553422710.648341,554655,97936.2167,273245531.067322,0,0.006631084650841057,-0.11492797540048061,0.013549260306182864,-0.16498800455839568,0.05008289504847774,-0.417504401377918,0.12488824453304348,1.1582839146272033,2793.21,2793.21,2784.01,2780.881182138889,2729.1259999999997,2729.0701603093567,2633.251,2655.410372723082,2811.687093023701,2521.8469999999998,2232.0069069762985,78.17817404358235,0.020974365518163254
821,2024-02-15 12:00:00,2793.22,2867.65,2775.91,2822.59,283329.2445,2024-02-15 23:59:59.999,800164781.866434,792964,145087.4175,409742723.152682,0,0.010518364175983841,0.4283591755359393,0.017219196990064356,0.2642007473468939,0.05251794537149257,0.4351392787085224,0.12892762294819704,2.040233052249001,2822.59,2822.59,2807.9,2808.687060712963,2757.294,2760.243440206238,2665.486,2685.806668591613,2847.3898315135957,2547.885,2248.3801684864047,79.42599533894494,0.020369380917380716
822,2024-02-16 00:00:00,2822.58,2857.4,2794.31,2823.59,164219.067,2024-02-16 11:59:59.999,464872959.061612,494220,77775.3021,220180253.084287,0,0.00035428454008545884,-0.4203949285581071,0.010876375209883937,-0.17211577801880873,0.06954571797620468,-0.46162082532479787,0.11547912518567682,0.33769872147924107,2823.59,2823.59,2823.09,2818.622353570988,2794.014,2781.3589601374924,2694.717,2710.8581833931376,2876.9821271170354,2572.79,2268.5978728829646,79.46902854435014,0.020494056515916733
823,2024-02-16 12:00:00,2823.6,2847.22,2740.0,2801.8,213851.7367,2024-02-16 23:59:59.999,597398605.426248,629227,107403.7484,300166363.636511,0,-0.0077171260700030775,0.3022345127560613,-0.007365575588378026,-0.24521827219992454,0.01666624332787836,-0.0997740633523867,0.11749713825327768,1.1998316036153849,2801.8,2801.8,2812.695,2807.4074511903295,2803.2,2788.172640091662,2724.176,2727.39305913984,2899.482628874225,2594.248,2289.013371125775,75.75098019460904,0.020706200110769374
824,2024-02-17 00:00:00,2801.81,2804.21,2765.22,2780.57,93181.9485,2024-02-17 11:59:59.999,259519092.062948,360143,47539.6063,132418323.870889,0,-0.007577271753872572,-0.5642684509468376,-0.015235923062484225,-0.43257533852631136,0.002075817803741664,-0.5842268624941052,0.11752057745482625,-0.1448617229161201,2780.57,2780.57,2791.1850000000004,2789.515817063443,2804.352,2785.638426727775,2753.417,2737.061593841687,2911.060133419495,2615.1935000000003,2319.326866580506,72.20635750169627,0.020815179425608798
825,2024-02-17 12:00:00,2780.58,2801.16,2719.01,2785.93,150120.9274,2024-02-17 23:59:59.999,414192501.188765,609014,72362.2221,199660502.816038,0,0.0019276623138420046,0.611051601909784,-0.005664215861232225,-0.2980139898952713,-0.0026063203267925328,-0.24318929918385257,0.04734604265429576,-0.5591610977845007,2785.93,2785.93,2783.25,2787.125272354481,2802.8959999999997,2785.735617818517,2766.011,2745.946758597744,2924.504917121534,2633.235,2341.965082878466,72.55552686692855,0.020393507932338777
826,2024-02-18 00:00:00,2785.92,2822.93,2764.25,2803.4,155972.2375,2024-02-18 11:59:59.999,435896548.18675,583157,78852.8203,220387173.042249,0,0.00627079646653006,0.03897731116734371,0.008210546758398385,0.6738460615040691,-0.006798720324241225,-0.4495018056634108,0.04536217022466671,-0.2099584184494433,2803.4,2803.4,2794.665,2797.975090784827,2799.058,2791.6237452123446,2778.1760000000004,2756.3928024890633,2935.9575489993263,2652.1400000000003,2368.3224510006744,73.7146184458482,0.020327450676310376
827,2024-02-18 12:00:00,2803.4,2895.0,2785.89,2881.2,212015.6458,2024-02-18 23:59:59.999,601905794.4065369,728413,117069.0788,332293056.159986,0,0.027752015409859387,0.359316562987692,0.034196839116560795,0.41229906763818747,0.020403103850063165,0.2910537714844037,0.09136777033246335,-0.3049235360469197,2881.2,2881.2,2842.3,2853.458363594942,2810.58,2821.48249680823,2802.2969999999996,2779.085020218324,2954.6778076879814,2675.2225,2395.7671923120183,78.14198048914105,0.020673661175991957
828,2024-02-19 00:00:00,2881.2,2931.0,2856.93,2913.2,199100.7698,2024-02-19 11:59:59.999,577641811.905528,737691,102719.7004,297992239.582409,0,0.011106483409690338,-0.06091473085049082,0.03916672611828487,0.2765141604126826,0.03976015418659418,-0.06897754083097885,0.05708904991890029,-0.16186943465460368,2913.2,2913.2,2897.2,2893.286121198314,2832.8599999999997,2852.0549978721533,2818.0299999999997,2803.4695619968106,2981.7689630003033,2695.7225,2409.6760369996964,79.65954278349383,0.01979101500690315
829,2024-02-19 12:00:00,2913.2,2984.52,2886.03,2944.8,247350.2703,2024-02-19 23:59:59.999,724788914.224133,801719,124686.4196,365385045.999796,0,0.010847178360565923,0.24233708663440834,0.022074135776759762,0.1666604573764905,0.05906342944072618,1.654486993261361,0.06126185216285096,0.10366438565686531,2944.8,2944.8,2929.0,2927.6287070661047,2865.7059999999997,2882.969998581436,2835.0289999999995,2829.1660052701177,3007.391958672471,2718.6345,2429.8770413275292,81.05810241953179,0.01950368015569891
830,2024-02-20 00:00:00,2944.8,2955.56,2874.56,2935.31,206060.61,2024-02-20 11:59:59.999,601565239.701168,669738,101643.1862,296744875.847502,0,-0.003222629720184833,-0.16692789641960626,0.007589592201016071,0.03495637011846431,0.05361943767431354,0.3726308088341852,0.0508733679171991,0.03882168439563505,2935.31,2935.31,2940.0550000000003,2932.749569022035,2895.582,2900.4166657209576,2849.239,2848.4649134028236,3023.433386401679,2741.245,2459.056613598321,79.29479206892141,0.019557613602174992
831,2024-02-20 12:00:00,2935.3,3033.09,2885.47,3014.81,428621.1371,2024-02-20 23:59:59.999,1267180241.946381,848222,225008.82,665505579.0766649,0,0.027084021789862023,1.0800731255721314,0.023774110296115092,0.73285089432142,0.07541199971463208,1.7480604495399383,0.06810057429523941,0.5128023153995318,3014.81,3014.81,2975.06,2987.456523007345,2937.864,2938.547777147305,2868.4610000000002,2878.70947460231,3050.4048716069246,2766.9735,2483.5421283930755,82.69162521306777,0.019982697570878515
832,2024-02-21 00:00:00,3014.81,3017.15,2887.23,2899.1,273522.2753,2024-02-21 11:59:59.999,808086489.755856,612087,135993.1289,401975158.455119,0,-0.03838052812615056,-0.3618553738375587,-0.012336005396363592,0.3273874871087685,0.006212689157295559,0.29010420088534805,0.026742551149423255,0.6655938941609014,2899.1,2899.1,2956.955,2928.5521743357817,2941.4440000000004,2925.3985180982036,2876.0119999999997,2882.4168428564353,3052.5004655661933,2785.3645,2518.228534433807,65.77716267375574,0.022653705891594933
833,2024-02-21 12:00:00,2899.11,2980.0,2868.0,2967.9,322432.728,2024-02-21 23:59:59.999,938873690.038084,644368,168419.7306,490472939.231787,0,0.023731502880204314,0.17881707311170514,-0.01555985285971584,-0.24774421956522774,0.018776603048194618,0.6194449088463543,0.05928331786708552,0.507739581522884,2967.9,2967.9,2933.5,2954.784058111927,2952.384,2939.565678732136,2892.6220000000003,2897.959235064356,3054.2223673107214,2808.3990000000003,2562.5756326892792,69.74049687819684,0.022594483293779756
834,2024-02-22 00:00:00,2967.91,3032.86,2906.51,2990.8,296111.8759,2024-02-22 11:59:59.999,879609623.792083,595727,154734.8721,459671140.87312,0,0.007715893392634454,-0.08163207334213296,0.03163050601910955,0.08258779134249172,0.015620755229557082,0.19713584925886374,0.07560680004459508,2.1777815410245474,2990.8,2990.8,2979.3500000000004,2978.7946860373095,2961.584,2956.643785821424,2913.645,2914.839374143564,3043.402579200189,2833.531,2623.659420799811,70.94657048726268,0.02226995797743579
835,2024-02-22 12:00:00,2990.8,3036.02,2929.39,2971.4,267414.1177,2024-02-22 23:59:59.999,796597265.6593219,610129,132727.5361,395452232.370076,0,-0.006486558780259499,-0.0969152558058547,0.001179285016341458,-0.17063593587807258,0.012295123854039414,0.2977449581460523,0.0665738191555425,0.7813247115605018,2971.4,2971.4,2981.1000000000004,2973.86489534577,2968.8020000000006,2961.5625238809494,2932.192,2925.1231242992794,3051.2266947951584,2849.1014999999998,2646.976305204841,68.45724121310111,0.017534991138770457
836,2024-02-23 00:00:00,2971.4,2993.8,2913.3,2943.63,202167.9099,2024-02-23 11:59:59.999,596162757.721655,457767,100311.2746,295796798.026788,0,-0.009345762940028313,-0.2439893912900919,-0.015771699879630896,-0.3172583528251526,-0.023610111416639823,-0.5283295843321116,0.050021402582578256,0.29617881451498707,2943.63,2943.63,2957.5150000000003,2953.70829844859,2954.566,2955.585015920633,2946.2149999999997,2928.4880107903195,3052.8643374616586,2862.1955,2671.526662538341,64.9444540035837,0.01783961321072725
837,2024-02-23 12:00:00,2943.63,2962.77,2906.05,2922.24,226658.6688,2024-02-23 23:59:59.999,664974967.7902969,545697,113487.2161,332971442.499882,0,-0.007266538253788757,0.12114068405868217,-0.016544389849902474,-0.15240574899535297,0.007981787451277977,-0.1713337842360365,0.01424406497292785,0.0690657660888534,2922.24,2922.24,2932.935,2932.7294328161965,2959.194,2944.470010613755,2950.3190000000004,2927.352008828443,3038.8009737064963,2876.308,2713.8150262935037,62.292957913746825,0.01743195143706753
838,2024-02-24 00:00:00,2922.25,2966.53,2906.4,2961.53,129615.7836,2024-02-24 11:59:59.999,381423093.33669,372384,69400.6188,204238526.695722,0,0.013445165352606425,-0.4281454828697909,0.0060809272904542855,-0.35887063548259,-0.0021462987297414804,-0.5980067395639812,0.016590004119181767,-0.3489940609963428,2961.53,2961.53,2941.885,2951.9298109387323,2957.92,2950.1566737425037,2955.152,2933.5661890414535,3043.219546682844,2886.591,2729.962453317156,65.1106751826137,0.015044037679706945
839,2024-02-24 12:00:00,2961.53,3007.48,2953.43,2992.62,114238.2947,2024-02-24 23:59:59.999,340570715.229503,346334,59944.1425,178761141.933406,0,0.010497952072070715,-0.11863901504044916,0.024084264126149835,-0.4959897395285505,0.000608532834024178,-0.6142056297040264,0.016238793806030882,-0.538151728876441,2992.62,2992.62,2977.075,2979.056603646244,2958.284,2964.311115828336,2959.934,2944.303245579371,3051.7783601462115,2897.4815,2743.184639853788,67.19939496176278,0.015105825678395591
840,2024-02-25 00:00:00,2992.62,3049.0,2983.61,3040.36,191734.3434,2024-02-25 11:59:59.999,579972344.0900489,453550,99892.6655,302146260.556306,0,0.015952576671946384,0.6783718971253168,0.02661799812934529,0.47925150837879915,0.023207915460725648,-0.28300590466544384,0.035788383509748556,-0.0695245277590898,3040.36,3040.36,3016.49,3019.925534548748,2972.076,2989.6607438855576,2970.439,2961.768110019485,3068.2846810265883,2909.839,2751.3933189734116,70.15412808764037,0.015336748033446897
841,2024-02-25 12:00:00,3040.36,3122.0,3025.84,3112.59,220571.8803,2024-02-25 23:59:59.999,677793762.45625,631782,114588.8418,352131109.994242,0,0.023757055085581902,0.15040360734872893,0.04008861800028085,0.9308050849256944,0.057398518156154044,0.091033094268538,0.03243322133069748,-0.48539196691893616,3112.59,3112.59,3076.4750000000004,3081.701844849583,3005.868,3030.637162590372,2980.2169999999996,2989.190271834124,3100.3024900653513,2924.339,2748.3755099346486,73.97411439708972,0.015892150015665726
842,2024-02-26 00:00:00,3112.6,3135.65,3036.59,3057.42,233814.7488,2024-02-26 11:59:59.999,721078830.948887,597301,106697.5425,329249110.144949,0,-0.01772478868080929,0.060038788634291906,0.005611177623702446,0.21947244637446617,0.046259034165571755,0.03157205518715189,0.05461005139526076,-0.14517108874020823,3057.42,3057.42,3085.005,3065.513948283194,3032.904,3039.5647750602484,2996.049,3001.595676955192,3114.7157636872403,2936.0305,2757.3452363127594,66.92791566288079,0.016666931571422846
843,2024-02-26 12:00:00,3057.41,3196.0,3038.0,3175.94,312908.0259,2024-02-26 23:59:59.999,982086214.2926048,794633,154538.066,484991878.702948,0,0.03876471011506433,0.3382732590904891,0.020352825139192676,0.4186215644279476,0.0723983886707209,1.4141197715985574,0.07009670137134005,-0.029540121932039143,3175.94,3175.94,3116.6800000000003,3139.131316094398,3075.786,3085.023183373499,3016.853,3033.2946447815207,3150.7894427982756,2954.7375,2758.685557201725,72.89990776490043,0.01810816741166944
844,2024-02-27 00:00:00,3175.95,3270.0,3160.02,3254.89,361786.8297,2024-02-27 11:59:59.999,1167773439.7199,848218,179445.6159,579269676.314634,0,0.024858781966913712,0.15620821376956573,0.06458713555873907,0.5473225344285895,0.08763892508905236,2.1669487946234196,0.08830078908653194,0.22179101598133522,3254.89,3254.89,3215.415,3216.3037720314655,3128.2400000000002,3141.6454555823325,3043.2619999999997,3073.5847093666985,3197.8572617976906,2978.4535,2759.0497382023095,76.0078440604149,0.018238497211010764
845,2024-02-27 12:00:00,3254.9,3288.14,3203.72,3242.36,264152.2924,2024-02-27 23:59:59.999,858032077.255033,828248,134332.7264,436405047.71096706,0,-0.0038495924593456854,-0.2698675830210854,0.020913493327959554,-0.15581490234955342,0.066439500585457,0.377699413239287,0.09118933835902276,-0.012197655561548615,3242.36,3242.36,3248.625,3233.6745906771553,3168.6400000000003,3175.216970388222,3070.358,3104.2711258454806,3230.558657899941,3001.275,2771.9913421000592,74.54663286402044,0.018385958491549812
846,2024-02-28 00:00:00,3242.35,3369.8,3230.12,3296.13,287126.3766,2024-02-28 11:59:59.999,947010056.776832,847636,143532.31,473291063.07172495,0,0.01658359960029121,0.08697287459164227,0.012670167040975455,-0.20636586788388556,0.058966969629793864,0.30173608807015295,0.11975010446285705,0.4202371520882011,3296.13,3296.13,3269.245,3275.311530225719,3205.348,3215.521313592148,3105.608,3139.1545575099385,3270.2476584599717,3025.9114999999997,2781.5753415400277,76.62349560676925,0.018485882309845773
847,2024-02-28 12:00:00,3296.13,3488.0,3176.16,3383.1,660412.3894,2024-02-28 23:59:59.999,2206190978.1379313,1594967,331933.2159,1109784237.085946,0,0.026385488436438953,1.3000756573473229,0.04340665441221825,1.5001198490450807,0.10652118452813153,1.824511254270372,0.15770778580814726,1.913686879466928,3383.1,3383.1,3339.615,3347.1705100752392,3270.484,3271.380875728099,3151.694,3183.5082743263133,3331.202080784166,3051.0065,2770.810919215834,79.53248294935568,0.018412545987784985
848,2024-02-29 00:00:00,3383.11,3522.81,3374.18,3513.87,388021.5622,2024-02-29 11:59:59.999,1339826412.082489,1102327,209775.4207,724564277.313864,0,0.03865389731311519,-0.41245565887622637,0.0660592877101327,0.3513964366309632,0.10640314363621473,0.2400498871320258,0.18650494845569687,1.9936289502939823,3513.87,3513.87,3448.4849999999997,3458.3035033584133,3338.0699999999997,3352.210583818733,3206.928,3243.5740426306197,3418.607647501912,3081.04,2743.4723524980877,82.96509889645952,0.01962974874465343
849,2024-02-29 12:00:00,3513.88,3517.92,3300.0,3340.09,371676.5501,2024-02-29 23:59:59.999,1268796690.407681,1010548,181947.8212,621559633.913752,0,-0.04945544371305699,-0.042123978902943504,-0.012713192042800858,-0.4372053643062681,0.026175999803372818,0.027335766777913717,0.11610896137832416,2.2535197682708406,3340.09,3340.09,3426.98,3379.494501119471,3355.1099999999997,3348.1703892124888,3241.675,3261.1223985159613,3450.2304403349654,3100.8044999999997,2751.378559665034,66.90658741364865,0.02364806872517075
850,2024-03-01 00:00:00,3340.1,3437.08,3338.54,3410.9,213315.0266,2024-03-01 11:59:59.999,723180724.8089249,637689,99432.293,337167420.968502,0,0.021200027544167943,-0.4260734863617106,-0.029303872937815,-0.4502495547140498,0.051980656065335085,-0.19245438053219022,0.1218737254798774,0.11255512610475815,3410.9,3410.9,3375.495,3400.431500373157,3388.818,3369.080259474993,3278.7290000000003,3288.3546896948774,3490.0847349048345,3124.584,2759.083265095165,69.49734610182938,0.023745338578561908
851,2024-03-01 12:00:00,3410.89,3450.0,3379.6,3433.43,199473.5507,2024-03-01 23:59:59.999,682115109.7637689,625441,100341.3692,343197030.626283,0,0.006605294790231309,-0.06488748645895914,0.02794535476588944,-0.4633141352438527,0.041654910455594774,-0.30527611896175766,0.10307814392515557,-0.09565285280836411,3433.43,3433.43,3422.165,3422.4305001243856,3416.278,3390.5301729833286,3310.8130000000006,3314.732018841263,3530.879067214334,3145.515,2760.1509327856656,70.29419864437497,0.023307797006116533
852,2024-03-02 00:00:00,3433.42,3460.04,3390.01,3403.39,174553.7598,2024-03-02 11:59:59.999,598011955.071076,521332,84433.7371,289254054.873208,0,-0.00874926822448685,-0.1249277952518042,-0.002201764930077177,-0.1817090310880144,0.005997457952765295,-0.7356897559741631,0.11315749880618298,-0.2534527411300753,3403.39,3403.39,3418.41,3409.736833374795,3420.3360000000002,3394.816781988886,3345.41,3330.851651779215,3554.2894209236715,3170.7295,2787.1695790763283,67.75269729160664,0.02112552994786187
853,2024-03-02 12:00:00,3403.4,3431.31,3394.47,3421.4,109431.185,2024-03-02 23:59:59.999,373744965.380133,404781,53808.5407,183779534.406487,0,0.005291782604990969,-0.3730803328133182,-0.0035037848448926656,-0.4514000246349452,-0.026315714582497263,-0.7179765362018843,0.07728735429510625,-0.6502768355485637,3421.4,3421.4,3412.395,3417.5122777915985,3401.8419999999996,3403.6778546592577,3369.9559999999997,3347.3149878193576,3579.928456746503,3193.4044999999996,2806.8805432534964,68.48829642880125,0.020815038192833743
854,2024-03-03 00:00:00,3421.39,3446.23,3360.0,3413.39,170063.8789,2024-03-03 11:59:59.999,579776066.382907,544142,82531.3327,281427815.264024,0,-0.0023411468989302797,0.5540714367664026,0.0029382468656251604,-0.025722052078078428,0.021945516438179657,-0.5424411928752456,0.0486959620755234,-0.529933472036503,3413.39,3413.39,3417.395,3414.7640925971996,3416.5020000000004,3406.9152364395054,3385.8059999999996,3359.328626397656,3600.64791248694,3214.534,2828.42008751306,67.74809757581063,0.020926702984540458
855,2024-03-03 12:00:00,3413.39,3491.8,3403.92,3487.81,171567.6521,2024-03-03 23:59:59.999,592496594.601583,572681,86307.8306,298056889.401219,0,0.021802372421551697,0.008842402100473379,0.01941018296603736,0.5678131613031514,0.02254830103491745,-0.1957076121893796,0.0757010325812062,-0.3504972054522286,3487.81,3487.81,3450.6,3463.4613641990663,3431.8839999999996,3433.880157626337,3410.351,3382.6888761435366,3627.0459617352853,3240.3545,2853.6630382647145,70.89538061408098,0.020934657371215068
856,2024-03-04 00:00:00,3487.8,3544.14,3423.78,3506.91,299733.8086,2024-03-04 11:59:59.999,1047737464.885907,887811,140574.7316,491473658.742053,0,0.005476215734228518,0.7470298446778125,0.02739798265067872,0.7624777850459812,0.021401339185595836,0.5026243206087373,0.06394772050859632,0.04390899975575424,3506.91,3506.91,3497.3599999999997,3492.4271213996885,3446.5799999999995,3458.223438417558,3431.429,3405.27453502653,3646.617328523669,3268.5185,2890.419671476331,71.65976583794773,0.020537434489123575
857,2024-03-04 12:00:00,3506.92,3640.94,3459.03,3627.76,415626.8275,2024-03-04 23:59:59.999,1479167577.053283,1065953,214479.2928,763638936.8791231,0,0.03446053648368519,0.3866531421374,0.040125465550015615,1.4225244235303025,0.06592544492403163,1.3810820687919665,0.07231828796074624,-0.37065561735205077,3627.76,3627.76,3567.335,3582.649040466563,3491.454,3514.7356256117055,3455.8949999999995,3445.7264377489787,3677.706616116836,3303.7945,2929.882383883164,75.96160187682311,0.020914595833080498
858,2024-03-05 00:00:00,3627.75,3742.0,3607.24,3731.45,426823.6067,2024-03-05 11:59:59.999,1572666922.701282,1156977,214047.1858,788887203.2976941,0,0.028582375901382573,0.026939500675037698,0.06402787639260765,0.4240088853960535,0.09062079850353655,2.9003836675989576,0.061920332852382076,0.0999997120778564,3731.45,3731.45,3679.605,3681.849680155521,3553.464,3586.973750407804,3477.653,3497.676176340073,3725.7371719883863,3342.2905,2958.843828011614,78.9184430937558,0.021275443496079256
859,2024-03-05 12:00:00,3731.46,3822.04,3200.0,3553.65,966081.2573,2024-03-05 23:59:59.999,3471180756.982198,2108605,469152.2565,1687856170.992821,0,-0.047649037237534886,1.2634203969393525,-0.020428584029814623,1.3243958122505939,0.0410911146982913,4.680696356855824,0.0639383968695455,1.599252648680889,3553.65,3553.65,3642.55,3596.383226718507,3581.5160000000005,3575.8658336052026,3499.0090000000005,3507.8532351873323,3728.621890007754,3370.3419999999996,3012.0621099922455,64.31064080256343,0.025097766350208214
860,2024-03-06 00:00:00,3553.66,3899.47,3499.4,3879.74,547610.5041,2024-03-06 11:59:59.999,2039534743.5824392,1383907,266043.1067,990539175.591423,0,0.09176199119215456,-0.4331631009688982,0.0397405834193143,0.282990199004848,0.11237137344064041,2.1918050832846947,0.13745345803160447,1.567144531861123,3879.74,3879.74,3716.6949999999997,3785.287742239502,3659.9019999999996,3677.1572224034685,3545.893,3575.469010607817,3801.4620402863743,3412.311,3023.159959713626,73.86528548721604,0.031197576857523782
861,2024-03-06 12:00:00,3879.74,3900.0,3724.0,3818.59,421884.2059,2024-03-06 23:59:59.999,1612716180.695298,1171555,213677.9713,817021795.256676,0,-0.015761365452323983,-0.22959073512775596,0.07455433146201784,-0.5633036013149864,0.08887596202925097,0.4075295939104815,0.11217936582368071,1.114988199786429,3818.59,3818.59,3849.165,3807.4892474131675,3722.238,3724.3014816023124,3584.4089999999997,3619.672826860941,3849.4818272019334,3447.611,3045.7401727980664,70.0765675316843,0.03170906581428541
862,2024-03-07 00:00:00,3818.58,3852.69,3735.0,3787.58,246822.6253,2024-03-07 11:59:59.999,936164175.817021,774035,120489.4729,457025489.23269695,0,-0.008120798514634986,-0.41495172881986286,-0.023754169093805233,-0.5492733914853333,0.04405473349945965,-0.40614366309162275,0.11288450633045288,0.41402067525101804,3787.58,3787.58,3803.085,3794.2164158043893,3754.202,3745.3943210682087,3622.828,3650.201403795315,3869.910143490834,3484.119,3098.3278565091664,68.1670810786852,0.03132563547759831
863,2024-03-07 12:00:00,3787.58,3933.81,3765.12,3868.76,293958.0497,2024-03-07 23:59:59.999,1131443741.626688,862681,151760.9382,584243799.4866409,0,0.021433210651656376,0.1909688155318392,0.013138357351797358,-0.3032257534436419,0.036798027576411485,-0.311289148290682,0.13075349272227754,1.6862365577051914,3868.76,3868.76,3828.17,3843.912138601463,3781.6639999999998,3786.5162140454727,3667.564,3689.939330377985,3911.9898201306255,3518.7599999999998,3125.530179869374,70.43803840257434,0.030758282531906447
864,2024-03-08 00:00:00,3868.76,3954.98,3863.56,3950.46,221914.8286,2024-03-08 11:59:59.999,869673552.96123,616813,111977.0815,438783882.29151,0,0.021117877562836673,-0.2450799397176704,0.043003712132813066,-0.10091374998432934,0.1116626567050778,-0.7702938268151411,0.1573421144375533,0.30489102115852074,3950.46,3950.46,3909.61,3914.9440462004877,3861.0260000000003,3841.164142696982,3721.2709999999997,3737.3067248547145,3969.638269059012,3553.5385,3137.438730940988,72.55971334247297,0.030676729435959102
865,2024-03-08 12:00:00,3950.46,3993.75,3820.0,3883.36,424484.4303,2024-03-08 23:59:59.999,1664536367.044335,1040328,210696.2176,826380307.7812049,0,-0.016985363729793423,0.9128258935103897,0.0037738190014371398,0.4440306388384643,0.0009330522148391918,-0.22484242518751207,0.11340927401435286,1.474151887633135,3883.36,3883.36,3916.91,3893.8880154001627,3861.75,3855.229428464655,3760.826,3763.8618657902207,3999.6177748236078,3585.5885000000003,3171.559225176393,68.22862197925234,0.031129988109740596
866,2024-03-09 00:00:00,3883.37,3942.0,3877.5,3912.49,127163.0582,2024-03-09 11:59:59.999,497880779.815142,391137,64762.2961,253581367.462325,0,0.0075012360430142255,-0.7004293935819299,-0.009611538909392925,-0.42697358710890587,0.024590228330352293,-0.6985830319750304,0.11565167055898207,-0.5757466973980858,3912.49,3912.49,3897.925,3906.289338466721,3880.53,3874.3162856431036,3801.3839999999996,3790.8851629192714,4031.42085807808,3616.4064999999996,3201.392141921919,69.09117718312682,0.031087656774686594
867,2024-03-09 12:00:00,3912.5,3927.05,3870.01,3905.21,127676.0804,2024-03-09 23:59:59.999,497942908.49841106,428198,63888.3183,249173748.702178,0,-0.001860707631201497,0.004034365068455115,0.0056265708046638885,-0.699220816391861,0.031056769757998648,-0.4827213257098437,0.0764797009725009,-0.6928107813252262,3905.21,3905.21,3908.85,3905.569779488907,3904.0559999999996,3884.614190428736,3829.129,3811.671496933949,4061.2076372162965,3642.512,3223.816362783704,68.59000465373136,0.03090020483028834
868,2024-03-10 00:00:00,3905.2,3964.67,3899.51,3932.72,151079.9313,2024-03-10 11:59:59.999,594595081.597346,523794,72671.9522,285983571.961987,0,0.00704443551051015,0.18330646450515564,0.005170620244396851,0.1880803547708323,0.0165324289953368,-0.4860493480134829,0.053938817349823864,-0.6460366087338065,3932.72,3932.72,3918.965,3923.669926496302,3916.8480000000004,3900.6494602858243,3849.256,3833.680315673231,4095.9889693997916,3663.4545,3230.920030600208,69.49062523610307,0.030026902748383624
869,2024-03-10 12:00:00,3932.72,3947.18,3791.26,3878.47,205584.7487,2024-03-10 23:59:59.999,798820572.386074,671686,97803.8867,380155774.342366,0,-0.013794523891861088,0.3607680843577403,-0.006847263015305249,0.610205670912811,-0.01822319426092156,-0.07358715054339549,0.09140461215932905,-0.7871972495620426,3878.47,3878.47,3905.595,3893.536642165434,3902.45,3893.2563068572163,3881.738,3841.823894641734,4105.729913277752,3690.3735,3275.017086722248,65.50200727765751,0.027509601646347734
870,2024-03-11 00:00:00,3878.47,4054.6,3722.95,4034.25,430190.076,2024-03-11 11:59:59.999,1696414226.861809,1178838,204528.1294,805707806.7844471,0,0.04016532292373021,1.0925194048696474,0.02581673752517344,1.8474336220458687,0.03885552717234564,0.01344135448258399,0.0398248336228717,-0.21442325744459734,4034.25,4034.25,3956.3599999999997,3987.3455473884783,3932.6279999999997,3940.2542045714777,3897.189,3876.8104592523277,4141.8556676431335,3721.541,3301.226332356867,70.70228574787727,0.028309222495963713
871,2024-03-11 12:00:00,4034.25,4086.23,3998.92,4064.8,291364.4379,2024-03-11 23:59:59.999,1177704927.44155,715666,127831.5361,516996130.162328,0,0.007572659106401591,-0.32270767236387843,0.0480421403285316,0.41724733834791516,0.0389291729819119,1.2912663632369297,0.06447667856460115,-0.309373439855526,4064.8,4064.8,4049.525,4038.981849129493,3963.09,3981.769469714319,3921.8100000000004,3910.990375751904,4176.951330897985,3753.1094999999996,3329.267669102014,71.60622674232621,0.028306103326761197
872,2024-03-12 00:00:00,4064.8,4093.92,3965.0,4020.83,228217.3732,2024-03-12 11:59:59.999,920236820.7502792,677290,113272.1721,456681317.606816,0,-0.01081726038181463,-0.21672879900900222,-0.003326516700749793,-0.46949642511046674,0.029606602461839326,0.787471642965631,0.06158285765581195,-0.07537903819549074,4020.83,4020.83,4042.815,4026.880616376498,3986.214,3994.789646476213,3945.1349999999998,3930.961216524285,4191.048673290791,3783.9814999999994,3376.9143267092077,68.33809793735665,0.028377452586510945
873,2024-03-12 12:00:00,4020.84,4053.8,3828.98,3979.96,404570.0209,2024-03-12 23:59:59.999,1602239052.331531,1201251,203792.9009,807265572.9733671,0,-0.010164568012077102,0.7727398016515248,-0.02087187561503645,0.388536033484133,0.01201204255578836,1.6778541492492725,0.028743059791767944,0.3762848859314638,3979.96,3979.96,4000.395,3995.6002054588325,3995.6620000000003,3989.846430984142,3956.255,3939.8700862471424,4191.346235832147,3811.9095,3432.4727641678537,65.35242035431396,0.028685212953288554
874,2024-03-13 00:00:00,3979.97,4083.0,3973.53,4048.9,206594.1201,2024-03-13 11:59:59.999,834541092.528695,674444,107452.1329,434027983.03489,0,0.017321782128463692,-0.48934891507676714,0.006981145683851331,-0.09474849700005228,0.04394258560721109,0.0049097581721537775,0.02491861707244225,-0.06903868748498765,4048.9,4048.9,4014.4300000000003,4031.1334018196108,4029.7479999999996,4009.5309539894283,3966.0989999999997,3959.69370692948,4189.23217180141,3843.685,3498.13782819859,67.90004677851124,0.028650108669134818
875,2024-03-13 12:00:00,4048.91,4053.0,3932.23,4004.79,275711.6565,2024-03-13 23:59:59.999,1099368297.773429,862054,138653.941,552862639.113172,0,-0.010894316974980889,0.3345571324418346,0.006238756168403636,-0.3185069524265386,-0.007302472578546215,-0.3590934057251475,0.031269313172098245,-0.3504787530012735,4004.79,4004.79,4026.8450000000003,4013.57113393987,4023.8559999999998,4007.9506359929524,3978.2419999999997,3967.8930329423015,4180.326094197958,3869.5340000000006,3558.741905802043,64.6257438251549,0.0288108057598651
876,2024-03-14 00:00:00,4004.79,4010.98,3940.64,3955.04,183387.8105,2024-03-14 11:59:59.999,729131609.196591,643450,89618.5162,356342083.111348,0,-0.0124226239078703,-0.33485652065639093,-0.023181604880337936,-0.11232802554480836,-0.02700255855146627,-0.37058958937555375,0.010875427157641449,0.4421469025349376,3955.04,3955.04,3979.915,3974.5503779799565,4001.904,3990.313757328635,3982.4970000000003,3965.5561178618827,4156.036207990401,3891.9404999999997,3627.8447920095987,61.049931803072035,0.029147106784438062
877,2024-03-14 12:00:00,3955.04,3967.4,3723.0,3881.7,464849.714,2024-03-14 23:59:59.999,1790876342.494609,1276513,224587.116,865600615.5409981,0,-0.018543428132205997,1.5347906861017897,-0.030735694006427394,0.6859994963615186,-0.03460230847859769,1.0368725986194987,-0.006020162808146101,2.6408520103660695,3881.7,3881.7,3918.37,3912.650125993319,3974.078,3954.1091715524235,3980.1459999999997,3950.3095509779037,4139.508515655297,3904.6375,3669.766484344703,56.12022559744934,0.028872163330371122
878,2024-03-15 00:00:00,3881.69,3934.02,3570.0,3689.33,615169.2284,2024-03-15 11:59:59.999,2283379024.0135727,1540282,292616.0718,1086879662.23489,0,-0.04955818327021666,0.32337228543503005,-0.06718263279258874,2.354471743365953,-0.07302334696831125,0.520550699805943,-0.061888463963872264,3.0718130006192297,3689.33,3689.33,3785.515,3763.770041997773,3915.952,3865.849447701616,3955.807,3902.8587235273753,4144.232420418088,3902.5314999999996,3660.8305795819115,45.6969505735869,0.030575237052060302
879,2024-03-15 12:00:00,3689.33,3806.62,3606.65,3742.19,332368.1787,2024-03-15 23:59:59.999,1230098435.306876,947055,172581.8771,639024301.453467,0,0.014327804777561237,-0.4597126069448243,-0.03594043846768158,-0.2849986378608378,-0.07575143866235279,0.6087978619097203,-0.03513756713343141,0.6166966703595751,3742.19,3742.19,3715.76,3749.383347332591,3854.6099999999997,3824.6296318010777,3942.179,3873.6462283405795,4109.093176632374,3911.9584999999997,3714.823823367626,48.52604118056238,0.02858164910617263
880,2024-03-16 00:00:00,3742.19,3781.12,3661.83,3692.29,185595.2951,2024-03-16 11:59:59.999,692025014.6509249,671228,92934.7372,346591603.200615,0,-0.013334437855907932,-0.44159727978194685,0.0008023136992354463,-0.6983020500184693,-0.07803155721024069,-0.32685002347733527,-0.0847642064819979,-0.568573741110662,3692.29,3692.29,3717.24,3711.3211157775304,3792.1099999999997,3780.516421200719,3907.983,3840.672368642292,4121.569902001839,3902.5860000000002,3683.6020979981613,46.08518578453445,0.01966836803245274
881,2024-03-16 12:00:00,3692.29,3711.37,3468.8,3523.09,362692.8618,2024-03-16 23:59:59.999,1307151866.66169,1127711,169070.8647,610010436.285943,0,-0.04582521957917707,0.9542136647622381,-0.05854860389237315,0.09123822629052425,-0.10921507747077142,0.9777370197677344,-0.13326854949813027,0.24480826971917824,3523.09,3523.09,3607.69,3585.833705259177,3705.72,3694.707614133813,3853.8119999999994,3782.9301197982386,4160.708643881276,3887.811,3614.9133561187246,38.93396315215413,0.021786977803281503
882,2024-03-17 00:00:00,3523.09,3606.41,3412.0,3578.99,311989.0341,2024-03-17 11:59:59.999,1099968254.541251,968053,152400.5812,537448547.29189,0,0.015866753333011463,-0.13979825091776876,-0.030685563701659424,0.6810180125088743,-0.07798387304531518,-0.3288389242722004,-0.10988775949244312,0.3670696044099415,3578.99,3578.99,3551.04,3581.271235086392,3645.178,3656.1350760892087,3809.6279999999997,3745.8500980167405,4179.213999063556,3877.3814999999995,3575.549000936443,42.12900142550692,0.02219260976955453
883,2024-03-17 12:00:00,3578.99,3678.68,3528.36,3644.71,205801.9595,2024-03-17 23:59:59.999,743519510.080063,753302,103560.7228,374130845.065268,0,0.018362722444041468,-0.34035515032225294,0.03452083256459515,-0.43257234653411647,-0.01209433691212225,-0.6654547236777879,-0.08423451491974798,-0.49130694597148783,3644.71,3644.71,3611.85,3623.5637450287973,3636.254,3652.326717392806,3776.103,3727.4609892864237,4184.633412429711,3866.179,3547.7245875702893,45.724433782892774,0.022027664373793006
884,2024-03-18 00:00:00,3644.7,3645.02,3548.99,3597.82,251636.0813,2024-03-18 11:59:59.999,905587276.247682,824221,119248.2846,429163896.05742496,0,-0.01286522110126731,0.222709841594098,0.00526126085851053,-0.19344575034215927,-0.03857901389293428,-0.24289959922086846,-0.11140803675072242,0.21802150602445924,3597.82,3597.82,3621.2650000000003,3606.4012483429324,3607.38,3634.1578115952043,3730.9950000000003,3703.8899003252554,4184.928206793651,3848.5469999999996,3512.1657932063486,43.64112591394545,0.02139148042019691
885,2024-03-18 12:00:00,3597.83,3613.41,3454.09,3520.46,319265.2038,2024-03-18 23:59:59.999,1124103337.47378,1082166,154177.3409,543034276.871108,0,-0.021501909489635374,0.2687576525219082,-0.03409050377121914,0.551322468336362,-0.04653751465892442,0.7202225068689256,-0.12093767713163484,0.15796774011257675,3520.46,3520.46,3559.1400000000003,3549.1070827809776,3573.014,3596.2585410634697,3682.5620000000004,3670.5390093570268,4195.259751875924,3830.4019999999996,3465.544248124075,40.37287280291848,0.021554056058620093
886,2024-03-19 00:00:00,3520.47,3548.09,3202.84,3276.51,601329.7919,2024-03-19 11:59:59.999,2007132999.925532,1572038,276129.5988,921893167.6762272,0,-0.06929492168637053,0.8834805194639879,-0.08930685804181415,1.3896803224458734,-0.06998969654479448,0.6579587172343957,-0.17156084388527038,2.2790063323210896,3276.51,3276.51,3398.485,3367.3756942603263,3523.6979999999994,3489.6756940423134,3614.7090000000003,3598.8973712921124,4233.445563560601,3798.603,3363.760436439399,32.18693554324048,0.025711125154788204
887,2024-03-19 12:00:00,3276.51,3359.8,3150.88,3158.64,448299.9017,2024-03-19 23:59:59.999,1467174712.350924,1075347,210283.7448,688413618.960017,0,-0.03597425309246738,-0.2544857950850513,-0.10277634172806971,0.40416148194098933,-0.11744933626525922,0.4369091625070036,-0.1862740551820079,-0.03560250076866778,3158.64,3158.64,3217.575,3228.218564753442,3439.6279999999997,3379.3304626948757,3542.403,3518.850576511728,4274.257838149453,3761.2744999999995,3248.291161850546,29.115188116381262,0.02636984775905474
888,2024-03-20 00:00:00,3158.65,3296.72,3056.56,3293.26,555482.1964,2024-03-20 11:59:59.999,1770423960.709633,1376843,267450.0809,852995426.210317,0,0.042619608439075085,0.23908614365863912,0.005112146765918535,-0.0762436787891998,-0.09642742495287682,1.6991103376739232,-0.10735553610005066,-0.09702538625873836,3293.26,3293.26,3225.95,3271.579521584481,3369.3380000000006,3350.6403084632507,3502.796,3477.83410805505,4274.270872397163,3729.3015,3184.332127602837,36.56163107608043,0.028692967393921975
889,2024-03-20 12:00:00,3293.26,3535.24,3140.71,3516.53,651840.6237,2024-03-20 23:59:59.999,2186827468.189408,1611110,322006.8163,1080807705.268003,0,0.06779604404146644,0.17346807498869454,0.11330509333130734,0.4540280317442684,-0.0225942376216709,1.5904100092978202,-0.06030158810749853,0.9612004562216534,3516.53,3516.53,3404.8950000000004,3434.8798405281605,3353.0800000000004,3405.936872308834,3480.2300000000005,3484.8697247723135,4259.187807390798,3711.2045,3163.2211926092014,46.58404126521437,0.033318621359734873
890,2024-03-21 00:00:00,3516.53,3587.32,3446.47,3531.18,294613.1033,2024-03-21 11:59:59.999,1038944969.834244,839940,139041.2536,490379841.801083,0,0.004166038680176065,-0.5480289313241831,0.07224452366348233,-0.469626380090406,0.003045056611920005,-0.07721511836110717,-0.04363416741371884,0.587395322393601,3531.18,3531.18,3523.855,3499.0799468427203,3355.2239999999997,3447.684581539223,3464.119,3493.2897748137107,4218.371388521761,3686.0509999999995,3153.7306114782377,47.17378266257253,0.0317208236921977
891,2024-03-21 12:00:00,3531.18,3574.41,3412.0,3492.85,308142.1039,2024-03-21 23:59:59.999,1075139888.322291,952049,156324.7472,545611487.859797,0,-0.01085472844771429,0.04592124535012143,-0.0067339109861142,-0.5272738569883644,0.0660275720202288,-0.48756554547817343,-0.00858337425385114,-0.1504048291142851,3492.85,3492.85,3512.015,3494.9266489475735,3398.4919999999997,3462.739721026149,3461.0950000000003,3493.209815756672,4166.245100059357,3657.4535000000005,3148.6618999406433,45.750559909605215,0.031568260947985496
892,2024-03-22 00:00:00,3492.84,3542.52,3394.42,3405.19,187988.3891,2024-03-22 11:59:59.999,655793641.825818,701379,93802.8554,327502068.390317,0,-0.025096983838412745,-0.3899295593795029,-0.035679291341704444,-0.36191436499491236,0.07805574551072625,-0.5806637735428262,-0.04856118625645778,-0.39745193403257495,3405.19,3405.19,3449.02,3435.1022163158577,3447.8020000000006,3443.5564806840994,3443.715,3477.2062128918224,4117.993842999952,3626.6715000000004,3135.3491570000488,42.58618289188243,0.03181774560987281
893,2024-03-22 12:00:00,3405.18,3425.84,3250.0,3336.35,370860.4989,2024-03-22 23:59:59.999,1235977999.193189,1046377,184421.1347,614763768.459574,0,-0.020216199389755052,0.9727840675453716,-0.04480581759880897,0.20353724533650142,0.01308429944796341,-0.33236294285668666,-0.08460481080799298,0.8020260827497125,3336.35,3336.35,3370.77,3369.2674054386193,3456.4199999999996,3407.820987122733,3412.879,3451.595992366036,4073.187217068783,3594.4909999999995,3115.794782931216,40.23278180946311,0.031936334255894934
894,2024-03-23 00:00:00,3336.35,3383.8,3270.08,3364.99,144582.1106,2024-03-23 11:59:59.999,482746129.73850095,564503,70460.7683,235343934.316038,0,0.008584231270700071,-0.6101442158740513,-0.011805508650031382,-0.23089872043592075,-0.04309361785623911,-0.7781940779030952,-0.06471418803608864,-0.4254317192786453,3364.99,3364.99,3350.67,3366.415801812873,3426.1119999999996,3393.5439914151557,3389.596,3435.849448299484,4000.4197702907504,3560.2955,3120.17122970925,41.67684136790431,0.0316256992545767
895,2024-03-23 12:00:00,3364.98,3435.48,3327.28,3329.53,179093.8342,2024-03-23 23:59:59.999,607032249.862728,565180,84380.1846,285992456.811968,0,-0.010537921360835978,0.2386998187865712,-0.0020441500442098803,-0.5170857108502909,-0.05710555678271845,-0.39210499399399934,-0.05423438982405704,-0.4390436788338786,3329.53,3329.53,3347.26,3341.8252672709577,3385.782,3372.2059942767705,3370.5029999999997,3416.5186395177593,3926.888696049177,3526.5325,3126.176303950823,40.37608294160318,0.03162451770797159
896,2024-03-24 00:00:00,3329.53,3392.72,3298.76,3387.38,123789.287,2024-03-24 11:59:59.999,413176588.98224306,504321,60567.1588,202264814.107683,0,0.017374824674954104,-0.3088020726511421,0.006653808778035009,-0.14381325264731626,-0.030195971770903385,-0.5982720782610973,0.03383783354850123,-0.7941407715575384,3387.38,3387.38,3358.455,3372.195089090319,3364.6880000000006,3377.263996184514,3381.59,3411.2207050599845,3850.586236307339,3498.1495000000004,3145.712763692662,43.475553292526605,0.03213838399599966
897,2024-03-24 12:00:00,3387.37,3471.22,3333.0,3454.98,137034.8538,2024-03-24 23:59:59.999,465856484.049211,586661,71288.0967,242449619.965878,0,0.019956426500717273,0.107000913576633,0.03767799058725996,-0.2348432629625392,0.01462179790261331,-0.27104618292619853,0.09381885874933515,-0.694323257086719,3454.98,3454.98,3421.1800000000003,3427.385029696773,3374.6459999999997,3403.169330789676,3411.2239999999997,3419.1769405036234,3782.331547668169,3476.8135,3171.2954523318313,46.946208153071176,0.03257482939634661
898,2024-03-25 00:00:00,3454.99,3506.49,3420.12,3436.19,176093.6941,2024-03-25 11:59:59.999,609078091.9680129,553496,94075.1265,325431897.156526,0,-0.005438526416940204,0.2850285107539552,0.014409366531065393,0.42252773537664856,0.029924917949256002,-0.5251753836757835,0.043400763984623,-0.6829894904980973,3436.19,3436.19,3445.585,3433.255009898924,3394.614,3414.176220526451,3425.517,3422.270224048419,3753.980377641181,3464.1565,3174.332622358819,46.09892097352601,0.030869163856556952
899,2024-03-25 12:00:00,3436.2,3666.0,3430.0,3590.42,372484.0001,2024-03-25 23:59:59.999,1336299656.692257,1056634,200157.9837,717944817.604157,0,0.0448840139806006,1.1152602993749112,0.03920138466792866,1.7181697923627075,0.0669927696664776,1.5762800014070342,0.02101219099510021,-0.4285658387080977,3590.42,3590.42,3513.3050000000003,3538.031669966308,3439.7,3472.924147017634,3432.906,3452.84291058507,3723.954438668775,3456.568,3189.1815613312256,53.51493171458209,0.03249040720396343
900,2024-03-26 00:00:00,3590.43,3678.86,3580.95,3631.6,260739.4836,2024-03-26 11:59:59.999,946336709.018439,653018,119085.5899,432075996.311639,0,0.011469410263980295,-0.29999816494131337,0.056868217415218636,0.48068609118922456,0.09072451667352444,0.45588196692926686,0.028438085852321437,-0.11497662296950528,3631.6,3631.6,3611.01,3600.4105566554363,3500.114,3525.8160980117564,3442.9480000000003,3485.3441995696026,3711.356972110222,3453.5335,3195.710027889778,55.283974172343406,0.03249096461462329
901,2024-03-26 12:00:00,3631.61,3654.34,3542.62,3587.33,238274.3548,2024-03-26 23:59:59.999,854475326.827785,720673,113498.7737,406727446.239206,0,-0.012190219187135143,-0.08615929006925438,-0.0008606235482200297,-0.3603098260971451,0.05902792128429635,0.9248382519563265,0.027049544068597386,-0.22673872935804273,3587.33,3587.33,3609.465,3591.690185551812,3540.1040000000003,3546.3207320078377,3452.3959999999997,3503.8870723751293,3719.508424209201,3456.7455,3193.982575790799,52.95101604492061,0.030840529935000017
902,2024-03-27 00:00:00,3587.32,3627.67,3532.96,3585.07,135187.7218,2024-03-27 11:59:59.999,484892950.56129503,526525,66592.7325,238891832.316113,0,-0.0006299950102164331,-0.43263838899711926,-0.012812534420090227,-0.4815218626136759,0.037652895241072404,-0.01347928609969451,0.05282524616834894,-0.2808719599800007,3585.07,3585.07,3586.2,3587.276728517271,3566.1220000000003,3559.237154671892,3470.3839999999996,3518.64760467056,3720.390868909198,3457.0495,3193.708131090802,52.828453101226145,0.030652023794900944
903,2024-03-27 12:00:00,3585.07,3665.84,3460.02,3501.19,308007.6079,2024-03-27 23:59:59.999,1091205677.746681,910068,149103.0658,528314218.51972306,0,-0.02339703269392235,1.2783696906711244,-0.024012287690287737,0.29265949815930425,0.018916299738955145,0.7491120819186676,0.04940728640580283,-0.16947852679491715,3501.19,3501.19,3543.13,3529.8855761724235,3579.1220000000003,3539.8881031145947,3486.868,3515.4734947304582,3699.851660588022,3449.8735,3199.8953394119785,48.354829814146726,0.03079536849362987
904,2024-03-28 00:00:00,3501.2,3595.7,3465.0,3579.73,227060.514,2024-03-28 11:59:59.999,802297617.2799901,608135,116687.5747,412296757.676353,0,0.022432372993182348,-0.2628087483029993,-0.0014895106650637535,0.6795942040943543,-0.0029773675503144137,-0.39041538981797463,0.06381594001765234,0.5704606403774546,3579.73,3579.73,3540.46,3563.115192057475,3576.9839999999995,3553.1687354097303,3508.3419999999996,3527.1564956885563,3696.922054096881,3448.969,3201.0159459031192,52.41788238016088,0.031122917307935625
905,2024-03-28 12:00:00,3579.74,3611.78,3537.48,3560.49,177593.5171,2024-03-28 23:59:59.999,634332907.343053,550218,89383.8026,319313480.917249,0,-0.00537470703097731,-0.21785820893543828,0.016937098529357097,-0.42341191404058176,-0.0195809009802842,-0.3188852158177704,0.06936714791577181,-0.008377268300172491,3560.49,3560.49,3570.1099999999997,3561.365064019158,3562.7619999999997,3555.6091569398204,3531.4379999999996,3533.2171328360914,3701.828800837287,3450.9705000000004,3200.1121991627138,51.352072941717545,0.030737377763230628
906,2024-03-29 00:00:00,3560.49,3584.37,3512.85,3549.85,143064.1446,2024-03-29 11:59:59.999,507891327.172544,434037,72817.0713,258540542.889871,0,-0.002988352726731369,-0.19442923966958248,-0.008346998237297232,-0.3699294426859264,-0.01044788185084733,-0.3995822810218769,0.0479633226859697,0.15570699264145538,3549.85,3549.85,3555.17,3553.688354673053,3555.2659999999996,3553.6894379598807,3547.685,3536.2412905022566,3705.57499694676,3464.6375,3223.7000030532395,50.73767200360319,0.025959284353872097
907,2024-03-29 12:00:00,3549.86,3558.0,3445.91,3509.74,180022.0344,2024-03-29 23:59:59.999,630656963.9858431,517707,81172.2838,284576571.924504,0,-0.011299068974745419,0.25833090396851266,-0.014253656097896639,0.013674583057176282,-0.021012142022331592,0.33164485652276166,0.015849585236383357,0.3136952345185047,3509.74,3509.74,3529.795,3524.389451557684,3540.2,3539.0396253065874,3553.161,3531.4228740473004,3678.4018739732364,3482.1925,3285.983126026764,48.387380555986994,0.024487629031496903
908,2024-03-30 00:00:00,3509.74,3564.0,3486.58,3560.0,134046.3326,2024-03-30 11:59:59.999,470698346.08846,501560,73541.3973,258263852.086658,0,0.014320149070871313,-0.2553893024997389,0.002859275744045542,-0.0630333479098718,0.016797146113178618,-0.5647953843934905,0.03603118570276953,-0.23877834873588466,3560.0,3560.0,3534.87,3548.1298171858944,3551.9619999999995,3546.0264168710582,3565.542,3536.618715129609,3674.018490301835,3495.5294999999996,3317.0405096981644,51.42384911205312,0.02300650461131549
909,2024-03-30 12:00:00,3559.99,3565.81,3485.0,3505.64,81978.9308,2024-03-30 23:59:59.999,288927175.363432,248689,39757.0185,140157059.262992,0,-0.015269662921348348,-0.38842839479518887,-0.0011681776997726212,-0.5446172404770913,-0.02069709168009881,-0.6389555834441563,-0.023612836381259106,-0.7799128800754092,3505.64,3505.64,3532.8199999999997,3519.8032723952983,3537.1440000000002,3532.564277914039,3557.064,3530.98622146968,3673.280748631224,3494.9849999999997,3316.6892513687753,48.125974985873896,0.017826149503327733
910,2024-03-31 00:00:00,3505.65,3632.8,3505.09,3609.2,134287.3514,2024-03-31 11:59:59.999,481877897.79832304,370408,69594.9396,249606382.34113,0,0.029540968268276346,0.638071515321593,0.013820224719101049,0.0017980260655039437,0.013680701251794103,-0.24384992429433672,-0.006168080185042446,-0.48497500437636054,3609.2,3609.2,3557.42,3579.401090798433,3546.886,3558.1095186093594,3554.8239999999996,3545.2069084751924,3683.481504863928,3498.886,3314.290495136072,54.157597353340094,0.0190028362005123
911,2024-03-31 12:00:00,3609.2,3655.32,3606.78,3645.29,109177.6363,2024-03-31 23:59:59.999,396263756.54765904,352519,59062.6436,214380569.153736,0,0.009999445860578549,-0.1869849605210101,0.03983580744172244,0.3317767776985936,0.026885643055340358,-0.23686234167718923,0.016156863182366754,-0.5417986279235116,3645.29,3645.29,3627.245,3623.3270302661444,3565.9739999999997,3587.1696790729065,3560.62,3563.4038342069753,3701.7582508678756,3506.5080000000003,3311.257749132125,56.07441700798272,0.01887461458250222
912,2024-04-01 00:00:00,3645.29,3645.95,3500.0,3537.98,180656.2783,2024-04-01 11:59:59.999,642865282.262312,495936,86376.8996,307407144.762581,0,-0.02943798710116341,0.6547003985650495,-0.019732904798847373,0.34529630986526394,0.00804618005892177,0.003523145942183614,-0.013135029441545099,0.33633643569544946,3537.98,3537.98,3591.635,3566.4290100887147,3571.6220000000003,3570.7731193819377,3555.911,3558.781318896616,3703.124757994129,3513.1475,3323.170242005871,49.453086305625185,0.019227976866276312
913,2024-04-01 12:00:00,3537.98,3570.58,3413.71,3503.8,228197.8442,2024-04-01 23:59:59.999,794826446.7700019,619197,109021.362,379903079.012886,0,-0.009660879937139266,0.26316033047604304,-0.038814470179327265,1.090151902290268,-0.01578651685393251,0.7023803618779496,0.0007454608290324849,-0.2591162089928364,3503.8,3503.8,3520.8900000000003,3524.6763366962386,3560.382,3548.4487462546253,3556.172,3548.7847154608676,3693.4995554127513,3521.5200000000004,3349.5404445872496,47.52801536242858,0.018721717648841472
914,2024-04-02 00:00:00,3503.8,3505.6,3276.72,3308.64,318068.7884,2024-04-02 11:59:59.999,1069211415.453267,815564,152257.7919,511657849.415023,0,-0.05569952622866614,0.39382906755786107,-0.0648222997303547,0.7606295856035024,-0.056195159799637184,2.879884566633065,-0.07572917510538513,0.4008106596640577,3308.64,3308.64,3406.2200000000003,3380.6521122320796,3520.982,3468.5124975030835,3529.0629999999996,3505.122039922528,3702.3011518331978,3518.7025000000003,3335.103848166803,38.348748974079086,0.022731990781453163
915,2024-04-02 12:00:00,3308.63,3324.26,3212.0,3278.96,305195.8592,2024-04-02 23:59:59.999,998793040.609556,765844,149398.8333,489119533.862226,0,-0.008970453116688426,-0.04047215467055243,-0.06417032935669853,0.3374178019513474,-0.09149950127452067,1.272707414497416,-0.07907057736435152,0.7185078835290435,3278.96,3278.96,3293.8,3312.857370744027,3454.9339999999997,3405.3283316687225,3500.91,3464.001669027523,3711.1635843781605,3516.174,3321.1844156218394,37.17292371675508,0.02269859215100892
916,2024-04-03 00:00:00,3278.96,3357.58,3202.79,3317.53,216499.6706,2024-04-03 11:59:59.999,714166827.0462129,607782,104446.6543,344583464.614271,0,0.011762876033864389,-0.29062055046387736,0.002686904589196848,-0.3193306652656146,-0.08991328536275567,0.9830038269476624,-0.06544501880361131,0.5133048969420113,3317.53,3317.53,3298.245,3315.9724569146756,3389.382,3376.062221112482,3477.678,3437.370456477064,3718.9494244355938,3512.6814999999997,3306.4135755644056,39.75793167217485,0.022499563878508592
917,2024-04-03 12:00:00,3317.53,3367.4,3281.21,3310.83,193984.5227,2024-04-03 23:59:59.999,644826777.752402,505862,98638.4936,327929223.456536,0,-0.0020195748041464956,-0.1039962224312041,0.009719545221655634,-0.36439333348596104,-0.0642033024494203,0.07377681266004465,-0.056673713722383945,0.0775598850803787,3310.83,3310.83,3314.1800000000003,3312.5441523048917,3343.952,3354.3181474083212,3457.7869999999994,3414.3631007539616,3728.6814761650426,3505.4739999999997,3282.266523834957,39.45424993663717,0.021962777531505585
918,2024-04-04 00:00:00,3310.83,3355.48,3250.92,3340.37,143913.5207,2024-04-04 11:59:59.999,475140499.511381,389062,67232.1643,221995233.847444,0,0.008922234001745855,-0.25811854112420907,0.006884640078612669,-0.33527141033904195,-0.04664364404360988,-0.36934758869207585,-0.06169382022471914,0.07361028018158544,3340.37,3340.37,3325.6,3331.0947174349635,3311.2659999999996,3349.668764938881,3435.8239999999996,3400.9098097077867,3733.538264754672,3500.683,3267.827735245328,41.57323126507578,0.02207540736785072
919,2024-04-04 12:00:00,3340.36,3443.93,3278.02,3327.4,212425.0509,2024-04-04 23:59:59.999,712651789.70299,576633,105242.1923,353147004.579826,0,-0.0038828034020182978,0.4760604136898168,0.00500478731919185,0.09506185309700488,0.005670003385076727,-0.3321411636502465,-0.050843783160849365,1.5912151918429265,3327.4,3327.4,3333.885,3328.6315724783212,3315.018,3342.2458432925873,3418.0,3387.544389760916,3728.207368295073,3487.532,3246.856631704927,40.896457791131276,0.019229392290400694
920,2024-04-05 00:00:00,3327.39,3336.0,3236.8,3243.51,178626.3809,2024-04-05 11:59:59.999,586369576.350426,456853,87117.8407,286038926.015284,0,-0.025211877141311456,-0.15910868260029687,-0.028996787780994238,0.24120638582918086,-0.010811354819820873,-0.41471558176369916,-0.10132162252022603,0.3301802369154476,3243.51,3243.51,3285.455,3271.883857492774,3307.928,3309.333895528392,3381.4310000000005,3361.356318895295,3721.458753490306,3468.1274999999996,3214.796246509693,36.73139225982054,0.019462465619921866
921,2024-04-05 12:00:00,3243.52,3350.0,3210.0,3317.85,165930.4174,2024-04-05 23:59:59.999,545882919.538698,397286,83317.9359,274278697.701842,0,0.022919614861677484,-0.07107552331314115,-0.0028701087936527925,-0.2188754730339575,9.645730407847886e-05,-0.23357658263337788,-0.08982550085178409,0.5198205697003171,3317.85,3317.85,3280.6800000000003,3302.5279524975913,3307.9919999999997,3312.172597018928,3348.6870000000004,3353.4460790961502,3709.850183934119,3454.6534999999994,3199.45681606588,42.33591453428886,0.02038436344202204
922,2024-04-06 00:00:00,3317.85,3352.81,3306.68,3330.67,81539.2028,2024-04-06 11:59:59.999,271776578.079531,223515,41352.659,137838172.26031,0,0.003863948038639542,-0.5085939993543342,0.026872123101208123,-0.5435209380094427,0.005992455064138147,-0.5796612963493917,-0.058595582790179734,-0.5486500465563947,3330.67,3330.67,3324.26,3321.2893174991973,3311.96,3318.338398012619,3327.9560000000006,3349.304973805941,3695.213666714592,3441.9335,3188.6533332854083,43.26921031529992,0.020444632212316648
923,2024-04-06 12:00:00,3330.67,3398.42,3313.4,3351.59,101773.0097,2024-04-06 23:59:59.999,340904911.069423,326470,47066.439,157673346.559142,0,0.006281018533808469,0.2481482060798368,0.010169236101692514,-0.3866524818372452,0.003358909342378258,-0.2928182897272418,-0.04344140647297223,-0.5540141491836232,3351.59,3351.59,3341.13,3341.4897724997327,3314.204,3329.4222653417464,3312.7349999999997,3349.7204331139515,3689.1241977470545,3434.4534999999996,3179.7828022529447,44.838166886139355,0.019994449841434666
924,2024-04-07 00:00:00,3351.59,3413.61,3344.08,3390.34,82001.2603,2024-04-07 11:59:59.999,277651542.970467,324973,39856.5752,134957412.152854,0,0.011561676696731915,-0.19427301460654356,0.017915314336154564,0.0056666914089573694,0.01891566989240845,-0.6139755647811875,0.02469292518980626,-0.7421901698921931,3390.34,3390.34,3370.965,3374.056590833244,3326.792,3349.7281768944977,3320.905,3357.105808911415,3671.289961064633,3424.9840000000004,3178.6780389353676,47.72222431725511,0.019435588153583278
925,2024-04-07 12:00:00,3390.33,3459.94,3368.0,3454.2,128457.8149,2024-04-07 23:59:59.999,437522567.603368,423557,65880.0796,224466088.576886,0,0.018835868968893887,0.5665346414194077,0.03061531989294619,0.26219923414527857,0.06495740725325327,-0.2808575404552688,0.05344377485544194,-0.5790971239363394,3454.2,3454.2,3422.27,3427.485530277748,3368.9300000000003,3384.552117929665,3338.429,3374.7592982002484,3658.525085111533,3419.6695,3180.813914888467,52.16124317781859,0.019995136334081988
926,2024-04-08 00:00:00,3454.2,3640.44,3406.36,3633.08,262050.3162,2024-04-08 11:59:59.999,927334091.542261,752051,153813.2786,544336045.981428,0,0.051786231254704385,1.0399717713087147,0.07159753888990483,2.195686447272811,0.09501032295010314,0.579278352372782,0.09511594469379325,0.210395911798676,3633.08,3633.08,3543.64,3564.5485100925825,3431.976,3467.3947452864436,3369.9840000000004,3421.726698527476,3674.2349416542247,3423.8309999999997,3173.4270583457746,61.91624236179185,0.02324238086948678
927,2024-04-08 12:00:00,3633.07,3730.71,3612.0,3694.61,234791.037,2024-04-08 23:59:59.999,859906509.266396,581327,125100.7447,458184460.71783507,0,0.016936043247052224,-0.10402307310782011,0.06959932835388805,0.827767638603979,0.10926930617563424,1.879486540675377,0.11591655264691947,0.21035963968686255,3694.61,3694.61,3663.8450000000003,3651.256170030861,3504.764,3543.133163524296,3408.362,3471.3418442497527,3707.9354592848213,3433.0745,3158.213540715179,64.59092206565218,0.02328680687045549
928,2024-04-09 00:00:00,3694.61,3727.34,3580.57,3632.85,223331.4772,2024-04-09 11:59:59.999,816295241.577739,521356,105127.8043,384478807.087175,0,-0.01671624339240141,-0.048807484077852625,-6.330716637126255e-05,-0.14775345270123363,0.0839183790380087,1.1944077104364146,0.087559162607735,0.5518449977021513,3632.85,3632.85,3663.73,3638.9853900102867,3561.0159999999996,3573.038775682864,3437.6099999999997,3500.70696347707,3720.0110332657423,3436.7169999999996,3153.422966734257,60.03338824215475,0.023513748398757223
929,2024-04-09 12:00:00,3632.85,3643.37,3450.46,3506.39,234260.7748,2024-04-09 23:59:59.999,827315610.1731809,525123,115419.285,407470289.272502,0,-0.034810135293227074,0.048937560155089654,-0.0509444839915445,-0.002258443110841557,0.034229605290324816,1.856794809530507,0.053792751096952474,0.10279260288504899,3506.39,3506.39,3569.62,3550.5884633367623,3584.2259999999997,3550.8225171219096,3455.5089999999996,3501.7402428448754,3720.085213229208,3436.7545,3153.423786770792,51.95030435693913,0.024617527433159234
930,2024-04-10 00:00:00,3506.4,3554.19,3465.64,3521.32,150407.661,2024-04-10 11:59:59.999,528265138.674665,383902,73972.3521,259889459.200722,0,0.004257940502910396,-0.35794773526037194,-0.030700414275293464,-0.32652726393196496,0.01943141682589311,0.17087201831268262,0.08565103853541367,-0.15797621693851382,3521.32,3521.32,3513.855,3531.0761544455877,3597.65,3540.98834474794,3483.29,3505.3001986912614,3707.4638238239268,3432.3605000000002,3157.2571761760737,52.75901743455796,0.023667767444810795
931,2024-04-10 12:00:00,3521.33,3562.95,3411.82,3545.64,238997.2445,2024-04-10 23:59:59.999,833136056.75712,532055,118674.6919,413816079.577547,0,0.006906500971226581,0.5889964840288289,0.011193848944355933,0.02021879123401571,-0.024067733163046223,-0.08797192857575342,0.06865590668655908,0.4403461899566101,3545.64,3545.64,3533.48,3540.785384815196,3580.1620000000003,3542.538896498627,3506.0690000000004,3512.6347080201226,3690.2110119752315,3427.3779999999997,3164.544988024768,54.113814440756215,0.023602374575988388
932,2024-04-11 00:00:00,3545.64,3618.3,3514.57,3522.88,154299.0851,2024-04-11 11:59:59.999,550938707.199417,422822,74133.058,264721083.770366,0,-0.0064191514084903645,-0.3543896900451503,0.00044301568729898655,0.025872512571018635,-0.046481225352608235,-0.342823784623431,0.05770910957855335,0.8923300670288132,3522.88,3522.88,3534.26,3528.8484616050655,3545.8160000000003,3535.9859309990848,3525.29,3514.4974883801,3688.2648888556887,3426.6230000000005,3164.9811111443123,52.59367919100392,0.022692443172890913
933,2024-04-11 12:00:00,3522.89,3575.0,3474.52,3502.52,183840.4683,2024-04-11 23:59:59.999,646715387.24679,467285,91707.7856,322706733.541923,0,-0.005779362339903726,0.1914553361146274,-0.012161415146489718,-0.23078415115367568,-0.035875414619375934,-0.1768268826012135,0.0450323577764582,0.8063774358438769,3502.52,3502.52,3512.7,3511.2961538683553,3519.75,3524.830620666057,3540.3830000000003,3512.3197632200818,3688.1259602147265,3426.5589999999997,3164.992039785273,51.20787759525866,0.022621668680148074
934,2024-04-12 00:00:00,3502.52,3552.4,3501.34,3532.22,125971.1575,2024-04-12 11:59:59.999,444023180.054716,358720,67757.6436,238827021.561677,0,0.008479608967257857,-0.3147800445414771,0.002651239894631674,-0.18359102765671553,0.007366550782998971,-0.46226098838976437,0.04184831019897706,0.5362100172501862,3532.22,3532.22,3517.37,3525.245384622785,3524.916,3527.2937471107048,3554.571,3515.9379880891574,3697.2939010771506,3437.738,3178.182098922849,53.14727031736197,0.0184355727619605
935,2024-04-12 12:00:00,3532.22,3532.48,3100.0,3237.43,571355.9599,2024-04-12 23:59:59.999,1884173997.3657792,1064880,262737.6713,866361344.4251809,0,-0.08345742903896136,3.53560935089447,-0.07568550643536653,2.1078900373971687,-0.0806203355559848,2.7987158107591346,-0.06275548607492332,3.4478100483398464,3237.43,3237.43,3384.825,3333.3684615409284,3468.138,3430.672498073803,3532.8940000000002,3465.3001720729467,3700.8681867387995,3435.6614999999997,3170.4548132612,37.29970808863042,0.026731166022928455
936,2024-04-13 00:00:00,3237.42,3301.9,3141.6,3268.2,250453.9341,2024-04-13 11:59:59.999,808390992.5209981,556671,116395.105,375824233.32918704,0,0.00950445260592514,-0.5616499141028738,-0.07474619361194945,0.9881847485603996,-0.07824821470876908,0.04793649242261466,-0.10043269071971994,-0.044252501840713276,3268.2,3268.2,3252.8149999999996,3289.922820513643,3412.65,3376.514998715869,3496.406,3429.4637771505927,3703.6167312642824,3433.1949999999997,3162.773268735717,39.33315276202539,0.026682300259175774
937,2024-04-13 12:00:00,3268.2,3296.83,2852.0,3007.01,744517.3013,2024-04-13 23:59:59.999,2257859210.314828,1480961,346429.3783,1048987241.765663,0,-0.07991860963221331,1.972671617139513,-0.07117373966386908,0.3030708587170545,-0.1464341674993187,3.825156939961662,-0.18610895331306954,2.170978376401992,3007.01,3007.01,3137.605,3101.3142735045476,3309.476,3253.3466658105795,3427.6459999999997,3352.6539994868485,3742.8684933137088,3418.004,3093.139506686291,30.338719928405183,0.03207212945672398
938,2024-04-14 00:00:00,3007.01,3102.15,2906.73,3027.01,382521.411,2024-04-14 11:59:59.999,1154118392.382487,859772,190515.7196,574494846.4513849,0,0.006651125204106378,-0.4862155515633012,-0.07379903310690883,0.5273124471954542,-0.13576225117915097,1.0807247421486252,-0.166767138747815,0.7127966724432699,3027.01,3027.01,3017.01,3051.7780911681825,3214.374,3177.9011105403865,3367.0619999999994,3293.4459995801485,3768.2934403342197,3402.3360000000002,3036.378559665781,31.628012156077943,0.03202685021862514
939,2024-04-14 12:00:00,3027.0,3174.23,2980.0,3155.11,355059.0556,2024-04-14 23:59:59.999,1090236320.753129,820894,180554.6457,554463018.2137871,0,0.04231898804430778,-0.07179298886356977,0.0492515821364079,-0.5231016727481925,-0.1067628856639733,1.8185742089414396,-0.10018280909995747,0.5156573092662715,3155.11,3155.11,3091.0600000000004,3120.6660303893946,3138.952,3170.3040736935914,3331.9339999999997,3268.293999656485,3774.154237669847,3393.7215000000006,3013.288762330154,39.36840060238251,0.03369000100320165
940,2024-04-15 00:00:00,3155.11,3277.85,3100.0,3229.64,255558.4778,2024-04-15 11:59:59.999,816243784.02856,634601,124330.5335,397139425.300612,0,0.023621997331313205,-0.2802366993058606,0.06694064439826741,-0.33191065793700114,-0.0024062296327642674,-0.5527158273719095,-0.08283257414833078,0.6991054584646457,3229.64,3229.64,3192.375,3193.3153434631317,3137.394,3190.082715795728,3302.7659999999996,3261.265999718942,3774.60236091013,3393.028,3011.4536390898697,43.38434559639005,0.03369646234071414
941,2024-04-15 12:00:00,3229.64,3246.03,3023.19,3101.99,349872.4085,2024-04-15 23:59:59.999,1095066363.202103,906173,167594.2105,524535476.26758,0,-0.039524529049677404,0.36905029139283774,-0.01683618003809706,-0.014607843450817781,-0.050856740713542625,0.39695313534306353,-0.12512550625557028,0.4639181687301839,3101.99,3101.99,3165.8149999999996,3132.431781154377,3104.152,3160.718477197152,3258.401,3232.3067270427705,3783.412410455742,3382.2349999999997,2981.0575895442576,38.66113110433177,0.03438030986064127
942,2024-04-16 00:00:00,3102.0,3128.01,2986.0,3093.31,292119.2296,2024-04-16 11:59:59.999,894937188.847664,765293,140217.1404,429758712.366026,0,-0.0027982037337321852,-0.16506925809784168,-0.04221213509864874,0.14306217549398803,0.02869960525571913,-0.6076394341811382,-0.12193716504677998,0.8932013071281655,3093.31,3093.31,3097.6499999999996,3106.3505937181258,3121.4120000000003,3138.2489847981014,3215.444,3207.034594853176,3790.537986913632,3370.3669999999997,2950.1960130863677,38.35534754673525,0.034344795150410154
943,2024-04-16 12:00:00,3093.31,3118.24,2995.0,3084.22,233994.6254,2024-04-16 23:59:59.999,715353623.325431,696486,113064.1391,345797796.272016,0,-0.0029385997523688756,-0.1989756178653157,-0.0057285806853020205,-0.3312001183425701,0.018899838454448314,-0.388283587085273,-0.11942829734020077,0.2728134755300773,3084.22,3084.22,3088.765,3091.5968645727085,3132.8540000000003,3120.2393231987344,3173.614,3184.7046685162345,3795.3297640583337,3356.9985,2918.6672359416666,38.01623990692638,0.0342738556256453
944,2024-04-17 00:00:00,3084.21,3123.75,3037.65,3040.2,143953.2513,2024-04-17 11:59:59.999,443778406.545172,426668,74564.2491,229951689.627277,0,-0.014272652404822006,-0.38480103526343645,-0.01716931054436832,-0.5072106293819967,-0.03642028328647817,-0.5945653292612431,-0.13929483441008772,0.14274770635492495,3040.2,3040.2,3062.21,3057.3322881909025,3109.872,3093.5595487991563,3124.412,3158.4310924223737,3798.5756356995225,3339.4915,2880.4073643004776,36.34062253983276,0.03415998878325099
945,2024-04-17 12:00:00,3040.19,3063.65,2914.47,2985.41,347944.3148,2024-04-17 23:59:59.999,1039474971.812986,921736,177096.4771,529155000.355144,0,-0.018021840668377087,1.4170646488204741,-0.032037273605644234,0.4869756696557015,-0.07562143149081635,0.3615056631864162,-0.07784569859425527,-0.39102006591320415,2985.41,2985.41,3012.805,3009.384096063634,3061.026,3057.509699199438,3099.21,3126.9727119819418,3796.680480995434,3316.0519999999997,2835.423519004565,34.31338252166549,0.033806341117008275
946,2024-04-18 00:00:00,2985.41,3065.56,2950.98,3046.46,196834.8892,2024-04-18 11:59:59.999,590864535.390043,576939,103965.8,312195055.293599,0,0.020449452504011312,-0.4342919805626322,0.0020590750608513453,0.36735285533630746,-0.017901411674441148,-0.4374095115305442,-0.06784774493605039,-0.21408745321840805,3046.46,3046.46,3015.935,3034.1013653545447,3049.92,3053.8264661329586,3077.036,3112.334037076134,3757.886708892297,3286.721,2815.555291107703,38.43453802276036,0.03160717074930576
947,2024-04-18 12:00:00,3046.45,3094.4,2985.69,3064.4,192225.8241,2024-04-18 23:59:59.999,587112589.968096,591315,101264.0503,309343655.846903,0,0.0058888020850429434,-0.023415895010954202,0.026458677367597883,-0.4475385401526325,-0.009345975670075002,-0.3419610740339979,0.01908540377318335,-0.7418114746771434,3064.4,3064.4,3055.4300000000003,3054.3004551181816,3044.138,3057.3509774219724,3082.775,3103.618757607746,3696.386334491173,3255.2105,2814.0346655088274,39.633105236700274,0.031237740556916527
948,2024-04-19 00:00:00,3064.4,3128.89,2865.18,3102.61,418930.1131,2024-04-19 11:59:59.999,1261716606.832193,899289,209613.3616,631769681.869828,0,0.01246899882521868,1.1793643755277312,0.018431228376541986,1.1283326081197602,0.005962609671164909,0.790340749852112,0.024975140485165248,0.09518082139459638,3102.61,3102.61,3083.505,3086.5068183727276,3047.816,3072.437318281315,3090.335,3103.4353471336103,3638.5272892412927,3228.6984999999995,2818.8697107587063,42.21352714409761,0.03153021385735208
949,2024-04-19 12:00:00,3102.6,3121.0,3020.63,3056.46,188920.2888,2024-04-19 23:59:59.999,581402675.937356,566612,98286.8158,302531810.527761,0,-0.014874573343088615,-0.5490410383678862,-0.002591045555410565,-0.01719610419399409,0.005348332346556184,0.31237250353094326,-0.0312667387190938,-0.46791868614433396,3056.46,3056.46,3079.535,3066.4756061242424,3051.068,3067.111545520877,3080.47,3094.894374927499,3601.734517985545,3206.2019999999998,2810.6694820144544,39.990096015187184,0.030926402394701884
950,2024-04-20 00:00:00,3056.45,3071.03,3018.75,3047.39,101579.0911,2024-04-20 11:59:59.999,309796618.990027,362596,49844.2925,152052623.987191,0,-0.0029674852607265434,-0.46231772275376704,-0.017797918526659906,-0.7575273585650484,0.020760967505300876,-0.7080593451903701,-0.05643043806740067,-0.6025211451623382,3047.39,3047.39,3051.925,3053.751868708081,3063.464,3060.537697013918,3062.245,3086.2572158497715,3555.8475091805735,3182.5055,2809.163490819427,39.54920618967587,0.030837756539147207
951,2024-04-20 12:00:00,3047.38,3171.88,3040.34,3155.79,140998.546,2024-04-20 23:59:59.999,439931299.40623105,449522,74519.4983,232386539.567256,0,0.035571423414791026,0.38806662348645493,0.03249838047937814,-0.25366117691431356,0.0358875547356603,-0.2836709661937311,0.01734370516990702,-0.5970000989660778,3155.79,3155.79,3101.59,3121.77728956936,3085.33,3092.2884646759453,3067.625,3098.8995402407218,3497.1295008855272,3163.013,2828.8964991144726,47.06124816212846,0.03214358103128048
952,2024-04-21 00:00:00,3155.79,3197.18,3126.87,3168.81,122093.8116,2024-04-21 11:59:59.999,386898787.95191294,378727,65363.5223,207153033.783385,0,0.004125749812249779,-0.1340775131113764,0.03984393202051595,0.20195810257648583,0.03407192272549264,-0.3648417835031147,0.024407511694592543,-0.5820411693979081,3168.81,3168.81,3162.3,3153.1324298564537,3106.212,3117.795643117297,3075.175,3111.610532924227,3435.974341387792,3145.3095000000003,2854.644658612209,47.89872107100734,0.03221068577787521
953,2024-04-21 12:00:00,3168.81,3176.7,3116.49,3147.67,97876.6956,2024-04-21 23:59:59.999,308089989.239111,388533,47312.3662,148921050.928708,0,-0.0066712740744947485,-0.19834843128118052,-0.0025730482700052626,-0.30583187999683337,0.014523256226209424,-0.7663650987613857,0.020572462405405778,-0.5817139157248352,3147.67,3147.67,3158.24,3149.4908099521513,3115.2239999999997,3127.753762078198,3081.5199999999995,3118.1667996652764,3367.7921255052042,3127.567,2887.341874494796,46.60943413508507,0.03221276884763923
954,2024-04-22 00:00:00,3147.66,3235.0,3129.15,3194.54,163190.3204,2024-04-22 11:59:59.999,521032665.217355,513746,88981.7481,284182064.461627,0,0.014890379232892936,0.6673051679934319,0.008119767357462226,0.3365978034549295,0.04517644595381576,-0.13619483943960609,0.05076639694756935,0.13363414112759253,3194.54,3194.54,3171.105,3179.5236033173837,3142.84,3150.0158413854656,3096.954,3132.0528360897715,3267.8965476477533,3110.683,2953.4694523522467,49.8335712562474,0.032383498816645755
955,2024-04-22 12:00:00,3194.55,3224.2,3166.8,3200.2,127689.6365,2024-04-22 23:59:59.999,407924720.16287506,479833,65306.8437,208648783.183209,0,0.0017717730878310523,-0.21754160303738213,0.01668853469391629,0.30459692899562896,0.05014454992633044,0.2570464562859234,0.07194656680321976,-0.6330170344257626,3200.2,3200.2,3197.37,3193.307867772461,3173.402,3166.743894256977,3118.433,3144.443229527995,3260.781814197466,3108.8215,2956.8611858025342,50.22447603663392,0.02652366777037775
956,2024-04-23 00:00:00,3200.19,3223.36,3152.0,3179.8,104550.4919,2024-04-23 11:59:59.999,332674483.400423,331536,50999.0126,162238369.242345,0,-0.006374601587400663,-0.18121395936466622,-0.004614122847107827,-0.3593339871891078,0.007608237556998576,-0.25849950325019666,0.04376883333442749,-0.468841665596345,3179.8,3179.8,3190.0,3184.3026225908206,3178.204,3171.095929504652,3131.767,3150.8717332501774,3242.0280952895473,3104.4015,2966.7749047104526,48.75002268272393,0.02645431567315409
957,2024-04-23 12:00:00,3179.79,3263.61,3173.11,3219.46,149363.7344,2024-04-23 23:59:59.999,481124032.91996306,513357,79573.4438,256375959.898421,0,0.012472482546072028,0.4286277537829546,0.006018373851634395,0.16974046206169602,0.015983918253224427,0.22335221124344007,0.050600443806291695,-0.22297779135909557,3219.46,3219.46,3199.63,3207.7408741969402,3188.334,3187.217286336435,3147.273,3163.3423272046903,3253.7337708742693,3115.0240000000003,2976.3142291257313,51.717662157867636,0.018958289599277055
958,2024-04-24 00:00:00,3219.46,3287.0,3210.4,3281.96,133482.5023,2024-04-24 11:59:59.999,434209830.25251293,425070,69085.1747,224749000.100703,0,0.019413193516925276,-0.10632589071099174,0.03212780678030058,0.2767276353675385,0.04266330333230606,0.363782271987531,0.057806169644267325,-0.6813728635732201,3281.96,3281.96,3250.71,3257.2202913989804,3215.192,3218.798190890957,3165.208,3184.9091768038375,3278.153142134242,3127.7715,2977.3898578657577,56.03790204538722,0.01927883166484673
959,2024-04-24 12:00:00,3281.97,3293.56,3104.9,3140.8,259831.8391,2024-04-24 23:59:59.999,827407844.5327821,705300,125369.9525,399007637.05651903,0,-0.04301088374020401,0.9465610445032842,-0.024432668832661375,0.7395912076231541,-0.01682245331096177,0.5922012927183395,0.0275940139900408,0.37535169330103213,3140.8,3140.8,3211.38,3179.6067637996603,3204.444,3192.798793927305,3173.6420000000003,3176.8893264758667,3277.0462002665217,3127.056,2977.0657997334783,46.021785838850626,0.01983913372236305
960,2024-04-25 00:00:00,3140.79,3171.2,3072.2,3112.0,165012.3409,2024-04-25 11:59:59.999,516676019.407052,397139,81704.0354,255813694.983028,0,-0.009169638308711203,-0.3649264021239035,-0.05178612780167946,0.23620952601815293,-0.02756077745140928,0.2922923537338131,0.02120174969400046,0.6244715237464848,3112.0,3112.0,3126.4,3134.53558793322,3186.804,3165.865862618203,3180.103,3165.091267116618,3263.6496459749937,3121.174,2978.698354025006,44.28271509500779,0.019122862068375504
961,2024-04-25 12:00:00,3112.01,3191.64,3082.58,3155.8,187276.2093,2024-04-25 23:59:59.999,588263514.867945,463938,99688.7653,313132223.836349,0,0.014074550128534868,0.1349224444582131,0.004775853285787113,-0.27924071988758836,-0.007547644505943807,0.791251345609403,3.1687786576917176e-06,0.32821376257312607,3155.8,3155.8,3133.9,3148.711862644407,3182.004,3162.5105750788025,3180.1040000000003,3163.401945822687,3266.820931611144,3123.8645,2980.9080683888565,47.53007575581214,0.01719883364024457
962,2024-04-26 00:00:00,3155.81,3164.08,3121.8,3128.63,120039.7916,2024-04-26 11:59:59.999,377114487.36850893,290695,61696.7247,193839791.085802,0,-0.008609544331072971,-0.35902273946763397,0.005343830334190169,-0.2725405206344783,-0.02821280587427699,-0.19632572068310572,-0.01267983880384116,-0.016823293278199203,3128.63,3128.63,3142.215,3135.323954214802,3163.838,3151.2170500525353,3176.0860000000002,3157.079773854926,3267.904506125474,3125.6305,2983.356493874526,45.74884207804834,0.01731510113772529
963,2024-04-26 12:00:00,3128.63,3167.7,3102.0,3131.3,132482.8634,2024-04-26 23:59:59.999,415141020.49404895,337940,66056.9129,207032924.623472,0,0.000853408680476786,0.10365789238841039,-0.007763483110463265,-0.2925803875719519,-0.04590549549659351,-0.00748891339895108,-0.005200672243278359,0.35356902465759177,3131.3,3131.3,3129.965,3132.641318071601,3133.706,3144.578033368357,3174.449,3152.3925422449392,3268.9922668037866,3127.9844999999996,2986.9767331962125,45.96315515943593,0.01729378528836175
964,2024-04-27 00:00:00,3131.3,3138.8,3066.74,3124.92,119917.5556,2024-04-27 11:59:59.999,372997069.303701,309983,62636.6069,194876133.444899,0,-0.0020374924152908314,-0.09484477824171178,-0.0011858225485276153,-0.001018295669883429,-0.005056036678553255,-0.5384801338613163,-0.02179343504855158,-0.2651674725187928,3124.92,3124.92,3128.11,3127.4937726905337,3130.53,3138.025355578905,3167.487,3147.397534564041,3267.394721133288,3132.2205000000004,2997.046278866713,45.5006133233587,0.016941618422050192
965,2024-04-27 12:00:00,3124.92,3285.0,3122.0,3255.56,203893.6363,2024-04-27 23:59:59.999,654416789.945756,424043,111912.7867,359112650.511756,0,0.04180587023027793,0.7002817917679436,0.03968319867147829,0.5390189422792926,0.04613110539845766,0.23562659124727325,0.01729891881757384,0.5967907959390268,3255.56,3255.56,3190.24,3212.871257563511,3159.242,3177.203570385937,3173.023,3167.063437370579,3273.2980658618226,3145.728,3018.1579341381776,55.398282722870725,0.01851939286078519
966,2024-04-28 00:00:00,3255.55,3339.99,3250.45,3286.41,167324.6441,2024-04-28 11:59:59.999,552207795.270044,382565,84571.8891,279081881.963053,0,0.009476096278366875,-0.17935327881540164,0.05167812295994767,0.3953306775042369,0.04138728690031046,-0.10653550322582261,0.0335272658657777,0.6004194821009734,3286.41,3286.41,3270.9849999999997,3261.8970858545035,3185.364,3213.605713590625,3183.684,3188.76281239411,3290.713542842162,3157.7254999999996,3024.737457157837,57.367292718903556,0.018181574768782353
967,2024-04-28 12:00:00,3286.41,3357.4,3251.97,3263.45,137441.3649,2024-04-28 23:59:59.999,454420537.02000093,370674,72620.5303,240140697.056501,0,-0.006986346803959376,-0.17859460786983994,0.0024235461794590574,-0.32591635818503484,0.04309234393328709,0.14496504090898465,0.013663782124952562,-0.0798210459044334,3263.45,3263.45,3274.93,3262.932361951501,3212.328,3230.2204757270833,3188.083,3202.3423010497263,3301.0317202480232,3167.6780000000003,3034.3242797519774,55.40681929763413,0.0183367692249228
968,2024-04-29 00:00:00,3263.44,3286.95,3147.54,3160.11,256555.3283,2024-04-29 11:59:59.999,821283422.194881,520663,127904.997,409347532.26367503,0,-0.031665875070860494,0.8666529431417196,-0.038430993089723975,0.5332787927322415,0.009200651486602984,0.9365170839144166,-0.03712720447537443,0.9220146751773921,3160.11,3160.11,3211.7799999999997,3194.3841206505003,3218.0899999999997,3206.850317151389,3175.898,3194.663700858867,3300.6100574939624,3170.5530000000003,3040.4959425060383,47.53319220743731,0.019775892694130607
969,2024-04-29 12:00:00,3160.11,3235.43,3115.13,3216.73,165275.9629,2024-04-29 23:59:59.999,523953760.358548,423056,83311.5643,264195336.696896,0,0.017917097822544026,-0.35578822706524926,-0.014316137829597397,0.20251980195519748,0.029379952126774356,0.37824659678103045,0.024175369332654073,-0.36391181514752247,3216.73,3216.73,3188.42,3209.281373550167,3236.4519999999998,3210.143544767593,3183.491,3198.6757552481636,3298.9035018364557,3178.5665,3058.229498163544,51.592141139009115,0.019740700439813776
970,2024-04-30 00:00:00,3216.74,3250.95,3003.7,3007.45,256783.6746,2024-04-30 11:59:59.999,800016523.5408381,573326,122178.7765,380641251.57308304,0,-0.0650598589250575,0.553666184086107,-0.04830844495919451,0.0008900469988797344,-0.0762111587560973,0.2594001424457404,-0.03359575835475581,0.5561483050265605,3007.45,3007.45,3112.09,3074.727124516722,3186.83,3142.579029845062,3173.036,3163.9074361121334,3306.491624593879,3176.5695000000005,3046.647375406122,39.44522724114129,0.024895753142782882
971,2024-04-30 12:00:00,3007.45,3037.42,2921.0,3014.05,304933.812,2024-04-30 23:59:59.999,910107949.954865,719547,145483.7884,434226647.305366,0,0.0021945502003359874,0.18751245566917363,-0.06300808585115936,0.8449979455542471,-0.08287462611177532,0.822408250979211,-0.044917295139108915,0.6282570708782496,3014.05,3014.05,3010.75,3034.275708172241,3132.358,3099.7360198967085,3158.861,3136.6606295462907,3317.3845494617563,3169.4825,3021.580450538244,39.92559381543141,0.023436234534678302
972,2024-05-01 00:00:00,3014.04,3023.24,2817.0,2905.39,323469.5503,2024-05-01 11:59:59.999,941174556.726631,686096,157160.4659,457042229.17673,0,-0.036051160398799076,0.0607861036414028,-0.03393572627973862,0.2596967108749366,-0.10971824296373467,1.3535094440843989,-0.07135391529199686,1.6946860369257757,2905.39,2905.39,2959.7200000000003,2948.3519027240804,3060.746,3034.9540132644725,3136.537,3094.6114241742375,3343.7414723389747,3156.3115,2968.881527661025,35.002541718001126,0.024575083983518136
973,2024-05-01 12:00:00,2905.4,3015.73,2865.91,2972.46,301494.227,2024-05-01 23:59:59.999,886348880.1336621,678943,146334.4015,430261949.91489,0,0.02308468054202706,-0.06793629656831413,-0.013798709377747631,-0.011279775691125926,-0.05938084433769708,0.17516260136858763,-0.050726535304825515,1.2757224539275773,2972.46,2972.46,2938.925,2964.4239675746935,3023.216,3014.1226755096486,3120.653,3072.402074324376,3351.4341743817754,3147.551,2943.6678256182245,39.926446634464604,0.025297406537655283
974,2024-05-02 00:00:00,2972.46,3002.51,2893.26,2995.55,193308.7155,2024-05-02 11:59:59.999,569010551.627981,427343,109891.897,323404890.233537,0,0.00776797669270568,-0.3588311211677032,0.031031978495141832,-0.4023897602704276,-0.06875926795223719,0.16961179416610728,-0.04139945982617155,0.6120134748643924,2995.55,2995.55,2984.005,2985.1746558582313,2978.98,3007.9317836730993,3107.716,3058.4289699017622,3350.560759415951,3137.6014999999998,2924.6422405840485,41.56759320246305,0.02508822967404154
975,2024-05-02 12:00:00,2995.54,3016.72,2952.4,2986.19,172631.0036,2024-05-02 23:59:59.999,515852336.219962,452824,90615.716,270819670.453828,0,-0.003124634875064758,-0.10696730277533706,0.004619069726758296,-0.42741522675988086,-0.0070691117059301645,-0.3277181508173651,-0.0827415252675423,-0.15332814337570388,2986.19,2986.19,2990.87,2985.8515519527436,2974.728,3000.684522448733,3080.779,3045.2946117378056,3347.5704754513895,3126.9010000000003,2906.231524548611,41.07769403378345,0.025064051501988156
976,2024-05-03 00:00:00,2986.19,3036.17,2958.32,2979.5,113010.5234,2024-05-03 11:59:59.999,338070294.074063,326073,57635.6296,172473765.548657,0,-0.0022403129070822647,-0.34536368877368906,-0.005357947622306458,-0.4153883692843636,-0.011462981702360708,-0.6293932684644364,-0.09338761749142677,-0.3246032345811516,2979.5,2979.5,2982.8450000000003,2981.6171839842477,2967.818,2993.623014965822,3050.088,3033.3319550582046,3345.095479680385,3116.886,2888.676520319615,40.708401249246855,0.025053116405363875
977,2024-05-03 12:00:00,2979.49,3126.99,2969.75,3102.61,242815.3157,2024-05-03 23:59:59.999,743339567.08006,533469,129092.8327,395116360.279654,0,0.041319013257258064,1.148608009190054,0.03898613283146757,0.4065568214074844,0.06788073201876532,-0.24934104160715498,-0.04928526559316049,0.7666829478641188,3102.61,3102.61,3041.0550000000003,3062.2790613280827,3007.2619999999997,3029.952009977215,3034.004,3045.92796322944,3334.380696031007,3111.0435,2887.7063039689933,49.67452179968392,0.026759651656528022
978,2024-05-04 00:00:00,3102.61,3168.0,3092.85,3130.45,111934.5117,2024-05-04 11:59:59.999,349559292.902445,305387,55886.7133,174593382.767012,0,0.008973090398084027,-0.5390137917070443,0.05066286289645916,-0.009521340735600958,0.05315126191773811,-0.6287341458780238,-0.009385749230248375,-0.5637022530706879,3130.45,3130.45,3116.5299999999997,3107.7263537760273,3038.86,3063.4513399848097,3031.038,3061.2956062786325,3312.950177724008,3103.468,2893.9858222759917,51.46205207908153,0.026429969900569616
979,2024-05-04 12:00:00,3130.45,3158.95,3104.34,3117.23,84329.4371,2024-05-04 23:59:59.999,263738075.198173,269639,44884.2687,140385319.338454,0,-0.0042230350269130135,-0.24661808213346592,0.0047121616961203205,-0.6527013262862316,0.040620253375840853,-0.5637577080687808,-0.030932033462553576,-0.48976587024319196,3117.23,3117.23,3123.84,3114.0621179253426,3063.196,3081.377559989873,3021.088,3071.4654960461535,3311.1827029028063,3102.2895,2893.3962970971934,50.54396949101896,0.02462566658355024
980,2024-05-05 00:00:00,3117.24,3171.93,3072.99,3138.1,138851.4846,2024-05-05 11:59:59.999,432811784.652524,341688,75016.8393,233907595.03234,0,0.006695046563776064,0.6465363623303493,0.002443738120717409,0.24047072248942492,0.050870842109845604,-0.19567469513338331,0.04344211873846615,-0.4592666966998844,3138.1,3138.1,3127.665,3130.087372641781,3093.5780000000004,3100.285039993249,3034.153,3083.5808604013982,3313.039427699367,3103.5945,2894.1495723006333,51.99980832474895,0.024573094066969125
981,2024-05-05 12:00:00,3138.1,3168.0,3122.89,3136.41,79908.7816,2024-05-05 23:59:59.999,251331808.162055,259005,40252.6087,126605238.260833,0,-0.000538542430132849,-0.42450178454915843,0.006152898566996967,-0.05242126180396378,0.052663198523242194,-0.29290849032560096,0.040596539539821785,-0.7379471267030236,3136.41,3136.41,3137.255,3134.30245754726,3124.96,3112.326693328833,3046.389,3093.1861585102347,3311.2723258395445,3102.625,2893.9776741604555,51.8666613581781,0.024371163643888843
982,2024-05-06 00:00:00,3136.4,3221.4,3124.38,3149.23,170632.0115,2024-05-06 11:59:59.999,540872293.9551,419359,87262.7121,276721864.077696,0,0.004087475808328689,1.1353349166820483,0.0035467320990407725,0.22888143394039018,0.015026058705412515,-0.29727657002156727,0.0839267705884581,-0.4724943620141423,3149.23,3149.23,3142.8199999999997,3144.2541525157535,3134.284,3124.6277955525557,3070.773,3103.37594787201,3313.007850900084,3103.6549999999997,2894.3021490999154,52.852874437164495,0.024300977400392904
983,2024-05-06 12:00:00,3149.23,3154.99,3046.35,3062.6,184503.2912,2024-05-06 23:59:59.999,570443337.621314,453841,85601.7213,264647573.80304,0,-0.027508311555523135,0.08129353676405571,-0.02353327530520566,1.3089238442349118,-0.021674200194860105,0.6483146118017149,0.0303250506314634,-0.38803706778770264,3062.6,3062.6,3105.915,3089.8180508385844,3120.714,3103.951863701704,3079.7870000000003,3095.962139168008,3309.899929130075,3100.2200000000003,2890.5400708699253,45.99485106492611,0.025100541850966947
984,2024-05-07 00:00:00,3062.59,3129.85,3021.34,3063.39,156677.8492,2024-05-07 11:59:59.999,483315051.12606704,417828,74139.2803,228805638.694228,0,0.00025795076079138113,-0.1508127135241044,-0.027257456584625528,-0.08177927563140752,-0.017271744465438887,0.8579259460039725,0.022646926273973023,-0.1894941270767484,3063.39,3063.39,3062.995,3072.199350279528,3109.946,3090.431242467803,3086.571,3090.0399320465517,3307.088933508313,3097.1434999999997,2887.1980664916864,46.06358257816273,0.025099861149588162
985,2024-05-07 12:00:00,3063.4,3106.0,2998.0,3005.69,142118.8337,2024-05-07 23:59:59.999,433936994.562136,397418,65623.5705,200554299.614537,0,-0.01883534254535002,-0.09292325350608666,-0.018582250375497877,-0.2297219590194498,-0.04219432140467161,0.02353125074184481,0.006530060043064889,-0.17674791470655626,3005.69,3005.69,3034.54,3027.8597834265092,3083.464,3062.184161645202,3088.5209999999997,3074.70358076536,3284.9156383906,3084.65,2884.3843616094,41.87200156561238,0.023293807162451937
986,2024-05-08 00:00:00,3005.69,3038.15,2978.4,2990.31,125685.9769,2024-05-08 11:59:59.999,378028121.460028,382049,63253.4341,190283714.804962,0,-0.0051169614963619825,-0.11562757990744754,-0.023855924319136634,-0.19780634249349904,-0.046581920093355156,0.5728681426923419,0.0036281255244168253,0.11216170953509619,2990.31,2990.31,2998.0,3002.826594475503,3054.2439999999997,3038.226107763468,3089.602,3059.3592933534765,3251.1407843414895,3069.8450000000003,2888.549215658511,40.80611591182764,0.023086229735162302
987,2024-05-08 12:00:00,2990.31,3032.5,2936.48,2974.21,141248.8356,2024-05-08 23:59:59.999,422431955.17563903,448586,70049.6897,209524867.589515,0,-0.005384057171330059,0.12382334993809474,-0.01047346865445209,-0.006121624258727643,-0.05557548988165362,-0.17220201321954176,-0.04138451174978486,-0.41828695940039506,2974.21,2974.21,2982.26,2983.748864825168,3019.2400000000002,3016.8874051756457,3076.7619999999997,3043.8776036528443,3217.7535486964834,3055.383,2893.012451303516,39.6677581425755,0.023079753804263595
988,2024-05-09 00:00:00,2974.2,3014.96,2950.77,2977.2,109761.4336,2024-05-09 11:59:59.999,327941918.028025,309994,57016.1594,170373181.242359,0,0.0010053089728028208,-0.22292149783923587,-0.004384160839511653,-0.12670103453681303,-0.027884803761509813,-0.40509769291313324,-0.04895462313724863,-0.019413834634166682,2977.2,2977.2,2975.705,2979.3829549417223,3002.16,3003.6582701170973,3061.437,3031.7544029886903,3204.536589684679,3046.2375,2887.9384103153216,40.00250509379096,0.022185167905927748
989,2024-05-09 12:00:00,2977.2,3059.0,2955.86,3036.23,128800.3126,2024-05-09 23:59:59.999,387148904.04818,376153,65789.7621,197759829.647592,0,0.019827354561332777,0.17345690900305444,0.02085259615158308,-0.08813186280170648,-0.008865994861901316,-0.17792902278364942,-0.02598460812965353,0.5273469980270984,3036.23,3036.23,3006.715,3017.280984980574,2996.728,3014.5155134113984,3053.337,3032.568147899837,3174.832595898087,3037.2125,2899.592404101913,46.33330119934562,0.022282676014751496
990,2024-05-10 00:00:00,3036.24,3053.89,3018.23,3037.85,106041.658,2024-05-10 11:59:59.999,321698339.273143,275373,55076.9275,167084814.87453,0,0.000533556417003922,-0.17669720003459066,0.020371489990595126,-0.033889641179030705,0.010699706223862071,-0.25385217962142614,-0.03194608202415472,-0.236294388169617,3037.85,3037.85,3037.04,3030.9936616601913,3003.16,3022.293675607599,3043.312,3033.528484645321,3175.673980914288,3038.7324999999996,2901.791019085711,46.50014295271223,0.0167536341147242
991,2024-05-10 12:00:00,3037.85,3044.53,2878.03,2909.99,221814.2178,2024-05-10 23:59:59.999,650566530.218907,615667,99340.1397,291289920.083952,0,-0.04208897740178086,1.091764896772927,-0.04157787782875477,0.7221558963825061,-0.02686009142864787,0.7648286886967739,-0.07219081688937357,1.7758428217606563,2909.99,2909.99,2973.92,2950.3245538867304,2987.096,2984.8591170717327,3020.67,3011.066941982535,3181.3055652440003,3033.5295,2885.753434756,36.7810036191914,0.019273598091019143
992,2024-05-11 00:00:00,2909.98,2936.59,2886.46,2903.4,71031.9249,2024-05-11 11:59:59.999,206988543.14203,228122,35579.6589,103697820.672535,0,-0.0022646125931703454,-0.6797683863347015,-0.04425827476669353,-0.3301507516979789,-0.02380800279738149,-0.49711497019944284,-0.07806035126046684,-0.583712784749068,2903.4,2903.4,2906.6949999999997,2919.0415179622437,2972.934,2957.706078047822,2996.087,2991.4911343493463,3181.5533165980255,3033.43,2885.306683401974,36.35918758064279,0.017491284736913557
993,2024-05-11 12:00:00,2903.4,2945.67,2896.0,2912.45,67131.1838,2024-05-11 23:59:59.999,196000522.424199,238235,33087.5635,96624315.997166,0,0.0031170352001101964,-0.05491532301132951,0.000845363729772286,-0.6973540088375706,-0.021748622867123424,-0.38839006016772726,-0.049026970547900506,-0.6361518357565212,2912.45,2912.45,2907.925,2914.6471726540813,2959.984,2942.620718698548,2981.0719999999997,2977.1200190131012,3185.6334587736064,3030.4295,2875.225541226394,37.42058700177624,0.01666114296094415
994,2024-05-12 00:00:00,2912.45,2943.73,2901.17,2928.0,48027.8079,2024-05-12 11:59:59.999,140264523.150422,174413,23500.0696,68634182.207848,0,0.005339147453175208,-0.2845678389481938,0.008472824963835501,-0.32385602716504724,-0.03564617963724748,-0.6271141977026538,-0.04419613565363856,-0.6934614041153176,2928.0,2928.0,2920.225,2923.5490575513604,2938.338,2937.7471457990323,2967.533,2968.1891064652646,3187.9795718576515,3027.052,2866.1244281423487,39.294032293745616,0.016603489016098937
995,2024-05-12 12:00:00,2928.0,2955.2,2913.78,2929.29,59642.8244,2024-05-12 23:59:59.999,174947481.472107,193577,25618.0827,75160649.286382,0,0.00044057377049178115,0.24183940529169967,0.005782073511991781,-0.11154815059286949,-0.03573579999012455,-0.43755288699842854,-0.025418456327831573,-0.580331312555656,2929.29,2929.29,2928.645,2927.3763525171203,2916.6259999999997,2934.928097199355,2959.893,2961.116541653398,3189.8658313492515,3024.207,2858.5481686507483,39.45596139964512,0.01659871156502766
996,2024-05-13 00:00:00,2929.3,2996.4,2864.76,2965.57,208483.9287,2024-05-13 11:59:59.999,609438454.436962,523650,100492.2281,294064668.716331,0,0.01238525376456412,2.495540843300506,0.012831284153005607,3.3409003620171474,0.019099721992172025,-0.06009663957618505,-0.008273389715447443,0.6587684150784525,2965.57,2965.57,2947.4300000000003,2952.8387841723734,2927.7419999999997,2945.14206479957,2957.419,2961.9262613527803,3190.0302415893975,3023.5105,2856.990758410602,43.98166376303696,0.016853537195515734
997,2024-05-13 12:00:00,2965.57,2987.0,2928.66,2950.99,160180.8361,2024-05-13 23:59:59.999,474115034.18625,401367,86033.1406,254717715.077297,0,-0.004916424161291233,-0.23168736746853147,0.007407938442421047,1.6856681874374813,0.016391127643452297,1.2550541369321668,-0.007807115166716616,0.13403296685300248,2950.99,2950.99,2958.2799999999997,2951.606261390791,2937.2599999999998,2947.091376533047,2955.097,2959.937850197729,3181.154911178185,3015.9294999999997,2850.7040888218144,42.60339553548808,0.013760483168024062
998,2024-05-14 00:00:00,2950.99,2960.6,2882.29,2907.94,99345.1105,2024-05-14 11:59:59.999,290469031.377903,251748,46880.4399,137069554.464245,0,-0.014588324596152336,-0.37979403205275186,-0.019433026365926365,-0.5234879200547222,-0.0015485244381876484,0.47986531558825263,-0.023263469031304496,-0.09489966337320155,2907.94,2907.94,2929.465,2922.495420463597,2936.3579999999997,2934.0409176886983,2948.171,2950.4836956163235,3167.6342396239756,3004.804,2841.9737603760245,38.74280722413235,0.013743156722759232
999,2024-05-14 12:00:00,2907.94,2924.14,2862.0,2881.93,170330.1932,2024-05-14 23:59:59.999,493002886.87676305,366097,86097.7931,249244949.382789,0,-0.008944476158380232,0.714530210321725,-0.02340231583299157,0.06336186866738447,-0.015734289617486352,2.5464910985454328,-0.05081960194056456,0.32243617862151064,2881.93,2881.93,2894.935,2895.4518068211987,2927.144,2916.6706117924655,2932.741,2938.019387322446,3155.678813440628,2993.0389999999998,2830.3991865593716,36.58569628240242,0.013795077772256917
1000,2024-05-15 00:00:00,2881.93,2933.8,2863.75,2898.74,106705.1746,2024-05-15 11:59:59.999,309764882.829066,253611,52018.8948,151031962.534935,0,0.005832896704638824,-0.37353928510661727,-0.0031637516592503134,0.07408582126444974,-0.010429148360182938,0.7890697778557918,-0.045792254390440656,0.006257131513353054,2898.74,2898.74,2890.335,2897.643935607066,2921.034,2910.693741194977,2918.83,2930.8776805365464,3134.200678233853,2981.071,2827.9413217661468,38.951446133769295,0.013761781361343296
1001,2024-05-15 12:00:00,2898.74,3041.36,2893.02,3032.55,243549.1442,2024-05-15 23:59:59.999,726298125.7705939,507206,123129.5243,367021752.36372304,0,0.04616143565825159,1.2824492355968649,0.05226358724882285,0.42986477983986693,0.022585877251253494,0.16819145590093632,0.04211698321987378,0.09798707501967896,3032.55,3032.55,2965.645,2987.581311869022,2934.4299999999994,2951.3124941299848,2931.0860000000002,2949.363556802629,3113.880919766227,2975.8779999999997,2837.875080233772,53.74431095355565,0.017742542097551366
1002,2024-05-16 00:00:00,3032.55,3041.24,2989.72,3006.45,132675.9712,2024-05-16 11:59:59.999,399836678.460995,242210,64407.8567,194076297.8123,0,-0.008606618192610327,-0.45523942760789227,0.037157523613708054,0.2433883520396769,0.018793692964056197,-0.1717113330762542,0.03549287042777416,0.8678357849204226,3006.45,3006.45,3019.5,3000.160437289674,2945.522,2969.6916627533233,2941.391,2959.7429101112416,3082.8340955826084,2968.739,2854.6439044173917,51.141246982515476,0.017757945831527396
1003,2024-05-16 12:00:00,3006.45,3009.12,2922.8,2944.7,161198.1801,2024-05-16 23:59:59.999,476869917.197032,333061,75763.6229,224131942.755146,0,-0.02053917410899897,0.21497644706896257,-0.02896901947206154,-0.33812873525178255,0.012641251195004033,0.6226080910142024,0.011073151470411435,1.4012414346847852,2944.7,2944.7,2975.575,2963.1868124298912,2952.874,2961.3611085022158,2944.616,2957.007835545561,3068.826470135419,2962.844,2856.861529864581,45.523419980803354,0.017296917739006972
1004,2024-05-17 00:00:00,2944.7,3059.53,2933.06,3030.4,180680.6523,2024-05-17 11:59:59.999,542350437.14959,364661,90754.3879,272539668.507302,0,0.029103134444935064,0.12086037316248821,0.007966205990453945,0.36181895384535157,0.05151755941330993,0.060767024950453497,0.0349726775956285,2.7620008116173045,3030.4,3030.4,2987.55,3007.995604143297,2982.568,2984.3740723348105,2954.856,2970.3518654463683,3061.7542512875066,2961.1945,2860.6347487124935,53.20613173597262,0.018630421070765135
1005,2024-05-17 12:00:00,3030.4,3120.0,3020.1,3092.01,177044.1208,2024-05-17 23:59:59.999,546024185.841603,389613,89631.8281,276408762.35089,0,0.020330649419218583,-0.020126845092201306,0.05002546948755415,0.09830099006185988,0.06667379620110814,0.6591896453351571,0.05554929692860733,1.9684060502003993,3092.01,3092.01,3061.205,3064.005201381099,3021.222,3020.252714889874,2971.1279999999997,2992.471526274301,3079.809761848031,2965.5105,2851.2112381519687,57.81235569621109,0.01864650938336904
1006,2024-05-18 00:00:00,3092.0,3146.98,3083.61,3133.79,124299.6439,2024-05-18 11:59:59.999,387023575.03956497,330074,61808.2042,192504672.697893,0,0.013512246079411039,-0.2979171330946563,0.03411760823653642,-0.3120478461987487,0.033384445433710885,-0.4896321877529307,0.05672433967163126,-0.4037926823661204,3133.79,3133.79,3112.9,3110.5284004603664,3041.4700000000003,3058.0984765932494,2987.95,3018.165794224428,3108.3276020693797,2972.6845000000003,2837.041397930621,60.64175192881704,0.018759251735469048
1007,2024-05-18 12:00:00,3133.79,3135.0,3095.71,3122.94,75676.9017,2024-05-18 23:59:59.999,235707381.298183,197457,34533.2419,107558224.974536,0,-0.0034622613512711453,-0.3911736242713403,0.0100032018007703,-0.5725534326808326,0.038746694606595966,-0.42961109675298914,0.058268581052460355,-0.5275533357014359,3122.94,3122.94,3128.365,3118.802800153456,3064.768,3079.712317728833,3005.145,3037.215649819986,3130.762039016609,2980.121,2829.4799609833913,59.5252595096962,0.018721557151910272
1008,2024-05-19 00:00:00,3122.94,3136.64,3082.04,3102.58,79096.1017,2024-05-19 11:59:59.999,246076389.989575,227447,34825.8068,108370177.277706,0,-0.006519497652852757,0.045181553726320045,-0.00995918679937069,-0.3636659026663551,0.05361496926681841,-0.509323854333018,0.06693398075613666,-0.2038249159730916,3102.58,3102.58,3112.76,3107.9876000511517,3096.344,3087.334878485889,3024.609,3049.100077125443,3146.180663306724,2986.39,2826.5993366932757,57.389989012225264,0.018830772879668885
1009,2024-05-19 12:00:00,3102.59,3103.0,3053.38,3071.19,87048.9085,2024-05-19 23:59:59.999,267713678.702255,242972,39679.7769,121989747.955275,0,-0.010117386175376608,0.10054612843201616,-0.016570923552805983,0.1502705124620609,0.013460269271383218,-0.5182167686916193,0.0656712689066008,-0.48894023505399276,3071.19,3071.19,3086.885,3083.4558666837174,3104.502,3081.9532523239263,3043.535,3053.1164267389986,3150.8101763056075,2988.138,2825.4658236943924,54.16401631296135,0.01854649531361084
1010,2024-05-20 00:00:00,3071.2,3140.0,3047.67,3093.8,150907.4428,2024-05-20 11:59:59.999,467666476.68772,388847,74811.5791,231887368.909235,0,0.007361967185358198,0.7335937394321261,-0.0028299028550431427,0.9078998782060077,0.0005789114524208383,-0.1476280482057104,0.06729130587772625,0.4142467163912029,3093.8,3093.8,3082.495,3090.3519555612393,3104.8599999999997,3085.902168215951,3063.041,3060.5134400591805,3158.7734217548955,2990.9355,2823.0975782451046,56.07910823982174,0.018605342259899352
1011,2024-05-20 12:00:00,3093.79,3694.0,3076.69,3661.78,696200.44,2024-05-20 23:59:59.999,2385683236.9849806,1837306,367597.3627,1258823560.625283,0,0.18358652789449859,3.6134267938174878,0.19230005307388987,6.997807807090423,0.16848289132328587,4.600984992041477,0.20749204464889281,1.8585624568168773,3661.78,3661.78,3377.79,3471.30398518708,3210.458,3277.861445477301,3125.9640000000004,3169.834632775693,3362.012210819244,3028.525,2695.037789180756,79.38293073697525,0.04321126068562606
1012,2024-05-21 00:00:00,3661.79,3823.5,3624.28,3777.97,479588.6064,2024-05-21 11:59:59.999,1772990125.335161,1145941,240963.869,890816154.716248,0,0.03173046988076833,-0.311134295749655,0.2211422845691382,2.178031497330495,0.20974786579313065,5.337318199167236,0.2566215968999983,2.614735977150322,3777.97,3777.97,3719.875,3675.74799506236,3341.464,3444.5642969848677,3203.116,3280.404699543749,3533.520560834604,3072.2535,2610.9864391653955,81.54064053217678,0.04327425354047536
1013,2024-05-21 12:00:00,3777.98,3841.54,3680.68,3789.6,472848.663,2024-05-21 23:59:59.999,1784254335.028097,1058761,230815.649,871262200.8838621,0,0.003078372776914584,-0.014053593663521213,0.034906520872362456,-0.3208153344459247,0.22143506372116106,4.978153826005815,0.2869222671239855,1.933337477548855,3789.6,3789.6,3783.785,3751.649331687453,3478.868,3559.576197989912,3287.6059999999998,3372.985663263067,3666.459206752771,3116.111,2565.7627932472287,81.74656425024084,0.0432747689835897
1014,2024-05-22 00:00:00,3789.59,3813.69,3690.0,3690.6,208082.4199,2024-05-22 11:59:59.999,782296726.215218,496277,98831.7375,371616978.862273,0,-0.026124129195693513,-0.5599386522956078,-0.023126176226915485,-0.5661230956632668,0.20168403778339994,1.3904081450946624,0.21785902851108752,0.15165856028957903,3690.6,3690.6,3740.1,3710.9497772291506,3602.75,3603.2507986599417,3353.626,3430.7337244879636,3750.8966239875617,3154.241,2557.5853760124382,74.16230568633667,0.04417103241808451
1015,2024-05-22 12:00:00,3690.59,3798.0,3653.15,3737.73,366855.89,2024-05-22 23:59:59.999,1368959705.905042,843663,185170.8538,691151605.032817,0,0.012770281255080507,0.7630316399448986,-0.013687460417986075,-0.2241579204803631,0.2081356260908913,1.4309993145016704,0.20883502964091316,1.0721156305123687,3737.73,3737.73,3714.165,3728.8032590763833,3731.536,3648.077199106628,3418.1980000000003,3486.5512291265154,3832.968156993097,3194.6629999999996,2556.357843006902,75.33548173516812,0.04408002748277127
1016,2024-05-23 00:00:00,3737.72,3925.24,3736.67,3918.46,261559.0547,2024-05-23 11:59:59.999,998220200.752642,611462,137161.1357,523580303.981674,0,0.04835287728113058,-0.2870250639835713,0.06174063837858346,0.25699737068465334,0.07009705662273524,-0.6243049563427452,0.2503901027190718,1.104262301108652,3918.46,3918.46,3828.0950000000003,3855.2410863587943,3782.8720000000003,3738.2047994044187,3496.665,3565.080096558058,3944.1858219582855,3242.3075,2540.4291780417143,79.23007306871317,0.04477744553769316
1017,2024-05-23 12:00:00,3918.45,3949.29,3498.0,3783.61,866307.0213,2024-05-23 23:59:59.999,3285329489.688539,2071306,427385.0304,1621677578.179205,0,-0.034414030001582274,2.312089586398096,0.012274829910132734,1.3614368609428622,0.0014928652159758027,0.806354466597687,0.21155385630207424,10.447443035316548,3783.61,3783.61,3851.035,3807.487028786265,3784.0,3753.3398662696127,3562.732,3604.8128062747746,4010.1128043725626,3283.9385,2557.764195627438,70.30921025131528,0.04593534241431132
1018,2024-05-24 00:00:00,3783.6,3829.61,3626.1,3712.62,263752.3426,2024-05-24 11:59:59.999,982038968.535996,635043,133804.5408,498097779.36107695,0,-0.01876250459217521,-0.6955440321790222,-0.05253084119781759,0.008385440536614608,-0.020313489550348285,-0.44220558661069964,0.19662345531783232,2.334580806527915,3712.62,3712.62,3748.115,3744.242342928755,3768.6040000000003,3739.7665775130754,3623.736,3624.4141142248154,4051.7249809901828,3324.1724999999997,2596.6200190098166,66.09043560275404,0.046078581592845946
1019,2024-05-24 12:00:00,3712.62,3759.0,3655.26,3728.28,215666.0892,2024-05-24 23:59:59.999,800944893.6769711,524031,110240.4696,409596653.797904,0,0.0042180454773179665,-0.18231592912494565,-0.014623600212495425,-0.7510512048299383,0.010209721996423449,0.036445507043048275,0.213952897736708,1.4775277819824701,3728.28,3728.28,3720.45,3733.600780976252,3776.1400000000003,3735.9377183420506,3689.4449999999997,3643.2988207293943,4084.6225907657767,3366.4900000000002,2648.3574092342237,66.56700771055154,0.045838777908691536
1020,2024-05-25 00:00:00,3728.28,3779.43,3709.03,3739.39,91711.4033,2024-05-25 11:59:59.999,343743882.170561,286327,47085.4806,176481746.659813,0,0.002979926400377586,-0.5747527873287925,0.007210541342771437,-0.6522821280147371,0.0004441198267397528,-0.7500070032949451,0.2086721830758289,-0.392267196379793,3739.39,3739.39,3733.835,3737.460260325417,3776.472,3737.0884788947005,3754.004,3660.7699442331404,4110.448680730539,3408.5225,2706.5963192694603,66.92218906188903,0.04586954956219791
1021,2024-05-25 12:00:00,3739.39,3766.02,3719.8,3749.26,67000.4959,2024-05-25 23:59:59.999,250694393.634576,217384,34675.6351,129733337.642414,0,0.002639467934609785,-0.2694420378583391,0.005627259755168534,-0.6893322629045011,-0.04318022896750251,-0.7438418028508038,0.023890020700315207,-0.903762634938869,3749.26,3749.26,3744.325,3745.326753441806,3742.632,3741.1456525964672,3762.7520000000004,3676.85904528166,4138.989539439406,3444.358,2749.7264605605947,67.25500765271788,0.04527864914385375
1022,2024-05-26 00:00:00,3749.25,3822.4,3731.17,3813.79,122829.4225,2024-05-26 11:59:59.999,464769346.915462,297115,63619.566,240744304.606402,0,0.017211396382219357,0.833261393816042,0.019896293245689867,0.3393037079392285,0.007976509206815585,-0.8582149059398372,0.009481282275931369,-0.7438858620474517,3813.79,3813.79,3781.525,3790.9689178139356,3748.668,3765.360435064312,3766.3340000000003,3701.7555825031764,4166.588853023428,3484.725,2802.861146976572,69.4213091547668,0.04504097161792579
1023,2024-05-26 12:00:00,3813.79,3884.2,3792.14,3826.47,169378.8712,2024-05-26 23:59:59.999,650892084.091935,400171,81585.8779,313527112.684097,0,0.003324776665731388,0.3789763702585185,0.020593397097027122,1.5280241425795178,0.030665675452914654,-0.35781093153407306,0.009729259024699122,-0.6417905252700271,3826.47,3826.47,3820.13,3814.6363059379782,3771.4379999999996,3785.7302900428745,3770.0210000000006,3724.4309311389625,4178.579349834346,3528.8135,2879.047650165654,69.84348888191579,0.044421819976253774
1024,2024-05-27 00:00:00,3826.47,3954.35,3823.37,3900.49,186820.643,2024-05-27 11:59:59.999,730490153.017133,507082,98244.7793,384142078.76392096,0,0.019344199745457313,0.10297489690674011,0.022733291555119717,0.5209763198227202,0.04619020030684373,-0.13375049506855885,0.05687151140735924,-0.10217959263554299,3900.49,3900.49,3863.4799999999996,3871.872101979326,3805.88,3823.9835266952496,3791.0099999999998,3756.441670931878,4198.8725261698655,3572.3179999999993,2945.7634738301326,72.25187767509559,0.044301086304556925
1025,2024-05-27 12:00:00,3900.5,3977.0,3854.16,3894.22,176897.0043,2024-05-27 23:59:59.999,693679219.448813,464882,85477.0883,335275877.216708,0,-0.0016074903409571961,-0.0531185341225916,0.017705613790255814,0.04438648720903737,0.04140514896814729,0.9288441560679945,0.0418676576424728,-0.5178024692475294,3894.22,3894.22,3897.3549999999996,3886.7707006597752,3836.846,3847.3956844635,3806.6590000000006,3781.492276216991,4213.028358450651,3612.4284999999995,3011.8286415493485,71.72930670652623,0.04439590884981606
1026,2024-05-28 00:00:00,3894.21,3931.09,3821.63,3904.34,188572.8135,2024-05-28 11:59:59.999,729435681.94962,440983,92636.1084,358364343.932579,0,0.002598723235975431,0.06600343090151473,0.0009870554725175396,0.009378891282372681,0.041362828931575724,1.8144987729859476,-0.003603456459935761,-0.27904306843329485,3904.34,3904.34,3899.2799999999997,3898.483566886592,3867.8619999999996,3866.377122975667,3805.2470000000003,3803.8282259957195,4221.925542949481,3650.9560000000006,3079.98645705052,72.08030456946219,0.04444926999330467
1027,2024-05-28 12:00:00,3904.34,3912.0,3773.9,3844.69,227677.0209,2024-05-28 23:59:59.999,875639112.2987341,500355,114007.2475,438593996.25474095,0,-0.015277870267445981,0.20736927383225368,-0.012718849987930714,0.2870597882702528,0.008102176575008002,0.8536032838548924,0.01614331286786963,-0.7371866840484074,3844.69,3844.69,3874.5150000000003,3862.6211889621973,3874.042,3859.1480819837784,3811.3550000000005,3811.257639451043,4209.100375877461,3687.0434999999998,3164.986624122538,66.81462792458333,0.04474188886469017
1028,2024-05-29 00:00:00,3844.69,3888.55,3781.0,3811.16,162651.827,2024-05-29 11:59:59.999,624047160.7841151,421918,79052.8949,303371165.598495,0,-0.008721119257989685,-0.2856027966413013,-0.023865749396825175,-0.1374587673530151,-0.004001076710388407,-0.03971595838572339,0.026541903022663238,-0.38331608585303234,3811.16,3811.16,3827.925,3828.313729654066,3870.9799999999996,3843.152054655852,3821.209,3811.2398868235805,4172.232424887636,3722.4725,3272.712575112364,63.98503616595077,0.04479076884171513
1029,2024-05-29 12:00:00,3811.15,3838.83,3742.59,3767.43,172107.8078,2024-05-29 23:59:59.999,650040481.288128,461483,91530.5492,345707213.230551,0,-0.011474196832460426,0.05813633313814548,-0.020095248251484565,-0.2440703628338805,-0.03411366264238591,-0.07875379810142291,0.010500820753805984,-0.2019709336853871,3767.43,3767.43,3789.295,3787.7245765513553,3844.368,3817.9113697705684,3825.124,3803.2744528556564,4093.4495562728503,3757.2845,3421.11944372715,60.39277564730795,0.0448257832892434
1030,2024-05-30 00:00:00,3767.44,3801.65,3702.58,3737.0,136870.0852,2024-05-30 11:59:59.999,513015763.240266,358703,66794.4212,250405174.778562,0,-0.008077124193415663,-0.20474214999559137,-0.019458642513040636,-0.15850877469700964,-0.04037265485771213,-0.22627245304911026,-0.0006391416781881265,0.49239985732504854,3737.0,3737.0,3752.215,3753.908192183785,3812.924,3790.940913180379,3824.8849999999998,3791.224552336446,3934.046846104499,3789.4445,3644.8421538955013,57.95449501108558,0.04502677354525809
1031,2024-05-30 12:00:00,3737.01,3825.35,3719.3,3747.91,140164.2042,2024-05-30 23:59:59.999,529130243.151054,407013,69155.7286,261111510.102732,0,0.002919454107572772,0.02406748702747219,-0.0051812508792465906,-0.18560229200711487,-0.04006567051025278,-0.25671043668232685,-0.0003600710540214713,1.0919875639308518,3747.91,3747.91,3742.455,3749.909397394595,3781.638,3776.5972754535865,3824.75,3783.3491791843644,3927.6204616255877,3793.7509999999993,3659.881538374411,58.599863789150625,0.019111706451517527
1032,2024-05-31 00:00:00,3747.9,3813.2,3724.41,3802.62,94884.6259,2024-05-31 11:59:59.999,356672733.908562,255803,48415.538,182010719.250557,0,0.014597468989383522,-0.32304666200930066,0.01755953973775748,-0.30675409632900563,-0.010942364663991122,-0.5832490010413696,-0.0029288450596388627,-0.22750897978047568,3802.62,3802.62,3775.265,3785.049799131532,3773.2239999999997,3785.2715169690578,3823.6329999999994,3786.852964787207,3928.7029091032587,3794.9835,3661.264090896741,61.76893111757404,0.018031021479693557
1033,2024-05-31 12:00:00,3802.62,3849.94,3723.75,3762.29,178522.1401,2024-05-31 23:59:59.999,675501271.308114,424526,88136.4453,333566380.288022,0,-0.010605845443404815,0.8814653944902151,0.0038368050460122483,0.27366427911413904,-0.01282286757837503,0.09757230147805229,-0.016772639011935264,0.05398116562722732,3762.29,3762.29,3782.455,3769.8765997105106,3763.45,3777.611011312705,3817.215,3782.3869711895327,3928.0850910815166,3793.618,3659.1509089184833,58.23037971449857,0.0181861520338853
1034,2024-06-01 00:00:00,3762.29,3809.55,3752.67,3788.28,67022.2889,2024-06-01 11:59:59.999,253499697.135053,212315,34525.5866,130597599.582467,0,0.00690802676029767,-0.6245715581134241,-0.0037710841472458068,-0.2936443784830267,0.005534276681982142,-0.6105796142736065,-0.028768180408102473,-0.6412479487076811,3788.28,3788.28,3775.285,3782.145533236837,3767.62,3781.167340875137,3805.9939999999997,3783.458430973254,3924.474782552122,3798.5019999999995,3672.529217447877,59.827533236962786,0.017180542123897285
1035,2024-06-01 12:00:00,3788.28,3833.3,3787.0,3815.82,65664.9117,2024-06-01 23:59:59.999,250000925.702803,187062,35842.0232,136470960.468416,0,0.007269789983844976,-0.020252623750663945,0.014228036647892628,-0.6321749690922509,0.02109178485416119,-0.5202391260000472,-0.020132401353801233,-0.6287957958370016,3815.82,3815.82,3802.05,3804.5951777456125,3783.3840000000005,3792.718227250092,3798.1539999999995,3789.3423526144807,3925.40851986522,3802.4065,3679.40448013478,61.50714386009168,0.01703312005044894
1036,2024-06-02 00:00:00,3815.82,3838.59,3770.99,3805.01,122672.8946,2024-06-02 11:59:59.999,466725519.01995,339747,61919.4463,235573339.487828,0,-0.0028329428536985057,0.8681650736157163,0.004416252230563744,0.8303298292756456,0.015235157727907067,-0.124791559298847,-0.025440919592043754,-0.3494667002992984,3805.01,3805.01,3810.415,3804.871725915204,3794.804,3796.8154848333947,3788.221,3792.191015775484,3907.6775015488715,3796.7339999999995,3685.7904984511274,60.4389659815522,0.012919465792792656
1037,2024-06-02 12:00:00,3805.01,3810.0,3752.62,3780.91,87622.5461,2024-06-02 23:59:59.999,331375218.643807,239816,44078.2055,166695266.216153,0,-0.006333754707609218,-0.2857220302356833,-0.009148754396171799,0.33438915596683905,-0.005709221536729925,-0.07653589536890393,-0.01658911381671868,-0.6151454118925535,3780.91,3780.91,3792.96,3788.8972419717347,3790.4620000000004,3791.5136565555968,3781.843,3790.139921998123,3907.612600770016,3796.5989999999997,3685.5853992299835,58.019775339539116,0.010426841020077513
1038,2024-06-03 00:00:00,3780.92,3842.01,3761.05,3809.0,113319.0611,2024-06-03 11:59:59.999,432087865.083408,290728,57061.7627,217590292.608943,0,0.007429428365129054,0.2932637334079933,0.0010486174806372262,-0.07625020613151812,0.012415310887783804,-0.36523805374210827,-0.0005667565780497208,-0.30330286975503806,3809.0,3809.0,3794.955,3802.2990806572448,3799.804,3797.3424377037313,3781.6270000000004,3793.5690270893733,3905.588010002515,3801.418,3697.247989997485,60.028070584999654,0.009552324591124697
1039,2024-06-03 12:00:00,3809.01,3849.99,3758.43,3767.06,135529.6409,2024-06-03 23:59:59.999,514151771.21296304,358140,68536.1917,260079174.077258,0,-0.0110107639800473,0.1960003867345843,-0.0036631392971533394,0.5467439253057722,-0.005601486690529844,1.0221577496736312,-9.82101857234241e-05,-0.2125305491224786,3767.06,3767.06,3788.0299999999997,3778.8063602190814,3795.56,3787.2482918024875,3781.59,3788.749203982214,3903.3700647661785,3803.357,3703.3439352338214,55.7404656289197,0.009909890070635512
1040,2024-06-04 00:00:00,3767.07,3785.19,3730.0,3764.65,88247.5296,2024-06-04 11:59:59.999,332121479.696529,235644,43822.8274,164947014.059348,0,-0.000639756202449604,-0.3488691550130124,-0.011643475977946904,-0.22124725758074615,-0.013409961685823757,0.3439069255612812,0.007398983141557514,-0.3552460388181303,3764.65,3764.65,3765.855,3769.368786739694,3785.326,3779.7155278683254,3784.3550000000005,3784.367530530902,3901.9725726415268,3804.6200000000003,3707.267427358474,55.49517053064077,0.009896491371472636
1041,2024-06-04 12:00:00,3764.65,3831.65,3753.57,3810.23,143816.2172,2024-06-04 23:59:59.999,546412450.903361,332870,77019.4225,292638629.814851,0,0.012107367218732179,0.6296911409517805,0.011459865253008905,0.06114216967574082,0.0013718755009841654,0.17235529225051827,0.016627933968531794,0.026055247278320426,3810.23,3810.23,3787.44,3796.609595579898,3786.37,3789.8870185788837,3790.5869999999995,3789.0697977071013,3901.656257133168,3807.6684999999998,3713.6807428668317,59.156069685418096,0.01023090159749415
1042,2024-06-05 00:00:00,3810.23,3839.92,3777.33,3804.31,121457.6433,2024-06-05 11:59:59.999,462104572.67511505,276030,61252.9863,233093614.378381,0,-0.0015537119806415811,-0.1554662911826331,0.010534843876588651,0.3763291034948133,0.0061889862493420544,0.38614601727488473,0.00044443041902697544,0.28005609073071125,3804.31,3804.31,3807.27,3801.7431985266326,3791.05,3794.6946790525894,3790.7560000000003,3791.840743578537,3901.1496017184454,3807.1945,3713.2393982815547,58.48318030369535,0.009485377076698453
1043,2024-06-05 12:00:00,3804.31,3887.47,3782.0,3865.99,152280.9602,2024-06-05 23:59:59.999,584269120.747314,369806,82533.3464,316730701.949644,0,0.01621318977685826,0.25377832191150373,0.014634287169015936,0.058858056238736856,0.014961932265686428,0.34382476100483683,0.027563000194030796,-0.1469911792750237,3865.99,3865.99,3835.1499999999996,3844.5743995088774,3802.4480000000003,3818.4597860350596,3801.126,3805.3224265642575,3906.273620541635,3809.1705,3712.0673794583654,63.18222181769341,0.010143939610781182
1044,2024-06-06 00:00:00,3866.0,3878.6,3838.53,3849.51,89409.7428,2024-06-06 11:59:59.999,344654496.863589,204638,44131.9734,170131561.481492,0,-0.004262814958134853,-0.4128632845329274,0.01188126099082365,-0.26386071414906165,0.021887094975922894,-0.3402938116985743,0.016163008014191238,0.33402998118137983,3849.51,3849.51,3857.75,3847.8647998362926,3818.9379999999996,3828.8098573567067,3807.2490000000007,3813.3565308253014,3896.4025183219346,3806.6215,3716.8404816780658,61.18944241669702,0.00917021729650662
1045,2024-06-06 12:00:00,3849.51,3866.48,3760.0,3813.46,148094.4477,2024-06-06 23:59:59.999,566097276.318003,320412,72794.4795,278318364.286615,0,-0.009364828250868373,0.6563569367520872,-0.013587722679054948,-0.0274920285142779,0.012965348704394808,0.6781710306369868,-0.000618477810798268,1.2553056703493595,3813.46,3813.46,3831.485,3824.9282666120976,3828.7,3823.6932382378045,3807.0130000000004,3813.3753434025193,3883.0202021385394,3802.5835000000006,3722.146797861462,56.95742520772385,0.009376029396750247
1046,2024-06-07 00:00:00,3813.47,3839.98,3792.34,3835.0,63752.0045,2024-06-07 11:59:59.999,243075479.422501,185612,30094.538,114772599.655811,0,0.005648413776465411,-0.5695179293342272,-0.0037693108993093194,-0.28696803610534494,0.006500919891974988,-0.5567119915875524,0.007881713845692806,-0.48030895734647483,3835.0,3835.0,3824.23,3831.6427555373657,3833.654,3827.462158825203,3810.012,3817.3070991475156,3866.6536862822577,3799.1165,3731.5793137177425,58.79136175722064,0.009462135402211674
1047,2024-06-07 12:00:00,3834.99,3841.39,3600.0,3678.32,298471.3549,2024-06-07 23:59:59.999,1109232087.815848,708394,133586.1425,496726695.193594,0,-0.040855280312907416,3.681756397165519,-0.03543763406460276,1.0154121882045413,-0.033117700713138465,1.4574110512154155,-0.02713367945811984,2.4063305414495364,3678.32,3678.32,3756.66,3729.4275851791217,3808.4559999999997,3777.7481058834687,3799.7529999999997,3792.036717484331,3873.1839931294476,3790.7980000000002,3708.412006870553,44.079306090679445,0.012691686891973697
1048,2024-06-08 00:00:00,3678.31,3709.5,3673.82,3683.13,76720.4524,2024-06-08 11:59:59.999,283020551.235771,186574,36874.3779,136034128.886513,0,0.0013076621936101152,-0.7429553920653309,-0.039601043024771854,0.20342023755504024,-0.04729965675027603,-0.49619143260432375,-0.03304541874507738,-0.32296957232731616,3683.13,3683.13,3680.7250000000004,3698.562528393041,3771.8840000000005,3746.208737255646,3787.1659999999997,3772.2354961235433,3878.519252248997,3784.3965000000003,3690.2737477510036,44.53815567664487,0.012615538382176437
1049,2024-06-08 12:00:00,3683.13,3697.47,3660.08,3681.57,63830.387,2024-06-08 23:59:59.999,235097982.804151,177911,28140.0613,103638210.239371,0,-0.0004235527934121075,-0.1680134175016934,0.0008835555362229908,-0.7861423350948175,-0.0436263316629909,-0.2860913698993439,-0.02269409035162695,-0.5290300588408037,3681.57,3681.57,3682.3500000000004,3687.234176131014,3738.296,3724.6624915037646,3778.6169999999997,3755.750860464717,3884.230626585374,3780.1034999999997,3675.9763734146254,44.41087825777779,0.012401903766893154
1050,2024-06-09 00:00:00,3681.58,3693.87,3666.36,3693.5,45611.7787,2024-06-09 11:59:59.999,167896884.770313,120319,22375.0601,82362286.856028,0,0.0032404653449478182,-0.2854221814447091,0.0028155400433869104,-0.4054808428110884,-0.03145699705779004,-0.6920088537525907,-0.018899499289442567,-0.4831381806749182,3693.5,3693.5,3687.535,3691.411392043671,3714.304,3714.274994335843,3771.5019999999995,3744.4325221984045,3887.2536429952265,3777.9284999999995,3668.6033570047725,45.68910131785471,0.012323690608521988
1051,2024-06-09 12:00:00,3693.49,3721.52,3680.99,3706.4,57839.3233,2024-06-09 23:59:59.999,213957600.185347,167641,26327.5621,97407676.319946,0,0.0034926221740896324,0.26807866188301044,0.0067444052401557375,-0.09385911603512609,-0.033533246414602313,-0.09274502419763142,-0.02725032347128653,-0.5978247486542847,3706.4,3706.4,3699.95,3701.4037973478908,3688.584,3711.649996223896,3761.119,3737.517518162331,3888.8919281793096,3775.8530000000005,3662.8140718206914,47.10542309634581,0.01233275370119412
1052,2024-06-10 00:00:00,3706.4,3706.94,3642.74,3675.95,71026.3056,2024-06-10 11:59:59.999,261129182.681419,173097,31160.4403,114551788.942914,0,-0.008215519102093727,0.22799337107735518,-0.004751590632191771,0.5571921907969795,-0.0006443158833381313,-0.7620330915045542,-0.03374067833588745,-0.415217489239724,3675.95,3675.95,3691.175,3684.4345991159635,3688.1099999999997,3699.7499974825973,3748.2830000000004,3726.323423950998,3889.8115355590003,3769.5195,3649.2274644409995,44.17687598300047,0.011912331149055435
1053,2024-06-10 12:00:00,3675.95,3713.67,3650.64,3667.85,85336.879,2024-06-10 23:59:59.999,314082060.623851,218068,43639.0856,160671242.355029,0,-0.002203512017301623,0.20148272219863284,-0.010400928124325581,0.47541281832389637,-0.004148645309831611,0.11230938205468677,-0.05125207256097397,-0.43960900372625833,3667.85,3667.85,3671.8999999999996,3673.378199705321,3685.054,3689.1166649883985,3728.469,3715.6918923235435,3893.0077530803533,3764.7974999999997,3636.587246919646,43.4038537183935,0.011725597005478976
1054,2024-06-11 00:00:00,3667.85,3673.0,3503.4,3529.56,241450.9327,2024-06-11 11:59:59.999,861259552.922143,531219,113943.8583,406493131.20132303,0,-0.03770328666657574,1.8293855543978825,-0.03982371903861581,2.3994578580474553,-0.04128944988143646,2.7826957354966373,-0.08311447430971741,1.7004991306159978,3529.56,3529.56,3598.705,3577.499399901774,3654.6519999999996,3635.931109992266,3696.4739999999997,3681.849730082899,3915.341037957905,3751.8615000000004,3588.381962042096,32.83874456485964,0.014103358539361243
1055,2024-06-11 12:00:00,3529.56,3546.47,3432.0,3497.33,198117.6651,2024-06-11 23:59:59.999,690966394.249012,505010,93693.7438,326845445.185607,0,-0.009131449812441184,-0.17947028456436354,-0.046490450809057116,1.3215949238077949,-0.0531122241776093,3.343563674704929,-0.08289847015571161,0.3377791549709803,3497.33,3497.33,3513.4449999999997,3524.0531333005915,3615.418,3589.7307399948445,3664.861,3648.3006882496443,3930.488585662856,3735.9369999999994,3541.3854143371427,30.94800148938633,0.013923875390637214
1056,2024-06-12 00:00:00,3497.33,3563.56,3462.07,3531.72,103380.8677,2024-06-12 11:59:59.999,363581622.152756,249763,47872.2539,168446817.159876,0,0.009833215624490688,-0.47818450390166645,0.0006119742970793762,-0.5718348794765289,-0.04712928987696963,0.7873803115535414,-0.07908213820078236,0.6216096813081382,3531.72,3531.72,3514.5249999999996,3529.1643777668637,3580.482,3570.39382666323,3634.5330000000004,3627.1041994769816,3933.199373572178,3722.2725,3511.345626427822,35.23305212434141,0.014275550878635048
1057,2024-06-12 12:00:00,3531.73,3659.01,3513.32,3560.12,283662.9063,2024-06-12 23:59:59.999,1020976971.705464,600764,139249.5378,501068236.682049,0,0.008041407586105276,1.7438626953989087,0.01795369610531461,0.431790073625292,-0.03151022184741359,2.9937725030710305,-0.0321342351943279,-0.04961430421006874,3560.12,3560.12,3545.92,3549.801459255621,3557.316,3566.969217775487,3622.7129999999997,3614.92525411753,3931.6273718063935,3711.233,3490.838628193607,38.62050944984309,0.014492038805114198
1058,2024-06-13 00:00:00,3560.13,3561.65,3472.6,3497.17,131013.8564,2024-06-13 11:59:59.999,459341363.421097,302844,65833.966,230796772.740192,0,-0.017681988247587155,-0.5381353941941192,-0.009782768735913328,0.2672930621958787,-0.04653407309459212,0.5352548386495364,-0.05048966504033259,0.7076783608747335,3497.17,3497.17,3528.645,3514.713819751874,3523.1800000000003,3543.702811850325,3604.1169999999997,3593.5152079143427,3929.8512691620417,3695.6415,3461.4317308379586,34.33397283106022,0.014636864391104887
1059,2024-06-13 12:00:00,3497.17,3539.83,3428.0,3469.4,169216.9735,2024-06-13 23:59:59.999,588873131.329983,393525,82160.4779,285952996.439683,0,-0.007940706342556947,0.2915960048024355,-0.025482287113917423,-0.40345752038147253,-0.017044617459400002,-0.29916620487753454,-0.057630304462498394,1.6510410081016742,3469.4,3469.4,3483.285,3484.5046065839583,3511.1479999999997,3518.935207900217,3582.9,3570.948806475371,3932.1250133842186,3680.7585,3429.391986615781,32.614241320807096,0.014577192109822178
1060,2024-06-14 00:00:00,3469.4,3532.61,3457.37,3515.8,103152.6045,2024-06-14 11:59:59.999,361658915.127816,231194,54124.4453,189767798.767829,0,0.013374070444457375,-0.39041218876308525,0.005327164535896101,-0.21265881843013978,0.005281171636648541,-0.47933666365422967,-0.048111547312846836,1.261534354502163,3515.8,3515.8,3492.6000000000004,3505.368202194653,3514.8419999999996,3517.890138600145,3565.1299999999997,3560.921750752576,3926.386853480086,3668.316,3410.2451465199138,38.185504835313246,0.015075726045835682
1061,2024-06-14 12:00:00,3515.8,3528.93,3362.26,3481.8,219163.8169,2024-06-14 23:59:59.999,754911756.721129,515419,105323.3692,362782932.678807,0,-0.009670629728653513,1.1246561631897527,0.003574105032570607,0.2951645001498624,-0.014134755869661175,1.1199649584678424,-0.06059788473990935,2.7891836279488427,3481.8,3481.8,3498.8,3489.6560673982176,3504.858,3505.8600924000966,3542.6699999999996,3546.5359778884713,3913.527123613612,3651.8945,3390.261876386388,35.84676877181347,0.014685449867237296
1062,2024-06-15 00:00:00,3481.8,3557.81,3473.1,3539.4,127367.2547,2024-06-15 11:59:59.999,448626886.117572,248969,65179.5297,229575861.077923,0,0.01654316732724448,-0.4188490759945329,0.006712554752829947,0.23474589243163524,-0.005820028538363831,-0.5509907997441962,-0.03714685999537526,0.7932405976075432,3539.4,3539.4,3510.6000000000004,3522.818689132739,3500.714,3517.0400616000647,3529.0150000000003,3545.2385273632945,3894.841822373976,3638.649,3382.456177626024,42.29478322858456,0.01540926958813602
1063,2024-06-15 12:00:00,3539.4,3594.39,3536.76,3568.74,119282.3347,2024-06-15 23:59:59.999,424949251.161508,251804,57365.0729,204383957.340405,0,0.008289540600101564,-0.06347722590899185,0.024969843184559526,-0.4557389244848473,0.020465118939027693,-0.08954412931852296,-0.02702127949616262,0.3977817808406141,3568.74,3568.74,3554.0699999999997,3553.4328963775797,3515.028,3534.2733744000434,3519.1040000000003,3549.51152238815,3859.141241211953,3623.7864999999997,3388.4317587880464,45.31012607371278,0.014971729641291962
1064,2024-06-16 00:00:00,3568.75,3574.54,3541.05,3555.28,53599.8073,2024-06-16 11:59:59.999,190788555.520279,156284,26796.4213,95389402.37157,0,-0.003771639290057416,-0.5506475670952808,0.004486636153020251,-0.5791712129915288,0.024753559693318827,-0.6832480442631247,0.007287027278187752,-0.7780095247484625,3555.28,3555.28,3562.01,3554.6642987925266,3532.204,3541.2755829333623,3521.6760000000004,3550.5603364993954,3821.8531701677766,3609.075,3396.296829832223,44.16983165242553,0.014971478655614016
1065,2024-06-16 12:00:00,3555.28,3653.79,3553.17,3624.41,96240.1747,2024-06-16 23:59:59.999,346704266.123149,261574,51038.4754,183826352.876578,0,0.019444319434755997,0.7955321025939583,0.015599343185550119,-0.19317328134087908,0.030891973377325188,-0.0670116846152925,0.03633629082757417,-0.5142271909401783,3624.41,3624.41,3589.8450000000003,3601.1614329308422,3553.9260000000004,3568.9870552889083,3534.3839999999996,3563.9875480449596,3790.958689663504,3599.6225,3408.2863103364957,50.99162021235079,0.015778107027419386
1066,2024-06-17 00:00:00,3624.41,3638.37,3490.95,3527.63,167823.5357,2024-06-17 11:59:59.999,597218277.649233,374301,80086.6223,284824036.269245,0,-0.02670227706026629,0.7437991589597561,-0.007777165230305361,2.1310473703885875,0.013162731920271176,-0.2342552795721089,-0.0011580759516608419,0.6233519744388836,3527.63,3527.63,3576.02,3552.140477643614,3563.0919999999996,3555.2013701926057,3533.975,3557.3770847640576,3744.319126795159,3584.2539999999995,3424.18887320484,43.0593032524945,0.01654703331099403
1067,2024-06-17 12:00:00,3527.63,3577.77,3463.39,3511.46,169982.1045,2024-06-17 23:59:59.999,598944253.26982,399784,86256.5829,304010681.965301,0,-0.004583814062132374,0.012862133973023937,-0.031163692849318858,0.7662281373643431,-0.007893993332203197,0.33458246313288864,-0.013668078604091916,-0.4007601955532809,3511.46,3511.46,3519.545,3525.020159214538,3557.504,3540.6209134617375,3529.1090000000004,3549.028523897865,3732.8585486777397,3575.911,3418.9634513222604,41.886869698141865,0.014107090692051173
1068,2024-06-18 00:00:00,3511.47,3517.2,3355.0,3414.11,243448.6555,2024-06-18 11:59:59.999,835169075.202507,527011,112438.3741,385745241.599265,0,-0.027723511018208913,0.4322016792067662,-0.03218024566068434,0.4506228490811137,-0.04332901808481415,1.0409447560888494,-0.02375063265440336,0.8581901349176679,3414.11,3414.11,3462.785,3451.080053071513,3526.578,3498.450608974492,3520.803,3524.497883189162,3726.306102669405,3562.46,3398.613897330595,35.60187726689594,0.015177640505840284
1069,2024-06-18 12:00:00,3414.11,3490.0,3370.92,3483.42,206464.6459,2024-06-18 23:59:59.999,706629807.209188,535796,104723.2146,358552549.834277,0,0.020301044781802613,-0.15191708298425988,-0.007985282475095778,0.2146257778565155,-0.02021219144483699,2.8519661972739967,0.00404104456101928,0.2201178264188728,3483.42,3483.42,3448.7650000000003,3472.640017690504,3512.2060000000006,3493.440405982995,3522.2049999999995,3517.029177154769,3710.238697984968,3552.5525000000002,3394.8663020150325,42.246218180309995,0.01609125894781997
1070,2024-06-19 00:00:00,3483.42,3585.0,3465.65,3536.94,203613.217,2024-06-19 11:59:59.999,720038396.503766,437198,102700.8772,363078143.427893,0,0.015364211033983777,-0.013810736882192809,0.03597716535202444,-0.1636297330054468,-0.0241335831211148,1.1156779654100109,0.00601285624893344,0.9739028208444316,3536.94,3536.94,3510.1800000000003,3515.5066725635015,3494.7120000000004,3507.94027065533,3524.3190000000004,3520.6493267629926,3688.5832403634395,3544.7245000000003,3400.865759636561,46.80989069374461,0.01654631131382526
1071,2024-06-19 12:00:00,3536.95,3590.01,3512.2,3560.51,117886.7857,2024-06-19 23:59:59.999,418380658.149161,275303,60061.1466,213178405.930522,0,0.006663952456077871,-0.4210258673924886,0.022130549861917315,-0.4290219267995268,0.009320705402777518,-0.29755510627106885,0.02260612326957312,-0.4621065312355399,3560.51,3560.51,3548.7250000000004,3545.5088908545004,3501.2880000000005,3525.4635137702203,3532.19,3527.8967218969938,3661.141524119446,3537.4299999999994,3413.718475880553,48.7312770615473,0.01661708809339019
1072,2024-06-20 00:00:00,3560.51,3625.96,3533.49,3598.94,157421.2921,2024-06-20 11:59:59.999,564000837.339216,347794,79274.3891,284033144.143735,0,0.010793397575066477,0.33535994865962326,0.01752927671942417,-0.2268611320059838,0.024912714369521582,-0.07389491050806463,0.016822060236198144,0.23596361145405131,3598.94,3598.94,3579.7250000000004,3581.129630284833,3518.7840000000006,3549.955675846814,3538.1440000000002,3540.8136815520857,3643.871719757138,3533.5795,3423.2872802428615,51.789180858192836,0.01677810812109099
1073,2024-06-20 12:00:00,3598.94,3611.81,3486.0,3513.08,171696.5532,2024-06-20 23:59:59.999,606596903.918653,396102,82003.4014,289627023.459686,0,-0.023857024568345153,0.09068189512084435,-0.013321125344402995,0.4564529194725513,0.028988521166570358,-0.2947319719331948,-0.015596541076122072,0.4394130835200696,3513.08,3513.08,3556.01,3535.7632100949445,3538.578,3537.6637838978763,3532.578,3535.771193997161,3617.509798813762,3525.8410000000003,3434.172201186239,45.28973564468117,0.017546134159866847
1074,2024-06-21 00:00:00,3513.08,3536.21,3446.82,3503.22,163569.0591,2024-06-21 11:59:59.999,572478534.768289,331912,83025.1235,290596286.93455,0,-0.002806653990230834,-0.04733638473529933,-0.026596720145376174,0.039052957309578806,0.005684069104500589,-0.20776238281868475,-0.014643009833262166,2.051672521591323,3503.22,3503.22,3508.1499999999996,3514.0677366983145,3542.5380000000005,3526.1825225985845,3527.3720000000003,3529.852795088586,3616.6966990814417,3524.524,3432.351300918558,44.59755569328806,0.015415164608870031
1075,2024-06-21 12:00:00,3503.21,3547.55,3455.1,3518.5,178586.0429,2024-06-21 23:59:59.999,624617011.465674,414449,93157.9145,325880341.215211,0,0.004361701520315675,0.09180821778047377,0.0015428057431086106,0.04012596392645573,-0.005213546172680328,-0.12291527273497183,-0.029221307743880987,0.8556288312722691,3518.5,3518.5,3510.8599999999997,3517.022578899438,3538.85,3523.62168173239,3516.781,3527.788650527025,3616.964553790434,3525.5824999999995,3434.200446209565,45.97552922047841,0.015301361783460947
1076,2024-06-22 00:00:00,3518.5,3521.19,3475.09,3493.2,63685.5557,2024-06-22 11:59:59.999,222791620.29522,158572,29589.5771,103512130.978128,0,-0.007190564160864055,-0.6433900731220021,-0.0028602257351807436,-0.6106503512925081,-0.018904595128226176,-0.4597735842754427,-0.009760093887397625,-0.620520712816802,3493.2,3493.2,3505.85,3501.1408596331457,3525.388,3513.4811211549268,3513.3380000000006,3521.4998049766564,3616.0579790517886,3523.6565,3431.2550209482115,44.02310378301223,0.01522308687957449
1077,2024-06-22 12:00:00,3493.19,3511.84,3485.56,3495.75,52089.06,2024-06-22 23:59:59.999,182253879.126362,157112,28082.2643,98274407.39009,0,0.0007299896942631889,-0.1820898879272871,-0.006465823504334223,-0.7083251347409748,-0.02867233129754876,-0.6691104531977095,-0.004473922527951313,-0.6935615066467188,3495.75,3495.75,3494.475,3497.5469532110487,3504.75,3507.570747436618,3511.767,3516.818022253628,3612.015483826312,3520.4379999999996,3428.8605161736873,44.27994434080731,0.015096011962601569
1078,2024-06-23 00:00:00,3495.76,3521.45,3488.2,3498.29,42228.394,2024-06-23 11:59:59.999,148075243.636675,106379,21978.6081,77070944.519693,0,0.0007265965815632658,-0.18930397284957723,0.0014571166838428518,-0.33692352157649463,-0.004209980985346196,-0.754052173948941,0.024656499058319792,-0.8265408617136519,3498.29,3498.29,3497.02,3498.042317737016,3501.792,3504.4771649577456,3520.185,3513.4492909347864,3612.0158543079115,3520.494,3428.972145692089,44.55284981009924,0.014564563830625234
1079,2024-06-23 12:00:00,3498.29,3504.62,3406.38,3420.91,91183.0364,2024-06-23 23:59:59.999,315129295.419765,232300,45488.8605,157193872.309002,0,-0.02211937832483879,1.159282600233388,-0.021408853607952527,0.7505218255042423,-0.023495526972328262,-0.4425410471777912,-0.017945008066785006,-0.5583600475397421,3420.91,3420.91,3459.6,3446.6207725790055,3485.3300000000004,3476.621443305164,3513.9339999999997,3496.62396531028,3617.135196681338,3518.0695,3419.003803318662,38.3849003374826,0.01530374800431031
1080,2024-06-24 00:00:00,3420.91,3435.76,3240.0,3321.19,269191.3128,2024-06-24 11:59:59.999,901718456.633742,595374,130518.0219,437519514.98206705,0,-0.029150138413463034,1.9522082552627085,-0.050624733798512955,5.374651917854134,-0.056077874094074165,0.5073479899587383,-0.06099905568089936,0.32207190066644853,3321.19,3321.19,3371.05,3363.000257526335,3445.868,3424.810962203443,3492.3590000000004,3464.7268807084106,3639.436517581227,3508.339,3377.241482418773,32.198486071852344,0.016189694127945374
1081,2024-06-24 12:00:00,3321.18,3363.18,3242.44,3352.73,274179.1101,2024-06-24 23:59:59.999,905328501.3314768,627415,132082.3833,436304636.942696,0,0.009496596099590748,0.018528819701197907,-0.01993036940463211,2.006909189744859,-0.04021241268750708,3.305200874615278,-0.058356808434746776,1.325783237467641,3352.73,3352.73,3336.96,3356.153419175445,3417.774,3400.7839748022957,3471.5809999999997,3444.3638114886994,3649.26913864066,3501.8854999999994,3354.501861359339,35.7268414927299,0.016323218051482055
1082,2024-06-25 00:00:00,3352.74,3394.92,3336.76,3376.01,112950.1963,2024-06-25 11:59:59.999,380568925.85526705,348971,55637.6248,187480758.170022,0,0.0069435952194183415,-0.5880422973916422,0.016506131838286864,-0.5804092073954922,-0.03425302152613885,1.168405348455127,-0.06194323884254804,-0.2824973369660202,3376.01,3376.01,3364.37,3369.391139725148,3393.8259999999996,3392.525983201531,3449.2879999999996,3431.935845763481,3649.736622918773,3493.7160000000003,3337.695377081228,38.27992686542286,0.015892152457689664
1083,2024-06-25 12:00:00,3376.0,3430.88,3358.2,3394.91,127086.0273,2024-06-25 23:59:59.999,432161100.98893297,305331,67298.5711,228865248.552884,0,0.005598324649512154,0.12515100870169982,0.01258079236920362,-0.5364853753677713,-0.029551580915247233,2.0094923169467442,-0.033637150306853214,-0.25982190712958353,3394.91,3394.91,3385.46,3386.403713241716,3373.15,3393.320655467687,3437.471,3425.2038738064844,3642.717464646376,3485.0245000000004,3327.331535353625,40.351492915132056,0.015809488052402777
1084,2024-06-26 00:00:00,3394.91,3426.75,3366.37,3381.44,85435.1475,2024-06-26 11:59:59.999,289663861.308322,202654,42285.054,143383724.974678,0,-0.003967704593052512,-0.3277376804113854,0.0016084075580344859,-0.24360337300272572,-0.011537865655629531,-0.0630368227132212,-0.03476230439424299,-0.4776814883567426,3381.44,3381.44,3388.175,3383.0945710805718,3365.256,3389.3604369784584,3425.293,3417.246805841669,3636.71844176225,3476.3324999999995,3315.946558237749,39.33810376690361,0.01581046104196522
1085,2024-06-26 12:00:00,3381.44,3417.43,3325.01,3371.44,121514.1943,2024-06-26 23:59:59.999,409711957.967806,316073,66041.8833,222640451.168811,0,-0.0029573199583609044,0.42229747189234956,-0.00691329077943148,-0.04384300240062666,0.015130119023603061,-0.5485954095766794,-0.04179621998010519,-0.3195761979672601,3371.44,3371.44,3376.44,3375.3248570268574,3375.3059999999996,3383.386957985639,3410.5870000000004,3408.918295688638,3615.0075282960506,3463.6839999999997,3312.360471703949,38.56379619057972,0.014952926747693867
1086,2024-06-27 00:00:00,3371.77,3414.05,3361.74,3403.46,85198.966,2024-06-27 11:59:59.999,288451989.336249,207732,47749.7567,161705457.551129,0,0.009497425432456241,-0.2988558539123688,0.0065120185483107385,-0.0027644535874419285,0.015130952984582668,-0.6892579964646985,-0.025689911828695733,0.33780674539988365,3403.46,3403.46,3387.45,3394.0816190089527,3385.452,3390.0779719904262,3401.613,3407.9258782907036,3607.98196557197,3457.4755000000005,3306.969034428031,42.468699540666854,0.014167350762446096
1087,2024-06-27 12:00:00,3403.46,3477.0,3403.45,3450.44,115842.6949,2024-06-27 23:59:59.999,399445302.80916494,322965,60637.1353,209060330.354255,0,0.013803599866018645,0.35967254461750153,0.02343212395890193,-0.046673554745365275,0.022046735643555415,0.025608619504453367,-0.012961453193163108,1.2239352159551355,3450.44,3450.44,3426.95,3431.6538730029843,3400.3379999999997,3410.1986479936177,3397.082,3415.6557186014848,3602.8899713358187,3454.4245,3305.9590286641815,47.71924184340018,0.014561089311478176
1088,2024-06-28 00:00:00,3450.44,3487.7,3420.24,3452.78,93133.8784,2024-06-28 11:59:59.999,321404888.317272,337787,51999.5554,179459862.308843,0,0.0006781743777606319,-0.1960314935663673,0.014491135491529361,0.09313390493494955,0.017046107260575427,-0.26715878701481766,-0.013009213072672554,1.205480000020839,3452.78,3452.78,3451.61,3445.7379576676617,3411.9120000000003,3424.3924319957455,3392.531,3422.405587946669,3603.6757911318473,3456.358,3309.040208868153,47.97392986577509,0.0131068778272051
1089,2024-06-28 12:00:00,3452.79,3476.73,3365.22,3380.15,128500.4651,2024-06-28 23:59:59.999,438711892.712236,596774,65865.2117,224973578.752173,0,-0.021035223790684676,0.3797392238740913,-0.02037131496272937,0.10926688308595289,-0.00038149427462852437,0.504070266865285,-0.0119149583005691,0.4092584561046708,3380.15,3380.15,3416.465,3402.0126525558876,3411.654,3409.6449546638305,3388.4550000000004,3414.7227537745475,3601.5638656931733,3451.1945,3300.825134306827,41.255957868180055,0.01310342050036683
1090,2024-06-29 00:00:00,3380.15,3408.32,3380.01,3400.45,52047.7463,2024-06-29 11:59:59.999,176591759.718161,187682,29242.4762,99217613.828054,0,0.006005650636806026,-0.5949606387844895,-0.015155903359032497,-0.44115130611805387,0.008604631848705635,-0.5716735267033738,0.023864939976333766,-0.806651463754071,3400.45,3400.45,3390.3,3400.9708841852957,3417.4560000000006,3406.579969775887,3396.381,3412.1277076337205,3590.8936965134585,3444.37,3297.8463034865413,43.63187431922257,0.012631038659992398
1091,2024-06-29 12:00:00,3400.45,3403.2,3371.86,3378.8,36282.0188,2024-06-29 23:59:59.999,122876413.527557,178073,18180.9206,61577014.480478,0,-0.006366804393536096,-0.30290893690434395,-0.00039939055959048453,-0.7176506810946943,-0.0072455677457645695,-0.5741495407350367,0.007775752893910415,-0.8676703750815771,3378.8,3378.8,3389.625,3386.190294728432,3412.524,3397.3199798505916,3398.9880000000003,3406.0681244275893,3574.213235180917,3435.2845,3296.3557648190836,41.69501525161324,0.01250204362253021
1092,2024-06-30 00:00:00,3378.8,3400.0,3352.66,3389.19,60659.5565,2024-06-30 11:59:59.999,205092638.431737,261963,33875.1977,114558740.105903,0,0.0030750562329819875,0.6718903331806885,-0.0033113264420884247,0.16545980973627672,-0.017751359246936604,-0.47636269552979815,0.0039040168719879365,-0.46295306704128325,3389.19,3389.19,3383.995,3388.190098242811,3400.274,3394.6099865670612,3400.3059999999996,3402.9993745316638,3542.8205522426374,3424.797,3306.7734477573626,43.00266381440123,0.012183853338875273
1093,2024-06-30 12:00:00,3389.19,3460.0,3379.81,3438.16,80562.062,2024-06-30 23:59:59.999,275398634.689745,295107,46302.7988,158280195.964221,0,0.014448880115897733,0.3281017311756971,0.01756836746773982,1.2204404458331854,-0.004234269197574192,-0.1349865013245276,0.012739660256089191,-0.3660824583821104,3438.16,3438.16,3413.675,3421.503366080937,3397.35,3409.1266577113743,3404.631,3409.3922155259065,3532.1831967567055,3421.0510000000004,3309.9188032432953,48.827951731883374,0.011722548970379294
1094,2024-07-01 00:00:00,3438.16,3524.94,3432.55,3459.6,131712.2162,2024-07-01 11:59:59.999,459319216.94783694,427774,72558.9168,253031113.803583,0,0.006235893617516419,0.6349161494898181,0.02077487541270928,1.171334968464532,0.023504874044051327,0.02499408151947602,0.023114412794549066,0.5416631217263361,3459.6,3459.6,3448.88,3446.901122026979,3413.2400000000002,3425.9511051409163,3412.447,3418.520903612105,3525.0688431197404,3418.87,3312.6711568802593,51.180484398716295,0.011823609422499682
1095,2024-07-01 12:00:00,3459.61,3499.0,3423.78,3442.2,92560.996,2024-07-01 23:59:59.999,320792883.260386,426328,48486.0232,168065523.984572,0,-0.005029483177245941,-0.29724820771788063,0.0011750471182259137,0.14894025428495117,0.012277786763516652,0.7783862430177886,0.020988064447239108,-0.2382700923689538,3442.2,3442.2,3450.8999999999996,3443.7670406756597,3421.59,3431.3674034272776,3419.5229999999997,3422.8261938644496,3511.7173389949357,3415.0550000000003,3318.392661005065,49.20347913820075,0.011804356798256815
1096,2024-07-02 00:00:00,3442.2,3464.12,3431.6,3453.26,59737.3948,2024-07-02 11:59:59.999,205981575.320284,257612,29929.8716,103212702.48679,0,0.0032130614142118485,-0.35461590322558756,-0.0018325818013642525,-0.5464551692814048,0.022037409731265445,0.6464738395427987,0.014632168440351867,-0.2988483592629516,3453.26,3453.26,3447.73,3450.09568022522,3436.482,3438.664935618185,3424.5029999999997,3428.3596131618224,3504.699976975467,3413.058,3321.416023024533,50.51203888435951,0.011747629316008952
1097,2024-07-02 12:00:00,3453.26,3462.5,3402.0,3421.35,78195.3066,2024-07-02 23:59:59.999,267872080.202038,366108,38352.8868,131405194.216671,0,-0.009240543718109895,0.30898421100881346,-0.006057172738364924,-0.15520240728611,0.009488992945216879,0.2890847067106401,-0.008430808824381852,-0.32498715894427976,3421.35,3421.35,3437.3050000000003,3430.9318934084063,3442.9139999999998,3432.8932904121234,3421.594,3427.085138041491,3492.938576696412,3409.3380000000006,3325.7374233035894,46.768603417888336,0.01190283038226032
1098,2024-07-03 00:00:00,3421.35,3432.1,3281.63,3307.5,149976.5025,2024-07-03 11:59:59.999,502427291.05571693,657345,66894.7938,224021760.616911,0,-0.03327633828751808,0.9179732009644683,-0.042209390546903536,1.5105966372005226,-0.03800288526421103,0.8616269094502571,-0.04207624001529209,0.6103324061719737,3307.5,3307.5,3364.425,3348.6439644694688,3416.782,3391.0955269414158,3407.0660000000003,3405.3423856703107,3484.1593450110227,3399.7985,3315.437654988977,36.40283367900575,0.013902578678194331
1099,2024-07-03 12:00:00,3307.51,3326.36,3251.0,3295.48,160431.9485,2024-07-03 23:59:59.999,528613351.892528,721157,76317.8785,251455639.249825,0,-0.003634164777021942,0.06971389401483075,-0.036789571368027185,1.051682581419791,-0.04743901029020692,0.21804911593310505,-0.025049184207801445,0.24849313483146296,3295.48,3295.48,3301.49,3313.201321489823,3383.958,3359.223684627611,3398.5989999999997,3385.3674064575266,3488.641436990262,3393.5269999999996,3298.4125630097374,35.50802580140602,0.013137528753102144
1100,2024-07-04 00:00:00,3295.49,3313.45,3126.6,3159.45,250176.5054,2024-07-04 11:59:59.999,800789959.26592,1070875,112425.1191,359871587.289312,0,-0.04127775013048185,0.5593932987730308,-0.04476190476190478,0.6681046779311313,-0.08214223461739589,1.7028285801937568,-0.07087297269479043,3.8066731642518787,3159.45,3159.45,3227.465,3210.7004404966074,3327.4080000000004,3292.6324564184074,3374.499,3344.29151437434,3522.177112445655,3385.44,3248.702887554345,27.322741123091063,0.014658961463988427
1101,2024-07-04 12:00:00,3159.45,3169.79,3050.34,3059.7,200226.0638,2024-07-04 23:59:59.999,624570099.013479,828023,89711.2492,279943347.457494,0,-0.03157195081422404,-0.1996608015614243,-0.07154648184786438,0.24804358279049388,-0.11396767112815143,2.3517709379586136,-0.09444181366165516,4.518603165488686,3059.7,3059.7,3109.575,3110.033480165536,3248.696,3214.9883042789384,3342.589,3292.5476026699143,3567.8816069595728,3370.7885,3173.6953930404275,23.11487674875852,0.01574271184552639
1102,2024-07-05 00:00:00,3059.7,3110.0,2810.0,2947.42,687752.6898,2024-07-05 11:59:59.999,2011081567.7050712,2107212,310535.8791,908354185.048714,0,-0.0366964081445893,2.434880937813252,-0.06710978176581361,1.7490698565014013,-0.1385213439139521,7.795319306286856,-0.13034677902389658,10.337911608371224,2947.42,2947.42,3003.56,3001.6244933885123,3153.9100000000003,3125.7988695192926,3298.4119999999994,3229.7971294572026,3619.269213730381,3349.3589999999995,3079.448786269618,19.478512089505514,0.01705138089422397
1103,2024-07-05 12:00:00,2947.42,3005.42,2922.7,2981.78,199241.6855,2024-07-05 23:59:59.999,591611526.758313,859912,94208.6526,279727679.569186,0,0.011657653133927415,-0.7103003907437426,-0.025466549008072548,-0.004916334473734074,-0.09847921390778525,0.3284860106669043,-0.13273960490494907,1.4731453062857303,2981.78,2981.78,2964.6000000000004,2988.3948311295044,3088.7659999999996,3077.792579679529,3252.7740000000003,3184.703105919529,3641.356694014702,3328.7025000000003,3016.0483059852986,23.447420787515995,0.017331520943097253
1104,2024-07-06 00:00:00,2981.79,3026.45,2955.06,3005.65,117762.3432,2024-07-06 11:59:59.999,352302978.330837,564115,61054.7599,182663640.040917,0,0.00800528543353285,-0.4089472647027973,0.01975626140828246,-0.8287722535345583,-0.08794773447267168,-0.2659670078120381,-0.13121459128222912,-0.10591176279972114,3005.65,3005.65,2993.715,2999.898277043168,3030.8,3053.745053119686,3207.379,3152.147995752342,3651.4635798033214,3309.9129999999996,2968.3624201966777,26.16997344840516,0.01762147237305113
1105,2024-07-06 12:00:00,3005.66,3081.78,2989.49,3066.83,96725.6281,2024-07-06 23:59:59.999,293942060.144308,491347,51908.0611,157831213.97051,0,0.020354998086936194,-0.17863702885287014,0.0285232310901542,-0.5145311692316515,-0.02931522891642524,-0.6133704564089734,-0.10904944512230552,0.04499338036509459,3066.83,3066.83,3036.24,3044.519425681056,3012.2760000000003,3058.106702079791,3169.8419999999996,3136.63563288828,3650.7578862245846,3294.6825,2938.607113775415,32.76966271825525,0.018560089672640535
1106,2024-07-07 00:00:00,3066.83,3073.08,2993.51,3015.51,73728.9248,2024-07-07 11:59:59.999,223455410.801571,345681,34756.7469,105298545.218274,0,-0.016733891347091245,-0.23775191489296732,0.0032804884134880474,-0.3739176480652774,-0.014442592411020527,-0.6317715915663923,-0.1267642749170349,0.23421727791852076,3015.51,3015.51,3041.17,3025.1798085603523,3003.438,3043.9078013865274,3126.067,3114.612790544956,3647.448373668057,3275.285,2903.121626331943,30.32117281312634,0.018441048723687594
1107,2024-07-07 12:00:00,3015.52,3024.05,2922.24,2931.0,106163.8364,2024-07-07 23:59:59.999,315299618.658308,533026,51763.1646,153699351.621712,0,-0.028025110180367574,0.43992112577233744,-0.04429003237871021,0.09757712082512704,-0.005570973936527612,-0.845636610405882,-0.14332061905388227,0.3576753006810258,2931.0,2931.0,2973.255,2962.3932695201174,3000.154,3006.2718675910182,3077.032,3081.2286468095094,3640.9480022712382,3249.313,2857.677997728762,26.77354275515779,0.018464411367970224
1108,2024-07-08 00:00:00,2930.99,3097.06,2822.8,3053.97,270313.7996,2024-07-08 11:59:59.999,797031667.3895689,1225094,129944.7957,383551015.49088496,0,0.04195496417604905,1.5461947190898617,0.012754061502034286,2.666319566347454,0.02421037098645762,0.3567130739816997,-0.0766530612244899,0.8023743392735807,3053.97,3053.97,2992.4849999999997,3023.4444231733723,3014.592,3022.1712450606788,3051.6789999999996,3076.2725292077803,3618.13913225513,3229.3725,2840.60586774487,38.11907516387785,0.021532724060855456
1109,2024-07-08 12:00:00,3053.98,3064.71,2890.0,3019.01,230131.2109,2024-07-08 23:59:59.999,687892466.439085,997846,116454.6226,348151611.411008,0,-0.011447394702632785,-0.1486516365774173,0.030027294438758068,1.1676987070523763,0.0044449619882553915,0.9542003381264241,-0.08389369682110037,0.4344475215296659,3019.01,3019.01,3036.49,3020.488141057791,3017.264,3021.1174967071192,3024.032,3065.861160260911,3603.9208727841706,3211.3155,2818.7101272158297,36.39272698375689,0.021283236576303183
1110,2024-07-09 00:00:00,3019.01,3115.2,3004.0,3083.47,132130.3465,2024-07-09 11:59:59.999,404994049.913766,691262,70122.5824,214973599.091194,0,0.02135137015114208,-0.42584777621747605,0.009659557886947168,-0.5111964439273118,0.005425797973803492,0.3660324476094048,-0.02404848945227811,-0.47185149825024286,3083.47,3083.47,3051.24,3062.4760470192637,3020.5919999999996,3041.901664471413,3016.434,3069.0627674862,3581.7937422325394,3195.4664999999995,2809.1392577674596,41.64078955229122,0.021981875365657096
1111,2024-07-09 12:00:00,3083.45,3108.72,3031.06,3066.65,148227.7959,2024-07-09 23:59:59.999,454573697.75016093,685867,78569.5669,240999540.450765,0,-0.005454893350673062,0.12183007027836701,0.01578000735340379,-0.35589877044357043,0.01695898869511292,1.0104429340599852,0.0022714645226658003,-0.2596977981444991,3066.65,3066.65,3075.06,3065.2586823397546,3030.8199999999997,3050.151109647609,3017.129,3068.6240824887086,3560.4780556921733,3179.859,2799.2399443078266,40.697212724044796,0.021979072759851483
1112,2024-07-10 00:00:00,3066.65,3129.89,3024.0,3102.22,112113.6169,2024-07-10 11:59:59.999,346318074.70231,630305,52079.9072,160887837.779108,0,0.01159897608139171,-0.24363972209614437,0.006080811553217602,-0.15149229628335248,0.058416922552029904,0.05604338258446728,0.052520509462512965,-0.8369855639058237,3102.22,3102.22,3084.435,3089.8995607799184,3065.064,3067.507406431739,3032.609,3074.732431127125,3534.954700250868,3165.5105,2796.0662997491318,43.60741305987283,0.022217179216164368
1113,2024-07-10 12:00:00,3102.22,3151.51,3077.76,3101.05,158713.4675,2024-07-10 23:59:59.999,493412584.670642,665913,82523.9641,256586747.025468,0,-0.00037714926729881526,0.415648445643894,0.011217452268762251,0.07074025176137688,0.015415999502287336,-0.41285473499740644,0.039999597555822275,-0.20341234264453156,3101.05,3101.05,3101.635,3097.33318692664,3074.48,3078.688270954493,3044.536,3079.517443649466,3496.959560435269,3148.655,2800.3504395647315,43.531740140575344,0.021806497208636772
1114,2024-07-11 00:00:00,3101.06,3156.93,3054.76,3147.04,98174.0462,2024-07-11 11:59:59.999,305694468.068425,510905,51840.3178,161434884.360464,0,0.014830460650424815,-0.3814384642563493,0.014447718085758066,-0.12433432338940087,0.04240794167624484,-0.5733996887425235,0.0470414053532513,-0.16633752749580144,3147.04,3147.04,3124.045,3130.47106230888,3100.0860000000002,3101.472180636329,3058.675,3091.7942720768356,3450.8355781158334,3133.027,2815.2184218841667,47.39595724148142,0.022120329267477253
1115,2024-07-11 12:00:00,3147.04,3217.24,3086.0,3099.57,191055.2738,2024-07-11 23:59:59.999,601435521.153671,902126,96894.419,305075025.787236,0,-0.015084015455793298,0.9460873947354937,-0.0004772577030360825,0.20377480757894717,0.0052213901870297175,0.44596059013589273,0.010675518369130499,0.9752290840900726,3099.57,3099.57,3123.3050000000003,3109.8703541029604,3103.306,3100.8381204242196,3061.949,3093.208040790138,3400.3856132535366,3115.8955,2831.4053867464636,44.04553524721603,0.022247128155284825
1116,2024-07-12 00:00:00,3099.57,3117.92,3045.58,3070.0,85121.5931,2024-07-12 11:59:59.999,262014387.691873,546474,41589.2066,128039109.628188,0,-0.009540032972315537,-0.5544661426666151,-0.02448014642330565,-0.13295217631561773,0.001092397241289289,-0.42573798265592366,0.018069911888867862,0.15452101506843086,3070.0,3070.0,3084.785,3083.29011803432,3103.976,3090.55874694948,3067.398,3088.9883970101127,3335.738902581631,3096.7325,2857.726097418369,42.05139632893159,0.022182226925330645
1117,2024-07-12 12:00:00,3070.0,3157.89,3057.58,3133.88,100623.5894,2024-07-12 23:59:59.999,313585135.15879,548441,53816.9187,167691604.835468,0,0.020807817589576505,0.1821159089655242,0.011069277351374529,-0.4733273392634294,0.01020559470314808,-0.10248556614000381,0.06921869669054925,-0.052185821348106454,3133.88,3133.88,3101.94,3117.01670601144,3110.308,3104.999164632987,3087.686,3097.1505066446375,3270.7690675548274,3082.359,2893.9489324451724,47.57347806454932,0.022929832835108716
1118,2024-07-13 00:00:00,3133.89,3171.0,3113.37,3156.84,58341.071,2024-07-13 11:59:59.999,183305027.710468,269041,30145.1086,94721649.5157,0,0.007326381354742395,-0.4202048312142599,0.028286644951140083,-0.3146149070370253,0.017990680575934004,-0.6324125991387592,0.03368402440102569,-0.7841727981097122,3156.84,3156.84,3145.36,3143.56556867048,3121.4660000000003,3122.279443088658,3097.9730000000004,3108.0031418001577,3236.823404596542,3074.826,2912.828595403458,49.438448313662626,0.021991512451935945
1119,2024-07-13 12:00:00,3156.84,3201.8,3140.94,3175.93,60961.4059,2024-07-13 23:59:59.999,193031941.072825,322250,30361.0208,96171791.095238,0,0.006047186426933138,0.0449140691983525,0.013417871775562418,-0.3941638708825468,0.009180054908739521,-0.3790476377452191,0.05197730381813903,-0.7351015289860451,3175.93,3175.93,3166.385,3165.141856223493,3127.2439999999997,3140.162962059105,3113.665,3120.353479654674,3204.520911679812,3068.8484999999996,2933.1760883201873,50.999231161118814,0.0220623501976677
1120,2024-07-14 00:00:00,3175.93,3225.13,3163.67,3202.84,84109.1947,2024-07-14 11:59:59.999,268712016.137137,415345,39761.6063,127040981.328683,0,0.008473108664233786,0.379712187707272,0.014571533558875416,0.4416806763797667,0.03331752468890836,-0.5597651243689459,0.038712878672404916,-0.3634377194341196,3202.84,3202.84,3189.385,3190.2739520744976,3147.898,3161.055308039404,3125.602,3135.35102880837,3213.6265355931273,3071.018,2928.4094644068728,53.192683905641196,0.020069544347698247
1121,2024-07-14 12:00:00,3202.85,3268.72,3173.68,3245.08,81321.5769,2024-07-14 23:59:59.999,261492001.032274,377513,43418.2079,139779329.993203,0,0.013188295387843274,-0.03314284258626954,0.021773149911994416,0.33398460385573236,0.0570293159609121,-0.04464221194187212,0.05818401186962974,-0.45137430934436495,3245.08,3245.08,3223.96,3226.8113173581655,3182.9139999999998,3189.063538692936,3143.445,3155.3017508432113,3241.617200285052,3080.2870000000003,2918.9567997149484,56.48540699580134,0.018710657809474465
1122,2024-07-15 00:00:00,3245.2,3373.0,3233.22,3339.68,150115.5951,2024-07-15 11:59:59.999,499302492.936848,786374,77146.3928,256529223.487526,0,0.029151823683853717,0.845950371628861,0.04272458193353379,0.7847703290399,0.06566939385043447,0.4918529143624448,0.07654518377162156,0.33895952383639516,3339.68,3339.68,3292.38,3302.0571057860548,3224.0739999999996,3239.269025795291,3167.191,3188.825068871718,3285.412727865267,3099.9,2914.3872721347334,62.797402033462696,0.01705758816574536
1123,2024-07-15 12:00:00,3339.68,3493.63,3333.33,3483.39,164181.2501,2024-07-15 23:59:59.999,559445144.351418,830902,84613.793,288449282.035242,0,0.04303106884491936,0.09369882583238676,0.07343732666066782,1.0189137539953435,0.10344204964458115,1.8141624294144343,0.12329372309379072,0.034450653029806766,3483.39,3483.39,3411.535,3422.9457019286847,3289.3839999999996,3320.6426838635275,3205.425,3242.38232907686,3366.8922513040848,3124.9805,2883.0687486959155,69.93262798199653,0.018908329277192614
1124,2024-07-16 00:00:00,3483.2,3498.59,3346.55,3419.79,181306.8103,2024-07-16 11:59:59.999,620346236.369509,867350,91157.5617,311852563.595167,0,-0.018258076184406558,0.10430886711831655,0.0239873281272458,0.20778131132359623,0.07678380820735975,1.974124491115124,0.08666874269154512,0.8467896283977345,3419.79,3419.79,3451.59,3420.841900642895,3338.156,3353.6917892423517,3232.7,3274.6382692447037,3412.78439372025,3145.6875,2878.59060627975,64.0755424955453,0.019797064562576423
1125,2024-07-16 12:00:00,3419.78,3494.38,3375.6,3444.13,194821.9766,2024-07-16 23:59:59.999,671066313.568257,769207,102790.3206,354108676.115988,0,0.007117396097421125,0.07454307026656681,-0.011270630047166663,0.18662744059591008,0.07533626406564164,1.316298203720645,0.11116380659252734,0.01971525163939236,3444.13,3444.13,3431.96,3436.367300214298,3386.4139999999998,3383.8378594949013,3267.156,3305.4549475638482,3458.639361037695,3164.5525000000002,2870.4656389623055,65.27421869293444,0.019534639449593702
1126,2024-07-17 00:00:00,3444.14,3517.0,3440.96,3449.03,164292.4207,2024-07-17 11:59:59.999,572115249.521731,627262,95962.0411,334213519.508697,0,0.0014227105248640903,-0.1567048873684408,0.008550232616622688,-0.09384308053209423,0.06284898985541187,1.0202808032366129,0.12346254071661233,0.9300909994364284,3449.03,3449.03,3446.58,3444.809100071433,3427.204,3405.5685729966012,3305.0589999999997,3331.5595025522393,3496.6321761557465,3186.2285,2875.824823844254,65.5236170273216,0.0188318808949025
1127,2024-07-17 12:00:00,3449.03,3475.5,3376.0,3387.05,133520.0955,2024-07-17 23:59:59.999,457442959.115063,658353,72272.4776,247784822.24164,0,-0.01797026990197248,-0.18730215958160745,-0.01657312586923254,-0.31465588312894677,0.01418399367604084,-0.1105514692790237,0.08078484179355949,0.326926382731483,3387.05,3387.05,3418.04,3406.3030333571446,3436.678,3399.3957153310675,3330.376,3341.6486839063773,3507.8757149875646,3209.031,2910.1862850124353,59.684548024724805,0.017964514024254006
1128,2024-07-18 00:00:00,3387.05,3461.01,3383.43,3458.83,103835.7846,2024-07-18 11:59:59.999,356313974.843012,503114,56191.2451,192879091.92194,0,0.021192483134290896,-0.22232092322013053,0.0028413785905021527,-0.36798189376243085,-0.007050603004544409,-0.36755394092348914,0.09566211781401646,0.7798059380843385,3458.83,3458.83,3422.94,3441.321011119048,3431.7660000000005,3419.207143554045,3360.575,3362.954377741581,3538.046040210891,3229.274,2920.5019597891087,63.717136165798905,0.016394377929636682
1129,2024-07-18 12:00:00,3458.83,3489.98,3367.2,3426.5,138114.5611,2024-07-18 23:59:59.999,473189507.924,662329,72747.499,249300063.951717,0,-0.009347091357482129,0.330124885481917,0.011647303700860645,0.03441029294350684,0.0019621087844574614,-0.2382273954769366,0.07889657517640503,1.2656065597725985,3426.5,3426.5,3442.665,3431.4403370396826,3433.108,3421.638095702697,3385.632,3374.5081272431116,3553.9791111632444,3249.6485000000002,2945.317888836756,60.768781027481246,0.016280570026390124
1130,2024-07-19 00:00:00,3426.49,3450.5,3377.0,3404.54,107750.6861,2024-07-19 11:59:59.999,367377033.533988,519277,53696.1467,183113486.393458,0,-0.006408872026849588,-0.21984557426943152,-0.015696059071998336,0.03770281618308302,-0.011494920342728143,-0.4469274566429996,0.06297535936856025,0.2810809387050286,3404.54,3404.54,3415.52,3413.5067790132275,3425.19,3415.9387304684647,3405.8020000000006,3379.968467744364,3567.1343771992515,3265.702,2964.269622800749,58.7792137310559,0.016128202536006067
1131,2024-07-19 12:00:00,3404.55,3540.27,3395.99,3503.53,191760.9561,2024-07-19 23:59:59.999,667347295.785308,742967,104773.4979,364523974.073357,0,0.029075881029448913,0.7796727152348035,0.022480665402013766,0.38841954514236976,0.01580154420228297,0.16719295560297276,0.07964364514896416,1.35805752187769,3503.53,3503.53,3454.035,3473.522259671076,3436.09,3445.13582031231,3431.647,3402.434200881752,3591.422501980638,3287.546,2983.6694980193615,64.43220958411257,0.016775531002095858
1132,2024-07-20 00:00:00,3503.53,3508.49,3480.0,3484.81,69406.6391,2024-07-20 11:59:59.999,242406154.435562,278294,33491.9323,116978391.953729,0,-0.005343182447417383,-0.6380564609627539,0.02357734084487184,-0.3558589591198901,0.0288628747730324,-0.48017832941109606,0.04345625928232644,-0.537645378857776,3484.81,3484.81,3494.17,3481.0474198903585,3455.642,3458.3605468748733,3446.16,3417.4116189032516,3609.6452167358257,3306.6755,3003.705783264174,62.681551488511836,0.016948057443152566
1133,2024-07-20 12:00:00,3484.81,3539.65,3481.2,3517.5,78104.1774,2024-07-20 23:59:59.999,274097917.329637,388814,35647.411,125114438.823801,0,0.009380712291344517,0.12531277141180586,0.003987406986667663,-0.5927003129913995,0.016962383233636746,-0.24781059149429296,0.009792185198901127,-0.5242807729114739,3517.5,3517.5,3501.1549999999997,3505.349139963453,3467.3759999999993,3478.0736979165827,3449.571,3435.6095063753874,3628.312507535763,3327.4979999999996,3026.683492464236,64.49570075037943,0.01689619196731045
1134,2024-07-21 00:00:00,3517.5,3528.8,3476.6,3498.79,51438.7373,2024-07-21 11:59:59.999,180008406.747431,236659,22585.7443,79059523.435491,0,-0.005319118692252989,-0.34140862867598676,0.004011696476995841,-0.25887871870747303,0.02109732963665545,-0.6275647050512185,0.023100833676921617,-0.7162889953505513,3498.79,3498.79,3508.145,3500.976379987818,3481.834,3484.979131944389,3457.471,3447.0968688525895,3642.755214984547,3345.0854999999997,3047.4157850154525,62.61940236355914,0.016971048857461823
1135,2024-07-21 12:00:00,3498.79,3547.0,3411.4,3535.92,167452.2283,2024-07-21 23:59:59.999,584351835.8537431,724663,81087.8456,283148610.075798,0,0.010612240231622883,2.255372061786594,0.005236673773987288,1.1439599503419133,0.038589647940691085,0.5540711095295752,0.02665114266883073,-0.1404859388948424,3535.92,3535.92,3517.355,3524.272126662606,3508.1099999999997,3501.9594212962593,3466.65,3463.2465290612095,3653.1393274009415,3366.903,3080.666672599058,64.80745449635627,0.01629408176784878
1136,2024-07-22 00:00:00,3535.93,3562.82,3459.6,3500.31,91763.0061,2024-07-22 11:59:59.999,321783264.43014,482964,43769.3762,153539165.148373,0,-0.010070929206543178,-0.45200486710991106,0.000434435904984376,0.7839280456054274,-0.0009190730491819288,-0.5214718993570976,0.014867948379689189,-0.4414653718715339,3500.31,3500.31,3518.115,3508.297375554202,3507.4659999999994,3501.4096141975065,3471.778,3469.985341959171,3645.340230126076,3388.4184999999998,3131.4967698739233,61.11278810290397,0.016322393750735978
1137,2024-07-22 12:00:00,3500.3,3507.35,3422.34,3439.6,116096.4982,2024-07-22 23:59:59.999,402334059.738982,586798,53130.5426,184202039.348147,0,-0.017344178087083773,0.2651775822762634,-0.02724043530396625,-0.30668884267095775,-0.012973447619812895,0.6727001869767817,0.015514976159194394,-0.13049419441135734,3439.6,3439.6,3469.955,3462.499125184734,3498.424,3480.8064094650044,3477.0330000000004,3464.4607343302305,3633.1387341913573,3403.7045,3174.2702658086423,55.322200266572594,0.016809648663161317
1138,2024-07-23 00:00:00,3439.61,3541.0,3425.0,3516.0,201345.1992,2024-07-23 11:59:59.999,702162381.902548,769760,110859.9969,386805473.74161106,0,0.022211885102918938,0.7342917514457814,0.004482460124960452,1.1941870450558398,-0.0004264392324093702,1.5779056370933624,0.016528710575541394,0.9390733163487841,3516.0,3516.0,3477.8,3498.166375061578,3498.124,3492.5376063100034,3482.75,3473.831509906552,3625.8284823647728,3421.6625,3217.496517635227,60.40651155768835,0.017251234683401024
1139,2024-07-23 12:00:00,3516.01,3518.8,3389.0,3482.51,299223.5819,2024-07-23 23:59:59.999,1035815141.120238,847861,159798.3355,553270495.725246,0,-0.009525028441410677,0.48612225714294555,0.012475287824165626,1.5773695722029966,-0.004653037192858034,4.817086452858943,0.016346125784328036,1.1664883088130815,3482.51,3482.51,3499.255,3487.728791687193,3494.868,3489.1950708733357,3488.3509999999997,3475.4094171962697,3608.47743741462,3436.9915,3265.50556258538,57.326837113724075,0.017575606733573553
1140,2024-07-24 00:00:00,3482.51,3487.82,3427.4,3459.63,103029.8269,2024-07-24 11:59:59.999,355764499.053636,335780,53500.9482,184728740.585703,0,-0.006569973955566577,-0.6556761126720541,-0.016032423208191093,-0.4882926073759597,-0.021575714382678357,-0.3847210757003703,0.016181334335916286,-0.04381279944351102,3459.63,3459.63,3471.07,3468.9962638957313,3479.6100000000006,3479.3400472488906,3493.8599999999997,3472.5404322514933,3583.566302130625,3449.8310000000006,3316.095697869376,55.25425228315391,0.017729710567599616
1141,2024-07-24 12:00:00,3459.63,3471.54,3300.0,3335.81,172449.2237,2024-07-24 23:59:59.999,584479567.4441609,644503,81566.1578,276451867.301434,0,-0.035789954417090875,0.673779612066882,-0.04212478930426622,-0.42367769744286987,-0.04699583751153469,0.8792891714126179,-0.04787171795303602,-0.10070732224514611,3335.81,3335.81,3397.7200000000003,3380.2054212985768,3446.71,3431.4966981659272,3477.0879999999997,3447.6803536603124,3563.9958494127727,3454.3675000000003,3344.739150587228,45.6380996287063,0.01967164397807968
1142,2024-07-25 00:00:00,3335.82,3342.5,3130.0,3172.5,280299.5199,2024-07-25 11:59:59.999,896702409.3452849,1029190,133089.2429,425544994.831834,0,-0.04895662522745603,0.6254031991910904,-0.08299442425924164,1.7205667361943324,-0.0776543784160949,1.414366705678983,-0.08962038102507741,3.0385116400197516,3172.5,3172.5,3254.1549999999997,3241.735140432859,3393.29,3345.164465443952,3445.857,3397.64756208571,3604.1163633432566,3446.0085,3287.9006366567432,36.592549675256485,0.021568079485852196
1143,2024-07-25 12:00:00,3172.49,3198.5,3087.53,3175.48,213983.1199,2024-07-25 23:59:59.999,673754778.8385551,982337,106031.8183,334022461.681811,0,0.0009393223010243368,-0.2365912008114004,-0.04806328897629064,0.2408471044917786,-0.09684869169510812,0.06276743001677687,-0.09723383084577109,1.7397141487594747,3175.48,3175.48,3173.99,3197.5650468109534,3325.186,3288.602976962635,3411.655,3357.253459888308,3626.5917471231805,3430.613,3234.634252876819,36.83855677323937,0.018781072913459113
1144,2024-07-26 00:00:00,3175.47,3276.0,3171.0,3246.86,160147.0129,2024-07-26 11:59:59.999,518484627.537468,626300,79353.1075,256809161.425636,0,0.02247849144066416,-0.2515904386531005,0.023438928289992056,-0.4286575554708969,-0.06766671165337645,-0.4647914717045234,-0.07200489312019298,2.113354279402189,3246.86,3246.86,3211.17,3230.4283489369845,3278.0559999999996,3274.6886513084232,3386.4620000000004,3337.181921726797,3633.7168884553053,3421.9665,3210.2161115446947,42.58474212159513,0.01940313542958891
1145,2024-07-26 12:00:00,3246.87,3286.36,3221.43,3274.61,100090.4512,2024-07-26 23:59:59.999,325580143.18735,542946,49385.5645,160668254.763663,0,0.008546718983879709,-0.3750089409254289,0.031217327774068826,-0.5322507156322661,-0.05347970736755081,-0.028529366577048965,-0.07390155885879768,-0.4022745936788469,3274.61,3274.61,3260.735,3259.882782978995,3241.052,3274.6624342056157,3360.3310000000006,3325.805208685561,3634.3873088926903,3413.4905,3192.5936911073095,44.69138769352386,0.0194426686322882
1146,2024-07-27 00:00:00,3274.6,3282.98,3241.31,3278.41,58583.5988,2024-07-27 11:59:59.999,191105262.169108,272869,27588.5994,90006065.682887,0,0.0011604435337337904,-0.4146934288173135,0.00971708050239295,-0.634188626193227,-0.017207215039225843,-0.6602849375424588,-0.06339438506875106,-0.36157716175778165,3278.41,3278.41,3276.51,3272.2342609929983,3229.572,3275.911622803744,3338.1410000000005,3317.187898015459,3632.7774655316384,3404.9595,3177.1415344683614,44.989046421011,0.019440086070036902
1147,2024-07-27 12:00:00,3278.41,3327.59,3191.01,3249.01,173408.3049,2024-07-27 23:59:59.999,566826144.3767071,803940,90469.7177,295865745.287949,0,-0.008967761811365715,1.9600145510350586,-0.007817724858838138,0.7325159675171891,0.024116627265563517,-0.38134640772176376,-0.055410512850331384,0.4936566355452743,3249.01,3249.01,3263.71,3256.7514203309997,3244.8740000000003,3266.944415202496,3319.082,3304.7919165581025,3635.776607929875,3398.0575,3160.338392070125,43.05827482511994,0.01916165856012897
1148,2024-07-28 00:00:00,3249.0,3265.72,3198.11,3256.46,59563.9516,2024-07-28 11:59:59.999,192728868.527457,364601,29531.2443,95590397.263325,0,0.0022930061772663546,-0.6565103866602642,-0.006695318767329206,0.016734253615023675,0.025501656442490583,-0.7216418209630937,-0.07381683731513078,-0.7041699934407972,3256.46,3256.46,3252.735,3256.5571401103334,3261.0699999999997,3263.449610134998,3293.1279999999997,3296.00429536572,3631.603008741498,3387.939,3144.274991258502,43.71743599032465,0.018414223414154676
1149,2024-07-28 12:00:00,3256.46,3284.3,3251.08,3270.16,43965.8813,2024-07-28 23:59:59.999,143693934.194926,317827,22968.2348,75082951.144949,0,0.004207022349422385,-0.26187097868772025,0.00650967525492363,-0.7464603478746075,0.007176164047725919,-0.7254654925880294,-0.0609761350290452,-0.8530667903217156,3270.16,3270.16,3263.31,3265.625713370111,3265.7300000000005,3265.6864067566653,3271.893,3291.3053325719525,3628.324972633242,3380.1220000000003,3131.9190273667587,44.97879884295464,0.018411833494734475
1150,2024-07-29 00:00:00,3270.16,3396.77,3267.17,3375.0,137176.7892,2024-07-29 11:59:59.999,459306951.32851106,644124,71374.9079,238873821.554843,0,0.032059593414389465,2.1200736831357454,0.03640149118981961,1.3030169341551878,0.030657085881982793,0.3705282327671233,-0.024462153467278314,0.33142793041031493,3375.0,3375.0,3322.58,3338.541904456704,3285.808,3302.1242711711106,3263.43,3306.5225448315973,3626.6006184884263,3378.6450000000004,3130.6893815115745,53.556688737393166,0.01989523042274224
1151,2024-07-29 12:00:00,3375.01,3386.8,3258.0,3317.66,181294.7163,2024-07-29 23:59:59.999,601709228.749587,840774,88311.6628,293244108.970859,0,-0.016989629629629688,0.32161364438758855,0.014525283166572978,3.1235319511268385,0.011972267044085383,2.0946326277927465,-0.0054409573686751145,0.051293316433757896,3317.66,3317.66,3346.33,3324.620634818901,3293.6580000000004,3307.302847447407,3261.6150000000002,3308.5475366803976,3611.758376080236,3369.3514999999998,3126.9446239197637,49.05240191160092,0.01896680192221934
1152,2024-07-30 00:00:00,3317.66,3355.5,3282.3,3334.65,91073.5848,2024-07-30 11:59:59.999,302593350.655138,503603,42788.7758,142167638.659398,0,0.005121079314938992,-0.49764898471009666,-0.011955555555555497,-0.3360860439209056,0.026358798526320282,-0.4748026350149738,0.05111111111111111,-0.6750847634969496,3334.65,3334.65,3326.1549999999997,3331.306878272967,3310.786,3316.4185649649385,3277.8300000000004,3313.293439102143,3598.7196682630397,3361.8435,3124.96733173696,50.383944101993315,0.019029902811079826
1153,2024-07-30 12:00:00,3334.66,3366.4,3233.18,3279.21,106203.5793,2024-07-30 23:59:59.999,350109877.141369,679636,48217.8084,159022218.558419,0,-0.01662543295398322,0.16612933962384235,-0.011589493799846862,-0.4141937422806182,0.006986113755427681,0.783017688504065,0.03266592767077725,-0.5036824430374145,3279.21,3279.21,3306.9300000000003,3296.575626090989,3315.3360000000002,3304.0157099766257,3288.203,3307.0964501744807,3578.100794304163,3349.929,3121.757205695837,46.145780300425805,0.019097828776891354
1154,2024-07-31 00:00:00,3279.2,3332.04,3262.04,3322.87,82813.4423,2024-07-31 11:59:59.999,273588839.12845,469376,43450.4378,143612140.224958,0,0.013314182379292605,-0.2202386883207429,-0.003532604621174662,-0.09069745654724681,0.016118477383369578,0.8835842669665761,0.023410310268998202,-0.48289112109939336,3322.87,3322.87,3301.04,3314.105208696996,3325.8779999999997,3310.3004733177504,3295.804,3309.964368324575,3559.0031624453945,3341.1330000000003,3123.262837554606,49.7318881170977,0.019446815217948474
1155,2024-07-31 12:00:00,3322.88,3350.0,3213.75,3232.74,150897.8929,2024-07-31 23:59:59.999,495758435.817538,868616,69459.9871,228298759.288761,0,-0.027124142683884744,0.8221425013750456,-0.014171096087167379,0.42083622693872824,-0.04215111111111114,0.10002496617700407,-0.012786255462482687,0.507615272894284,3232.74,3232.74,3277.805,3259.861736232332,3297.4260000000004,3284.446982211834,3291.6169999999997,3295.923574083743,3529.221730555557,3325.9739999999997,3122.7262694444426,43.31901688275153,0.019942748535401667
1156,2024-08-01 00:00:00,3232.74,3242.57,3136.47,3188.39,126202.6581,2024-08-01 11:59:59.999,402004181.713582,778041,59920.9171,190877684.925678,0,-0.013719012354844518,-0.16365526599079505,-0.040471038590134456,0.5239392856393799,-0.03896420971407555,-0.3038812124498743,-0.027458432593848836,1.154231912772146,3188.39,3188.39,3210.5649999999996,3212.213912077444,3271.572,3252.427988141223,3282.6150000000002,3276.372015159426,3505.426615334706,3310.3779999999997,3115.329384665293,40.548258148232456,0.020015039332114657
1157,2024-08-01 12:00:00,3188.39,3219.34,3080.02,3203.4,197082.9524,2024-08-01 23:59:59.999,618917437.738897,1057414,91594.3739,287775180.17611,0,0.004707705142720897,0.5616386799383903,-0.009075892277139452,0.3060682863915589,-0.0393594530160587,1.1639968694852563,-0.014038122381894835,0.1365254536895022,3203.4,3203.4,3195.895,3206.3379706924816,3245.3219999999997,3236.085325427482,3278.054,3263.1043760395305,3489.4482016553516,3298.568,3107.687798344649,41.90266176847262,0.019875058540583947
1158,2024-08-02 00:00:00,3203.4,3218.6,3127.0,3153.73,94452.3742,2024-08-02 11:59:59.999,298527352.289781,631664,46346.2262,146480057.17701,0,-0.015505400511956036,-0.5207481263610296,-0.010870690222965163,-0.2515817366924381,-0.03826531390182397,-0.11064791956592746,-0.031546525982201534,0.5857304907218412,3153.73,3153.73,3178.565,3171.2659902308274,3220.226,3208.6335502849884,3267.781,3243.2181258505248,3453.2640199315993,3280.4545,3107.6449800684004,38.75619729979565,0.01909490814421936
1159,2024-08-02 12:00:00,3153.73,3182.8,2967.0,2989.61,291251.6653,2024-08-02 23:59:59.999,887067575.2250621,1473061,131496.7015,400847306.051966,0,-0.05203996537433453,2.083582257903687,-0.06673846538053319,0.47781257462022864,-0.10029281915934107,2.5169612228521023,-0.08579090931330569,5.62449282689575,2989.61,2989.61,3071.67,3050.161996743609,3153.5739999999996,3135.6257001899926,3239.7259999999997,3197.107557514066,3446.036852657269,3255.8095000000003,3065.582147342732,30.58416788583554,0.021774654467796504
1160,2024-08-03 00:00:00,2989.61,3006.64,2913.56,2997.21,125910.1766,2024-08-03 11:59:59.999,373743694.30790895,677607,57565.2845,170909582.476571,0,0.0025421376032324083,-0.5676928526046097,-0.049630120523950993,0.33305464967337994,-0.07285769966034994,-0.16559354023955364,-0.1119377777777778,-0.08213206232414128,2997.21,2997.21,2993.41,3014.860665581203,3106.468,3089.487133459995,3201.947,3160.762547056963,3430.461865676462,3232.6884999999997,3034.9151343235376,31.30650699755904,0.0218873790175434
1161,2024-08-03 12:00:00,2997.2,3018.02,2859.0,2903.64,218685.1391,2024-08-03 23:59:59.999,639277098.444174,1120410,93976.4037,274739846.848679,0,-0.03121903370134227,0.7368345038124582,-0.028756259177618593,-0.24915403015894788,-0.08930839702796711,0.7328092957179957,-0.1247927756310171,0.20624110599079826,2903.64,2903.64,2950.425,2940.7135551937345,3049.518,3027.53808897333,3160.545,3114.0129930466055,3449.353727884545,3211.08,2972.8062721154547,27.510793422672037,0.021591896972675176
1162,2024-08-04 00:00:00,2903.65,2935.46,2876.22,2914.22,80683.5498,2024-08-04 11:59:59.999,234567510.910373,477062,38378.3863,111581386.895759,0,0.0036437023873483465,-0.6310515194034052,-0.027689084181622303,-0.3591975487706528,-0.0902728351126929,-0.5906112181826642,-0.12607919871650708,-0.11408395774490265,2914.22,2914.22,2908.93,2923.051185064578,2991.682,2989.765392648887,3118.5019999999995,3077.686994310859,3469.1545098228335,3198.166,2927.177490177167,28.56542556246866,0.019248853639225627
1163,2024-08-04 12:00:00,2914.22,2925.8,2630.0,2688.92,431380.7114,2024-08-04 23:59:59.999,1192217045.53237,1707698,197185.596,544821462.845216,0,-0.07731056680689852,4.346575757627362,-0.07394856111639181,0.9726110021712031,-0.14738420854036327,3.567177003794151,-0.18000981943821837,3.0618283700349824,2688.92,2688.92,2801.5699999999997,2766.9637283548595,2898.7200000000003,2889.4835950992583,3059.473,3007.0020862543392,3524.3101571023903,3173.8379999999997,2823.365842897609,21.419022458387488,0.025209155810726917
1164,2024-08-05 00:00:00,2688.91,2697.44,2111.0,2290.57,1860335.5475,2024-08-05 11:59:59.999,4322975022.836759,4708427,886485.5231,2057853062.6714792,0,-0.14814498014072564,3.312514441043226,-0.21400237456334792,22.057185164899625,-0.23382314081100875,5.387381667273166,-0.3106651779937222,21.464173639356133,2290.57,2290.57,2489.745,2449.36790945162,2758.9120000000003,2689.8457300661726,2956.243,2876.7417069353683,3644.3398674157015,3126.0235000000002,2607.707132584299,14.50799604511458,0.03929668984536672
1165,2024-08-05 12:00:00,2290.6,2518.0,2183.51,2419.59,810268.5528,2024-08-05 23:59:59.999,1920714794.35586,2355732,394975.2686,936835466.0124272,0,0.05632659119782413,-0.5644503197883446,-0.10016289067729789,0.878314285704523,-0.19271922888286097,5.4352904163903775,-0.2515358488464893,4.369647893870623,2419.59,2419.59,2355.08,2429.515969817207,2643.388,2599.760486710782,2874.928,2793.6232147653013,3680.545748283408,3083.2725,2485.999251716592,23.156248609421567,0.04224168293467923
1166,2024-08-06 00:00:00,2419.76,2547.43,2415.8,2458.91,320744.4102,2024-08-06 11:59:59.999,800012029.50225,1511897,160974.3491,401692086.537802,0,0.016250687099880423,-0.6041504892524566,0.07349262410666335,-0.8275878721819672,-0.15316292653359231,0.46669504622044977,-0.22879258810873204,1.5415028100743307,2458.91,2458.91,2439.25,2449.1119899390687,2554.442,2552.810324473855,2801.98,2732.7662666261554,3690.6565888658984,3042.2974999999997,2393.938411134101,25.625515266271236,0.0426615451137899
1167,2024-08-06 12:00:00,2458.9,2556.23,2414.19,2461.33,321539.3936,2024-08-06 23:59:59.999,801866973.266873,1358253,162830.7039,406354462.141626,0,0.0009841759153446095,0.0024785573020720264,0.017250856550076632,-0.6031693535570717,-0.15540693564658803,2.985191459684636,-0.23165074608228764,0.6314926769891438,2461.33,2461.33,2460.12,2457.2573299796895,2463.864,2522.31688298257,2727.773,2683.4142181486723,3690.7534130401077,3002.9134999999997,2315.0735869598916,25.783583991888193,0.042773351938817324
1168,2024-08-07 00:00:00,2461.33,2551.32,2425.53,2473.01,270407.983,2024-08-07 11:59:59.999,676432898.4660751,980607,137890.8381,345085321.497434,0,0.004745401876221411,-0.15902067248285068,0.0057342481018014535,-0.15693625702974134,-0.0802961783913243,-0.3731569913675097,-0.21584599823066652,1.8629029740154484,2473.01,2473.01,2467.17,2467.75910999323,2420.682,2505.8812553217135,2659.701,2645.1589057580045,3678.0855844100925,2963.741,2249.3964155899075,26.594475750990554,0.04282256899297368
1169,2024-08-07 12:00:00,2473.01,2487.64,2309.04,2342.8,359707.4398,2024-08-07 23:59:59.999,860838543.029684,1389541,169726.2284,405890144.755446,0,-0.052652435695771604,0.3302397207703738,-0.04815689078668839,0.11870410581006952,0.02280218460907113,-0.8066437851583331,-0.2163526346245831,0.2350399419329947,2342.8,2342.8,2407.905,2384.4530366644103,2431.128,2451.5208368811427,2595.02,2590.184559256549,3665.7200077203715,2917.373,2169.0259922796286,23.510500005193293,0.04352008856177523
1170,2024-08-08 00:00:00,2342.79,2465.25,2320.4,2447.63,195262.692,2024-08-08 11:59:59.999,472677298.266032,770662,97988.506,237214459.694646,0,0.04474560355130608,-0.4571624870795903,-0.010262797158119064,-0.27789597838907,0.011588740241115225,-0.759014845972682,-0.1833638617247373,0.5508094522043583,2447.63,2447.63,2395.215,2426.57101222147,2436.736,2450.223891254095,2540.062,2564.265548482631,3615.0947470662004,2871.0045,2126.9142529337996,30.498306021865076,0.04433580573744443
1171,2024-08-08 12:00:00,2447.64,2724.1,2411.02,2682.5,391240.1834,2024-08-08 23:59:59.999,1001424517.203392,1342001,201412.4443,515495079.73176,0,0.09595813092665151,1.0036607064702352,0.14499743896192574,0.08766219463665359,0.09093053426111575,0.2197880024036658,-0.0761595790111721,0.7890570205645948,2682.5,2682.5,2565.065,2597.1903374071567,2481.454,2527.6492608360636,2517.948,2585.762721485789,3558.16414179984,2839.2465,2120.3288582001605,43.05135110686418,0.0507862554215918
1172,2024-08-09 00:00:00,2682.5,2707.98,2617.2,2634.92,188588.6366,2024-08-09 11:59:59.999,503272085.350668,773843,95201.2461,254199451.120164,0,-0.017737185461323413,-0.517972221152987,0.07651891830056012,-0.03417988009711559,0.07052691024771174,-0.41348201696676956,-0.09584039640109521,1.337386456935488,2634.92,2634.92,2658.71,2622.3434458023858,2516.172,2563.4061738907094,2490.018,2594.7004084883724,3490.708317879829,2804.2599999999998,2117.8116821201706,41.419284552447586,0.05070177045411514
1173,2024-08-09 12:00:00,2634.93,2663.96,2552.61,2598.78,218151.3245,2024-08-09 23:59:59.999,566356522.7476369,936217,100239.048,260307622.874141,0,-0.013715786437538902,0.15675752491229367,-0.031209692451071636,-0.44241073960195876,0.05085705274139607,-0.19325116781038232,-0.03352275262930837,-0.49429513481951204,2598.78,2598.78,2616.8500000000004,2606.634481934129,2541.326,2575.197449260473,2481.004,2595.4421523995775,3425.913990506585,2770.2385,2114.563009493415,40.17351056752939,0.05068726940807849
1174,2024-08-10 00:00:00,2598.79,2644.7,2576.49,2636.58,89721.8136,2024-08-10 11:59:59.999,234541064.829618,422719,44182.6192,115498139.949047,0,0.014545286634497723,-0.5887175390493675,0.0006300001518071419,-0.5242459184309094,0.12539696090148533,-0.7505700364443783,0.15105847016244844,-0.9517711663787901,2636.58,2636.58,2617.6800000000003,2626.5981606447094,2600.082,2595.658299506982,2515.605,2602.9217610541996,3342.3009563366136,2735.924,2129.5470436633864,42.1339299509317,0.0507181909992661
1175,2024-08-10 12:00:00,2636.58,2637.89,2589.51,2609.92,81290.5483,2024-08-10 23:59:59.999,212153974.863116,336144,42834.4853,111780216.539953,0,-0.010111583945869196,-0.09397118673490568,0.004286626801806914,-0.627366239988151,0.06630495622295851,-0.5836862256308544,0.07866208737844005,-0.8996745609599573,2609.92,2609.92,2623.25,2615.47938688157,2632.54,2600.4121996713216,2534.638,2604.194168135254,3268.3645288705434,2704.783,2141.2014711294564,41.1107227015771,0.05056246593716661
1176,2024-08-11 00:00:00,2609.92,2720.0,2606.02,2652.61,120501.3597,2024-08-11 11:59:59.999,321060813.161388,477627,59768.4315,159220540.310585,0,0.016356823197645864,0.4823538802480929,0.006079845860925914,0.34305532696008734,-0.011142590866728752,-0.6920015764924621,0.07877474165382226,-0.624307218246262,2652.61,2652.61,2631.2650000000003,2640.2331289605236,2626.5620000000004,2617.811466447548,2554.0080000000003,2612.9970466561167,3196.1858524022373,2677.9939999999997,2159.802147597762,43.477742193350686,0.05087308558887464
1177,2024-08-11 12:00:00,2652.6,2655.8,2540.0,2555.38,176597.5548,2024-08-11 23:59:59.999,459621639.593132,740023,83361.215,216903396.768076,0,-0.03665446484782908,0.46552333716114913,-0.020897192251103425,1.1724242054349636,-0.0301868747438252,-0.06358326787967239,0.0382110484981697,-0.4507747469982166,2555.38,2555.38,2603.995,2583.6643763201746,2610.654,2597.000977631699,2563.4129999999996,2602.521219991368,3106.157916514563,2645.593,2185.0280834854366,39.57601839020558,0.051174210717956456
1178,2024-08-12 00:00:00,2555.38,2683.2,2510.05,2673.6,191023.281,2024-08-12 11:59:59.999,492863062.78045905,782066,101865.44,262874629.763034,0,0.04626317807918978,0.08168700985887023,0.007912961196708146,0.5852375564522363,0.02879043243368029,-0.12435424612789825,0.08111168171580374,-0.2935738106518846,2673.6,2673.6,2614.49,2643.6214587733916,2625.618,2622.5339850877995,2583.472,2615.4446345383917,3019.4948191026165,2621.5865000000003,2223.678180897384,45.92967674807438,0.05266350177867176
1179,2024-08-12 12:00:00,2673.6,2750.0,2592.58,2722.3,292390.9696,2024-08-12 23:59:59.999,782925715.880059,1133555,150233.7784,402456482.833704,0,0.0182151406343507,0.530656201010389,0.06532100900844506,0.6556909291928654,0.032511814547633744,2.2588615618443098,0.16198565818678512,-0.1871422793963573,2722.3,2722.3,2697.95,2696.073819591131,2642.762,2655.7893233918667,2621.422,2634.8728828041385,2972.30459830686,2608.221,2244.13740169314,48.339556321252005,0.051827831879842086
1180,2024-08-13 00:00:00,2722.3,2738.4,2611.37,2644.65,148751.4526,2024-08-13 11:59:59.999,397272645.513218,711296,71448.4347,190834814.827374,0,-0.028523674833780266,-0.49125839008127836,-0.010828096947935295,-0.22129150006590037,0.013306921284943707,0.8298738993743509,0.08049419234116262,-0.23819829033187767,2644.65,2644.65,2683.4750000000004,2661.7912731970437,2649.708,2652.076215594578,2641.1240000000003,2636.6505404761133,2908.896011302239,2590.593,2272.2899886977607,44.903106959123726,0.05210677151932415
1181,2024-08-13 12:00:00,2644.66,2734.0,2630.91,2702.44,176917.2438,2024-08-13 23:59:59.999,475613950.4753,836653,93968.6199,252719993.083949,0,0.021851662790917548,0.1893480077518248,-0.007295301766888307,-0.39492917978271247,0.018785271864314668,0.4681763279721731,0.007433364398881759,-0.5478040055534847,2702.44,2702.44,2673.545,2688.8904243990146,2659.674,2668.8641437297188,2643.118,2648.612260389547,2870.0399222731553,2580.5330000000004,2291.0260777268454,47.8731625846965,0.05204730530832749
1182,2024-08-14 00:00:00,2702.44,2764.05,2685.8,2750.24,133059.1817,2024-08-14 11:59:59.999,362983743.17682093,579006,71147.1058,194169779.179565,0,0.01768771924631074,-0.2479015677498363,0.03992588811373898,-0.10549322796999705,0.07625480359085524,-0.2465400676091356,0.043766034642417795,-0.29444751232694377,2750.24,2750.24,2726.34,2729.790141466338,2698.646,2695.989429153146,2654.6500000000005,2667.090031227811,2831.2472171521486,2572.334,2313.420782847851,50.2614704097918,0.05222541368761453
1183,2024-08-14 12:00:00,2750.24,2780.0,2632.2,2661.45,205749.5324,2024-08-14 23:59:59.999,551821940.721423,924309,96680.6141,259461667.212832,0,-0.03228445517482115,0.5463008998799519,-0.015167774307662807,0.16297048258672908,-0.004544434470377001,0.07709139599586301,0.024115161729734602,-0.05684949256404814,2661.45,2661.45,2705.845,2684.230047155446,2696.216,2684.476286102097,2660.917,2666.0645710045724,2827.667300102911,2570.9605,2314.253699897089,46.041590556864776,0.04969676449066978
1184,2024-08-15 00:00:00,2661.45,2673.57,2589.0,2637.73,115095.3709,2024-08-15 11:59:59.999,303045381.206131,562230,57430.2752,151271705.892498,0,-0.008912434950872572,-0.4406044594247642,-0.040909157019023756,-0.1350061722196808,-0.0310656430224443,-0.6063648235872193,0.00043617110044080754,0.28280254580141473,2637.73,2637.73,2649.59,2653.2300157184823,2679.3019999999997,2668.8941907347316,2661.032,2660.912830821923,2811.6143738783003,2588.3185000000003,2365.0226261217003,44.955702645781216,0.035461180973242364
1185,2024-08-15 12:00:00,2637.73,2675.6,2515.71,2569.89,241451.435,2024-08-15 23:59:59.999,624445995.855267,1199299,114659.4069,296517868.236193,0,-0.025719084212561638,1.0978379331153447,-0.034402299498393685,0.17352118463429367,-0.028268390902387974,0.6231870733341667,-0.015337634870034367,1.970227659296032,2569.89,2569.89,2603.81,2597.670005239494,2664.35,2635.8927938231545,2657.029,2644.363225217937,2805.6172147422853,2595.8334999999997,2386.049785257714,41.91117217373191,0.034261147730286864
1186,2024-08-16 00:00:00,2569.9,2628.83,2552.17,2612.52,95199.5249,2024-08-16 11:59:59.999,247387093.784993,508638,49233.5256,127923096.716677,0,0.01658825864142055,-0.605719780046037,-0.009557460392079609,-0.17286399830351462,-0.03327363419724405,-0.4618979876963242,-0.015113416597238194,-0.2099713635015522,2612.52,2612.52,2591.205,2607.570001746498,2646.3659999999995,2628.10186254877,2653.0199999999995,2638.5735479055843,2803.712215616603,2603.514,2403.3157843833974,44.45671985148821,0.03426780888448732
1187,2024-08-16 12:00:00,2612.52,2630.97,2550.04,2592.73,175484.6124,2024-08-16 23:59:59.999,455244198.749938,1093673,78453.8728,203583155.098943,0,-0.007575061626322488,0.8433349597525146,0.008887539933615907,-0.27320948661994904,-0.05727136540810973,0.31884632204979235,0.014616221462169898,-0.006302139354423253,2592.73,2592.73,2602.625,2597.676667248833,2614.864,2616.3112416991803,2656.755,2630.2383573772963,2799.521765231938,2610.084,2420.6462347680617,43.50363983756872,0.03435528900740621
1188,2024-08-17 00:00:00,2592.72,2607.92,2587.5,2599.23,42794.2991,2024-08-17 11:59:59.999,111224933.077394,260099,22553.6902,58621348.038603,0,0.0025070099856137062,-0.7561364582641892,-0.005087042395847674,-0.5504778081093133,-0.02337823366961611,-0.7920077941329018,-0.02781642728904843,-0.7759733846263482,2599.23,2599.23,2595.98,2598.7122224162777,2602.42,2610.61749446612,2649.318,2624.600474217788,2795.2610324937914,2616.395,2437.5289675062086,43.928830585782414,0.03435347625338119
1189,2024-08-17 12:00:00,2599.23,2629.69,2596.7,2614.51,46554.3769,2024-08-17 23:59:59.999,121562248.44853,283179,24780.514,64708022.569365,0,0.005878664065896544,0.08786398840681109,0.008400411921025475,-0.73470963486027,-0.008803023812141375,-0.5955147758249242,-0.03959519523931965,-0.8407803874254809,2614.51,2614.51,2606.87,2609.2440741387595,2597.776,2611.914996310747,2638.5389999999998,2622.7658425418263,2757.591863832021,2629.9805,2502.3691361679794,44.97716769708648,0.03175398055243566
1190,2024-08-18 00:00:00,2614.51,2669.49,2594.53,2649.4,89759.7869,2024-08-18 11:59:59.999,235971475.209038,415783,49531.1492,130229229.477007,0,0.013344756761305199,0.9280633288854092,0.019301870169242452,1.0974706628621944,0.0309390674309018,-0.6282491056638366,0.001796078876221907,-0.396578753813124,2649.4,2649.4,2631.955,2636.0146913795866,2613.678,2624.4099975404984,2639.014,2627.6084166251303,2736.5191491759715,2640.069,2543.6188508240284,47.39566272327876,0.03048676627940323
1191,2024-08-18 12:00:00,2649.4,2689.16,2610.05,2612.15,84314.2716,2024-08-18 23:59:59.999,224004348.945285,420601,42683.838,113439923.437617,0,-0.014059787121612488,-0.06066764960200699,-0.0009026547995609757,0.8110922584381102,-0.00014162571004239233,-0.1143414666347774,-0.03341054750521755,-0.5234253609822516,2612.15,2612.15,2630.775,2620.104897126529,2613.6040000000003,2620.3233316936658,2629.9849999999997,2624.797795420561,2731.6775017611776,2636.5515,2541.4254982388225,45.11563902623073,0.021778408622277166
1192,2024-08-19 00:00:00,2612.15,2648.08,2565.84,2587.9,112089.8358,2024-08-19 11:59:59.999,292632601.076497,551466,55502.8021,145032501.393101,0,-0.00928354037861534,0.32942897652928327,-0.02321280289876948,0.24877564521044992,-0.001862901266232897,-0.361255472676418,-0.05902757577520501,-0.15759412940986084,2587.9,2587.9,2600.025,2598.634965708843,2612.638,2609.515554462444,2613.7509999999997,2618.0891053440955,2731.666949299581,2634.2005,2536.7340507004187,43.64369130668373,0.02151906163369964
1193,2024-08-19 12:00:00,2587.91,2641.15,2563.58,2636.36,112777.2978,2024-08-19 23:59:59.999,292945671.366985,604567,57183.7254,148573786.571901,0,0.018725607635534658,0.006133134151669495,0.009268227322320799,0.3375825427874539,0.014284999788398922,1.6353346163344455,-0.009427191944240798,-0.4518709399506756,2636.36,2636.36,2612.13,2623.7849885696146,2620.064,2618.463702974963,2611.242,2621.4110861906233,2732.1815109002287,2636.0795000000003,2539.977489099772,47.34106775789589,0.021706606308600593
1194,2024-08-20 00:00:00,2636.36,2695.0,2619.06,2642.45,118325.1984,2024-08-20 11:59:59.999,315156056.889082,566315,62002.8337,165185687.350578,0,0.002310003186211107,0.04919341665588295,0.021078867035047688,0.0556282606312819,0.010686514872767505,1.541655721311995,0.0017894174157324638,0.028062184210746466,2642.45,2642.45,2639.4049999999997,2636.228329523205,2625.652,2626.459135316642,2611.7140000000004,2625.2363432468733,2732.5151784861755,2636.373,2540.2308215138246,47.804517467744525,0.021474213831427887
1195,2024-08-20 12:00:00,2642.46,2655.78,2555.0,2572.82,162990.6767,2024-08-20 23:59:59.999,423205000.713052,737034,77597.0796,201577060.625551,0,-0.02635054589490804,0.3774806964532418,-0.024101412553672485,0.4452436782893021,-0.028904657658337718,0.8158540960172445,0.0011401266202055726,-0.324954615821604,2572.82,2572.82,2607.635,2593.9561098410686,2610.3360000000002,2608.579423544428,2612.007,2615.706099020169,2734.003671853126,2634.518,2535.032328146874,43.13061153326403,0.022185038446028208
1196,2024-08-21 00:00:00,2572.81,2607.87,2557.0,2577.6,76638.6042,2024-08-21 11:59:59.999,198198613.297561,419510,37266.7123,96421750.755056,0,0.001857883567447205,-0.5297976193996623,-0.024541618573672097,-0.3523052972966745,-0.01322665237448084,-0.09103639578853917,-0.013366404850489233,-0.19496862741171095,2577.6,2577.6,2575.21,2583.0520366136893,2603.426,2598.252949029619,2608.5150000000003,2608.7777173801383,2732.8635408393407,2630.7675,2528.671459160659,43.53872217224441,0.021840051553696074
1197,2024-08-21 12:00:00,2577.61,2663.74,2536.22,2630.71,168648.0176,2024-08-21 23:59:59.999,440139556.56458306,1000911,84623.2714,220916956.151672,0,0.02060443823711977,1.2005622278804498,0.022500602451784424,0.034709598208570336,0.016542370261602102,0.5045790405199255,0.014648652192862377,-0.0389583719421317,2630.71,2630.71,2604.1549999999997,2614.824012204563,2611.988,2609.071966019746,2612.3129999999996,2612.765405129204,2730.60793557083,2634.5340000000006,2538.4600644291713,48.003563480353186,0.0206703665597536
1198,2024-08-22 00:00:00,2630.71,2644.49,2584.2,2641.91,91053.2008,2024-08-22 11:59:59.999,238996546.996488,470565,46630.7836,122392626.976857,0,0.004257405795393465,-0.46009919300705726,0.024949565487274894,0.18808532267084277,0.002105175317482999,-0.19262828090211603,0.01642024753484672,1.1276946395881038,2641.91,2641.91,2636.31,2632.881337401521,2613.0979999999995,2620.0179773464974,2616.5809999999997,2618.0644223784393,2727.4260004594685,2632.9494999999997,2538.472999540531,48.92089228629815,0.017839612718291948
1199,2024-08-22 12:00:00,2641.9,2644.69,2590.5,2622.88,108009.9188,2024-08-22 23:59:59.999,282288810.089935,593630,52015.0224,135911112.55438,0,-0.007203121983716199,0.18622868664711456,-0.002976382801601063,-0.35955417480104435,-0.007406005790081105,-0.08717736998951864,0.0032013646916631,1.3200808601092024,2622.88,2622.88,2632.395,2626.2137791338405,2609.184,2620.971984897665,2617.418,2618.939981945996,2713.1286166826485,2627.9785,2542.828383317352,47.39102758238533,0.017338732984069363
1200,2024-08-23 00:00:00,2622.89,2689.0,2621.4,2653.27,134438.646,2024-08-23 11:59:59.999,357909027.350074,487509,72244.1983,192345398.3128,0,0.01158650033550912,0.2446879647131075,0.004299919376511641,0.4764845696670994,0.03126919100442316,-0.17517585225167664,0.001460708084849438,0.4977603071827257,2653.27,2653.27,2638.075,2644.25125971128,2625.2740000000003,2631.737989931777,2617.805,2625.1818034103603,2713.9790245929803,2628.4095,2542.83997540702,50.076028139638396,0.016367133774533603
1201,2024-08-23 12:00:00,2653.27,2799.13,2632.83,2762.48,267347.7987,2024-08-23 23:59:59.999,725080005.673473,1260177,138051.309,374775618.82569104,0,0.04116053021366084,0.9886231128808005,0.05322393704630013,1.475215254953048,0.07172563625077588,2.488422075150476,0.05755029381926757,2.1708487024395997,2762.48,2762.48,2707.875,2723.07041990376,2662.25,2675.3186599545184,2632.838,2650.145111881204,2730.330519056338,2631.4114999999997,2532.4924809436616,58.31037156541876,0.018175473170753038
1202,2024-08-24 00:00:00,2762.49,2786.29,2739.4,2756.31,104575.0482,2024-08-24 11:59:59.999,288435560.010859,456390,51165.8253,141161513.880508,0,-0.002233500333034155,-0.6088426809253544,0.03883509782268679,-0.22213551451566982,0.04774376499120003,-0.37992127219644234,0.06507593029096936,-0.06704254267450716,2756.31,2756.31,2759.395,2745.23013996792,2687.37,2702.3157733030125,2649.679,2669.4478188118937,2732.116635743987,2631.715,2531.3133642560133,57.7310274853259,0.01776890042968203
1203,2024-08-24 12:00:00,2756.3,2820.0,2731.26,2768.0,158967.8959,2024-08-24 23:59:59.999,441934921.12726307,677482,78920.6238,219488960.191146,0,0.004241177516317141,0.5201321791023568,0.0019982045118878133,-0.4053891721832231,0.047726833995102025,0.7458792717147402,0.049932482665493216,0.4095735489416914,2768.0,2768.0,2762.1549999999997,2760.4100466559735,2712.5879999999997,2724.210515535342,2662.843,2687.366397209731,2753.252850808642,2637.0425000000005,2520.832149191359,58.57089417175683,0.016040977912366756
1204,2024-08-25 00:00:00,2768.01,2782.73,2733.21,2750.99,81683.6823,2024-08-25 11:59:59.999,225161484.745049,577727,38585.265,106379165.960574,0,-0.006145231213872893,-0.48616239878155176,-0.001930116714012664,-0.21889892755507234,0.04884325626791908,-0.24373906389789823,0.0410755170391115,-0.3096679033330908,2750.99,2750.99,2759.495,2754.130015551991,2738.21,2733.1370103568947,2673.6969999999997,2698.9343249897797,2769.0909397431396,2642.7055,2516.3200602568604,56.802296517805125,0.015952808320159374
1205,2024-08-25 12:00:00,2751.0,2792.28,2739.77,2746.13,72843.5529,2024-08-25 23:59:59.999,201571914.581587,470258,37408.484,103531128.054613,0,-0.0017666367380468895,-0.10822393348444825,-0.00790101156069356,-0.5417719251576255,0.0349983228242885,-0.45816508074620155,0.06736188306993873,-0.5530814745062042,2746.13,2746.13,2748.56,2748.7966718506636,2756.782,2737.4680069045967,2691.028,2707.5153568098194,2780.906757803983,2651.5175,2522.128242196017,56.27940293647544,0.014585038114315512
1206,2024-08-26 00:00:00,2746.12,2762.0,2710.01,2737.35,77699.3523,2024-08-26 11:59:59.999,212886004.216801,584152,35684.0617,97788965.309574,0,-0.003197226642584372,0.06666066119353165,-0.004958215042584646,-0.048777551253954665,-0.00909689843908379,-0.7093697697238605,0.061976256983240274,0.01384091100135132,2737.35,2737.35,2741.74,2741.1655572835543,2751.756,2737.4286712697312,2707.0029999999997,2712.939837389852,2791.0070294640973,2657.7590000000005,2524.5109705359037,55.28918556973433,0.014313489111891836
1207,2024-08-26 12:00:00,2737.34,2742.47,2666.66,2680.49,134008.7724,2024-08-26 23:59:59.999,362809652.260378,869681,67034.163,181544341.680827,0,-0.020771914442800576,0.7247090024970515,-0.023902728567110954,0.8396792449699415,-0.02750779121361535,0.2814602977156455,0.0189226482584548,-0.20539372886171425,2680.49,2680.49,2708.92,2700.715185761185,2736.5919999999996,2718.4491141798208,2711.981,2707.0398669553333,2792.2838690420367,2662.147,2532.010130957963,49.24620932468986,0.015082652043837899
1208,2024-08-27 00:00:00,2680.49,2699.98,2619.3,2626.67,105990.7225,2024-08-27 11:59:59.999,283098222.94006,544581,45693.0204,122020466.206804,0,-0.020078418498110318,-0.20907623731056568,-0.04043326574972139,0.364113333799309,-0.05105852601156069,-0.3332570586033654,-0.005768553811446919,0.16405268094649994,2626.67,2626.67,2653.58,2651.3517285870616,2708.326,2687.8560761198805,2710.457,2692.4271638725454,2791.534971175725,2663.519,2535.5030288242747,44.30958684632048,0.015850764029281192
1209,2024-08-27 12:00:00,2626.66,2628.91,2392.96,2457.33,306669.9972,2024-08-27 23:59:59.999,775671398.952043,1353835,141585.0574,358123278.590001,0,-0.064469461333171,1.893366418933506,-0.08325343500628613,1.2884322549021427,-0.10674702561623262,2.754360584206914,-0.06311764167632528,1.8392762498771549,2457.33,2457.33,2542.0,2522.0039095290203,2649.594,2611.014050746587,2693.902,2649.6822249866277,2811.1059316935157,2655.6600000000003,2500.214068306485,33.07499223603335,0.021445874456700573
1210,2024-08-28 00:00:00,2457.33,2550.31,2418.8,2523.2,239857.6613,2024-08-28 11:59:59.999,593330925.305188,931593,120153.481,297226598.952704,0,0.026805516556587694,-0.21786394662020747,-0.039392081989743755,1.2630061918862756,-0.0811796965183732,2.2927781766668884,-0.04902252691961251,0.7841421974749729,2523.2,2523.2,2490.265,2522.8013031763403,2605.008,2581.742700497725,2680.895,2626.685456807241,2815.1977195503932,2649.35,2483.5022804496066,39.50072509393814,0.022180288922790677
1211,2024-08-28 12:00:00,2523.19,2554.6,2456.19,2528.33,211408.9727,2024-08-28 23:59:59.999,530973967.11860704,1341128,102093.4374,256484018.996802,0,0.002033132530120607,-0.11860654542286242,0.028893148254406142,-0.3106304019622562,-0.07635852192814219,1.7208588803126998,-0.08476079464828712,-0.20923615706584076,2528.33,2528.33,2525.765,2526.4871010587804,2563.2039999999997,2563.9384669984834,2657.48,2608.8026464786512,2818.6167995826836,2645.159,2471.7012004173166,39.98402364909329,0.022018737815705434
1212,2024-08-29 00:00:00,2528.33,2574.22,2512.2,2555.21,90143.4761,2024-08-29 11:59:59.999,228994018.065658,579858,49233.5902,125033839.224827,0,0.010631523574849755,-0.5736061958547136,0.01268627140139511,-0.6241792919540986,-0.046737723326705116,-0.3273315284843248,-0.0729598630052497,-0.13800206022759454,2555.21,2555.21,2541.77,2545.635700352927,2538.1479999999997,2561.028977998989,2637.37,2599.0585289370783,2819.704430125615,2643.5245,2467.344569874385,42.57271455345245,0.022093442528308548
1213,2024-08-29 12:00:00,2555.2,2595.4,2505.88,2527.61,146859.4871,2024-08-29 23:59:59.999,374873486.160291,875810,70329.7689,179573304.301109,0,-0.010801460545317165,0.6291748826846051,-0.0002847729528976384,-0.3053299241541606,-0.03771315011021559,0.3855881310743965,-0.08684609826589595,-0.07616889392319126,2527.61,2527.61,2541.41,2533.618566784309,2518.3360000000002,2549.889318665993,2613.3309999999997,2586.067887312155,2821.384764318246,2638.087,2454.789235681754,40.63462398335178,0.021731720782660755
1214,2024-08-30 00:00:00,2527.6,2535.4,2503.8,2512.44,84425.8008,2024-08-30 11:59:59.999,212714081.834206,538077,44627.6915,112440632.606468,0,-0.006001717037042886,-0.42512531898935113,-0.016738350272580305,-0.06342860900612646,0.022426780285920156,-0.7247014655139534,-0.0867142374199833,0.033569966764340986,2512.44,2512.44,2520.025,2519.4995222614366,2529.3579999999997,2537.4062124439956,2589.476,2572.680998709945,2822.8524691922958,2631.5865000000003,2440.320530807705,39.56839055724756,0.021726921138458293
1215,2024-08-30 12:00:00,2512.43,2552.17,2431.14,2526.0,253953.3933,2024-08-30 23:59:59.999,632301653.315205,1197420,127446.2199,317402341.923294,0,0.005397143812389427,2.008006923163233,-0.0006369653546235421,0.7292270204312867,0.00110970196575777,0.05876707011818083,-0.08016007982142148,2.4862851026586874,2526.0,2526.0,2519.2200000000003,2523.833174087146,2529.918,2533.6041416293306,2567.463,2564.193544399046,2824.4370759941203,2629.2455,2434.0539240058797,41.05722169430664,0.021025097820333065
1216,2024-08-31 00:00:00,2525.99,2533.95,2511.47,2525.5,43896.791,2024-08-31 11:59:59.999,110769461.419425,323380,21662.4669,54668726.266632,0,-0.00019794140934281668,-0.8271462710949332,0.0051981340847939705,-0.4800547867589785,-0.001119315912084251,-0.7923607951007275,-0.07739236853160902,-0.4350430254487463,2525.5,2525.5,2525.75,2524.944391362382,2529.352,2530.9027610862204,2546.278,2557.1583545083104,2825.86846354696,2626.6405000000004,2427.412536453041,41.01709428042532,0.021016934016304903
1217,2024-08-31 12:00:00,2525.49,2528.22,2491.92,2513.01,54049.3237,2024-08-31 23:59:59.999,135744872.657105,379149,25748.4403,64667028.192162,0,-0.0049455553355770565,0.2312818880086247,-0.005142517814726744,-0.7871683343244384,-0.01651527663088348,-0.4004078160904203,-0.06248111352775032,-0.5966732421167974,2513.01,2513.01,2519.255,2516.9881304541277,2520.912,2524.938507390814,2529.5299999999997,2549.131380961345,2826.017075797979,2620.7555,2415.4939242020214,39.96628827141208,0.02041482043487925
1218,2024-09-01 00:00:00,2513.0,2516.28,2458.84,2477.74,71229.001,2024-09-01 11:59:59.999,176714567.092391,460646,34141.5996,84678320.263364,0,-0.014034962057453138,0.31785184575769265,-0.01891110671154239,0.6226471087601826,-0.019730100767128,-0.5149853618139185,-0.05669916662542318,-0.3279694739320227,2477.74,2477.74,2495.375,2490.8227101513758,2510.938,2509.205671593876,2514.6369999999997,2536.1511298774635,2826.7057744736844,2612.547,2398.3882255263156,37.0776228432966,0.020525182584806238
1219,2024-09-01 12:00:00,2477.73,2516.0,2400.0,2425.72,151898.775,2024-09-01 23:59:59.999,373585363.061058,896797,72531.2288,178392890.587152,0,-0.020994938936288676,1.1325411400898346,-0.03473523782237253,1.8103732776216033,-0.03451624715416102,0.7991985099417618,-0.012863555159461693,-0.5046832869635542,2425.72,2425.72,2451.7299999999996,2447.420903383792,2493.594,2481.3771143959175,2511.4759999999997,2516.0727426270155,2831.675400111604,2602.689,2373.7025998883955,33.25935159699952,0.020902067032238875
1220,2024-09-02 00:00:00,2425.71,2539.53,2423.52,2515.81,159169.2046,2024-09-02 11:59:59.999,393605175.33399,776708,83867.626,207401354.654081,0,0.0371394884817704,0.04786364866997772,0.01536480825268205,1.2346123399933684,-0.00403404592240697,-0.3732345824102835,-0.0029288205453391614,-0.33640141516713773,2515.81,2515.81,2470.765,2493.013634461264,2491.5559999999996,2492.854742930612,2510.737,2516.024971240285,2826.562015211688,2595.816,2365.0699847883116,44.012526024689606,0.022597178805532248
1221,2024-09-02 12:00:00,2515.81,2564.83,2492.55,2538.01,103463.6339,2024-09-02 23:59:59.999,261248950.861121,675626,50223.0788,126863328.363405,0,0.008824195785850364,-0.3499770627112878,0.04629141038537021,-0.3188645932134738,0.004953474559493243,1.3569748845650245,0.0038286141445145194,-0.5105996090013638,2538.01,2538.01,2526.91,2523.011211487088,2494.058,2507.906495287075,2511.7050000000004,2520.022249196597,2803.3452935251894,2584.5925,2365.839706474811,46.3082258163777,0.020361797259341875
1222,2024-09-03 00:00:00,2538.0,2553.6,2494.24,2509.59,67817.8078,2024-09-03 11:59:59.999,170944721.396223,441566,32418.6051,81733847.357724,0,-0.01119774941785101,-0.3445251704038592,-0.0024723647652246106,-0.5739263259470985,-0.001360917783852833,0.2547392484764799,-0.017853718481064096,-0.2476681537689227,2509.59,2509.59,2523.8,2514.063737162363,2493.374,2508.467663524717,2507.143,2518.1254766153975,2778.343307270809,2572.2565,2366.169692729191,43.830482813390056,0.02041879174627968
1223,2024-09-03 12:00:00,2509.59,2519.12,2411.12,2425.29,156975.3221,2024-09-03 23:59:59.999,385729981.956118,831343,69069.0456,169718391.32735,0,-0.03359114437019595,1.31466228697531,-0.04441274857073074,0.5172028681277547,-0.021168484183166858,1.2038119290764726,-0.04048092862427355,0.06888104541119566,2425.29,2425.29,2467.44,2454.881245720788,2482.884,2480.7417756831446,2496.911,2501.246299048961,2749.9388573849883,2555.121,2360.303142615012,37.432599839379485,0.021301977349250014
1224,2024-09-04 00:00:00,2425.28,2449.22,2306.65,2398.77,226706.9113,2024-09-04 11:59:59.999,537834828.434174,967079,109331.9855,259322168.565783,0,-0.010934774810435033,0.4442200740035942,-0.04415860758131818,2.3428817393888104,-0.011110103391982484,0.4924867649525153,-0.04524287147155759,1.6852799636103661,2398.77,2398.77,2412.0299999999997,2417.473748573596,2477.494,2453.4178504554297,2485.544,2482.6142446764225,2721.70989761148,2537.5099999999998,2353.3101023885197,35.66868441779066,0.02132624742159218
1225,2024-09-04 12:00:00,2398.77,2490.0,2393.16,2450.71,157472.4741,2024-09-04 23:59:59.999,383805472.24048,1035542,79375.7603,193435763.927552,0,0.021652763708067013,-0.30539182419711264,0.010481220802460722,0.003167071061547455,-0.025876357912560932,-0.010659916937223901,-0.029806017418844033,-0.3799158497009144,2450.71,2450.71,2424.74,2439.631249524532,2464.4739999999997,2452.5152336369533,2478.015,2476.813472917073,2683.547145428276,2522.739,2361.930854571724,41.484514228789195,0.022229851525529108
1226,2024-09-05 00:00:00,2450.71,2466.0,2376.72,2389.54,121768.8533,2024-09-05 11:59:59.999,294176878.722038,638569,59434.6076,143572318.203778,0,-0.02496011359973238,-0.22672928080959132,-0.0038478053335667672,-0.4628798363413634,-0.058498587476014774,0.17692418785224984,-0.053834884181350295,1.7739807518048418,2389.54,2389.54,2420.125,2406.237083174844,2434.78,2431.5234890913025,2464.419,2460.9455687503323,2643.1395016332112,2505.3484999999996,2367.557498366788,37.21720398941439,0.022643260924528848
1227,2024-09-05 12:00:00,2389.53,2415.15,2348.04,2368.81,156780.2436,2024-09-05 23:59:59.999,372867180.104396,1223784,72137.3171,171658762.404156,0,-0.008675309892280492,0.28752336374346044,-0.03341888677158866,-0.004395882543640095,-0.0560968126267638,1.3117857784839808,-0.057381387260695416,1.9006883503336045,2368.81,2368.81,2379.175,2381.2856943916145,2406.6240000000003,2410.618992727535,2449.9990000000003,2444.1936471593626,2614.6987198882507,2489.7645,2364.8302801117497,35.870562768672784,0.022402956266331292
1228,2024-09-06 00:00:00,2368.81,2408.4,2321.21,2372.95,130037.4814,2024-09-06 11:59:59.999,307470265.05685,956942,65409.4101,154698297.064929,0,0.0017477129866894092,-0.17057482234961896,-0.006942758857353404,0.06790429470193593,-0.021580924343068353,-0.17160557684882105,-0.04229257307062084,0.8256255117209912,2372.95,2372.95,2370.88,2375.728564797205,2396.156,2398.062661818357,2439.5199999999995,2431.240256766751,2595.16881802433,2477.0785,2358.98818197567,36.36576739664053,0.022207715673389902
1229,2024-09-06 12:00:00,2372.96,2408.83,2150.55,2225.23,512989.6296,2024-09-06 23:59:59.999,1159794743.006643,2023124,238580.7588,539720579.9598249,0,-0.06225162772076942,2.944936675772928,-0.06061271271229007,2.2720298031224644,-0.07234541035614084,1.262787784714528,-0.08265174875913117,2.3771808205826543,2225.23,2225.23,2299.09,2275.396188265735,2361.448,2340.4517745455714,2419.4710000000005,2393.7838464455235,2626.7625320235347,2465.4735,2304.1844679764654,28.044365082033877,0.021897604137350698
1230,2024-09-07 00:00:00,2225.24,2299.47,2220.98,2283.7,117665.4809,2024-09-07 11:59:59.999,266085153.124875,476809,58970.8172,133418984.728267,0,0.02627593552127183,-0.77062795403535,-0.03761141195558271,-0.0951418034769782,-0.06814759804301618,-0.25278699294913787,-0.09226054431773467,-0.26075222153871347,2283.7,2283.7,2254.465,2280.9320627552447,2328.046,2321.5345163637144,2396.2599999999998,2373.7686016372463,2630.6492850704885,2453.4985,2276.3477149295118,34.43916173341046,0.02185776318051346
1231,2024-09-07 12:00:00,2283.7,2311.27,2257.37,2273.58,101787.7267,2024-09-07 23:59:59.999,232577741.1061,505889,50837.1074,116174781.727263,0,-0.004431405175811087,-0.13493978079683344,0.021728091028792473,-0.801579367638741,-0.04852816860148812,-0.1640906197151485,-0.104187926761518,-0.016198031490173737,2273.58,2273.58,2278.64,2276.0306875850815,2304.854,2305.5496775758097,2369.817,2355.552492248656,2630.728385822125,2440.761,2250.793614177875,33.8779698152956,0.02179998744764042
1232,2024-09-08 00:00:00,2273.58,2309.86,2263.22,2296.6,65126.3691,2024-09-08 11:59:59.999,149248384.539961,336952,31723.5731,72690553.687712,0,0.010125001099587472,-0.3601746378328341,0.00564872794149851,-0.4465125319519261,-0.0304836605721861,-0.5846009190663102,-0.08487043700365404,-0.03968631230217956,2296.6,2296.6,2285.09,2289.7435625283606,2290.412,2302.5664517172067,2348.518,2344.833857294355,2620.068842739147,2427.8305,2235.592157260853,36.416108961691144,0.021781075229674787
1233,2024-09-08 12:00:00,2296.6,2333.58,2240.94,2297.3,127649.2802,2024-09-08 23:59:59.999,291199350.286412,639720,61581.6206,140532316.865712,0,0.0003047983976314228,0.9600245179337041,0.010432885581330043,0.254073397043457,-0.031880149181398476,-0.01836548335363264,-0.05277307043693735,-0.18681944083744617,2297.3,2297.3,2296.95,2294.7811875094535,2275.282,2300.8109678114715,2335.719,2336.19133778629,2610.8441906632397,2416.315,2221.7858093367604,36.49593566122048,0.021769447262994207
1234,2024-09-09 00:00:00,2297.3,2339.0,2283.1,2315.29,112767.7919,2024-09-09 11:59:59.999,260487308.364904,666764,55738.9104,128788334.642216,0,0.0078309319636094,-0.11658105926397533,0.00813811721675517,0.7315227834496303,0.04047222084908064,-0.7801752990836679,-0.03480116893241125,-0.5025833519879992,2315.29,2315.29,2306.295,2308.453729169818,2293.294,2305.6373118743145,2327.371,2332.391094552419,2600.4836111167674,2406.4574999999995,2212.4313888832316,38.62842158005466,0.0219395523559241
1235,2024-09-09 12:00:00,2315.3,2381.41,2272.8,2359.5,208931.1981,2024-09-09 23:59:59.999,486514467.681632,1094928,101049.5994,235434839.500688,0,0.0190948002194109,0.8527559561091309,0.02707526226439727,0.6367597041882891,0.03319175022989018,0.7756371410028378,-0.03721778586613678,0.3267791675599261,2359.5,2359.5,2337.395,2342.4845763899393,2308.454,2323.5915412495433,2318.25,2337.319986451979,2585.0865820498375,2398.1324999999997,2211.178417950162,43.63740575914892,0.022451110811820045
1236,2024-09-10 00:00:00,2359.51,2372.0,2328.0,2351.0,88124.7234,2024-09-10 11:59:59.999,207047690.252213,451500,38787.6145,91134982.441753,0,-0.0036024581479127127,-0.5782117548676422,0.01542355385286509,-0.21852931661420605,0.03405202368071514,-0.13423036099695107,-0.01612862726717279,-0.27629503759152174,2351.0,2351.0,2355.25,2348.161525463313,2323.938,2332.727694166362,2314.3959999999997,2339.807261642528,2567.8651274500435,2389.4075,2210.949872549956,42.91222463594897,0.02244036638372204
1237,2024-09-10 12:00:00,2351.0,2400.0,2320.41,2388.52,136257.4495,2024-09-10 23:59:59.999,321363876.667489,759360,67107.8043,158345069.939629,0,0.015959166312207618,0.5461886771720634,0.012299215935579477,-0.34783579121207375,0.04002438387181062,1.0922009223449858,0.00832063356706536,-0.1309016597292747,2388.52,2388.52,2369.76,2375.067175154438,2342.322,2351.3251294442416,2316.3669999999997,2348.6641231620683,2552.4070796225506,2383.183,2213.9589203774494,47.091862257485886,0.02284443201197028
1238,2024-09-11 00:00:00,2388.52,2389.32,2306.45,2327.59,101251.5912,2024-09-11 11:59:59.999,236894777.890087,596270,47245.086,110510895.71882,0,-0.025509520539915842,-0.2569096840463023,-0.00995746490854954,0.14895783264381857,0.013185043311713773,-0.20679857307961536,-0.019115447017425402,-0.2213661006817993,2327.59,2327.59,2358.0550000000003,2343.4157250514795,2348.38,2343.4134196294945,2311.831,2344.8324644053287,2540.7247350151924,2375.6755,2210.626264984807,41.74659307588472,0.023294684601939678
1239,2024-09-11 12:00:00,2327.59,2368.87,2277.68,2340.55,181646.7213,2024-09-11 23:59:59.999,422397114.436644,933800,87880.5105,204415903.735711,0,0.005567990926236943,0.7940134979330578,-0.0200835663925778,0.3331140570042743,0.010910080378699893,0.6108032110895665,0.05182385641034859,-0.6459056658871687,2340.55,2340.55,2334.07,2341.5052416838266,2353.432,2342.4589464196633,2323.363,2344.0538345134505,2535.4736379153887,2371.4170000000004,2207.360362084612,43.222829669767656,0.02296113944016167
1240,2024-09-12 00:00:00,2340.54,2391.93,2339.54,2348.55,93976.9308,2024-09-12 11:59:59.999,221972363.51184,482221,47489.9549,112179181.39075,0,0.003418000042725078,-0.4826389921743113,0.00900502236218581,-0.07184736865646413,-0.004640813731722759,-0.550201541681582,0.028396899767920702,-0.2013211514440001,2348.55,2348.55,2344.55,2346.201747227942,2351.242,2344.489297613109,2329.8480000000004,2344.8713191473685,2513.285599925255,2363.054,2212.822400074745,44.16346814937371,0.0211377130907091
1241,2024-09-12 12:00:00,2348.56,2373.64,2315.39,2361.76,108634.2,2024-09-12 23:59:59.999,254776838.252579,611375,54628.1403,128161976.607369,0,0.005624747184433065,0.15596667262089392,0.009061972613274571,-0.4019479172399464,0.0045767758400681036,0.23273237984426953,0.03878464800007042,0.06726226748514263,2361.76,2361.76,2355.155,2356.5739157426474,2353.3940000000002,2350.2461984087395,2338.666,2347.9419883933015,2481.2742024474524,2354.2415,2227.208797552548,45.76138830658077,0.021053722705833684
1242,2024-09-13 00:00:00,2361.75,2376.22,2337.35,2354.35,58715.9007,2024-09-13 11:59:59.999,138298371.771525,337879,24943.6495,58753088.174213,0,-0.0031374906849130912,-0.4595081410826425,0.0024696089076237104,-0.3752094242686207,-0.014305930031986325,-0.5690811701271423,0.025145867804580613,-0.09843122668418502,2354.35,2354.35,2358.0550000000003,2355.0913052475494,2346.56,2351.614132272493,2344.4410000000003,2349.107081412701,2451.692065690149,2346.4795,2241.266934309851,44.98372408186574,0.020973141080063994
1243,2024-09-13 12:00:00,2354.39,2464.82,2342.41,2439.19,195172.7153,2024-09-13 23:59:59.999,469351838.93133694,1120999,99180.7181,238657629.791257,0,0.036035423790005794,2.3240180764186085,0.03278487229862459,0.7966047091983925,0.04794658853148537,0.9276014627215066,0.061763809689635574,0.5289762307645196,2439.19,2439.19,2396.77,2411.1571017491833,2368.88,2380.8060881816623,2358.63,2365.4857938831187,2454.6202084257156,2347.1745,2239.7287915742845,54.51458669554931,0.021397978854316508
1244,2024-09-14 00:00:00,2439.19,2440.6,2407.98,2417.07,59620.8041,2024-09-14 11:59:59.999,144454107.154599,365929,26612.4137,64480326.678706,0,-0.00906858424312984,-0.6945228537280077,0.026640049270499455,0.015411556140873417,0.032693170408664596,-0.6717760514843931,0.04395993590435765,-0.47129580977456376,2417.07,2417.07,2428.13,2415.0990339163945,2384.184,2392.894058787775,2368.808,2374.8647404498242,2457.5695822940124,2348.0895,2238.6094177059877,51.98589606047179,0.021349474250170596
1245,2024-09-14 12:00:00,2417.08,2424.11,2376.72,2417.79,63310.4261,2024-09-14 23:59:59.999,152536352.975479,388905,31358.5508,75554479.62917,0,0.00029788131911767657,0.06188480775622396,-0.008773404285849051,-0.6756184592570456,0.029482020821357757,-0.32631949606083543,0.024704386522568234,-0.6969795479289889,2417.79,2417.79,2417.4300000000003,2416.893011305465,2398.032,2401.192705858517,2374.637,2382.669333095311,2450.5611723284956,2346.4435000000003,2242.325827671505,52.06383926933504,0.020767222982673316
1246,2024-09-15 00:00:00,2417.8,2430.32,2401.75,2406.86,38418.9406,2024-09-15 11:59:59.999,92874788.270194,229232,16300.2834,39410473.245497,0,-0.004520657294471375,-0.39316566059251334,-0.004224122594711832,-0.3556118341584058,0.019095928460131306,-0.646345804544057,0.023760102084219525,-0.5640390219936848,2406.86,2406.86,2412.325,2410.2043371018217,2407.052,2403.081803905678,2380.2230000000004,2387.0676361688907,2453.1209308527386,2347.3095000000003,2241.498069147262,50.71784686201431,0.019986749918494435
1247,2024-09-15 12:00:00,2406.86,2418.72,2283.75,2316.1,135945.254,2024-09-15 23:59:59.999,320403229.00613,829261,64310.6312,151633625.760833,0,-0.03770888211196344,2.5384956450360834,-0.04205907047344892,1.1472806672517404,-0.016246522394716134,1.3153056051135392,-0.03032003081406065,-0.002291217846404847,2316.1,2316.1,2361.48,2347.468112367274,2399.4019999999996,2374.0878692704523,2372.981,2374.1644295927285,2450.8372127250495,2344.674,2238.5107872749504,41.1942317390645,0.021675440063423156
1248,2024-09-16 00:00:00,2316.09,2335.7,2252.39,2307.8,174491.291,2024-09-16 11:59:59.999,399784938.314319,1081171,85155.2208,195108682.99733,0,-0.0035836103795171548,0.2835408803605606,-0.04115735855014413,3.5418038153816243,-0.05386624248213545,-0.1059647311265337,-0.008502356514678233,0.7233436920051091,2307.8,2307.8,2311.95,2321.022704122425,2373.1240000000003,2351.9919128469683,2371.002,2362.0981696667777,2447.9069430036075,2341.4165000000003,2234.926056996393,40.44625577803138,0.02167398047631317
1249,2024-09-16 12:00:00,2307.8,2312.6,2267.6,2295.68,156063.941,2024-09-16 23:59:59.999,356933297.367915,1021148,68678.7903,157144584.83511,0,-0.005251754918103924,-0.10560613022228149,-0.008816545054185942,0.14799109500358143,-0.05022196295514836,1.6176087920290225,-0.01917070773963403,-0.1408381066110661,2295.68,2295.68,2301.74,2304.127568040808,2348.846,2333.221275231312,2366.5150000000003,2350.0221388182727,2439.855212293286,2344.939,2250.0227877067136,39.323431354653906,0.016299865769692064
1250,2024-09-17 00:00:00,2295.67,2323.69,2263.29,2308.12,92223.3616,2024-09-17 11:59:59.999,211990886.576761,535513,44391.7832,102032315.482886,0,0.005418873710621774,-0.4090668157611116,0.00013866019585750955,-0.4714729825685111,-0.04535960525934846,0.4566852141277882,-0.017214877264695394,-0.018659570865661834,2308.12,2308.12,2301.8999999999996,2306.789189346936,2326.912,2324.8541834875414,2362.4719999999998,2342.403568124041,2438.4866414427815,2346.16,2253.833358557218,41.12990127612844,0.015279063896186345
1251,2024-09-17 12:00:00,2308.12,2393.63,2302.61,2341.8,181982.8972,2024-09-17 23:59:59.999,428316910.01728094,1278011,90099.8538,212103128.772931,0,0.014591962289655758,0.9732841445241789,0.02008990800111521,0.16607908293178375,-0.027031069526270768,3.736801545225326,-0.008451324436013818,0.6751897395111301,2341.8,2341.8,2324.96,2330.129729782312,2313.9,2330.5027889916946,2360.476,2342.2938284651245,2435.756263682973,2349.571,2263.385736317027,45.831971761418636,0.01553649257228422
1252,2024-09-18 00:00:00,2341.79,2343.28,2277.34,2300.59,101607.8292,2024-09-18 11:59:59.999,235458120.865895,955452,49005.7379,113570047.212907,0,-0.01759757451533006,-0.44166275642742103,-0.0032623953693914354,0.10175803003910433,-0.006696602046543654,-0.2525827404022505,-0.022834327946142152,0.7304993705052709,2300.59,2300.59,2321.195,2310.4365765941043,2310.7980000000002,2320.5318593277966,2355.1000000000004,2334.711314198738,2435.4815423405503,2349.7705,2264.05945765945,41.46762955465087,0.0159660812672196
1253,2024-09-18 12:00:00,2300.6,2376.14,2288.0,2374.75,191309.7716,2024-09-18 23:59:59.999,444398630.305158,1600187,95161.5022,221171346.813642,0,0.032235209228936856,0.8828251041899045,0.014070373217183185,0.051251378802644965,0.0290103128520669,0.09638578810216969,-0.026418606176640602,-0.01979243714502954,2374.75,2374.75,2337.67,2353.3121921980346,2324.188,2338.6045728851977,2348.656,2341.991075253513,2436.4715105751825,2353.643,2270.8144894248176,50.58661726232099,0.017499085033797032
1254,2024-09-19 00:00:00,2374.74,2442.6,2372.6,2435.35,168628.1346,2024-09-19 11:59:59.999,406485704.10901695,926591,89517.9886,215783060.411789,0,0.025518475629013437,-0.11855974114810985,0.05857627825905509,0.6595978472099864,0.06084036102592694,0.0805067046205119,0.007562875713156725,1.8283438498609579,2435.35,2435.35,2405.05,2408.004064066012,2352.1220000000003,2370.853048590132,2350.484,2358.9654252074197,2447.722298605825,2359.646,2271.5697013941754,56.54439026502695,0.0182504880727187
1255,2024-09-19 12:00:00,2435.34,2494.95,2420.48,2465.21,158117.8974,2024-09-19 23:59:59.999,388334976.88603693,1935505,81590.4861,200349307.592238,0,0.012261071303919513,-0.06232789815846074,0.038092430782187714,-0.17349805983459765,0.06805971959863455,0.7145102353328225,0.019612952324230104,1.497501709280077,2465.21,2465.21,2450.2799999999997,2446.1413546886706,2383.54,2402.3053657267546,2355.2259999999997,2378.2826206242526,2464.301695184984,2364.9315,2265.5613048150162,59.15747680716234,0.01798927549501315
1256,2024-09-20 00:00:00,2465.21,2571.93,2437.31,2544.96,196051.2969,2024-09-20 11:59:59.999,495640433.076847,1681603,99660.6683,251896772.433414,0,0.03235018517692212,0.23990579260004763,0.04500790440799074,0.1626250706327863,0.08675377914424787,0.07730616402121981,0.05737766218226237,4.102985502416482,2544.96,2544.96,2505.085,2512.0204515628902,2424.172,2449.8569104845033,2369.036,2408.5875986925703,2500.8890172614747,2374.6295,2248.3699827385253,65.17980850846689,0.019123975494254188
1257,2024-09-20 12:00:00,2544.95,2570.0,2516.2,2561.4,144703.2943,2024-09-20 23:59:59.999,368376175.038716,1559646,73441.0449,187024335.32988,0,0.006459826480573305,-0.2619110580339139,0.03901898824035288,-0.08483924540220944,0.11336657118391358,0.42413528011874924,0.10591079832477024,0.06442328836282885,2561.4,2561.4,2553.1800000000003,2544.9401505209635,2476.334,2487.037940323002,2393.566,2436.3716716575573,2533.542077856782,2383.2735000000002,2233.0049221432187,66.28350665327955,0.018932115884012075
1258,2024-09-21 00:00:00,2561.4,2587.4,2528.97,2556.5,81517.5613,2024-09-21 11:59:59.999,208256489.176921,700836,39722.9668,101484736.765878,0,-0.001913016319200489,-0.43665718396847863,0.0045344524078962944,-0.5842028969510988,0.07653437203916202,-0.5738975556855456,0.10776497096802151,-0.532827335778036,2556.5,2556.5,2558.95,2552.646716840321,2512.684,2510.191960215335,2418.436,2458.2131859016376,2560.3632007318647,2394.719,2229.0747992681354,65.61592047999575,0.01771404054545532
1259,2024-09-21 12:00:00,2556.49,2623.34,2550.44,2612.4,73240.316,2024-09-21 23:59:59.999,188696981.34071,724942,39241.1036,101153829.278774,0,0.02186583219245075,-0.10153941271057132,0.0199109861794331,-0.4938586826630387,0.07270002258402286,-0.5656696542736943,0.13796347923055485,-0.5307031494225818,2612.4,2612.4,2584.45,2592.4822389467736,2548.094,2544.2613068102232,2450.108,2486.24715210134,2596.9623002927547,2408.3115000000003,2219.660699707246,69.40204326725194,0.01811905452963623
1260,2024-09-22 00:00:00,2612.4,2632.57,2569.61,2580.59,96267.6671,2024-09-22 11:59:59.999,249936068.483211,895851,45636.3117,118541965.952931,0,-0.012176542642780563,0.3144081341757181,0.009423039311558856,0.180943904169518,0.04680331493057399,-0.39116527171831705,0.11804845501966987,0.043853373265023254,2580.59,2580.59,2596.495,2584.554079648925,2571.17,2556.3708712068155,2477.3550000000005,2503.4003971738234,2620.593314059848,2419.9134999999997,2219.233685940151,65.01485345669514,0.018551221246537377
1261,2024-09-22 12:00:00,2580.59,2594.0,2524.58,2581.0,117998.6586,2024-09-22 23:59:59.999,303123781.070188,1171960,52200.7395,134095017.620447,0,0.00015887839602557463,0.2257351004198167,-0.01201959883631909,0.6111161863364978,0.014161322771281348,-0.39812354997994404,0.10214365018361926,-0.35159479041418407,2581.0,2581.0,2580.795,2582.1846932163085,2578.3779999999997,2564.580580804544,2501.275,2517.509415869492,2641.3633433047717,2430.8755,2220.3876566952285,65.04552402578992,0.018579989731632635
1262,2024-09-23 00:00:00,2580.99,2687.24,2539.49,2646.0,179367.1803,2024-09-23 11:59:59.999,473376999.060123,1873849,87091.1848,229765949.870436,0,0.02518403719488571,0.5200781299390129,0.025346916790346397,0.8632131192467631,0.03302881236823607,0.23955146403325522,0.1501397467606136,0.7652889714526054,2646.0,2646.0,2613.5,2624.728231072103,2595.298,2591.7203872030295,2535.816,2540.871340256857,2672.4800575717095,2445.458,2218.4359424282907,69.59623895586209,0.01903205846385927
1263,2024-09-23 12:00:00,2646.0,2702.82,2631.45,2646.97,153914.8346,2024-09-23 23:59:59.999,410141258.139284,1618555,74690.933,199066964.330676,0,0.00036659108087677694,-0.14190079621829232,0.025559860519178468,0.304377832986654,0.035388226090357744,0.8881187335028875,0.11463101379092522,-0.19546799249850766,2646.97,2646.97,2646.4849999999997,2639.5560770240345,2613.392,2610.1369248020196,2563.0379999999996,2560.162005664701,2699.2003418798504,2455.847,2212.49365812015,69.65971933181939,0.01769648782699474
1264,2024-09-24 00:00:00,2646.98,2667.75,2609.4,2636.85,122782.9999,2024-09-24 11:59:59.999,323627901.498048,1005867,60034.1806,158243789.41198,0,-0.0038232394020332183,-0.2022666286905136,-0.0034580498866213505,-0.3154656292492324,0.00935920992191086,0.6764400620554394,0.08273964727862526,-0.2718712082580317,2636.85,2636.85,2641.91,2637.752025674678,2618.282,2619.0412832013467,2583.188,2574.105277362028,2721.766387706311,2466.8360000000002,2211.9056122936895,68.0630425852572,0.017526856707728834
1265,2024-09-24 12:00:00,2636.86,2670.96,2591.56,2653.2,165817.0403,2024-09-24 23:59:59.999,436531718.483486,1724604,80621.709,212314659.553937,0,0.006200580237783582,0.3504885890966083,0.002353634533069915,0.07732981509502923,0.02813697642787094,0.7224582800760524,0.07625719512739271,0.048692418926638226,2653.2,2653.2,2645.0249999999996,2648.0506752248925,2632.804,2630.4275221342314,2601.987,2588.4861360234772,2744.8780342861282,2478.6065000000003,2212.3349657138724,69.28784897320314,0.017501934728528803
1266,2024-09-25 00:00:00,2653.2,2673.5,2610.53,2627.4,110133.2232,2024-09-25 11:59:59.999,290128705.921975,1057399,51638.3743,136090871.337266,0,-0.009724106739032012,-0.3358148052772837,-0.0035838216053244443,-0.10302547348006275,0.01797752808988773,-0.06665698994649416,0.03239343643907966,-0.43824282245796253,2627.4,2627.4,2640.3,2634.2835584082977,2642.084,2629.4183480894876,2610.231,2595.5613840192086,2761.3181335939657,2489.6335,2217.948866406034,65.04851233450802,0.017685523005420957
1267,2024-09-25 12:00:00,2627.39,2629.56,2554.05,2579.95,110210.2061,2024-09-25 23:59:59.999,285972218.789571,1389190,52249.5041,135640731.262206,0,-0.018059678769886678,0.0006989979750271491,-0.027608171264887682,-0.3353505411711296,-0.02496220710506436,-0.38556091523728997,0.007242133208401613,-0.2383711329231294,2579.95,2579.95,2603.675,2598.061186136099,2628.874,2612.9288987263253,2612.0860000000002,2592.7229505611704,2764.980555207583,2502.826,2240.671444792417,58.01774300237171,0.015642696623436148
1268,2024-09-26 00:00:00,2580.09,2639.5,2559.2,2628.8,118779.1154,2024-09-26 11:59:59.999,309865475.057521,1107187,60787.2024,158574887.632274,0,0.018934475474331025,0.07775059682063334,0.0005328461597016165,0.07850394230539504,-0.006864452562741374,-0.22828026480561225,0.02828085272833958,0.4570984890344112,2628.8,2628.8,2604.375,2618.5537287120333,2625.2400000000002,2618.2192658175504,2619.316,2599.282414095503,2770.3943142756884,2518.8759999999997,2267.357685724311,62.51027122572085,0.015762580221599008
1269,2024-09-26 12:00:00,2628.79,2666.22,2607.92,2632.26,159907.2419,2024-09-26 23:59:59.999,422015693.859174,1790276,78418.2449,207005609.42215,0,0.0013161898965308172,0.34625722174724993,0.020275586736177242,0.45092952421218646,-0.0017407133511575523,0.3023565316879018,0.007602204869086027,1.1833226648011728,2632.26,2632.26,2630.53,2627.6912429040112,2624.322,2622.899510545034,2621.302,2605.2783388054113,2769.663322912612,2535.705,2301.746677087388,62.813802203141854,0.015568795678760763
1270,2024-09-27 00:00:00,2632.25,2677.61,2615.21,2652.0,125078.4887,2024-09-27 11:59:59.999,331542328.563183,1069669,70513.2582,186972256.081837,0,0.007499259191721119,-0.2178059779292585,0.008825319537431486,0.05303435102026377,-0.00045228403437347353,-0.24568374593042352,0.027671966488283628,0.29927827761809334,2652.0,2652.0,2642.13,2643.897080968004,2624.082,2632.5996736966895,2628.443,2613.7731862953365,2767.141575778206,2552.8990000000003,2338.6564242217946,64.57595902845947,0.015564776943123512
1271,2024-09-27 12:00:00,2652.0,2728.6,2642.2,2694.43,156748.4905,2024-09-27 23:59:59.999,421691530.79548895,1529593,81229.2511,218604106.531639,0,0.015999245852186927,0.25320102704438896,0.023618487535425725,-0.019753648192965212,0.025511912917713264,0.4232625355506714,0.043948082138705935,0.3283921390272484,2694.43,2694.43,2673.215,2677.5856936560012,2637.488,2653.2097824644597,2639.786,2628.438061514366,2769.9046441087035,2570.5305,2371.1563558912962,68.0775801509597,0.015603644779777832
1272,2024-09-28 00:00:00,2694.43,2704.35,2650.0,2675.22,74927.9997,2024-09-28 11:59:59.999,200937746.884117,658649,35691.2698,95734769.972787,0,-0.007129522756204487,-0.521985829267045,0.008755656108597298,-0.40095215029568865,0.03692707223008207,-0.32013556319808023,0.01104308390022668,-0.5822647176887131,2675.22,2675.22,2684.825,2676.0085645520003,2656.5420000000004,2660.5465216429734,2642.7079999999996,2636.943868511754,2750.3985152411956,2589.2619999999997,2428.125484758804,64.94738277487741,0.014888932470800132
1273,2024-09-28 12:00:00,2675.23,2684.51,2652.2,2675.21,62302.0345,2024-09-28 23:59:59.999,166362211.178559,534155,30232.9504,80732492.363381,0,-3.7380103318218616e-06,-0.16850797099285164,-0.007133234116306508,-0.6025350272830857,0.017654443091905003,-0.4754798914759387,0.010668802442037606,-0.5952174807456798,2675.21,2675.21,2675.215,2675.4761881840004,2665.8239999999996,2665.4343477619823,2645.532,2643.9013469641623,2735.9533201839927,2604.285,2472.616679816007,64.94570869802408,0.013795106142487207
1274,2024-09-29 00:00:00,2675.21,2683.7,2629.73,2652.49,92914.1984,2024-09-29 11:59:59.999,246550990.550897,651588,46531.8564,123456164.076144,0,-0.008492791220128582,0.49135095098700177,-0.008496497484319021,0.2400464281979222,0.007685411015629029,-0.4189494028162586,0.005931319566907511,-0.24326495951659832,2652.49,2652.49,2663.85,2660.152062728,2669.87,2661.119565174655,2647.096,2645.4629202434053,2722.947316678136,2615.142,2507.336683321864,61.09273273784561,0.013360183752994888
1275,2024-09-29 12:00:00,2652.49,2673.41,2641.0,2657.62,67640.1162,2024-09-29 23:59:59.999,179935297.72538,765457,34954.1497,92997462.0124,0,0.0019340317965383935,-0.27201528544855846,-0.00657518475185126,0.0856806963502934,0.002119155354449509,-0.45921863221233494,0.0016659128599427753,-0.5920798243797866,2657.62,2657.62,2655.055,2658.464020909333,2670.9939999999997,2659.95304344977,2647.538,2647.673298380968,2709.12318631224,2624.7625,2540.40181368776,61.64601915356826,0.013237899413275071
1276,2024-09-30 00:00:00,2657.62,2663.5,2592.42,2628.94,162258.5865,2024-09-30 11:59:59.999,425800057.947274,1360557,77513.1667,203451899.91239,0,-0.01079161053875266,1.3988513860654779,-0.008878450060132104,0.7463271415362069,-0.02430569730889276,0.03515246610939449,0.0005861307756718226,0.4732937235963872,2628.94,2628.94,2643.2799999999997,2638.781340303111,2657.8959999999997,2649.6153622998468,2647.692,2644.267244129883,2704.9615098096815,2628.9615,2552.9614901903183,56.7842571689513,0.011784071079092615
1277,2024-09-30 12:00:00,2628.94,2638.94,2575.0,2602.23,120217.2096,2024-09-30 23:59:59.999,313197839.631811,1323838,57718.4278,150382870.091261,0,-0.010159988436404088,-0.2591010917009313,-0.020841956336872802,0.7773063731076204,-0.027283737412250098,0.6044363933553667,0.00863582627570314,0.09079924495304992,2602.23,2602.23,2615.585,2614.413780101037,2643.298,2633.820241533231,2649.92,2636.6241088335405,2701.6382175906,2631.0029999999997,2560.3677824093993,52.62194208175353,0.012013786324735935
1278,2024-10-01 00:00:00,2602.24,2659.0,2591.34,2628.87,116776.2236,2024-10-01 11:59:59.999,307383732.135547,934216,56416.9255,148556371.031923,0,0.010237373329797794,-0.02862307328084912,-2.6626701256082796e-05,-0.28030789544687673,-0.017322004627674192,0.8743565043610253,2.662811929377007e-05,-0.016862322919774853,2628.87,2628.87,2615.55,2624.0512600336792,2634.0299999999997,2632.1701610221544,2649.927,2635.2142708638057,2696.4901538650315,2634.6215,2572.752846134969,56.079867793755966,0.01217238559721398
1279,2024-10-01 12:00:00,2628.86,2633.42,2414.0,2447.79,386052.4568,2024-10-01 23:59:59.999,967684313.681001,3591226,185145.5461,464170641.01538706,0,-0.06888130641682544,2.3059166061266603,-0.059349096736260876,2.2112911128491204,-0.07717276973711484,3.1549350201357385,-0.07008046317613015,1.4142274747095116,2447.79,2447.79,2538.33,2506.5437533445597,2593.09,2570.710107348103,2631.48,2601.13713070675,2728.563445777088,2626.391,2524.218554222912,36.55154069592744,0.019106556171885145
1280,2024-10-02 00:00:00,2447.78,2499.0,2441.71,2455.22,118423.4579,2024-10-02 11:59:59.999,292835366.337548,1454356,59063.1236,146112053.185085,0,0.0030353911078973006,-0.6932451644483357,-0.06605499701392614,0.014105904859899931,-0.07615836726093272,0.7507873219768357,-0.0742006033182504,-0.05320683731606368,2455.22,2455.22,2451.505,2472.32791778152,2552.6099999999997,2532.2134048987355,2611.8019999999997,2574.6067433055227,2745.5114478186683,2620.1225,2494.7335521813316,37.51304325641522,0.0190276030332405
1281,2024-10-02 12:00:00,2455.22,2478.89,2352.0,2364.1,199061.2771,2024-10-02 23:59:59.999,479980093.029003,2845013,96700.7177,233212959.278513,0,-0.03711276382564488,0.6809277539260237,-0.03419002447105346,-0.4843672832701942,-0.10074022229491741,0.22681505733442342,-0.1225973582538793,0.2699406320598665,2364.1,2364.1,2409.66,2400.17597259384,2499.6420000000003,2476.1756032658236,2578.769,2536.3327899772457,2776.7747305295643,2609.2775,2441.780269470436,31.257162096876314,0.020538311281892704
1282,2024-10-03 00:00:00,2364.09,2403.38,2318.72,2352.34,167776.81,2024-10-03 11:59:59.999,396513653.949958,1745842,74854.5489,177008362.830686,0,-0.004974408865953128,-0.15715998387915497,-0.04190255863018366,0.4167531752169855,-0.09602917497684671,0.3956139105062042,-0.1206928775951136,1.239173749089154,2352.34,2352.34,2358.2200000000003,2368.285324197947,2449.6639999999998,2434.8970688438826,2546.481,2502.879555435928,2794.9108190034094,2594.5945,2394.278180996591,30.54908158047799,0.019341688694575507
1283,2024-10-03 12:00:00,2352.35,2366.09,2310.0,2349.8,146859.1163,2024-10-03 23:59:59.999,343219155.531929,2350169,74444.4947,174020204.692857,0,-0.0010797758827379988,-0.12467571471885774,-0.006048813501966843,-0.262241665282675,-0.10615587685963923,0.2576114535356493,-0.12163904889709587,1.3572122078934674,2349.8,2349.8,2351.07,2355.9617747326492,2393.85,2406.5313792292554,2513.94,2475.046908993032,2804.8576524816685,2579.736,2354.614347518331,30.388956278398382,0.01932057720533362
1284,2024-10-04 00:00:00,2349.8,2393.52,2339.15,2386.2,92534.0784,2024-10-04 11:59:59.999,219675919.146923,1064929,47012.4283,111630306.449614,0,0.015490680057877126,-0.36991260242248913,0.014394177712405476,-0.4484691990508104,-0.025161472185113998,-0.7603069821986947,-0.10039246142304026,-0.00409108625533805,2386.2,2386.2,2368.0,2376.1205915775495,2381.532,2399.7542528195036,2487.311,2458.8929255397534,2805.720457575512,2567.2035,2328.6865424244884,35.598615969499605,0.019896256727374332
1285,2024-10-04 12:00:00,2386.2,2441.64,2352.6,2414.41,146848.9386,2024-10-04 23:59:59.999,352951497.958446,1491373,74479.7593,179005101.725416,0,0.01182214399463577,0.5869714286796204,0.027495957102732005,-6.930247339365092e-05,-0.01662172839908438,0.24003251723998176,-0.09151421196408815,1.1710332100227823,2414.41,2414.41,2400.305,2401.646863859183,2373.37,2404.6395018796693,2462.9900000000002,2450.8051208961615,2799.2111736587244,2555.264,2311.316826341276,39.384778817259345,0.020098348816495464
1286,2024-10-05 00:00:00,2414.41,2428.23,2390.26,2417.19,49020.9807,2024-10-05 11:59:59.999,118382500.922503,539754,24676.1026,59607924.460505,0,0.0011514200156561571,-0.6661808987702142,0.012987176263515421,-0.47023862400081995,0.02245674886849125,-0.7537392434422395,-0.08054577129945906,-0.6978835958243725,2417.19,2417.19,2415.8,2412.008954619728,2383.988,2408.823001253113,2441.8149999999996,2444.6932807332228,2793.431015049272,2544.7535,2296.0759849507276,39.760625684218205,0.020096890984615482
1287,2024-10-05 12:00:00,2417.19,2424.15,2390.05,2414.66,54719.2509,2024-10-05 23:59:59.999,131751096.765819,607747,24968.7511,60132319.690414,0,-0.0010466698935541752,0.11624145658921914,0.00010354496543674152,-0.6273772802059598,0.026492768902454555,-0.6738568882076135,-0.07208048481494722,-0.5448301363667652,2414.66,2414.66,2415.925,2413.776318206576,2396.4519999999998,2410.7686675020755,2423.058,2439.232684236273,2790.8596030108074,2536.489,2282.1183969891927,39.52045962303333,0.019827069701348638
1288,2024-10-06 00:00:00,2414.66,2430.73,2407.0,2426.63,36340.4431,2024-10-06 11:59:59.999,87903174.898759,394412,20136.2447,48703345.092419,0,0.004957219649971423,-0.3358746236052731,0.0039053611838539837,-0.2586757224952867,0.03269639969359095,-0.7525489461221823,-0.07693039214567465,-0.6888027204537894,2426.63,2426.63,2420.645,2422.345439402192,2411.818,2416.055778334717,2402.834,2436.941287102405,2781.341697869564,2526.3805,2271.4193021304363,41.3262227713412,0.01924690121845071
1289,2024-10-06 12:00:00,2426.64,2457.8,2415.65,2440.03,69412.2665,2024-10-06 23:59:59.999,169310600.554121,702694,35904.2495,87580206.381139,0,0.005522061459719785,0.9100555903788636,0.01050665518126781,0.26851638789521504,0.022558880227977696,-0.24987347688330142,-0.003170206594519831,-0.8201999099413579,2440.03,2440.03,2433.33,2434.1351464673976,2422.584,2424.0471855564783,2402.058,2437.502871265604,2769.523578111028,2516.769,2264.0144218889714,43.36483128544913,0.01932867853242712
1290,2024-10-07 00:00:00,2440.02,2512.92,2435.84,2475.84,142494.2001,2024-10-07 11:59:59.999,353036452.29484,1278580,71467.2988,177051870.437405,0,0.014676049064970442,1.0528677031458118,0.0202791525696131,2.9210914327018758,0.025443068907103683,-0.029654545286580736,0.008398432727006355,0.20325991680065614,2475.84,2475.84,2457.9350000000004,2461.9383821557994,2434.87,2441.3114570376524,2404.12,2444.4732583082214,2753.4240425055573,2507.9610000000002,2262.497957494443,48.513202694517204,0.019610175401135615
1291,2024-10-07 12:00:00,2475.84,2521.0,2403.0,2422.71,157965.3406,2024-10-07 23:59:59.999,389127284.67207104,1802753,75585.8938,186213635.977244,0,-0.02145938348196985,0.10857382608655386,-0.007098273381884734,1.275755404125869,0.0022836434041180187,2.2224027007276907,0.02479167547904071,-0.20644867298502834,2422.71,2422.71,2449.275,2435.7861273852664,2435.9739999999997,2435.110971358435,2409.9809999999998,2440.516302252181,2726.782393729387,2494.375,2261.967606270613,42.360512405692496,0.019463981052744182
1292,2024-10-08 00:00:00,2422.7,2448.1,2410.51,2439.71,74731.1253,2024-10-08 11:59:59.999,181636104.589934,834517,37833.6841,91959154.124215,0,0.007016935580403727,-0.5269144166932528,-0.014593027013054205,-0.4755497048472501,0.010374131347684612,0.36571908552936705,0.03714173971449708,-0.5545801276111997,2439.71,2439.71,2431.21,2438.4020424617556,2440.984,2436.6439809056237,2418.718,2440.3697018426933,2700.5793538835355,2482.5995,2264.619646116464,44.773986233568166,0.019643147942963464
1293,2024-10-08 12:00:00,2439.71,2466.66,2401.18,2440.89,126627.2059,2024-10-08 23:59:59.999,308406990.435028,1406123,60865.3854,148287087.896743,0,0.00048366404203781244,0.6944372962626859,0.007503993461867031,-0.19838614332085958,0.005876462419075024,2.484470609000362,0.038765001276704236,-0.137764075596579,2440.89,2440.89,2440.3,2440.0606808205853,2443.8360000000002,2438.0593206037493,2427.827,2440.464301507658,2670.6191593377575,2470.8835,2271.1478406622423,44.94630268494791,0.01964920099364356
1294,2024-10-09 00:00:00,2440.88,2473.61,2427.44,2441.7,80144.8195,2024-10-09 11:59:59.999,195895530.228377,900363,39457.7709,96474785.576161,0,0.0003318461708639031,-0.3670805658991485,0.0008156707149620246,0.07244229466995589,0.0006844178145348767,0.15462040848356384,0.02325873774201659,-0.13388860746464193,2441.7,2441.7,2441.295,2441.1535602735285,2444.1699999999996,2439.2728804024996,2433.3769999999995,2440.688973960811,2642.069508765528,2460.344,2278.618491234472,45.072996859030006,0.019651150928279036
1295,2024-10-09 12:00:00,2441.69,2472.08,2351.42,2370.47,161937.453,2024-10-09 23:59:59.999,390574453.16515,1669520,79149.9044,190917764.952159,0,-0.029172297989105922,1.0205604555638188,-0.028850132533625117,0.2788519801020106,-0.04255929300762584,0.13644943363558015,-0.018199063125152737,0.10274854243992482,2370.47,2370.47,2406.085,2394.0311867578425,2423.096,2416.338586935,2428.9829999999997,2427.9218877861176,2607.3293413382244,2445.9865,2284.6436586617756,37.00763137568034,0.02037907190813493
1296,2024-10-10 00:00:00,2370.47,2411.38,2366.87,2406.56,90693.8988,2024-10-10 11:59:59.999,216965861.922618,860035,43277.7938,103527227.876805,0,0.015224828831413184,-0.439944885387323,-0.014391612401195797,0.13162521752263734,-0.006666088801383641,-0.4258620374854558,-0.004397668366988183,0.8501037209971607,2406.56,2406.56,2388.515,2402.3837289192807,2419.866,2413.079057956667,2427.92,2424.0379081886417,2573.263587210198,2434.8675,2296.471412789802,42.610949476925526,0.020848297058663843
1297,2024-10-10 12:00:00,2406.56,2421.36,2330.66,2386.49,167169.0631,2024-10-10 23:59:59.999,397216183.026918,1874482,81371.376,193349435.006572,0,-0.008339704806861303,0.8432228111468067,0.006758153446362991,0.03230636275352561,-0.02181406806546693,1.2369402632292492,-0.011666238725120737,2.055032010681272,2386.49,2386.49,2396.5249999999996,2391.78790963976,2409.2219999999998,2404.216038637778,2425.103,2417.211015790707,2540.5024682838844,2424.0805,2307.6585317161157,40.45577215854949,0.020824854666358424
1298,2024-10-11 00:00:00,2386.49,2426.22,2381.86,2417.82,84183.389,2024-10-11 11:59:59.999,202657208.087762,831892,45989.2704,110719432.239993,0,0.01312806674237077,-0.49641765384757963,0.0046788777341932875,-0.07178553228103146,-0.009451470570160714,-0.3351871866581241,-0.003630549362696356,1.3165207085766109,2417.82,2417.82,2402.1549999999997,2409.142636546587,2404.6079999999997,2408.7506924251857,2424.2219999999998,2417.321740192396,2482.293867871313,2413.528,2344.7621321286865,45.12191916576633,0.02093935956852314
1299,2024-10-11 12:00:00,2417.83,2471.45,2414.51,2439.5,151257.8307,2024-10-11 23:59:59.999,369408195.654136,1081223,74089.7877,180949574.102695,0,0.00896675517615031,0.7967657574346407,0.022212538078936195,-0.09518048438473303,-0.0009010115902853277,0.8873063991366279,-0.00021721044413391954,1.1791224855047773,2439.5,2439.5,2428.66,2429.3808788488623,2404.168,2419.0004616167907,2424.169,2421.354151066506,2481.1442972251903,2413.1135,2345.0827027748096,48.149892042952885,0.014473551524742341
1300,2024-10-12 00:00:00,2439.49,2467.51,2434.35,2452.5,67048.0916,2024-10-12 11:59:59.999,164053066.056545,461246,35231.7116,86227829.013725,0,0.00532896085263368,-0.5567297819246062,0.014343499516092928,-0.20354725087154657,0.034604951760621505,-0.5859630347526832,-0.009427103528499514,-0.5294679253404925,2452.5,2452.5,2446.0,2444.7936262829544,2420.5739999999996,2430.166974411194,2421.835,2427.0170326907773,2480.6811424064094,2412.9775,2345.2738575935905,49.93377624492838,0.01450848648810296
1301,2024-10-12 12:00:00,2452.5,2490.51,2448.8,2476.4,72589.4146,2024-10-12 23:59:59.999,179485891.763683,596877,40403.7606,99915822.971249,0,0.009745158002038679,0.08264699065647974,0.015126050420168013,-0.5200948323530332,0.029020676816701174,-0.19962185372496077,0.022161133606581007,-0.5404725218564812,2476.4,2476.4,2464.45,2465.8645420943185,2434.542,2445.577982940796,2427.204,2435.995754019727,2487.7615031379255,2418.5924999999997,2349.423496862074,53.126653253647724,0.011704620342328654
1302,2024-10-13 00:00:00,2476.4,2484.92,2452.55,2458.27,47339.9608,2024-10-13 11:59:59.999,116765267.299085,403300,24068.5288,59371317.356921,0,-0.007321111290583104,-0.3478393363431257,0.002352701325178286,-0.2939402200673523,0.03007764541230018,-0.7168138654238829,0.007607461542560312,-0.3665295335784272,2458.27,2458.27,2467.335,2460.8015140314396,2448.898,2449.8086552938644,2429.06,2440.045616925231,2487.9914289406715,2423.889,2359.7865710593287,50.495911854248725,0.011793741017154497
1303,2024-10-13 12:00:00,2458.27,2484.6,2436.4,2468.91,72682.8571,2024-10-13 23:59:59.999,178557525.78504,629605,35691.8459,87711357.96885,0,0.0043282471006032,0.5353383456963063,-0.0030245517686965373,0.001287274467150601,0.021130605255974322,-0.1366128405688205,0.01147941939210706,-0.4260091535353068,2468.91,2468.91,2463.59,2466.207171343813,2459.116,2456.1757701959095,2431.862,2445.293686575189,2487.0702947004083,2429.8445,2372.618705299592,51.99819493904363,0.011774845501074124
1304,2024-10-14 00:00:00,2468.92,2548.43,2443.39,2537.9,200702.6962,2024-10-14 11:59:59.999,505761809.679918,1236430,101558.1799,255864801.839426,0,0.027943505433571936,1.7613484693352817,0.03239269893054875,3.239604190800259,0.04033613445378159,0.3268912774378432,0.03939877953884596,1.5042503988670162,2537.9,2537.9,2503.4049999999997,2514.002390447938,2478.796,2483.4171801306065,2441.482,2462.1311981069725,2508.1323459051855,2437.4294999999997,2366.726654094814,60.39142504682599,0.012781799671829257
1305,2024-10-14 12:00:00,2537.91,2654.0,2534.47,2629.79,235197.4657,2024-10-14 23:59:59.999,613322421.12802,1478595,128107.4248,333916269.975902,0,0.036207100358564226,0.17186998557122513,0.06516235909773949,2.2359413909170613,0.07228950050968397,2.5078920232831803,0.10939602694824235,0.4523969677354378,2629.79,2629.79,2583.8450000000003,2591.1941301493125,2514.254,2532.208120087071,2467.4139999999998,2492.6146166329772,2556.962188292974,2448.1984999999995,2339.434811707025,68.33356483163092,0.014674084943788563
1306,2024-10-15 00:00:00,2629.79,2637.38,2580.01,2586.2,118475.6614,2024-10-15 11:59:59.999,309458020.78886,960181,54500.1775,142427215.452406,0,-0.016575468003148575,-0.4962715221127487,0.019031482721935333,-0.4096957158864516,0.04433855596834113,0.6321341348852811,0.07464596768831844,0.3063244933516962,2586.2,2586.2,2607.995,2587.864710049771,2536.214,2550.2054133913807,2485.3779999999997,2509.6301408815266,2579.7768744886407,2456.6490000000003,2333.52112551136,61.98416912619883,0.015397148027158997
1307,2024-10-15 12:00:00,2586.2,2688.6,2537.36,2607.41,297810.0049,2024-10-15 23:59:59.999,774172092.350847,2346384,151076.3408,392852675.713495,0,0.008201221869925002,1.5136808807889044,-0.008510185223915223,0.26621264397407995,0.06066868163383177,5.290879837399443,0.09257109813994613,0.78148994423598,2607.41,2607.41,2596.805,2600.8949033499234,2566.042,2569.2736089275872,2507.4700000000003,2527.4082970848854,2604.0620727663268,2466.2864999999997,2328.5109272336726,63.74920809171393,0.015392367285992602
1308,2024-10-16 00:00:00,2607.41,2642.69,2588.67,2630.4,143919.1497,2024-10-16 11:59:59.999,376585639.768042,1244806,70707.3998,185089052.790207,0,0.008817178732918984,-0.5167417234745829,0.01709071224189951,0.21475709018493827,0.06540943169252844,0.9800975834231485,0.08792217782961509,0.709590827948255,2630.4,2630.4,2618.9049999999997,2620.564967783308,2598.34,2589.6490726183915,2528.728,2546.13406125127,2630.2248191871727,2476.475,2322.725180812827,65.61287650692198,0.01542968715089167
1309,2024-10-16 12:00:00,2630.41,2647.79,2591.58,2611.1,116403.2745,2024-10-16 23:59:59.999,304757022.650528,1568330,56700.2681,148504590.307586,0,-0.007337287104622892,-0.1911898121782748,0.0014151974564797776,-0.6091357825970742,0.028842744000945553,-0.4200213713920202,0.07034228325476533,-0.23043141659970923,2611.1,2611.1,2620.75,2614.2549892611028,2612.9799999999996,2596.7993817455945,2545.888,2557.9460501146755,2648.446638439671,2485.0285,2321.610361560329,62.698720189668926,0.015636168732389398
1310,2024-10-17 00:00:00,2611.1,2648.37,2596.49,2598.01,113891.747,2024-10-17 11:59:59.999,298944332.743086,1131137,57045.7944,149797448.105603,0,-0.005013212822182145,-0.02157608976884917,-0.012313716545012121,-0.20864077339667608,-0.012084615121359388,-0.5157611640880874,0.05933129459734965,0.6986575498593313,2598.01,2598.01,2604.5550000000003,2603.4249964203677,2606.624,2597.20292116373,2560.439,2565.2304046392796,2661.7016828745236,2491.1369999999997,2320.572317125476,60.72863807417929,0.015515485544752433
1311,2024-10-17 12:00:00,2598.01,2632.73,2575.4,2605.8,107732.7964,2024-10-17 23:59:59.999,280653317.186317,1411976,52637.0645,137146698.450408,0,0.002998448812745025,-0.05407723353299687,-0.0020297958714716735,-0.07448654805668709,0.0075786868764984305,-0.09067571240416805,0.05225327087707976,0.4841392094653978,2605.8,2605.8,2601.905,2605.0083321401225,2610.544,2600.0686141091537,2573.379,2572.606694704865,2674.7912461633855,2500.2915000000003,2325.791753836615,61.50385874799894,0.01445305928208838
1312,2024-10-18 00:00:00,2605.79,2651.66,2596.49,2621.98,129059.8478,2024-10-18 11:59:59.999,339303369.735089,1140713,68362.7608,179793691.462982,0,0.006209225573720056,0.19796247858279847,0.009226292431514738,0.1331799818647088,0.005587920580192751,-0.5666369642506258,0.0665956139886994,1.7262347838699519,2621.98,2621.98,2613.8900000000003,2616.322777380041,2613.458,2607.3724094061026,2589.75,2581.5836593039803,2689.253637637556,2509.4049999999997,2329.5563623624435,63.131758115390895,0.014444570698079128
1313,2024-10-18 12:00:00,2621.98,2675.58,2612.2,2642.17,163384.2675,2024-10-18 23:59:59.999,431928845.20007503,1694341,82712.5311,218692386.385611,0,0.007700287568936481,0.2659573855471413,0.013957325965154643,0.5165694473702529,0.00447460462287097,0.13525036689401704,0.07017671766083011,1.2479065080670857,2642.17,2642.17,2632.075,2633.5542591266803,2615.812,2618.9716062707353,2607.076,2592.5993576123474,2705.283003982703,2519.469,2333.654996017297,65.1142045874658,0.01444992876125616
1314,2024-10-19 00:00:00,2642.17,2663.49,2631.02,2631.48,58776.5613,2024-10-19 11:59:59.999,155408138.435205,576303,30517.4964,80704643.943695,0,-0.00404591680323374,-0.6402556855726638,0.0036232160428377735,-0.5445790282421208,0.007805139596338773,-0.49506092889165243,0.03687300524055326,-0.7071461300079933,2631.48,2631.48,2636.825,2632.1714197088936,2619.888,2623.141070847157,2616.434,2599.668565319193,2717.2831681111234,2528.9579999999996,2340.632831888876,63.17717907166789,0.014542373813409398
1315,2024-10-19 12:00:00,2631.48,2655.5,2631.04,2648.2,46637.2033,2024-10-19 23:59:59.999,123314990.722689,569291,22438.2048,59332518.061465,0,0.006353838904342712,-0.20653399469968647,0.002282214997520793,-0.7145551159018416,0.0193186323378276,-0.5905128814996577,0.007000558979994631,-0.8017104344164708,2648.2,2648.2,2639.84,2642.8571399029643,2629.9260000000004,2631.4940472314383,2618.275,2608.492462533885,2723.163858636508,2542.8445,2362.5251413634924,64.93423725561703,0.0122921566256476
1316,2024-10-20 00:00:00,2648.2,2653.56,2635.54,2649.49,45921.4919,2024-10-20 11:59:59.999,121458253.217683,495788,20778.8199,54969656.477535,0,0.00048712332905376243,-0.01534636190330907,0.006844057336555798,-0.21871081117499813,0.016766444086268928,-0.5737464037459998,0.02447219859252958,-0.6123972522511699,2649.49,2649.49,2648.845,2647.2790466343213,2638.6639999999998,2637.492698154292,2624.6040000000003,2615.9465602549967,2729.5902004451345,2554.991,2380.3917995548654,65.07271247667407,0.012127081259193678
1317,2024-10-20 12:00:00,2649.5,2759.0,2642.0,2746.91,210989.2529,2024-10-20 23:59:59.999,571092441.223946,1779057,110536.8122,299160224.809231,0,0.03676934051458969,3.5945644222416906,0.03727437504720199,3.5240545738299014,0.04764719791912975,0.6348171526357556,0.053501367257163146,-0.2915306758386209,2746.91,2746.91,2698.2,2713.69968221144,2663.65,2673.9651321028614,2638.554,2639.7580947540882,2748.721755403843,2573.0119999999997,2397.3022445961565,73.5633203464345,0.013637913819779243
1318,2024-10-21 00:00:00,2746.91,2769.48,2701.41,2704.77,148144.9062,2024-10-21 11:59:59.999,404869795.435902,1262890,74490.2935,203633013.361376,0,-0.015340873927431109,-0.2978556767049436,0.020864392769929463,2.2260473270904337,0.02369264657459591,-0.09327312557801803,0.02827326642335759,0.02936201686022044,2704.77,2704.77,2725.84,2707.746560737147,2676.17,2684.233421401908,2645.991,2651.578441162436,2756.786882258822,2587.3595,2417.932117741178,66.08029854733044,0.014442499927882525
1319,2024-10-21 12:00:00,2704.77,2711.36,2655.01,2666.7,162529.817,2024-10-21 23:59:59.999,434849075.531719,1263457,81276.1519,217466484.234631,0,-0.014075133930056993,0.09710027275983402,-0.029200083002355437,-0.22967727139622462,0.013384103242281897,1.7652147965995417,0.021293707632798364,0.39626499081003086,2666.7,2666.7,2685.7349999999997,2680.382186912382,2683.2139999999995,2678.388947601272,2651.551,2654.3278154965383,2757.073331968399,2598.7195,2440.365668031601,60.12948678070178,0.015075147987772038
1320,2024-10-22 00:00:00,2666.71,2671.92,2613.2,2632.9,148870.1453,2024-10-22 11:59:59.999,392797556.80007905,1085592,72228.2631,190582626.027843,0,-0.012674841564480288,-0.08404409696714299,-0.026571575401974967,0.004895471053327327,-0.005777509251566948,2.192089893177621,0.013429509509201187,0.3071196923513695,2632.9,2632.9,2649.8,2648.7273956374606,2680.154,2663.2259650675146,2655.04,2650.431849042622,2751.642687522289,2607.7395,2463.836312477711,55.36255589528809,0.015557209323031944
1321,2024-10-22 12:00:00,2632.89,2645.5,2606.56,2622.81,116877.5677,2024-10-22 23:59:59.999,307020474.488461,1068204,56812.7911,149251683.996304,0,-0.0038322761973489383,-0.21490257523111322,-0.016458544268196595,-0.2808853793270438,-0.010069862501839943,1.5451605090382525,0.006527745797835438,0.08488382002121675,2622.81,2622.81,2627.855,2631.449131879154,2674.818,2649.7539767116764,2656.741,2645.409694671236,2745.785589079087,2615.06,2484.334410920913,53.98662480458584,0.015574331591676012
1322,2024-10-23 00:00:00,2622.81,2628.2,2563.73,2580.93,110977.2172,2024-10-23 11:59:59.999,288461701.513967,956035,49736.2879,129286866.302994,0,-0.01596760726091484,-0.050483173256522185,-0.0197386911770292,-0.25453678454897033,-0.06042425853049427,-0.47401483405129397,-0.015656107216683646,-0.14011042867509105,2580.93,2580.93,2601.87,2597.7697106263845,2641.6220000000003,2626.812651141118,2652.636,2633.68611382192,2731.895644250595,2621.193,2510.4903557494054,48.588820904657005,0.01599007838208367
1323,2024-10-23 12:00:00,2580.94,2587.4,2450.0,2524.61,241670.4914,2024-10-23 23:59:59.999,609221316.2262009,1686092,111936.7484,282155899.297348,0,-0.02182159144184448,1.1776585996427382,-0.03744076010080788,1.0677234832634186,-0.06660825134854342,0.6313115151845836,-0.044493730532100484,0.47915399137190495,2524.61,2524.61,2552.77,2548.9965702087948,2605.5899999999997,2592.7451007607456,2640.88,2613.8540931270254,2721.1977680725145,2623.978,2526.7582319274857,42.44302774030411,0.016881928929243454
1324,2024-10-24 00:00:00,2524.6,2562.65,2508.8,2529.47,143679.5111,2024-10-24 11:59:59.999,365209128.54242307,1069931,71599.4742,182032243.306071,0,0.0019250498096734514,-0.4054735012633818,-0.019938549282622953,0.2946757426892841,-0.051460606742415704,-0.11598060127022725,-0.038765257573684875,1.4445035218485978,2529.47,2529.47,2527.04,2535.978856736265,2578.1440000000002,2571.653400507164,2630.679,2598.5115307402934,2722.3261342560486,2623.5565,2524.7868657439517,43.11171451132403,0.015676102140876294
1325,2024-10-24 12:00:00,2529.47,2560.0,2507.31,2535.82,147172.2731,2024-10-24 23:59:59.999,372456634.123724,1182631,80073.1054,202664853.034242,0,0.002510407318529362,0.02430939507839125,0.004440289787333462,-0.39102092172102065,-0.03687189031106386,-0.011405055033556266,-0.042436371875235857,2.1556839322738717,2535.82,2535.82,2532.645,2535.872952245422,2558.728,2559.708933671443,2619.441,2587.1130706056947,2724.682876206278,2618.858,2513.0331237937226,44.02672826820024,0.013187347445163852
1326,2024-10-25 00:00:00,2535.82,2547.0,2462.06,2545.13,170352.4739,2024-10-25 11:59:59.999,427756563.946808,1173665,76297.163,191506434.543065,0,0.0036713962347485474,0.15750385797363897,0.0061910202532546865,0.18564207656188225,-0.02961709006752289,0.4575292526386141,-0.03938871254467824,2.7096458945838386,2545.13,2545.13,2540.4750000000004,2542.0443174151405,2543.192,2554.8492891142955,2609.005,2579.4797850410228,2726.6038241284946,2616.8044999999997,2507.005175871505,45.413019540342816,0.01275834885763304
1327,2024-10-25 12:00:00,2545.13,2566.33,2382.59,2440.62,344447.4083,2024-10-25 23:59:59.999,854784450.522995,2567540,155882.9805,387141531.99254304,0,-0.04106273549877615,1.0219689236928655,-0.03754209683652632,1.3404368298772984,-0.0543641245597517,2.1037668540493915,-0.11150347117306358,0.6325353237932623,2440.62,2440.62,2492.875,2474.428105805047,2515.13,2516.7728594095306,2578.3759999999997,2554.2325513972005,2742.510689300608,2608.465,2474.419310699392,34.948947005345644,0.01542215386641731
1328,2024-10-26 00:00:00,2440.63,2479.7,2430.12,2472.98,134328.632,2024-10-26 11:59:59.999,330074861.418883,1108140,68461.928,168299537.321099,0,0.013258926010603966,-0.6100170047352915,-0.0283482572599435,-0.21146650280609747,-0.020450683471902598,-0.4441661817219278,-0.08569675055550008,-0.0932618917139656,2472.98,2472.98,2456.8,2473.4627019350155,2504.804,2502.175239606354,2555.1969999999997,2539.459360234073,2746.5235873223655,2600.594,2454.6644126776346,39.59047656164056,0.015634628706444414
1329,2024-10-26 12:00:00,2472.98,2508.0,2442.2,2482.51,114396.1993,2024-10-26 23:59:59.999,282834015.3201,877402,64007.9289,158250978.613108,0,0.0038536502519228577,-0.14838558543498026,0.017163671526087665,-0.6678848597973324,-0.018565153965059755,-0.20380993487386667,-0.06907038662016707,-0.29615253735257707,2482.51,2482.51,2477.745,2479.494233978339,2495.412,2495.6201597375693,2536.7780000000002,2529.104931100605,2748.7503388697896,2594.1645,2439.57866113021,40.92726577744128,0.01567010539635793
1330,2024-10-27 00:00:00,2482.51,2486.84,2464.13,2469.86,48859.6845,2024-10-27 11:59:59.999,120991474.13592,436575,23820.0467,58991504.675363,0,-0.005095649161534155,-0.5728906659576407,-0.0012616357592862837,-0.6362675345342608,-0.026011309951021744,-0.6680102612344581,-0.061924114094724425,-0.671796622475655,2469.86,2469.86,2476.1850000000004,2473.071411326113,2482.2200000000003,2487.0334398250466,2520.474,2518.3331254459495,2751.524889172686,2587.757,2423.989110827314,39.67231308523476,0.015670838434252547
1331,2024-10-27 12:00:00,2469.86,2527.99,2469.75,2507.8,88721.1991,2024-10-27 23:59:59.999,221712987.162302,900615,46827.9586,117009592.085847,0,0.015361194561634983,0.8158365124113724,0.010187270141912785,-0.2244392764541785,-0.014667227214326894,-0.47919042753625674,-0.043849916692402346,-0.2409048130798841,2507.8,2507.8,2488.83,2496.2238037753714,2474.754,2493.9556265500314,2508.973,2516.418011728504,2750.001835170213,2582.857,2415.712164829787,45.10869163017519,0.016132387307226617
1332,2024-10-28 00:00:00,2507.8,2544.74,2471.67,2527.12,119102.5723,2024-10-28 11:59:59.999,298998011.890229,1064708,60529.6026,151927625.371388,0,0.007703963633463484,0.3424364583458386,0.023183500279367886,1.4376451366565823,0.03544181396530388,-0.6542213138202324,-0.02084907378348111,0.07321642500150927,2527.12,2527.12,2517.46,2516.8212679251237,2492.054,2505.010417700021,2503.592,2518.363827777867,2745.931199762355,2578.114,2410.296800237645,47.69358396439416,0.016174806477842123
1333,2024-10-28 12:00:00,2527.12,2589.67,2488.0,2567.48,241502.7547,2024-10-28 23:59:59.999,611017088.940608,1782815,120274.005,304389033.413425,0,0.015970749311469135,1.0276871442515434,0.023797751016827462,1.7220411485624294,0.0382130061706929,0.7978501761262631,0.016980840605083536,-0.0006940719118345706,2567.48,2567.48,2547.3,2550.5937559750414,2510.954,2525.8336118000143,2507.879,2527.2940409091634,2739.6332707257493,2574.3795,2409.1257292742507,52.70419005592008,0.016530034430733045
1334,2024-10-29 00:00:00,2567.49,2638.8,2561.2,2631.59,208316.9388,2024-10-29 11:59:59.999,543978801.104431,1511155,103945.3585,271379714.708701,0,0.02497000950348216,-0.13741381932153995,0.04133954857703648,0.7490549093707526,0.06005212466415033,0.8210127615664589,0.04037209375877171,0.44987226922711887,2631.59,2631.59,2599.535,2604.5912519916806,2540.77,2561.0857412000096,2518.091,2546.2569425620427,2739.6463792151044,2574.3849999999998,2409.123620784895,59.36325848071782,0.0175202496511323
1335,2024-10-29 12:00:00,2631.59,2681.86,2606.82,2638.8,243598.7637,2024-10-29 23:59:59.999,643562944.917284,2178874,123278.1216,325779980.829077,0,0.002739788492888362,0.16936608757424776,0.02777821054107532,0.008679027295583897,0.06840063809284747,3.985680243186998,0.040610137943544844,0.6551946815041754,2638.8,2638.8,2635.195,2627.397083997227,2574.558,2586.99049413334,2528.389,2563.0829530053074,2738.385567154365,2573.915,2409.4444328456348,60.044593227846406,0.01747144656661908
1336,2024-10-30 00:00:00,2638.8,2696.5,2599.66,2659.18,188158.8521,2024-10-30 11:59:59.999,499713160.93746096,1505775,95114.3667,252682659.252763,0,0.00772320751856892,-0.22758699903861634,0.010484155966544728,-0.09676643107430305,0.06036366536406401,1.1207879741111388,0.04481107055435274,0.10452667808307048,2659.18,2659.18,2648.99,2648.5856946657423,2604.834,2611.05366275556,2539.794,2580.555143367979,2739.8121247270096,2574.3995,2408.9868752729903,61.984819226514944,0.017557484171864042
1337,2024-10-30 12:00:00,2659.18,2722.3,2635.52,2659.19,272468.2739,2024-10-30 23:59:59.999,730639719.2051939,2194352,139573.9631,374389354.46827906,0,3.760557766074868e-06,0.4480757660829713,0.00772699711990299,0.11851254809960254,0.052261071892114375,1.2876774920838545,0.08955511304504604,-0.20896988238421899,2659.19,2659.19,2659.185,2655.6552315552476,2631.248,2627.0991085037067,2561.6510000000003,2594.8523900283462,2720.9118091060964,2570.0135,2419.1151908939037,61.98579467240497,0.015324022025687892
1338,2024-10-31 00:00:00,2659.19,2669.0,2625.26,2638.81,125025.2596,2024-10-31 11:59:59.999,330877579.01768,1151113,63214.0014,167307886.003648,0,-0.007663987906091796,-0.5411382844305528,-0.007660256169194968,-0.33553346970062636,0.02778210541075299,-0.48230296687377694,0.06705674934694161,-0.06925829781397619,2638.81,2638.81,2649.0,2644.4250771850825,2645.514,2631.002739002471,2578.234,2602.844682750465,2708.283580085446,2566.7155,2425.1474199145537,58.68108636950025,0.015053068773218239
1339,2024-10-31 12:00:00,2638.82,2641.0,2503.0,2518.61,278401.9421,2024-10-31 23:59:59.999,711672785.373111,2240230,133127.4484,340245012.6321,0,-0.045550835414448154,1.2267655591414584,-0.052865722268811144,0.021777464638608857,-0.04293221968467731,0.33643449113510093,0.014541733970860005,1.4336642633545957,2518.61,2518.61,2578.71,2560.548359061694,2622.918,2593.538492668314,2581.844,2587.5292858867438,2694.535489631428,2559.311,2424.0865103685724,43.836660849511205,0.017861617466023324
1340,2024-11-01 00:00:00,2518.61,2533.25,2467.67,2515.44,180753.935,2024-11-01 11:59:59.999,453011414.45893294,1527655,83256.9365,208653137.998103,0,-0.0012586307526770701,-0.35074470516777334,-0.046752134484862484,0.44573932962263574,-0.04674852205547986,-0.25798500676052494,0.018454487298875222,2.699449491942585,2515.44,2515.44,2517.025,2530.4761196872314,2598.246,2567.5056617788764,2586.402,2574.422142998245,2685.534778250193,2553.438,2421.341221749807,43.5239570911353,0.01770778598120417
1341,2024-11-01 12:00:00,2515.44,2586.8,2481.68,2511.49,249495.1723,2024-11-01 23:59:59.999,631304619.252982,2087188,118982.1797,301216044.305464,0,-0.0015703018159846094,0.3803028537110409,-0.0028269561385051434,-0.1038310637560742,-0.05553967764498835,0.3259815816021341,0.0014714092032854786,1.8121257921546734,2511.49,2511.49,2513.465,2517.81870656241,2568.708,2548.833774519251,2586.7709999999997,2562.979935180382,2677.1587721929873,2547.8720000000003,2418.5852278070133,43.1112812148415,0.017703551413063852
1342,2024-11-02 00:00:00,2511.49,2523.45,2491.2,2502.13,60256.5305,2024-11-02 11:59:59.999,151095065.252338,439134,27748.315,69598446.979536,0,-0.0037268712995073283,-0.7584861865481475,-0.005291320802722321,-0.666637794081772,-0.05906309816147015,-0.77884936973574,-0.009888727088543381,-0.49407868078429407,2502.13,2502.13,2506.81,2507.359568854137,2537.296,2533.265849679501,2584.272,2551.9163106021306,2673.7506231019324,2543.932,2414.113376898067,42.09280243202936,0.017404871456692426
1343,2024-11-02 12:00:00,2502.14,2504.5,2470.0,2494.23,85704.5995,2024-11-02 23:59:59.999,213145242.640039,788894,40990.9067,101937043.194106,0,-0.0031573099719039988,0.4223288129740559,-0.006872414383493397,-0.6564879443961891,-0.05478984845441692,-0.3145017272973534,-0.028529920388863816,-0.6451195780086894,2494.23,2494.23,2498.1800000000003,2498.606522951379,2508.38,2520.2538997863344,2576.947,2541.4278904926523,2673.8018704726614,2542.413,2411.0241295273386,41.2079357517183,0.016740118240548503
1344,2024-11-03 00:00:00,2494.23,2496.39,2421.29,2454.47,127900.5624,2024-11-03 11:59:59.999,313804483.938632,1114362,60497.9986,148433825.0938,0,-0.015940791346427674,0.49234187133678864,-0.01904777129885349,1.1226008424099359,-0.02546642791063336,-0.5405902651567746,-0.06730531731766742,-0.3860289847922823,2454.47,2454.47,2474.35,2469.1821743171263,2495.552,2498.32593319089,2559.235,2525.6173649485336,2675.4843261304036,2538.663,2401.8416738695964,36.992977675609175,0.017078856814409592
1345,2024-11-03 12:00:00,2454.47,2475.52,2411.0,2457.73,148108.5573,2024-11-03 23:59:59.999,361712355.307526,1455191,68257.1316,166704408.136981,0,0.0013281889776612932,0.15799770165826876,-0.014633774752127904,0.7281284570964011,-0.022942308303915082,-0.18060673312589304,-0.0686183113536456,-0.39199791061993805,2457.73,2457.73,2456.1,2461.5473914390423,2484.0099999999998,2484.793955460593,2541.128,2513.2742076851637,2676.064934287624,2534.7585,2393.4520657123758,37.55694307939529,0.017066786729965776
1346,2024-11-04 00:00:00,2457.73,2491.39,2434.99,2470.2,88329.2113,2024-11-04 11:59:59.999,217883840.242771,1178906,45591.1835,112482660.756413,0,0.005073787600753388,-0.4036184477775613,0.00640871552718103,-0.3093915332150252,-0.0164404397389597,-0.6459682546731186,-0.07106702066050441,-0.530560426394098,2470.2,2470.2,2463.965,2467.3157971463474,2475.7519999999995,2479.9293036403956,2522.2300000000005,2505.4425335605883,2674.9682770569007,2531.012,2387.0557229430997,39.777469991642455,0.017091677772021988
1347,2024-11-04 12:00:00,2470.2,2486.0,2357.59,2398.21,217987.7532,2024-11-04 23:59:59.999,527116856.306823,1887646,102983.5419,249177462.456167,0,-0.029143389199255076,1.4679010487213535,-0.024217468965264666,0.47181065816782497,-0.04153261421269083,2.6176618764998425,-0.09814266750401435,-0.19995179592907453,2398.21,2398.21,2434.205,2421.245265715449,2454.968,2452.689535760264,2496.132,2485.945709276845,2679.2196581443854,2528.8915,2378.563341855615,32.575471867144316,0.01579256763257605
1348,2024-11-05 00:00:00,2398.21,2448.0,2380.74,2440.63,122950.3906,2024-11-05 11:59:59.999,297942220.02087,1122583,62384.7774,151212343.326719,0,0.017688192443530815,-0.43597569682185244,-0.011970690632337355,0.39195616931768074,-0.021489597992165876,0.4345833399524841,-0.0751020346292457,-0.01659559841457836,2440.63,2440.63,2419.42,2434.16842190515,2444.2480000000005,2448.669690506843,2476.314,2477.7064894083273,2680.639215143733,2527.2740000000003,2373.9087848562676,39.523845864861116,0.01602873744788853
1349,2024-11-05 12:00:00,2440.63,2480.0,2401.3,2422.55,208668.8639,2024-11-05 23:59:59.999,510022000.36173695,1756234,102514.9452,250580471.151563,0,-0.007407923364049385,0.6971793491805303,0.010149236305411202,-0.04274960021010943,-0.013004844222988976,0.631492934701904,-0.038140085205728536,-0.2504762634700025,2422.55,2422.55,2431.59,2426.4228073017166,2437.864,2439.963127004562,2466.708,2467.6780367886313,2683.265299313142,2524.2760000000003,2365.2867006868587,37.7387355445514,0.01606423546208541
1350,2024-11-06 00:00:00,2422.6,2643.2,2420.3,2629.02,666611.0172,2024-11-06 11:59:59.999,1719514949.837642,3059449,355680.4721,917792541.6345488,0,0.08522837505933811,2.1945878495771116,0.0771890864244067,4.421788527445313,0.06969439279334999,3.5008271591610463,0.04515313424291567,2.687947469580676,2629.02,2629.02,2525.785,2561.4876024339055,2472.1220000000003,2502.982084669708,2478.066,2497.012939190698,2695.409730842803,2532.234,2369.0582691571967,59.972320446243536,0.025059307883143252
1351,2024-11-06 12:00:00,2629.03,2744.7,2608.0,2721.87,335530.3446,2024-11-06 23:59:59.999,893748707.778048,2497582,171724.1076,457707144.717687,0,0.0353173425839286,-0.4966624674021364,0.12355575736310898,0.6079559658732585,0.10188243866893365,2.79863399278422,0.08376700683657923,0.3448370223234176,2721.87,2721.87,2675.4449999999997,2668.409200811302,2522.4559999999997,2575.944723113139,2499.1040000000003,2537.8960411560256,2725.2586943661017,2542.9375,2360.6163056338983,65.87412688720062,0.025941637720333605
1352,2024-11-07 00:00:00,2721.88,2880.0,2699.49,2792.28,409087.0341,2024-11-07 11:59:59.999,1151268416.531465,2494529,197271.8858,555024236.890461,0,0.025868244993331846,0.219225148138807,0.062099185247735056,-0.38631822225454815,0.16431838746398353,0.8766514544726267,0.11596120105669971,5.789090422323602,2792.28,2792.28,2757.075,2750.9897336037675,2601.27,2648.056482075426,2528.1189999999997,2584.147670036748,2768.144119856513,2556.1955000000003,2344.2468801434875,69.54161367635422,0.02637710384180744
1353,2024-11-07 12:00:00,2792.28,2916.11,2776.0,2895.47,321758.9183,2024-11-07 23:59:59.999,918334106.840612,2885837,170473.7648,486635493.032278,0,0.03695546291919127,-0.2134707495487449,0.06377968088115882,-0.04104375810306371,0.18636171808098712,1.6169816682143994,0.1608672816861314,2.754278302181437,2895.47,2895.47,2843.875,2847.3099112012555,2692.2380000000003,2730.527654716951,2568.243,2640.7517300300665,2831.13399578222,2572.5950000000003,2314.0560042177804,73.95869575558343,0.027226568337210155
1354,2024-11-08 00:00:00,2895.47,2954.94,2886.4,2914.39,259461.5822,2024-11-08 11:59:59.999,755892781.1103071,1902222,130514.095,380327486.564876,0,0.0065343450286137195,-0.19361494757983844,0.04373128769321122,-0.36575456914487425,0.20302573734288232,0.24341301979935692,0.18738057503249173,1.0286195567190095,2914.39,2914.39,2904.93,2892.0299704004183,2790.6059999999998,2791.815103144634,2614.2349999999997,2690.504142751872,2884.579483481023,2586.735,2288.890516518977,74.68362935174514,0.026873630310006575
1355,2024-11-08 12:00:00,2914.4,2981.69,2890.04,2961.75,309402.8528,2024-11-08 23:59:59.999,908383405.25715,2388030,159622.1784,468819527.05717504,0,0.016250398882785122,0.19248040567911096,0.022890929624551415,-0.03840162555643456,0.12656046739849836,-0.5358569768324555,0.2050754151188292,1.0890275244075989,2961.75,2961.75,2938.0699999999997,2938.509990133473,2857.1519999999996,2848.4600687630896,2664.6369999999997,2739.8215713424406,2942.372509448107,2602.8825,2263.3924905518934,76.45083182916204,0.026971495408817176
1356,2024-11-09 00:00:00,2961.75,3058.77,2953.71,3051.6,275659.4287,2024-11-09 11:59:59.999,831346727.327235,1852936,145914.6789,440133212.48297906,0,0.030336794125094935,-0.10905983508113282,0.04708017801323772,0.06242868929826484,0.12114098028193854,-0.1784366656058327,0.2353655574447413,2.120818409254833,3051.6,3051.6,3006.675,3013.9033300444908,2923.098,2916.173379175393,2722.7769999999996,2796.5085583710875,3014.1016731457303,2622.5035,2230.9053268542693,79.39017469355454,0.027510516448519245
1357,2024-11-09 12:00:00,3051.59,3157.4,2990.58,3126.21,251059.9925,2024-11-09 23:59:59.999,771133322.558279,1828969,132194.5849,406422928.09346896,0,0.02444946913094781,-0.08923850824189128,0.05552798176753604,-0.18856600633127707,0.11959044221926152,-0.38629198294603195,0.30355973830481897,0.1517160428258406,3126.21,3126.21,3088.9049999999997,3088.7744433481635,2989.884,2986.185586116929,2795.577,2856.4542750308897,3094.901179287433,2645.8545,2196.807820712567,81.45963284718044,0.027713546864425297
1358,2024-11-10 00:00:00,3126.2,3230.0,3103.7,3220.0,376836.1663,2024-11-10 11:59:59.999,1195599112.988903,2339503,199769.3684,633882169.2841649,0,0.030001183541732646,0.5009805526860278,0.05518416568357587,0.36703528726423706,0.11208197632854078,0.1711755133035575,0.31933148408402734,2.064944848577,3220.0,3220.0,3173.105,3176.258147782721,3054.79,3064.123724077953,2873.514,2922.553497752546,3188.902120539831,2674.9139999999998,2160.9258794601687,83.67829889795657,0.027838191182428765
1359,2024-11-10 12:00:00,3220.01,3248.52,3069.0,3183.21,488700.5659,2024-11-10 23:59:59.999,1556097378.36437,3732915,244462.6169,778638397.4123901,0,-0.011425465838509341,0.29685154877343845,0.018232940205552328,0.9465489544296868,0.09223885615857874,0.8835180212664253,0.3139914552847205,1.3419908306693955,3183.21,3183.21,3201.605,3180.8927159275736,3108.554,3103.819149385302,2949.58,2969.9455890702648,3261.816857467353,2708.144,2154.4711425326464,79.65180394313651,0.02514634262601812
1360,2024-11-11 00:00:00,3183.2,3221.8,3105.0,3197.79,289767.0306,2024-11-11 11:59:59.999,918938103.59037,2930271,143767.8151,456055748.95839506,0,0.004580282168000105,-0.40706630845339886,-0.006897515527950371,-0.2310530237978381,0.07969612560141814,-0.06346361070139428,0.21634297190588136,-0.5653131689645288,3197.79,3197.79,3190.5,3192.1575719758575,3155.762,3135.142766256868,3006.457,3011.3718456029437,3327.429247411851,2742.2614999999996,2157.093752588148,80.06127584077454,0.02501701588163924
1361,2024-11-11 12:00:00,3197.79,3387.61,3139.5,3371.59,710326.9358,2024-11-11 23:59:59.999,2329397991.767464,4872126,368585.8446,1208733366.853605,0,0.05435003549326267,1.4513725192585798,0.059179256159662685,0.45350135719988116,0.10485974570717005,1.5768280053030526,0.23870353837618996,1.1170274081970466,3371.59,3371.59,3284.69,3311.779190658619,3219.76,3213.9585108379124,3071.429,3076.8660554933176,3420.548600842654,2785.2665,2149.984399157346,84.15461638460152,0.026461195413505677
1362,2024-11-12 00:00:00,3371.59,3442.5,3207.67,3282.42,586496.7245,2024-11-12 11:59:59.999,1954404592.1322408,4157760,289923.0478,966831673.909435,0,-0.026447462473195182,-0.1743284747614663,0.0264651524959425,1.0240284869040583,0.049967852447532435,1.3360819804852024,0.17553397223774114,0.43367223991908,3282.42,3282.42,3327.005,3292.206396886206,3251.002,3236.779007225275,3120.443,3114.239499949078,3480.706081632361,2824.281,2167.855918367639,75.58130538339957,0.0277699838632809
1363,2024-11-12 12:00:00,3282.41,3304.78,3208.33,3243.8,386719.004,2024-11-12 23:59:59.999,1261110473.834609,2915254,184757.7518,602687398.057228,0,-0.011765709446079353,-0.34062887677729903,-0.03790199876022882,-0.4555760389904673,0.0073913043478262,0.02622582061864054,0.1203017126753172,0.20189055222840113,3243.8,3243.8,3263.11,3259.9354656287355,3255.7619999999997,3239.1193381501835,3155.276,3137.795954503791,3524.0946430348895,2861.7594999999997,2199.42435696511,72.1528213027524,0.028114839597161472
1364,2024-11-13 00:00:00,3243.79,3285.52,3116.69,3168.0,367636.7094,2024-11-13 11:59:59.999,1173622358.013502,3380250,170320.1114,543578253.6802391,0,-0.023367655219187378,-0.049344082919700605,-0.03485842762352165,-0.37316494015645607,-0.00477819559501258,-0.2477260411537412,0.08701992526738023,0.4169215584163657,3168.0,3168.0,3205.9,3198.6451552095787,3252.7200000000003,3215.4128921001225,3180.6369999999997,3143.2875991394653,3544.8742538096153,2897.4359999999997,2249.997746190384,65.84005710593499,0.028570785524183833
1365,2024-11-13 12:00:00,3168.0,3331.0,3118.39,3187.16,552049.6653,2024-11-13 23:59:59.999,1784872008.705638,6373152,276163.1285,893031935.862453,0,0.0060479797979797745,0.5016173607934051,-0.017461002527899505,0.42752142922875325,-0.003324170755428013,0.9051500239931023,0.07610703131594487,0.784242324542652,3187.16,3187.16,3177.58,3190.9883850698593,3250.594,3205.9952614000817,3203.178,3151.264399295926,3559.986837779998,2933.9075000000003,2307.8281622200025,66.6347004686881,0.02848675840525197
1366,2024-11-14 00:00:00,3187.16,3240.4,3155.0,3185.23,231406.6394,2024-11-14 11:59:59.999,740389978.314796,2783343,117164.314,374980993.159256,0,-0.0006055547885891466,-0.5808227883369029,0.005438762626262639,-0.3705562217177216,-0.05527362461034713,-0.6742251662758922,0.043790142875868465,-0.1605342850367737,3185.23,3185.23,3186.1949999999997,3187.149461689953,3213.322,3199.0735076000547,3216.541,3157.439963060303,3566.7271107512242,2969.6589999999997,2372.590889248775,66.46697172099806,0.028602786220230502
1367,2024-11-14 12:00:00,3185.22,3198.99,3028.56,3058.82,374374.0268,2024-11-14 23:59:59.999,1168876352.368922,3421621,174167.8288,544065559.1656569,0,-0.03968630208807522,0.617818865399417,-0.04026782464639356,-0.3218471990259171,-0.06812047209071348,-0.3616775488061571,-0.021556453341266213,0.49117357597308153,3058.82,3058.82,3122.025,3101.5964872299846,3168.602,3152.3223384000366,3209.802,3139.5090606857025,3539.7234076995355,3002.6895,2465.6555923004644,56.44523193392143,0.029506577065157514
1368,2024-11-15 00:00:00,3058.81,3114.0,3014.79,3104.29,209883.8983,2024-11-15 11:59:59.999,643988135.377912,2679050,102842.3995,315620667.492318,0,0.01486520945985692,-0.43937377255039856,-0.025411037821444604,-0.0930083127943302,-0.043008200258955576,-0.4572702760167432,-0.03593478260869565,-0.443036743631154,3104.29,3104.29,3081.5550000000003,3103.392162409995,3140.7,3136.311558933358,3198.2309999999998,3133.1055951064836,3507.977708692967,3035.8725,2563.767291307033,58.848755630699536,0.0294879291666542
1369,2024-11-15 12:00:00,3104.29,3131.06,3014.5,3090.01,309739.7334,2024-11-15 23:59:59.999,949259565.911137,3439526,153189.5626,469618310.264478,0,-0.004600085687870625,0.47576701170887303,0.01019674253470293,-0.17264630763108257,-0.024618055555555518,-0.1574842079684874,-0.029278621265954707,-0.3661973097379627,3090.01,3090.01,3097.15,3094.470720803332,3125.102,3120.8777059555723,3188.911,3125.27003235985,3448.43091050392,3069.2455,2690.06008949608,57.770536482903545,0.029394675930846433
1370,2024-11-16 00:00:00,3090.01,3195.63,3072.0,3195.34,204817.2605,2024-11-16 11:59:59.999,640318715.919495,2265724,112574.0287,351995707.798104,0,0.034087268325992515,-0.3387439891817251,0.029330378282956815,-0.024140192940184213,0.002566548274953284,-0.6289876194586654,-0.0007661541251926529,-0.2931657543099384,3195.34,3195.34,3142.675,3161.716906934444,3126.7380000000003,3145.6984706370486,3188.666,3138.010026476241,3421.590292750002,3097.5615000000003,2773.5327072499986,63.13571450604184,0.02457799542865289
1371,2024-11-16 12:00:00,3195.34,3219.97,3120.41,3132.87,218821.8968,2024-11-16 23:59:59.999,692573964.565543,2814119,108878.0649,344577863.11336,0,-0.019550345190183283,0.06837625044789619,0.013870505273445577,-0.29352978257583806,-0.016438373367072434,-0.05438367124050636,-0.07080338949872322,-0.6919419977315747,3132.87,3132.87,3164.105,3142.485635644815,3116.266,3141.4223137580325,3164.794,3137.075476207833,3392.567263158694,3118.1115,2843.655736841306,58.39697305027706,0.024675568494464038
1372,2024-11-17 00:00:00,3132.88,3162.11,3034.99,3105.52,249065.8641,2024-11-17 11:59:59.999,774089337.921041,3168435,121665.2373,378280984.545507,0,-0.008730014331906455,0.13821270970721256,-0.02810968472838571,0.21603942700913148,0.015267325308452318,-0.3347138255585844,-0.053893164189835585,-0.575332898385181,3105.52,3105.52,3119.1949999999997,3117.8418785482713,3125.6059999999998,3129.4548758386886,3147.1040000000003,3131.338116897318,3364.301695349332,3133.7735000000002,2903.2453046506685,56.40104192957628,0.024520837153334498
1373,2024-11-17 12:00:00,3105.53,3126.72,3042.93,3076.0,200753.0934,2024-11-17 23:59:59.999,619673221.975024,2664200,98108.5844,302894962.579855,0,-0.009505654447564349,-0.19397588214096817,-0.01815268427990946,-0.08257310472230572,-0.00911319496567653,-0.04350407522424027,-0.05172945311054944,-0.48088123075534195,3076.0,3076.0,3090.76,3089.947292849424,3119.9480000000003,3111.6365838924594,3130.324,3121.276641097805,3348.0490727872325,3142.8,2937.550927212768,54.245947909927715,0.023578024724774
1374,2024-11-18 00:00:00,3075.99,3149.71,3050.01,3056.28,187356.2002,2024-11-18 11:59:59.999,582402554.262783,2354886,90378.2272,281031034.780675,0,-0.006410923276983005,-0.06673318439635068,-0.015855637703186543,-0.24776443822596084,-0.010915822278892318,-0.3951173194882075,-0.035265151515151416,-0.49037678934246276,3056.28,3056.28,3066.1400000000003,3067.502430949808,3113.202,3093.18438926164,3119.152,3109.4590699891132,3331.5226107621224,3149.8945,2968.2663892378773,52.794690065566236,0.02366183815950199
1375,2024-11-18 12:00:00,3056.29,3224.94,3052.19,3207.8,453302.2355,2024-11-18 23:59:59.999,1423708705.394803,4186154,245232.408,770409424.817541,0,0.04957660947295395,1.4194674903531697,0.04284785435630689,1.2580087201784558,0.003899428542815553,1.2132032934792623,0.0064759848893687355,-0.17887417746433687,3207.8,3207.8,3132.04,3161.034143649936,3115.6940000000004,3131.3895928410934,3121.2160000000003,3127.3392390820018,3323.3624535066883,3162.197,3001.031546493312,61.35062522815925,0.025751642642839898
1376,2024-11-19 00:00:00,3207.81,3221.2,3091.13,3126.51,215628.7592,2024-11-19 11:59:59.999,677290703.255635,2137663,100752.1826,316495655.361467,0,-0.025341355446100167,-0.5243156942251612,0.022978915544387357,0.1509027134934391,-0.002030087427821625,-0.014592404355760036,-0.01843508945978778,-0.06818248707517416,3126.51,3126.51,3167.155,3138.018047883312,3114.422,3129.7630618940625,3115.344,3127.1884683398193,3319.97678655665,3165.9425,3011.90821344335,55.535014048806346,0.02579942780630509
1377,2024-11-19 12:00:00,3126.51,3150.0,3065.4,3107.44,284483.2602,2024-11-19 23:59:59.999,884352075.1625191,3025632,139786.3971,434789564.805935,0,-0.006099452744433909,0.31931965501937554,-0.031286239790510706,-0.37242034580700845,0.000618253947809011,0.14220092435380827,0.01589501834040563,-0.24010951659320612,3107.44,3107.44,3116.9750000000004,3117.632682627771,3114.8059999999996,3122.3220412627084,3120.2059999999997,3123.597837732579,3320.2193745478075,3165.004,3009.7886254521923,54.23615064371162,0.025269707159910736
1378,2024-11-20 00:00:00,3107.45,3135.13,3071.6,3099.82,173891.7013,2024-11-20 11:59:59.999,540184328.43915,2106170,95775.8786,297718919.425981,0,-0.002452179285842959,-0.38874540042268546,-0.008536675078602007,-0.1935597925566508,0.007743823146944218,-0.13380312923237891,-0.0014399427888501792,-0.17148622305725492,3099.82,3099.82,3103.63,3105.757560875924,3119.57,3114.821360841806,3119.7590000000005,3119.2745945084735,3314.5336091618956,3158.995,3003.456390838104,53.69573815909117,0.024263678797436537
1379,2024-11-20 12:00:00,3099.82,3159.2,3029.41,3069.97,329716.1323,2024-11-20 23:59:59.999,1018857438.746314,4232658,166779.4593,515535517.80369693,0,-0.009629591395629578,0.8961004454788206,-0.012058157196921049,0.15900011855952423,0.004479301634666921,0.7598357137262224,-0.006485415904803005,0.0644941437791009,3069.97,3069.97,3084.895,3081.899186958641,3122.308,3099.8709072278707,3117.755,3110.3101227796597,3313.119866932228,3153.333,2993.546133067772,51.52969007588609,0.02422879507936161
1380,2024-11-21 00:00:00,3069.97,3155.0,3032.59,3147.75,312556.0253,2024-11-21 11:59:59.999,972678774.89147,2907628,173014.2556,538446102.538435,0,0.02533575246663644,-0.052045093700136213,0.015462188127052467,0.7974177201290054,-0.01871999501215793,-0.31049088042717143,-0.014893563752214178,0.5260238543225706,3147.75,3147.75,3108.8599999999997,3125.7997289862137,3110.298,3115.830604818581,3112.996,3117.117373183358,3309.316809573027,3150.831,2992.345190426973,56.45847837584705,0.02493858303834671
1381,2024-11-21 12:00:00,3147.74,3386.73,3146.2,3355.81,662367.2782,2024-11-21 23:59:59.999,2194546044.5272994,5319800,344393.2062,1140153430.844659,0,0.06609800651258824,1.119195358861636,0.09310840171076595,1.008901637840788,0.07334056184051851,2.0717946931449944,0.07116158666015515,2.026969822884745,3355.81,3355.81,3251.7799999999997,3279.139909662071,3156.158,3195.8237365457207,3135.29,3160.516032604565,3304.2225195996493,3150.042,2995.8614804003505,66.32347565476135,0.026394287646990044
1382,2024-11-22 00:00:00,3355.88,3425.92,3304.39,3344.75,291458.966,2024-11-22 11:59:59.999,979099835.95411,3098190,147199.9447,494725454.33711904,0,-0.0032957765785309734,-0.5599737855528624,0.06258438567230562,-0.06749848856617124,0.0763683289138326,0.024520619579148084,0.07703379788248021,0.17020839870283933,3344.75,3344.75,3350.2799999999997,3322.8799698873568,3203.62,3245.465824363814,3159.213,3194.013117585553,3319.922514136796,3153.1585,2986.394485863204,65.4742654221835,0.025666785422186002
1383,2024-11-22 12:00:00,3344.76,3357.18,3257.54,3327.78,311814.7433,2024-11-22 23:59:59.999,1029364728.907564,4043521,152028.2713,501953194.359876,0,-0.005073622841766934,0.06984097137022016,-0.008352677892967675,-0.5292419273075135,0.0735397539211955,0.7931548254971268,0.08185305591677516,0.5532250986474709,3327.78,3327.78,3336.2650000000003,3326.146656629119,3249.212,3272.9038829092096,3184.391,3218.3343689336343,3336.787339644963,3157.3575,2977.927660355037,64.11771060744859,0.02553146030572367
1384,2024-11-23 00:00:00,3327.78,3402.98,3312.72,3354.65,277990.1064,2024-11-23 11:59:59.999,931158020.848578,2832148,147598.9288,494362258.232228,0,0.008074452037093671,-0.10847670813133092,0.002959862471036745,-0.046211855428046844,0.09273054785551671,-0.15688048242946107,0.09762521758477627,0.48375183796025767,3354.65,3354.65,3341.215,3345.14888554304,3306.148,3300.15258860614,3214.228,3243.119029127519,3365.709844940187,3166.69,2967.670155059813,65.34215420594882,0.024873807845647147
1385,2024-11-23 12:00:00,3354.65,3497.51,3349.68,3393.91,443033.8945,2024-11-23 23:59:59.999,1518065170.605939,3958410,229814.3696,787543108.9400061,0,0.01170315830265456,0.5937038200291864,0.019872106930145517,0.4208240758960933,0.07820189023905955,0.41745433982519997,0.05801795623168515,-0.0226523061124414,3393.91,3393.91,3374.2799999999997,3377.6562951810133,3355.38,3331.40505907076,3232.839,3270.5355692861517,3399.3412974913276,3177.0275,2954.7137025086727,67.1082448946433,0.02494047666006046
1386,2024-11-24 00:00:00,3393.91,3450.0,3339.11,3344.22,212860.9504,2024-11-24 11:59:59.999,723794248.7177249,2318524,100542.0004,342123464.484375,0,-0.014640930372343375,-0.5195380013977688,-0.0031091171955346386,-0.2342858774487666,-0.0034537116225292763,-0.6786360718505674,0.0696335530671579,-0.012835990942343667,3344.22,3344.22,3369.0649999999996,3355.3654317270043,3353.0620000000004,3335.6767060471734,3254.6099999999997,3283.9327385068514,3418.9595988487486,3184.9770000000003,2950.994401151252,62.74984122188591,0.025255710537914783
1387,2024-11-24 12:00:00,3344.22,3372.22,3281.4,3361.2,266237.1417,2024-11-24 23:59:59.999,884448529.565147,3600734,128593.6472,427309901.021386,0,0.005077417155569863,0.25075614479639174,-0.00963785132781958,-0.39905920290710406,0.004918155318035744,-0.08653645021165701,0.08166207553484539,-0.06413775800787891,3361.2,3361.2,3352.71,3359.255143909001,3356.3520000000003,3344.1844706981155,3279.986,3297.9813315056053,3438.552099389411,3200.096,2961.639900610589,63.61935279053117,0.023197991597860214
1388,2024-11-25 00:00:00,3361.21,3527.0,3300.01,3471.84,299143.0362,2024-11-25 11:59:59.999,1024872999.959283,3711146,155721.489,533765970.340596,0,0.03291681542306324,0.12359618304901598,0.03816136498196898,0.40534483021832823,0.04329012134215593,-0.04063857586043784,0.12001342013407235,0.7202835670916516,3471.84,3471.84,3416.52,3434.311714636334,3385.1639999999998,3386.736313798744,3317.1879999999996,3329.591998504586,3480.0907465473388,3218.4735,2956.8562534526613,68.73970132760324,0.02394230677206075
1389,2024-11-25 12:00:00,3471.84,3546.66,3348.72,3414.49,650187.3338,2024-11-25 23:59:59.999,2248047810.098028,6165710,317822.4509,1099698003.30593,0,-0.016518618369510185,1.1734998148688311,0.015854456741639877,1.4421360958443614,0.01783792646028637,1.3388865964332033,0.11222259500907183,0.9719609388369621,3414.49,3414.49,3443.165,3421.0972382121113,3397.132,3395.9875425324963,3351.6400000000003,3345.0279987764793,3502.605376843906,3234.6975,2966.7896231560944,63.73248992422198,0.02436146472322507
1390,2024-11-26 00:00:00,3414.49,3462.49,3280.1,3323.01,331444.9783,2024-11-26 11:59:59.999,1122536861.819458,3477435,168198.4683,570468948.317413,0,-0.02679170242115203,-0.4902315670118026,-0.042867758882897844,0.10798159472582114,-0.020890359496863353,-0.25187444478923493,0.05567786514176798,0.060433814967636224,3323.01,3323.01,3368.75,3355.705746070704,3382.952,3371.6616950216644,3369.166,3341.024726271665,3511.009974280288,3241.0809999999997,2971.152025719711,56.644494778128376,0.02437609827946174
1391,2024-11-26 12:00:00,3323.02,3362.5,3252.0,3324.73,340922.172,2024-11-26 23:59:59.999,1130082440.144816,3792170,152450.9457,505549655.158747,0,0.0005176030165421341,0.02859356551005554,-0.02628796687060142,-0.4756554699281963,-0.00582796586348977,0.6016191385002856,-0.009261549372580613,-0.4852973822522382,3324.73,3324.73,3323.87,3335.0552486902347,3379.054,3356.0177966811098,3366.058,3338.0620487677256,3518.1642904705286,3250.674,2983.1837095294713,56.741907765507904,0.023839172610519065
1392,2024-11-27 00:00:00,3324.74,3485.5,3302.4,3460.43,307895.6716,2024-11-27 11:59:59.999,1047883501.19943,2583854,173306.4893,589727551.259183,0,0.04081534440390633,-0.09687401733437273,0.041354073565833316,-0.0710504253851898,0.02952219445436155,0.15647151871447562,0.03458554451005291,0.056394578714040966,3460.43,3460.43,3392.58,3418.638416230078,3398.9,3390.8218644540734,3377.626,3360.3107671735934,3542.056163440786,3268.4195,2994.782836559214,63.676170909618875,0.025072164781331015
1393,2024-11-27 12:00:00,3460.43,3684.92,3441.31,3653.28,446677.9769,2024-11-27 23:59:59.999,1592139588.561505,3808319,249470.5592,888803619.836908,0,0.05573006822851512,0.4507445803924708,0.09882005456082155,0.31020512476378337,0.052260472832849514,0.49319196119063813,0.09781295638533805,0.43251076640159636,3653.28,3653.28,3556.855,3575.0661387433593,3435.1879999999996,3478.3079096360493,3410.1760000000004,3413.577900414758,3603.4908965321592,3297.2835,2991.0761034678408,70.83205460414078,0.027145173218149972
1394,2024-11-28 00:00:00,3653.27,3661.92,3564.75,3620.51,277741.1831,2024-11-28 11:59:59.999,1002649049.758553,2548587,144054.9153,520014336.418144,0,-0.008970021460167343,-0.3782071257966244,0.046260146860361395,-0.09793735762279543,0.060336975653758174,-0.5728289853375793,0.07925118864859226,-0.0008954394212928873,3620.51,3620.51,3636.8950000000004,3605.3620462477866,3476.392,3525.708606424033,3436.762,3451.2019185211657,3641.4980876747886,3325.495,3009.491912325211,68.36736642556664,0.027227444716076812
1395,2024-11-28 12:00:00,3620.51,3642.19,3529.76,3578.79,283235.2419,2024-11-28 23:59:59.999,1011603499.943469,2844674,137561.2292,491292907.706658,0,-0.011523238438783556,0.019781217674232687,-0.020389896202864355,-0.36590730560372065,0.0769723834716114,-0.1454532111099418,0.05447404321269578,-0.3606917091080488,3578.79,3578.79,3599.65,3587.647348749262,3527.5480000000002,3543.4024042826886,3455.25,3474.3997515173173,3673.502941110557,3344.0445,3014.586058889443,65.25426283552954,0.02580829028132945
1396,2024-11-29 00:00:00,3578.8,3602.85,3534.28,3594.74,196558.1911,2024-11-29 11:59:59.999,701814729.651654,1850655,98523.8179,351799182.504359,0,0.0044568136157752125,-0.3060249502094182,-0.007117781748980256,-0.29229727868902433,0.08121260974575373,-0.42345142896719556,0.07491133956498075,-0.07658877435886902,3594.74,3594.74,3586.765,3592.3757829164206,3581.55,3560.514936188459,3480.3019999999997,3496.2797966959865,3698.2971493390683,3367.4559999999997,3036.614850660931,65.89367474623654,0.024754707080188055
1397,2024-11-29 12:00:00,3594.75,3647.98,3559.24,3592.21,228935.0538,2024-11-29 23:59:59.999,824184392.167985,2389649,122388.058,440738641.002291,0,-0.0007038061167149445,0.16471896957745247,0.0037498707663763398,-0.19171409509545223,0.038081972471629255,-0.2564525100001438,0.06872843032250397,-0.14010850500353,3592.21,3592.21,3593.475,3592.26526097214,3607.906,3571.079957458973,3503.403,3513.7216518421706,3713.6992431622607,3391.6945,3069.6897568377394,65.6871822181923,0.02463023428777229
1398,2024-11-30 00:00:00,3592.22,3726.71,3568.4,3653.69,297970.206,2024-11-30 11:59:59.999,1091461990.128743,2807591,160052.9428,586504596.320592,0,0.017114812330014217,0.301549068410947,0.016398960703694954,0.5159388898140913,0.00011222791573595181,-0.332919415306862,0.05237856583252687,-0.003920633469855717,3653.69,3653.69,3622.95,3633.215086990713,3607.988,3598.616638305982,3521.5880000000006,3539.1704424163213,3731.3327362979385,3419.388,3107.4432637020614,68.28784692284667,0.024600355830171377
1399,2024-11-30 12:00:00,3653.68,3738.98,3651.38,3703.6,205714.5425,2024-11-30 23:59:59.999,758221080.168607,1834258,106947.6341,394285031.03898495,0,0.013660162739586479,-0.30961371856084163,0.03100876619128612,-0.10142837854916553,0.022949805414154367,-0.2593300705213277,0.08467150291844461,-0.683607274694652,3703.6,3703.6,3678.645,3680.1383623302377,3624.6059999999998,3633.6110922039884,3550.499,3569.0667256133534,3742.670860043103,3451.0695,3159.468139956897,70.25858114120689,0.02424391770240098
1400,2024-12-01 00:00:00,3703.59,3732.34,3659.2,3692.42,194789.3894,2024-12-01 11:59:59.999,720129798.193516,1828795,95965.1852,354868217.751047,0,-0.0030186845231665593,-0.05310831683180606,0.01060024249457392,-0.34627897193184487,0.031750954931694775,-0.31226994178650636,0.11116728508189855,-0.41230248713048623,3692.42,3692.42,3698.01,3688.326120776746,3647.332,3653.2140614693258,3587.44,3591.4945936836525,3752.7372690772863,3478.303,3203.8687309227134,69.22086571734255,0.024110080616158318
1401,2024-12-01 12:00:00,3692.43,3746.8,3678.61,3707.61,234299.8739,2024-12-01 23:59:59.999,869720315.832399,1839115,116064.2156,430905811.261808,0,0.0041138332042400805,0.20283694415646658,0.0010827303164488988,0.13895629862920367,0.03139865470103542,0.19201277030881259,0.11516123113756604,-0.3127467406255995,3707.61,3707.61,3700.0150000000003,3701.182040258915,3669.906,3671.3460409795507,3625.728,3612.60648574117,3781.536079180965,3495.893,3210.249920819035,69.87196960911695,0.019903890207368914
1402,2024-12-02 00:00:00,3707.61,3760.0,3569.58,3588.99,439101.0476,2024-12-02 11:59:59.999,1606178761.331982,3465376,218622.1781,800031503.656253,0,-0.03199365629071027,0.8740985229356539,-0.028011439652044,1.2542349403760698,-0.0008963841200820832,0.9180157879343509,0.03715145227616223,0.42613582489868285,3588.99,3588.99,3648.3,3626.3873467529716,3669.2619999999997,3643.894027319701,3638.5840000000003,3608.3125792427754,3787.6761106319495,3508.1050000000005,3228.5338893680514,59.319044276456694,0.02151636106866946
1403,2024-12-02 12:00:00,3588.99,3682.01,3554.32,3643.42,298029.5214,2024-12-02 23:59:59.999,1079106830.513383,3360472,149907.1689,542954475.924492,0,0.015165826597455023,-0.3212734903982952,-0.017313039936778685,0.2720003491218268,-0.0028108569692557595,0.00019906486892184994,-0.0026989445101388565,-0.33278662299770967,3643.42,3643.42,3616.205,3637.7424489176574,3667.208,3643.7360182131342,3637.5979999999995,3614.69574665318,3796.5082180370046,3523.887,3251.265781962996,62.144351428448516,0.02155557563635858
1404,2024-12-03 00:00:00,3643.43,3670.0,3585.0,3613.81,280855.9192,2024-12-03 11:59:59.999,1018467918.312623,2179869,166472.594,603623142.814502,0,-0.008126979596093764,-0.057623829073464417,0.006915594638045919,-0.36038431077521293,-0.024243978831407276,0.3652701252270485,-0.0018505680138987124,0.011214527371256056,3613.81,3613.81,3628.615,3621.7874829725524,3649.25,3633.7606788087564,3636.928,3614.534701807147,3800.5487849936526,3536.845,3273.141215006347,59.71471848683648,0.021728171212024718
1405,2024-12-03 12:00:00,3613.81,3634.81,3500.0,3614.51,397544.284,2024-12-03 23:59:59.999,1421401920.716398,3020538,210153.336,751707186.130535,0,0.00019370138441154872,0.4154741161673903,-0.007934852418881144,0.3339090776394473,-0.021099983208843986,1.0408929111823584,0.009981027106927165,0.4035834006149499,3614.51,3614.51,3614.16,3616.9358276575176,3633.668,3627.3437858725047,3640.5,3614.5302105694836,3805.1167738626013,3547.875,3290.6332261373987,59.754777261313016,0.021664319235694382
1406,2024-12-04 00:00:00,3614.51,3751.44,3614.51,3729.09,391479.3664,2024-12-04 11:59:59.999,1444843057.490023,2718789,221541.1791,818036662.1390541,0,0.031700009129868256,-0.015255954730316268,0.031899850849933964,0.39387970712920617,0.005793489606511937,0.6708475334779085,0.037374052087216336,0.9916715971446484,3729.09,3729.09,3671.8,3691.7052758858395,3637.964,3661.25919058167,3653.935,3635.359263193214,3818.046347181169,3567.1185000000005,3316.190652818832,65.7570754396067,0.022109758567643214
1407,2024-12-04 12:00:00,3729.09,3887.24,3690.0,3837.8,577264.6735,2024-12-04 23:59:59.999,2194064392.061738,5503933,294972.4524,1121390896.465686,0,0.02915188423985482,0.474572411844999,0.06177600836627928,0.4520764018833183,0.06932591063223925,0.3146510960407922,0.06836738386675623,1.5215215578314378,3837.8,3837.8,3783.445,3789.1017586286134,3687.726,3720.106127054447,3678.494,3672.1666698853564,3849.534110680435,3590.9485,3332.362889319565,70.28522749230392,0.022721488801294466
1408,2024-12-05 00:00:00,3837.8,3943.28,3765.71,3930.98,467523.687,2024-12-05 11:59:59.999,1806143594.933954,4312011,237605.8383,918835276.717383,0,0.02427953515034642,-0.1901051485354751,0.05413921358830165,0.19424860446489167,0.07892584439894379,0.5687160278746799,0.07589313816990484,0.5690283041251445,3930.98,3930.98,3884.3900000000003,3883.6872528762046,3745.2380000000003,3790.397418036298,3706.2230000000004,3719.2236389971094,3905.5308416611306,3613.9055,3322.280158338869,73.51775908826372,0.022278622718700618
1409,2024-12-05 12:00:00,3930.98,3956.0,3677.0,3785.2,478969.589,2024-12-05 23:59:59.999,1847414972.819758,4441634,227459.4633,878080033.508482,0,-0.037084899948613415,0.024481972396833918,-0.013705768930116324,-0.17027732513758276,0.047426400391830104,0.705392538509831,0.022032616913273628,1.3283214846125913,3785.2,3785.2,3858.09,3818.029084292068,3779.5160000000005,3788.664945357532,3714.3830000000003,3731.219340997635,3918.073865188811,3632.4410000000003,3346.8081348111896,62.13014681461221,0.023816740193664032
1410,2024-12-06 00:00:00,3785.21,3929.0,3777.26,3867.02,286266.3382,2024-12-06 11:59:59.999,1108778353.68128,2754257,143680.1515,556561442.251068,0,0.021615766670189274,-0.4023287808362297,-0.016270751822700658,-0.38769661054628013,0.06986009168600993,-0.27991333363002147,0.047286061715622774,0.4696197728314251,3867.02,3867.02,3826.1099999999997,3850.689694764023,3830.018,3814.7832969050214,3731.843,3755.9103699071557,3925.1271259215678,3659.6415,3394.1558740784326,65.37214122246274,0.02280773495770542
1411,2024-12-06 12:00:00,3867.01,4087.73,3831.9,3998.87,517588.7764,2024-12-06 23:59:59.999,2065301726.464913,3922942,266849.2622,1064510484.475841,0,0.03409602226003483,0.8080671994287589,0.05644880059177848,0.08062972741261021,0.07234472753406318,0.32213552187868255,0.07855734556762983,1.209086875654524,3998.87,3998.87,3932.9449999999997,3949.476564921341,3883.9739999999997,3876.1455312700145,3760.969,3800.0848481058542,3951.2632584977705,3693.3485,3435.4337415022296,69.85126511402763,0.02346560859099916
1412,2024-12-07 00:00:00,3998.87,4024.46,3968.0,3998.3,154129.9939,2024-12-07 11:59:59.999,615061243.262863,1555784,75608.3193,301741837.964633,0,-0.00014254026762550165,-0.7022153475351132,0.03394862193627146,-0.4615853373849458,0.04182083485330135,-0.7329994351369225,0.11404601294514616,-0.6489874147592446,3998.3,3998.3,3998.585,3982.025521640447,3916.0739999999996,3916.8636875133434,3801.9,3836.1239666320625,3987.4046082069885,3720.2420000000006,3453.0793917930127,69.80922540886563,0.02235275293025762
1413,2024-12-07 12:00:00,3998.29,4024.01,3976.2,3996.22,129790.0261,2024-12-07 23:59:59.999,519356815.60331,1165759,65419.2165,261790002.277579,0,-0.0005202210939649898,-0.15791843744438117,-0.0006626872091366476,-0.7492410345472862,0.016596370370747238,-0.7223883415772258,0.09683209731515996,-0.5645061419073232,3996.22,3996.22,3997.26,3991.4885072134825,3929.1220000000003,3943.3157916755627,3837.1800000000003,3865.232336335324,4028.139357172539,3737.389,3446.6386428274614,69.6445057596934,0.01929226745444133
1414,2024-12-08 00:00:00,3996.22,4008.99,3923.5,3971.84,120424.9386,2024-12-08 11:59:59.999,478251699.97207904,1210405,55654.0868,221043607.580209,0,-0.00610076522313574,-0.07215567930300315,-0.006617812570342441,-0.21867940461911617,0.04930783049772813,-0.7485749797781003,0.09907272380119592,-0.5712216465188888,3971.84,3971.84,3984.0299999999997,3978.3895024044946,3966.45,3952.8238611170423,3872.983,3884.615547910719,4057.5488850218094,3754.9555,3452.3621149781907,67.63018686487254,0.01919590032806253
1415,2024-12-08 12:00:00,3971.85,4015.58,3956.16,4004.15,130937.2299,2024-12-08 23:59:59.999,522119880.66628,1404182,69042.0862,275364247.878932,0,0.00813476877215602,0.08729330836461813,0.0019843752345967136,0.008838921097959584,0.03546141473279163,-0.5426034694707251,0.10779884410335017,-0.6706348571219805,4004.15,4004.15,3987.995,3995.563167468165,3993.876,3969.9325740780287,3911.947,3906.3490846542245,4086.0075674582135,3776.2235,3466.4394325417866,68.91341059702548,0.01881469772944753
1416,2024-12-09 00:00:00,4004.15,4006.17,3841.24,3850.88,245433.1556,2024-12-09 11:59:59.999,960180161.135584,2923244,109485.8183,428477067.827346,0,-0.038277786796198976,0.874433694583606,-0.030454398968739915,1.038059213093923,-0.037007954747216076,-0.525814378536049,0.03265944238406693,-0.3730623458983916,3850.88,3850.88,3927.5150000000003,3899.1077224893884,3964.278,3930.248382718686,3924.126,3896.2637965352747,4088.7596408904938,3789.0305,3489.301359109506,57.30751520767199,0.021244891681185343
1417,2024-12-09 12:00:00,3850.88,3946.0,3509.0,3712.0,694209.0445,2024-12-09 23:59:59.999,2606315642.992521,5407782,325033.9259,1222288870.224628,0,-0.036064483962107374,1.8285055570544113,-0.0729618021302898,4.30184612145976,-0.07160543230873129,3.504048997435274,-0.03277919641461258,0.202583626486196,3712.0,3712.0,3781.44,3774.369240829796,3907.018,3857.4989218124574,3911.546,3862.7612880743154,4083.3481796841106,3795.0199999999995,3506.6918203158884,49.21890209354131,0.023024286340299027
1418,2024-12-10 00:00:00,3712.0,3780.76,3615.11,3750.11,363257.7664,2024-12-10 11:59:59.999,1348145478.000536,3919419,177402.2525,658494559.071765,0,0.010266702586206877,-0.4767314409427864,-0.02616804470666445,0.48006802712518293,-0.06158569848506834,1.7988111052548748,-0.04601142717592044,-0.2230174074581166,3750.11,3750.11,3731.0550000000003,3758.1964136099323,3857.796,3821.7026145416385,3893.459,3842.2792356971668,4081.7074912258154,3799.8410000000003,3517.9745087741853,51.25220187130345,0.022836181845195435
1419,2024-12-10 12:00:00,3750.1,3754.5,3515.89,3628.25,578948.2673,2024-12-10 23:59:59.999,2094969017.273128,6542249,291439.9837,1054762374.027994,0,-0.03249504681196025,0.5937670735509977,-0.022561961206896575,-0.1660317999501374,-0.08650650580083796,3.8075446334502008,-0.04146412342808825,0.2087370066829024,3628.25,3628.25,3689.1800000000003,3671.5654712033106,3789.078,3757.2184096944256,3877.764,3803.364829206773,4084.9128513546116,3796.0735,3507.2341486453884,45.04177148303586,0.023857525869502114
1420,2024-12-11 00:00:00,3628.24,3728.0,3562.34,3716.84,192901.5389,2024-12-11 11:59:59.999,704855302.724892,3110198,102068.9298,373202590.38208705,0,0.024416729828429684,-0.6668069501276491,-0.008871739762300268,-0.46896788797741173,-0.07175305620418815,0.4732367489928089,-0.03883610635579848,-0.32614662236246117,3716.84,3716.84,3672.545,3701.748490401104,3731.6160000000004,3743.7589397962843,3862.7460000000005,3787.6330420782683,4084.5730885146204,3797.2945,3510.0159114853795,49.80376225020963,0.024500617750741614
1421,2024-12-11 12:00:00,3716.84,3848.64,3709.17,3831.81,268917.2412,2024-12-11 23:59:59.999,1017368234.153285,3085166,146761.1741,555393218.9185,0,0.03093218970953826,0.39406477902390624,0.056104182457107354,-0.5355073045573997,-0.004952114841283106,0.09568424258975705,-0.04177680194654987,-0.48044228649931753,3831.81,3831.81,3774.325,3788.456163467035,3727.8020000000006,3773.109293197523,3846.04,3795.665216245856,4088.117101721976,3803.5045,3518.891898278024,55.225862746456286,0.02541878492615244
1422,2024-12-12 00:00:00,3831.82,3947.81,3796.8,3913.38,232867.095,2024-12-12 11:59:59.999,907710211.853442,2983383,119230.1158,464834788.593415,0,0.021287589937914575,-0.1340566563866712,0.05287825141787117,0.20718111596153777,0.05425107758620684,-0.664557676329727,-0.02123902658629917,0.5108486616244523,3913.38,3913.38,3872.5950000000003,3871.7387211556784,3768.078,3819.8661954650156,3837.548,3817.0679042011548,4090.2111074486734,3819.7239999999997,3549.236892551326,58.6394667472853,0.024446743407596828
1423,2024-12-12 12:00:00,3913.38,3987.41,3836.07,3881.61,339231.5393,2024-12-12 23:59:59.999,1332093271.723165,4021856,165377.0393,649719430.647728,0,-0.008118301826043006,0.456760300548259,0.01299646903160645,0.2614718854999172,0.03506563807461638,-0.06614098671064228,-0.028679602224101708,1.6136949771366136,3881.61,3881.61,3897.495,3878.3195737185592,3794.3779999999997,3840.447463643344,3826.0869999999995,3828.8028307100353,4090.7575742404088,3831.6335,3572.509425759591,56.82237550884471,0.02447257277465221
1424,2024-12-13 00:00:00,3881.6,3941.19,3852.94,3901.5,170751.3441,2024-12-13 11:59:59.999,666017882.493405,2392083,85030.9032,331658413.352159,0,0.00512416239653124,-0.49665250922027115,-0.0030357389264523693,-0.26674335805151006,0.07531178943016603,-0.7050663181076249,-0.017709676119884055,0.4179068396053971,3901.5,3901.5,3891.5550000000003,3893.7731912395197,3849.028,3860.7983090955627,3819.053,3842.020497853665,4086.443623892187,3846.018,3605.592376107813,57.705999980244556,0.024321352565063615
1425,2024-12-13 12:00:00,3901.5,3968.47,3879.0,3906.8,217014.3432,2024-12-13 23:59:59.999,850924969.791776,2732495,107164.4206,420297029.19590706,0,0.001358451877482958,0.2709378326937575,0.006489575202042408,-0.36027663097657026,0.05110793039248396,0.12500058028308447,-0.024312276013635836,0.6573921975112749,3906.8,3906.8,3904.15,3902.4577304131735,3887.0199999999995,3876.1322060637085,3809.318,3853.7985891529984,4077.357776963593,3860.6325000000006,3643.907223036408,57.952928081768086,0.024312849858733332
1426,2024-12-14 00:00:00,3906.8,3945.0,3886.2,3894.53,103967.3554,2024-12-14 11:59:59.999,407173235.21890897,1445941,50912.6214,199440473.995986,0,-0.0031406777925667706,-0.5209194292554945,-0.0017864923747276107,-0.39111837773228975,0.016368243728159815,-0.6133853116443468,0.011335071464184887,-0.5763923780149612,3894.53,3894.53,3900.665,3897.1725768043916,3899.564,3882.264804042473,3813.683,3861.2043002160895,4077.3877462787955,3868.9044999999996,3660.421253721204,57.12146217054808,0.023470683021655413
1427,2024-12-14 12:00:00,3894.53,3898.8,3825.03,3870.29,161571.5925,2024-12-14 23:59:59.999,624422042.168428,1961807,80421.208,310955224.459947,0,-0.0062241143347208094,0.5540608095529185,-0.00934524418961813,-0.2554796603877195,-0.011010941947881436,-0.3061639193807094,0.04264278017241385,-0.7672580128707902,3870.29,3870.29,3882.41,3879.250858934797,3890.946,3878.273202694982,3829.512,3862.8562456313457,4078.52321606368,3870.529,3662.53478393632,55.42952981503524,0.02267071964908746
1428,2024-12-15 00:00:00,3870.3,3911.5,3831.5,3877.61,88430.2799,2024-12-15 11:59:59.999,342571319.271681,1386525,45247.9312,175349363.321698,0,0.0018913311405606148,-0.45268670976304204,-0.00434455505542386,-0.14944186509528168,-0.0010305002305743827,-0.739321762114234,0.03399900269592093,-0.7565632779819901,3877.61,3877.61,3873.95,3878.156952978266,3890.1459999999997,3878.052135129988,3842.262,3865.5387464256464,4074.045547418442,3867.8605,3661.6754525815577,55.854766425607615,0.021985834606352714
1429,2024-12-15 12:00:00,3877.61,3974.61,3844.4,3959.09,165402.9342,2024-12-15 23:59:59.999,645293683.855862,2251170,92328.3051,360320857.83859503,0,0.02101294353996397,0.8704332315474215,0.022944017114996607,0.02371296612676499,0.01476098936306558,-0.031322798237346294,0.09118445531592378,-0.7143044663189373,3959.09,3959.09,3918.3500000000004,3932.1123176594224,3901.6639999999998,3905.0647567533256,3875.346,3882.548065257347,4082.7294628705126,3876.5550000000003,3670.380537129488,60.385441106482936,0.020690956297840027
1430,2024-12-16 00:00:00,3959.09,4025.18,3902.39,3909.67,252349.4168,2024-12-16 11:59:59.999,1002500081.477249,3105586,138227.595,549522105.272812,0,-0.012482666471335557,0.5256646928334843,0.008267979502837974,1.8536539416743385,0.0007346165659873893,0.16282367828303057,0.05188009169079111,0.30817731283532024,3909.67,3909.67,3934.38,3917.150772553141,3902.2380000000003,3906.5998378355507,3894.629,3887.4793261196473,4085.305157316465,3878.6875,3672.069842683535,56.591695789330885,0.020432044370029094
1431,2024-12-16 12:00:00,3909.68,4107.8,3884.0,3986.24,421001.6555,2024-12-16 23:59:59.999,1684050915.632996,4012038,219742.6311,879198468.772349,0,0.019584773139420975,0.6683282285279288,0.006857636477069162,1.5453094743224938,0.023548412773813476,3.0493638977374626,0.04030210266166634,0.5655435613624018,3986.24,3986.24,3947.955,3963.210257517713,3920.5800000000004,3933.146558557034,3910.072,3905.435812279711,4083.2729645422714,3878.0559999999996,3672.8390354577277,60.71034439660352,0.019417974082819988
1432,2024-12-17 00:00:00,3986.24,4041.82,3943.0,3997.14,174838.6621,2024-12-17 11:59:59.999,699608071.90246,2784886,86975.8181,348171684.921781,0,0.002734406357871144,-0.5847078988505308,0.02237273222548186,-0.30715646456766454,0.032775321745915686,0.08211263746750519,0.021403492632966925,-0.24919120883094292,3997.14,3997.14,3991.6899999999996,3985.8300858392377,3945.95,3954.4777057046895,3918.4480000000003,3922.1093009561273,4083.079605669411,3877.9979999999996,3672.916394330588,61.2736461003008,0.019427343713761442
1433,2024-12-17 12:00:00,3997.15,4025.6,3847.96,3893.01,275987.324,2024-12-17 23:59:59.999,1088924770.798297,4089314,125030.2799,493692387.84876,0,-0.026051126555487136,0.5785257144220624,-0.02338795456369902,-0.3444507393391948,0.003971518538481211,2.1209595210158327,0.0029369256571372127,-0.18643377154878826,3893.01,3893.01,3945.075,3923.9500286130797,3949.03,3933.9884704697934,3919.5880000000006,3916.818518964104,4070.8317567726262,3872.8375,3674.843243227374,53.39743587484527,0.020294266006448895
1434,2024-12-18 00:00:00,3893.01,3903.2,3803.63,3882.65,209224.4752,2024-12-18 11:59:59.999,806370462.225111,3050258,98889.0843,381286338.658916,0,-0.0026611799096329936,-0.24190548983329407,-0.028642979730507223,0.19667167826034282,-0.019307467119969446,0.2649381113578819,-0.0048314750736895284,0.22531671011308885,3882.65,3882.65,3887.83,3896.41667620436,3933.7419999999997,3916.8756469798627,3917.703,3910.6060609706306,4061.20210426071,3868.3779999999997,3675.5538957392896,52.67201165512522,0.020264303671477944
1435,2024-12-18 12:00:00,3882.66,3907.19,3617.42,3626.8,513280.5866,2024-12-18 23:59:59.999,1929004170.51353,3533986,240098.6571,902617486.995112,0,-0.06589571555509766,1.4532530723728638,-0.06838153511036449,0.8597976862154726,-0.07235137492422627,1.0340074215697572,-0.07166990887683011,1.365191991604728,3626.8,3626.8,3754.7250000000004,3716.6722254014535,3877.168,3820.183764653242,3889.703,3859.00495897597,4058.657299590496,3849.5105000000003,3640.3637004095044,38.69210302019507,0.024778256803435816
1436,2024-12-19 00:00:00,3626.8,3720.0,3542.22,3705.62,320315.9094,2024-12-19 11:59:59.999,1166502037.240769,2473274,154203.2505,562015128.644639,0,0.021732656887614388,-0.3759438448241518,-0.04559514764400607,0.5309676800183463,-0.0703971662519065,-0.2391576013648241,-0.048506495007099804,2.080927740901256,3705.62,3705.62,3666.21,3709.3040751338176,3821.0440000000003,3781.9958431021614,3870.8120000000004,3831.1167846167027,4060.586454827003,3842.2475,3623.908545172997,43.65374241027465,0.024115121676788257
1437,2024-12-19 12:00:00,3705.62,3710.2,3326.8,3417.01,757837.5757,2024-12-19 23:59:59.999,2641473293.440393,3884364,343902.1553,1197851941.718157,0,-0.07788440261008944,1.3659067609833806,-0.05784438072129705,0.47645867676383324,-0.14513627243479077,3.334496538680618,-0.11711783871492831,3.6904134815654555,3417.01,3417.01,3561.315,3514.441358377939,3705.018,3660.333895401441,3825.4839999999995,3755.82464195912,4109.587014716897,3827.4980000000005,3545.408985283104,33.092813905696616,0.028644828132461584
1438,2024-12-20 00:00:00,3417.01,3465.6,3103.0,3104.56,751377.5678,2024-12-20 11:59:59.999,2476326971.094694,4564768,336513.4173,1107490655.97496,0,-0.09143959192393358,-0.008524264442856477,-0.16220227654211705,1.3457391461056165,-0.20252966213803725,1.7225075300922152,-0.19936249390732952,7.496835797078598,3104.56,3104.56,3260.785,3241.187119459313,3547.328,3475.0759302676274,3748.179,3637.4128888756436,4217.993434397358,3795.2205000000004,3372.447565602642,25.812311416049837,0.03446564944315581
1439,2024-12-20 12:00:00,3104.68,3497.84,3101.9,3472.21,581406.1632,2024-12-20 23:59:59.999,1945257324.4862049,2464778,280035.2773,936384383.813016,0,0.11842257840080395,-0.22621304106491857,0.016154474233320837,-0.23280900572531493,-0.10571130542284268,1.7788630495749955,-0.12297775498915153,2.515089777651599,3472.21,3472.21,3288.385,3395.2023731531044,3465.2400000000002,3474.1206201784184,3699.4910000000004,3607.3759999891627,4227.628445697452,3787.4184999999998,3347.2085543025473,41.9857121619435,0.04416467661411903
1440,2024-12-21 00:00:00,3472.2,3555.18,3423.91,3442.23,211934.7377,2024-12-21 11:59:59.999,739508049.549839,1021577,105590.6103,368468320.24496895,0,-0.00863427039263176,-0.6354790315026368,0.10876581544566699,-0.7179384283183547,-0.05089059225763759,-0.5870976942575057,-0.11955996286131565,-0.1601536457365017,3442.23,3442.23,3457.2200000000003,3426.554124384368,3428.326,3463.490413452279,3652.7470000000003,3577.3494545365875,4238.301220801944,3773.6880000000006,3309.074779198057,41.19700302439163,0.043769528349182914
1441,2024-12-21 12:00:00,3442.23,3444.24,3293.11,3338.92,263341.0823,2024-12-21 23:59:59.999,887952672.142314,1711100,121842.7687,410943620.141126,0,-0.0300125209529869,0.24255742667710867,-0.038387655124546005,-0.547061763414069,-0.09895779923467596,-0.17787073769368011,-0.16238861684193617,-0.3744892000786918,3338.92,3338.92,3390.575,3368.1313747947897,3354.986,3421.96694230152,3588.0150000000003,3533.998644620844,4249.608229891109,3749.0435000000007,3248.4787701088926,38.51221927563719,0.043408506978128404
1442,2024-12-22 00:00:00,3338.92,3403.0,3295.07,3381.03,131465.5299,2024-12-22 11:59:59.999,440637702.04364896,1037758,68502.2465,229734224.734793,0,0.01261186251841906,-0.5007785008256572,-0.017779172222657902,-0.37968861864404024,-0.010529673603530632,-0.8265254533221478,-0.15413770846154995,-0.24807517787566047,3381.03,3381.03,3359.9750000000004,3376.73045826493,3347.79,3408.32129486768,3526.404,3506.1861637806905,4241.479536521967,3722.4260000000004,3203.3724634780333,40.22227641760227,0.04316444737647322
1443,2024-12-22 12:00:00,3381.03,3397.88,3221.1,3281.83,230454.7196,2024-12-22 23:59:59.999,761257522.9733031,1508798,109822.3977,362736921.507948,0,-0.029340171486203936,0.7529668786585861,-0.017098343176835673,-0.12488124683309243,0.057099878887829414,-0.6932903915740243,-0.1569942024294827,-0.16498078150864637,3281.83,3281.83,3331.4300000000003,3313.4634860883098,3383.244,3366.1575299117867,3465.286,3465.394134002383,4239.772611086986,3692.4370000000004,3145.1013889130145,37.571395353120906,0.043468591092355714
1444,2024-12-23 00:00:00,3281.83,3363.12,3216.97,3339.54,206104.966,2024-12-23 11:59:59.999,680364147.332022,1519935,105454.0618,348195827.634828,0,0.01758470121852751,-0.10565960047276912,-0.012271408416961727,0.5677490986175229,-0.03820909449601262,-0.6455060523169907,-0.13988126666065703,-0.014909867485713768,3339.54,3339.54,3310.685,3330.847828696103,3356.71,3357.2850199411914,3410.975,3442.511564183768,4223.431185311123,3664.339,3105.2468146888764,40.04687580715895,0.04374692693306205
1445,2024-12-23 12:00:00,3339.51,3466.99,3269.35,3422.53,282148.444,2024-12-23 23:59:59.999,946705436.54666,2512889,146152.1554,490379032.150884,0,0.02485072794456733,0.36895509834537443,0.04287242178906281,0.2243118495890417,-0.005723034195855514,0.3312987151704674,-0.05632237785375538,-0.45030369087409383,3422.53,3422.53,3381.035,3391.969276232034,3352.7700000000004,3379.033346627461,3390.5480000000002,3438.878552513992,4197.0597407672285,3640.1254999999996,3083.1912592327703,43.51555483336022,0.04429069575300335
1446,2024-12-24 00:00:00,3422.53,3434.97,3358.19,3414.56,124459.7354,2024-12-24 11:59:59.999,423285162.480054,1102145,63561.8448,216182255.714876,0,-0.0023286866733089884,-0.5588856219246066,0.022464171712271774,-0.39613422318024105,0.022654031842631817,-0.5273820008903336,-0.07854556052698336,-0.611446913039281,3414.56,3414.56,3418.545,3407.0297587440114,3367.8979999999997,3390.8755644183075,3361.442,3434.4569975114478,4168.488897277475,3616.1269999999995,3063.765102722524,43.25671976403955,0.04429350551064209
1447,2024-12-24 12:00:00,3414.56,3539.65,3395.59,3493.18,191263.9409,2024-12-24 23:59:59.999,664191296.773109,1662252,94657.054,328723133.744354,0,0.023024928541305334,0.5367535555599452,0.0206426240237485,-0.32211591108402504,0.03317036524372741,0.4548600005300705,0.022291418520870465,-0.7476188209283062,3493.18,3493.18,3453.87,3464.46325291467,3390.328,3424.9770429455384,3369.0589999999997,3445.1339070548206,4139.290847340088,3597.2715000000003,3055.2521526599126,46.62914371536411,0.04475320945825925
1448,2024-12-25 00:00:00,3493.17,3547.95,3458.0,3471.04,117611.6249,2024-12-25 11:59:59.999,411168322.127672,1110886,59665.1619,208647941.968387,0,-0.00633806445702767,-0.3850820790025874,0.016540930603064607,-0.055022698529696656,0.057653809002903955,-0.4896540843071543,0.11804571340222125,-0.8434720040360513,3471.04,3471.04,3482.1099999999997,3468.8477509715567,3428.1699999999996,3440.3313619636924,3405.707,3449.8441057721257,4105.716036986548,3576.943,3048.1699630134526,45.803569143075215,0.04473243214580064
1449,2024-12-25 12:00:00,3471.04,3501.05,3440.93,3497.0,102234.4203,2024-12-25 23:59:59.999,355181580.585545,1022213,50721.0485,176246309.108294,0,0.007479026458928839,-0.13074561815700247,0.0010935594501286783,-0.4654799026992128,0.04715020631583999,-0.5039691556971024,0.0071395451311988545,-0.8241600678305296,3497.0,3497.0,3484.02,3487.6159169905186,3459.6619999999994,3459.220907975795,3408.186,3458.417904722648,4053.374848718468,3553.8384999999994,3054.3021512815308,46.988734090382906,0.04442628764640564
1450,2024-12-26 00:00:00,3497.0,3514.94,3346.87,3373.28,152206.0919,2024-12-26 11:59:59.999,520116529.208765,1239934,77271.7458,264079241.140258,0,-0.03537889619673995,0.48879498170343716,-0.02816446943855433,0.2941415615115781,-0.014389939606080926,-0.46054605248859715,-0.020030619685494577,-0.2818256527844326,3373.28,3373.28,3435.1400000000003,3411.3919723301733,3449.8120000000004,3430.57393865053,3401.291,3442.938285682166,4004.3621517011443,3527.0189999999993,3049.6758482988544,42.247130586189,0.04491473492455617
1451,2024-12-26 12:00:00,3373.28,3374.0,3304.63,3335.05,157964.08,2024-12-26 23:59:59.999,527347627.823424,1303380,87074.503,290648194.189863,0,-0.011333183133330205,0.03783020789853153,-0.046311123820417466,0.5451164053795685,-0.023285577058244633,0.2691982631356291,-0.0011590574197644088,-0.400154056403375,3335.05,3335.05,3354.165,3360.497324110058,3433.91,3398.7326257670206,3400.904,3423.322233739954,3928.9818059164922,3494.4595,3059.9371940835076,40.87456317063107,0.044503610391814455
1452,2024-12-27 00:00:00,3335.04,3444.16,3317.25,3419.27,181960.6055,2024-12-27 11:59:59.999,615596748.205261,1523155,92543.7224,313023452.074275,0,0.02525299470772535,0.1519112794503663,0.01363361476070768,0.19548832263263716,-0.02115837145523558,-0.048641345337875896,0.011310162879359265,0.38409365282602503,3419.27,3419.27,3377.16,3399.679108036686,3419.1279999999997,3405.578417178014,3404.728,3422.585463969053,3834.4337976402776,3465.5660000000003,3096.698202359723,45.105720544722665,0.045069222317018945
1453,2024-12-27 12:00:00,3419.27,3423.0,3306.6,3333.51,160568.9983,2024-12-27 23:59:59.999,537038476.060178,1610240,79023.948,264304176.39588,0,-0.025081377019071205,-0.11756174992504076,-0.00046176219247084926,0.016490573679788678,-0.03962213054300723,0.3652476822467574,0.01574731171328203,-0.3032514214562434,3333.51,3333.51,3376.3900000000003,3355.566369345562,3391.6220000000003,3381.55561145201,3409.8959999999997,3406.3899250655886,3753.6275998361452,3437.5910000000003,3121.5544001638555,41.82355851741671,0.045047956823899234
1454,2024-12-28 00:00:00,3333.51,3363.53,3322.23,3359.23,77165.9788,2024-12-28 11:59:59.999,258008379.495655,645883,36657.0635,122591253.247287,0,0.007715591073673034,-0.5194216840300236,-0.01755930359404201,-0.5759193118314833,-0.039396625679153585,-0.24520549367266287,0.005896021607766366,-0.6255986437512622,3359.23,3359.23,3346.37,3358.0087897818544,3364.068,3374.113740968007,3411.8650000000002,3397.815393235481,3653.8081887386315,3411.4200000000005,3169.0318112613695,43.159409000612676,0.045157375887305826
1455,2024-12-28 12:00:00,3359.23,3428.68,3351.02,3404.0,98797.6342,2024-12-28 23:59:59.999,334583496.683331,799451,51747.8943,175280636.862175,0,0.013327458971252426,0.28032632691753023,0.021145879268398726,-0.38470292991794797,0.009106863349618077,-0.35089566411763307,-0.005414123470064647,-0.6498381036614896,3404.0,3404.0,3381.615,3388.669596593951,3370.2120000000004,3384.0758273120045,3410.012,3398.939867192666,3621.614448380715,3400.28,3178.945551619285,45.505082243767966,0.04307665653552741
1456,2024-12-29 00:00:00,3404.01,3413.78,3375.62,3398.36,58002.7276,2024-12-29 11:59:59.999,196874811.893333,398691,26791.4217,90945095.998433,0,-0.0016568742655699298,-0.4129138003185101,0.01164850278188756,-0.24833808237782629,0.01898322363982552,-0.6328106516367518,-0.004744388735298144,-0.533963916815462,3398.36,3398.36,3401.1800000000003,3395.129865531317,3382.8740000000007,3388.8372182080034,3408.392,3398.8344367939994,3556.378614141466,3384.9170000000004,3213.4553858585346,45.251732288932864,0.042706095384712116
1457,2024-12-29 12:00:00,3398.37,3410.92,3326.17,3356.48,98254.1543,2024-12-29 23:59:59.999,330375844.252371,771806,47925.8666,161164514.013634,0,-0.012323591379371224,0.6939574803720092,-0.013960047003525267,-0.005500940426365064,-0.018363568831943677,-0.46002512999991096,-0.03913339707658914,-0.4862902341253599,3356.48,3356.48,3377.42,3369.363288510439,3370.3160000000003,3378.0514788053356,3394.722,3391.133630104181,3553.1160435938145,3381.8905,3210.6649564061854,43.32291601873218,0.03905245283848697
1458,2024-12-30 00:00:00,3356.48,3437.59,3347.77,3424.13,154830.6019,2024-12-30 11:59:59.999,528231848.555284,976751,85433.8614,291408661.972908,0,0.020155043378777826,0.5758173585948825,0.007583069480572968,1.669367602291862,0.027184559218361493,-0.03573788502609099,-0.01351468147874979,0.3164566175464856,3424.13,3424.13,3390.3050000000003,3405.8744295034794,3388.44,3393.410985870224,3390.031,3397.132970085239,3513.0702619548747,3397.869,3282.6677380451256,47.23532905272981,0.032798660625909866
1459,2024-12-30 12:00:00,3424.12,3430.2,3305.0,3361.84,265964.0457,2024-12-30 23:59:59.999,892499875.81728,1723915,129704.6655,435469367.74716306,0,-0.018191482215920485,0.7177744091686566,0.0015969110496711902,1.7068987321180376,0.0007769637684826858,2.4466490263711917,-0.038650271661423985,1.601511750343441,3361.84,3361.84,3392.985,3376.5181431678266,3388.9620000000004,3382.8873239134828,3376.5150000000003,3390.716066433377,3503.273068934352,3392.3504999999996,3281.427931065647,44.20921549796914,0.019585894721241656
1460,2024-12-31 00:00:00,3361.83,3410.0,3315.59,3394.73,110754.4344,2024-12-31 11:59:59.999,372338322.55773294,863034,54232.5786,182383228.714218,0,0.009783332936725175,-0.5835736589564144,-0.008586122606326296,-0.2846734880515892,-0.0027232667450058923,0.12102314288007521,0.006358796186500815,-0.2723390173320651,3394.73,3394.73,3378.285,3388.659381055942,3387.108,3386.8348826089887,3378.66,3391.4458725363993,3498.5332878320874,3389.9755000000005,3281.4177121679136,46.17018739457953,0.019662207936150967
