open_time,open,high,low,close,volume,close_time,quote_asset_volume,number_of_trades,taker_buy_base_asset_volume,taker_buy_quote_asset_volume
2022-01-01 14:00:00,47023.24000000,47066.89000000,46950.00000000,46969.74000000,103.67317000,2022-01-01 14:14:59.999,4873457.64063850,5650,39.96746000,1878757.63254300
2022-01-01 14:15:00,46969.73000000,47100.00000000,46967.54000000,47024.10000000,113.55795000,2022-01-01 14:29:59.999,5341804.17253120,5418,46.30329000,2178019.87980550
2022-01-01 14:30:00,47024.11000000,47031.90000000,46850.18000000,46904.67000000,124.59323000,2022-01-01 14:44:59.999,5846221.84987400,6631,64.19106000,3012006.19748940
2022-01-01 14:45:00,46904.67000000,46965.50000000,46877.04000000,46926.22000000,161.83785000,2022-01-01 14:59:59.999,7595366.84535340,5321,50.82692000,2385199.95832290
2022-01-01 15:00:00,46920.01000000,47009.74000000,46871.69000000,46953.79000000,121.57924000,2022-01-01 15:14:59.999,5708653.52304330,6895,64.03025000,3006836.49114100
2022-01-01 15:15:00,46953.79000000,47030.00000000,46920.80000000,47026.82000000,82.47188000,2022-01-01 15:29:59.999,3875025.22591070,5128,40.66316000,1910598.05647020
2022-01-01 15:30:00,47026.83000000,47491.14000000,46996.75000000,47342.13000000,861.85823000,2022-01-01 15:44:59.999,40762122.35624950,15212,489.25080000,23131918.10557340
2022-01-01 15:45:00,47342.12000000,47408.04000000,47117.09000000,47219.04000000,450.04370000,2022-01-01 15:59:59.999,21259442.60938960,10176,233.69304000,11039419.28233400
2022-01-01 16:00:00,47219.04000000,47461.29000000,47186.07000000,47428.34000000,320.37946000,2022-01-01 16:14:59.999,15165422.90040340,9876,164.95586000,7807731.62347810
2022-01-01 16:15:00,47428.34000000,47527.24000000,47342.42000000,47480.45000000,296.91076000,2022-01-01 16:29:59.999,14077645.53121420,9498,145.40116000,6894728.17827430
2022-01-01 16:30:00,47480.46000000,47497.19000000,47375.65000000,47421.77000000,219.15048000,2022-01-01 16:44:59.999,10394587.20188190,8522,94.09941000,4462696.64037720
2022-01-01 16:45:00,47421.78000000,47476.99000000,47253.40000000,47268.62000000,213.13849000,2022-01-01 16:59:59.999,10089490.60760450,8220,94.85877000,4490707.39760150
2022-01-01 17:00:00,47268.61000000,47369.00000000,47238.81000000,47246.04000000,149.26952000,2022-01-01 17:14:59.999,7061692.89187380,8191,73.27002000,3466584.38318510
2022-01-01 17:15:00,47246.04000000,47350.00000000,47241.28000000,47330.45000000,108.91746000,2022-01-01 17:29:59.999,5150338.72078160,7171,55.76222000,2636959.49192090
2022-01-01 17:30:00,47330.45000000,47900.00000000,47325.71000000,47846.04000000,697.35462000,2022-01-01 17:44:59.999,33247453.58885490,21486,385.31015000,18368735.70707890
2022-01-01 17:45:00,47846.03000000,47954.63000000,47672.01000000,47754.48000000,365.12417000,2022-01-01 17:59:59.999,17457895.45047520,13159,151.14684000,7226647.26027030
2022-01-01 18:00:00,47754.47000000,47844.97000000,47660.85000000,47742.16000000,226.83378000,2022-01-01 18:14:59.999,10831060.38536500,9602,110.56500000,5279255.49929670
2022-01-01 18:15:00,47742.16000000,47780.74000000,47601.01000000,47637.43000000,175.79179000,2022-01-01 18:29:59.999,8381571.06829000,7455,92.69994000,4419160.50007090
2022-01-01 18:30:00,47637.43000000,47658.64000000,47420.00000000,47468.81000000,290.65106000,2022-01-01 18:44:59.999,13812880.86655030,9395,138.26611000,6570832.10335190
2022-01-01 18:45:00,47468.81000000,47628.39000000,47430.00000000,47560.55000000,167.48362000,2022-01-01 18:59:59.999,7961278.26499630,7019,98.27464000,4671256.56470700
2022-01-01 19:00:00,47560.54000000,47611.84000000,47489.76000000,47508.60000000,160.74950000,2022-01-01 19:14:59.999,7644149.58133050,8273,73.55131000,3498008.91652400
2022-01-01 19:15:00,47508.61000000,47508.61000000,47338.53000000,47388.85000000,194.58520000,2022-01-01 19:29:59.999,9226425.40627720,9331,95.11996000,4510662.45884620
2022-01-01 19:30:00,47388.84000000,47414.27000000,47300.00000000,47321.34000000,319.37226000,2022-01-01 19:44:59.999,15120577.45107870,9728,163.83579000,7757113.48919190
2022-01-01 19:45:00,47321.34000000,47355.79000000,47292.72000000,47329.78000000,155.96464000,2022-01-01 19:59:59.999,7380341.63641550,7570,113.56296000,5373768.74013510
2022-01-01 20:00:00,47329.79000000,47358.21000000,47301.01000000,47322.14000000,132.71010000,2022-01-01 20:14:59.999,6281183.35358660,6313,95.79856000,4534124.55486190
2022-01-01 20:15:00,47322.15000000,47452.55000000,47250.18000000,47412.36000000,150.26913000,2022-01-01 20:29:59.999,7115267.44803690,6647,100.09631000,4740132.41124640
2022-01-01 20:30:00,47412.36000000,47559.03000000,47384.60000000,47393.79000000,228.20570000,2022-01-01 20:44:59.999,10834903.21398740,7689,118.24808000,5614272.28794750
2022-01-01 20:45:00,47393.78000000,47468.01000000,47347.01000000,47391.82000000,206.02299000,2022-01-01 20:59:59.999,9766601.12469210,6096,104.47348000,4952457.24058330
2022-01-01 21:00:00,47391.82000000,47573.05000000,47363.97000000,47509.55000000,277.01086000,2022-01-01 21:14:59.999,13140805.50891150,6863,211.05036000,10012585.11219280
2022-01-01 21:15:00,47509.55000000,47539.20000000,47340.00000000,47366.34000000,150.71611000,2022-01-01 21:29:59.999,7149356.37506460,5912,70.69313000,3353244.77616490
2022-01-01 21:30:00,47366.33000000,47491.03000000,47343.42000000,47445.58000000,229.45233000,2022-01-01 21:44:59.999,10882550.80287720,6859,101.92837000,4834004.94529740
2022-01-01 21:45:00,47445.59000000,47472.61000000,47268.79000000,47319.67000000,152.03997000,2022-01-01 21:59:59.999,7194485.93173440,6528,84.46455000,3996520.38907270
2022-01-01 22:00:00,47319.66000000,47370.00000000,47222.22000000,47262.69000000,167.09944000,2022-01-01 22:14:59.999,7904559.68966400,7893,86.93296000,4112146.61350540
2022-01-01 22:15:00,47262.70000000,47422.39000000,47255.00000000,47388.27000000,103.20575000,2022-01-01 22:29:59.999,4884933.03895580,6413,43.10191000,2039705.32414550
2022-01-01 22:30:00,47388.26000000,47489.83000000,47376.72000000,47448.29000000,105.17114000,2022-01-01 22:44:59.999,4989819.91210930,6831,54.31471000,2577009.32529010
2022-01-01 22:45:00,47448.29000000,47490.98000000,47369.75000000,47440.74000000,91.00228000,2022-01-01 22:59:59.999,4317340.89770090,5232,45.09490000,2139590.75311450
2022-01-01 23:00:00,47440.74000000,47455.29000000,47277.77000000,47334.34000000,126.07666000,2022-01-01 23:14:59.999,5971545.64202600,7650,57.75117000,2735020.56276390
2022-01-01 23:15:00,47334.33000000,47488.00000000,47328.24000000,47428.83000000,104.14312000,2022-01-01 23:29:59.999,4937933.05413930,6759,48.70891000,2309298.37423320
2022-01-01 23:30:00,47428.91000000,47585.93000000,47370.58000000,47498.17000000,118.01271000,2022-01-01 23:44:59.999,5606037.32701090,7401,66.04370000,3136976.08392300
2022-01-01 23:45:00,47498.17000000,47814.00000000,47492.69000000,47722.65000000,398.05705000,2022-01-01 23:59:59.999,18982912.50154490,10927,224.03265000,10683896.29972720
2022-01-02 00:00:00,47722.66000000,47750.00000000,47463.63000000,47517.62000000,294.05935000,2022-01-02 00:14:59.999,14004091.75597740,9837,141.79544000,6752542.09587570
2022-01-02 00:15:00,47517.63000000,47578.79000000,47381.12000000,47544.70000000,324.85868000,2022-01-02 00:29:59.999,15427777.18885210,8682,162.61344000,7724293.16725160
2022-01-02 00:30:00,47544.70000000,47699.39000000,47491.43000000,47638.95000000,266.91970000,2022-01-02 00:44:59.999,12709861.80531630,8173,125.08876000,5955309.78968790
2022-01-02 00:45:00,47641.55000000,47700.00000000,47575.69000000,47625.30000000,196.67044000,2022-01-02 00:59:59.999,9368817.91000820,6229,115.32043000,5493878.53441610
2022-01-02 01:00:00,47625.29000000,47641.83000000,47425.65000000,47442.34000000,138.49194000,2022-01-02 01:14:59.999,6580935.21428970,6430,54.31392000,2580783.35222240
2022-01-02 01:15:00,47442.34000000,47504.92000000,47412.89000000,47455.23000000,121.11451000,2022-01-02 01:29:59.999,5748746.82040360,6359,74.19052000,3521440.11682310
2022-01-02 01:30:00,47455.22000000,47485.23000000,47315.53000000,47388.64000000,116.61685000,2022-01-02 01:44:59.999,5527022.17330830,5980,61.69591000,2923968.26589950
2022-01-02 01:45:00,47388.64000000,47404.17000000,47315.38000000,47377.97000000,89.53030000,2022-01-02 01:59:59.999,4239502.27464840,5624,42.19889000,1998315.05846480
2022-01-02 02:00:00,47377.97000000,47438.08000000,47325.81000000,47436.78000000,99.55940000,2022-01-02 02:14:59.999,4718198.78156040,6598,53.67455000,2543821.57307360
2022-01-02 02:15:00,47438.08000000,47449.56000000,47310.00000000,47326.09000000,110.00959000,2022-01-02 02:29:59.999,5212784.99897050,6285,46.94998000,2224828.74500990
2022-01-02 02:30:00,47326.08000000,47439.21000000,47275.50000000,47370.41000000,151.72986000,2022-01-02 02:44:59.999,7183460.69295960,6613,74.25021000,3515686.89674260
2022-01-02 02:45:00,47370.40000000,47427.86000000,47357.06000000,47370.50000000,91.09360000,2022-01-02 02:59:59.999,4316761.30095000,6017,40.92999000,1939615.95595930
2022-01-02 03:00:00,47370.49000000,47393.45000000,47283.33000000,47295.80000000,83.40265000,2022-01-02 03:14:59.999,3950269.74432260,5014,42.78174000,2026503.17769260
2022-01-02 03:15:00,47295.81000000,47389.48000000,47269.47000000,47382.71000000,90.12151000,2022-01-02 03:29:59.999,4265277.23017390,4542,44.76239000,2118591.02617150
2022-01-02 03:30:00,47382.71000000,47467.11000000,47373.94000000,47406.18000000,93.06283000,2022-01-02 03:44:59.999,4413055.55614030,4376,49.38627000,2341888.49172430
2022-01-02 03:45:00,47406.18000000,47415.00000000,47282.82000000,47329.47000000,120.66603000,2022-01-02 03:59:59.999,5709720.79373860,5054,46.70739000,2210298.73683720
2022-01-02 04:00:00,47329.47000000,47415.73000000,47294.29000000,47381.63000000,117.25266000,2022-01-02 04:14:59.999,5552818.45407520,6137,45.12513000,2137206.66625990
2022-01-02 04:15:00,47381.64000000,47382.48000000,47289.00000000,47305.86000000,91.68911000,2022-01-02 04:29:59.999,4338291.77060230,4352,37.55330000,1776794.37944800
2022-01-02 04:30:00,47305.87000000,47387.95000000,47112.66000000,47159.47000000,366.01707000,2022-01-02 04:44:59.999,17289535.98216590,8434,189.70368000,8963415.75681370
2022-01-02 04:45:00,47159.47000000,47168.14000000,46770.23000000,46910.30000000,684.72936000,2022-01-02 04:59:59.999,32133719.65901840,17300,313.55388000,14713255.17295530
2022-01-02 05:00:00,46910.30000000,47006.40000000,46832.08000000,46882.49000000,238.54018000,2022-01-02 05:14:59.999,11191299.89450310,7821,106.94090000,5017775.40025420
2022-01-02 05:15:00,46882.49000000,46964.58000000,46850.00000000,46945.27000000,135.97000000,2022-01-02 05:29:59.999,6379966.08260870,5122,69.10364000,3242452.22027060
2022-01-02 05:30:00,46945.26000000,47071.32000000,46938.38000000,46969.69000000,138.54659000,2022-01-02 05:44:59.999,6511570.20562010,5251,75.51709000,3548961.83149670
2022-01-02 05:45:00,46968.65000000,47089.63000000,46912.95000000,47081.28000000,173.14700000,2022-01-02 05:59:59.999,8140074.52850910,5860,105.27768000,4948982.98773750
2022-01-02 06:00:00,47081.28000000,47159.99000000,47011.24000000,47035.39000000,137.59054000,2022-01-02 06:14:59.999,6474870.05105030,5285,82.98619000,3905363.08205920
2022-01-02 06:15:00,47035.38000000,47200.00000000,47028.21000000,47106.80000000,112.56420000,2022-01-02 06:29:59.999,5305253.98711610,5187,55.90512000,2634786.99473500
2022-01-02 06:30:00,47106.80000000,47236.66000000,47059.02000000,47184.84000000,209.50390000,2022-01-02 06:44:59.999,9878181.07027130,5485,128.46220000,6057691.38008770
2022-01-02 06:45:00,47184.84000000,47244.00000000,47113.22000000,47122.61000000,68.54333000,2022-01-02 06:59:59.999,3234029.01200330,3822,31.66485000,1494145.67458270
2022-01-02 07:00:00,47122.60000000,47182.58000000,47087.62000000,47135.88000000,133.33295000,2022-01-02 07:14:59.999,6285286.69550390,5077,68.09475000,3209887.52089400
2022-01-02 07:15:00,47135.88000000,47211.55000000,47133.00000000,47181.44000000,74.70170000,2022-01-02 07:29:59.999,3524613.48965340,4356,35.07906000,1655118.94344370
2022-01-02 07:30:00,47181.45000000,47300.00000000,47162.40000000,47178.61000000,192.91864000,2022-01-02 07:44:59.999,9112165.07098220,5892,100.35567000,4740209.17643550
2022-01-02 07:45:00,47174.19000000,47196.61000000,47090.18000000,47173.45000000,143.42104000,2022-01-02 07:59:59.999,6762017.88914480,5377,58.84694000,2774572.02873540
2022-01-02 08:00:00,47173.44000000,47178.95000000,46970.05000000,47060.74000000,173.36588000,2022-01-02 08:14:59.999,8157844.34064650,7846,74.62121000,3512003.37215530
2022-01-02 08:15:00,47060.74000000,47227.28000000,47048.98000000,47161.77000000,132.80846000,2022-01-02 08:29:59.999,6261972.94260850,6116,59.59632000,2809730.23866170
2022-01-02 08:30:00,47161.76000000,47192.31000000,47054.02000000,47161.01000000,135.76562000,2022-01-02 08:44:59.999,6398770.10658880,7221,58.42465000,2753543.39275200
2022-01-02 08:45:00,47161.01000000,47247.12000000,47141.77000000,47222.40000000,136.34607000,2022-01-02 08:59:59.999,6436352.40723440,7207,67.60259000,3191167.63253240
2022-01-02 09:00:00,47222.40000000,47236.89000000,47144.12000000,47215.05000000,124.65970000,2022-01-02 09:14:59.999,5883533.38361490,6387,56.93337000,2686901.96218410
2022-01-02 09:15:00,47215.05000000,47499.45000000,47177.94000000,47338.85000000,364.93981000,2022-01-02 09:29:59.999,17286834.01558350,10924,206.71672000,9790346.82222160
2022-01-02 09:30:00,47338.85000000,47391.32000000,47324.13000000,47380.00000000,194.74197000,2022-01-02 09:44:59.999,9222179.83708290,7234,96.81322000,4584752.80410950
2022-01-02 09:45:00,47380.01000000,47381.54000000,47250.11000000,47273.24000000,108.10220000,2022-01-02 09:59:59.999,5115564.04505050,5854,44.33706000,2097873.52432900
2022-01-02 10:00:00,47273.23000000,47348.34000000,47251.57000000,47348.33000000,89.38218000,2022-01-02 10:14:59.999,4228048.77716600,5427,49.08897000,2322060.26682150
2022-01-02 10:15:00,47348.34000000,47348.34000000,47251.01000000,47272.23000000,83.14342000,2022-01-02 10:29:59.999,3931731.58286590,5145,41.26698000,1951366.08893590
2022-01-02 10:30:00,47272.23000000,47322.07000000,47216.33000000,47265.00000000,89.74125000,2022-01-02 10:44:59.999,4241200.56460740,5163,46.51723000,2198305.53828380
2022-01-02 10:45:00,47265.00000000,47275.03000000,47140.30000000,47188.89000000,127.82216000,2022-01-02 10:59:59.999,6036680.88453920,5883,59.47945000,2809254.50276210
2022-01-02 11:00:00,47188.88000000,47283.01000000,47159.57000000,47272.11000000,98.53149000,2022-01-02 11:14:59.999,4654374.13645920,5605,57.50016000,2716338.46131180
2022-01-02 11:15:00,47272.11000000,47333.33000000,47252.62000000,47310.00000000,82.65229000,2022-01-02 11:29:59.999,3909601.00385760,5170,46.36239000,2193113.64203670
2022-01-02 11:30:00,47309.99000000,47400.00000000,47258.02000000,47261.36000000,101.30307000,2022-01-02 11:44:59.999,4794344.98397180,5547,51.62923000,2443647.09878100
2022-01-02 11:45:00,47261.36000000,47263.47000000,47195.00000000,47235.50000000,76.54308000,2022-01-02 11:59:59.999,3614833.52947070,5152,33.38404000,1576589.69910630
2022-01-02 12:00:00,47238.89000000,47253.19000000,47013.50000000,47108.37000000,267.15818000,2022-01-02 12:14:59.999,12589739.05764550,10219,111.68106000,5262153.93880780
2022-01-02 12:15:00,47108.38000000,47193.02000000,47080.02000000,47156.25000000,134.16166000,2022-01-02 12:29:59.999,6323565.83733860,6771,65.28676000,3077598.59001010
2022-01-02 12:30:00,47156.24000000,47447.00000000,47137.85000000,47310.45000000,244.59474000,2022-01-02 12:44:59.999,11574164.76202510,8673,112.48053000,5321508.54969350
2022-01-02 12:45:00,47310.45000000,47374.28000000,47274.72000000,47292.95000000,152.14315000,2022-01-02 12:59:59.999,7200320.23414360,6584,72.31911000,3422668.23235540
2022-01-02 13:00:00,47289.67000000,47300.86000000,47130.00000000,47130.61000000,131.33530000,2022-01-02 13:14:59.999,6203928.82684470,6456,66.71398000,3151054.80577350
2022-01-02 13:15:00,47130.00000000,47255.30000000,47093.95000000,47248.78000000,204.91976000,2022-01-02 13:29:59.999,9660777.20429940,6754,125.68879000,5925004.67658800
2022-01-02 13:30:00,47248.78000000,47251.48000000,47135.01000000,47178.85000000,120.80715000,2022-01-02 13:44:59.999,5698271.61102030,5615,61.16262000,2884695.73214660
2022-01-02 13:45:00,47178.87000000,47179.78000000,47090.00000000,47137.35000000,123.37900000,2022-01-02 13:59:59.999,5816378.94691030,6981,59.32824000,2796959.86308090
2022-01-02 14:00:00,47137.35000000,47191.07000000,47100.00000000,47175.00000000,152.00904000,2022-01-02 14:14:59.999,7166419.46491700,8309,79.28873000,3737726.45408560
2022-01-02 14:15:00,47174.99000000,47202.39000000,47020.00000000,47056.24000000,220.68957000,2022-01-02 14:29:59.999,10395449.98719410,9010,112.64223000,5306730.97235550
2022-01-02 14:30:00,47056.24000000,47170.00000000,47055.26000000,47140.98000000,127.91204000,2022-01-02 14:44:59.999,6027478.99639790,6974,75.40384000,3553158.64111590
2022-01-02 14:45:00,47140.98000000,47163.13000000,47093.61000000,47112.55000000,117.05546000,2022-01-02 14:59:59.999,5516583.49296210,7617,61.70554000,2907947.14554460
2022-01-02 15:00:00,47112.54000000,47336.64000000,47071.27000000,47287.14000000,207.92148000,2022-01-02 15:14:59.999,9807361.65202340,10306,107.69239000,5080960.63142050
2022-01-02 15:15:00,47287.13000000,47320.24000000,47179.01000000,47185.97000000,180.33290000,2022-01-02 15:29:59.999,8520828.56966450,8449,87.48559000,4133863.75636460
2022-01-02 15:30:00,47185.97000000,47213.93000000,47105.13000000,47203.88000000,170.65358000,2022-01-02 15:44:59.999,8047873.20235310,7484,68.99173000,3253492.10336970
2022-01-02 15:45:00,47203.87000000,47390.00000000,47202.52000000,47340.47000000,225.25573000,2022-01-02 15:59:59.999,10658305.62175830,9046,133.14652000,6299967.72677660
2022-01-02 16:00:00,47340.47000000,47486.61000000,47273.64000000,47431.11000000,298.39696000,2022-01-02 16:14:59.999,14137573.25825920,9578,178.93078000,8477651.01399280
2022-01-02 16:15:00,47431.11000000,47473.59000000,47356.94000000,47419.57000000,147.42647000,2022-01-02 16:29:59.999,6990765.70054670,7497,59.95373000,2843059.28605440
2022-01-02 16:30:00,47420.64000000,47664.95000000,47419.57000000,47546.55000000,373.52978000,2022-01-02 16:44:59.999,17766129.46444680,12874,215.10381000,10229821.99003740
2022-01-02 16:45:00,47546.50000000,47886.00000000,47546.50000000,47792.30000000,548.21629000,2022-01-02 16:59:59.999,26164573.14705240,16503,335.73264000,16022105.37044800
2022-01-02 17:00:00,47792.29000000,47990.00000000,47520.89000000,47549.71000000,692.67062000,2022-01-02 17:14:59.999,33108411.52546000,20831,331.55646000,15851320.62272850
2022-01-02 17:15:00,47549.71000000,47694.00000000,47482.57000000,47646.39000000,258.30986000,2022-01-02 17:29:59.999,12286857.39164140,10086,121.85061000,5796410.63672900
2022-01-02 17:30:00,47646.39000000,47671.70000000,47514.24000000,47590.98000000,164.72832000,2022-01-02 17:44:59.999,7839745.56117050,7624,61.28090000,2916143.95320560
2022-01-02 17:45:00,47590.98000000,47600.00000000,47317.46000000,47401.14000000,324.88357000,2022-01-02 17:59:59.999,15407912.78747870,11113,145.90149000,6918883.84793270
2022-01-02 18:00:00,47401.14000000,47401.14000000,47221.20000000,47254.01000000,334.15265000,2022-01-02 18:14:59.999,15803824.73213000,10555,168.94396000,7990373.09758280
2022-01-02 18:15:00,47254.01000000,47299.92000000,46856.28000000,46949.01000000,573.46339000,2022-01-02 18:29:59.999,26994968.74371120,16112,227.37990000,10706192.85076960
2022-01-02 18:30:00,46949.02000000,47007.87000000,46654.00000000,46909.07000000,677.51064000,2022-01-02 18:44:59.999,31723146.62668510,19015,357.49185000,16740301.38561200
2022-01-02 18:45:00,46909.06000000,47082.30000000,46866.14000000,47058.12000000,267.21131000,2022-01-02 18:59:59.999,12552248.06043770,8899,147.28088000,6918994.77417160
2022-01-02 19:00:00,47056.43000000,47217.10000000,46965.39000000,47065.19000000,335.77038000,2022-01-02 19:14:59.999,15811625.25479700,10161,167.93170000,7908596.62704230
2022-01-02 19:15:00,47065.19000000,47114.72000000,46854.01000000,46915.69000000,280.55964000,2022-01-02 19:29:59.999,13169353.72640800,7889,119.23991000,5597710.29574250
2022-01-02 19:30:00,46915.69000000,47006.70000000,46851.51000000,46942.10000000,205.02034000,2022-01-02 19:44:59.999,9623303.04489880,7272,90.93081000,4267783.46036990
2022-01-02 19:45:00,46942.09000000,46987.89000000,46900.38000000,46907.68000000,116.03571000,2022-01-02 19:59:59.999,5446150.67481300,5961,58.58087000,2749471.44561180
2022-01-02 20:00:00,46907.67000000,47050.00000000,46815.17000000,47035.48000000,261.56729000,2022-01-02 20:14:59.999,12275108.46988780,9474,108.94996000,5112965.83365480
2022-01-02 20:15:00,47035.47000000,47050.00000000,46951.51000000,47033.17000000,109.28714000,2022-01-02 20:29:59.999,5136523.95753650,5507,56.39250000,2650424.40317640
2022-01-02 20:30:00,47033.18000000,47033.19000000,46899.46000000,46956.18000000,109.21628000,2022-01-02 20:44:59.999,5125256.65226830,5678,39.63182000,1859988.77590450
2022-01-02 20:45:00,46956.18000000,47035.00000000,46920.00000000,47007.14000000,90.15186000,2022-01-02 20:59:59.999,4236822.63344370,4678,44.05655000,2070479.32714950
2022-01-02 21:00:00,47007.14000000,47187.98000000,46913.27000000,47156.46000000,160.74984000,2022-01-02 21:14:59.999,7558009.86635310,7485,80.86569000,3802092.58050220
2022-01-02 21:15:00,47156.45000000,47159.30000000,47038.24000000,47060.00000000,83.38568000,2022-01-02 21:29:59.999,3927129.87813050,5189,42.77088000,2014253.34606210
2022-01-02 21:30:00,47060.00000000,47162.83000000,47050.94000000,47063.55000000,100.82494000,2022-01-02 21:44:59.999,4748339.03423040,4629,51.73625000,2436464.47567760
2022-01-02 21:45:00,47063.54000000,47063.55000000,46990.00000000,47018.03000000,87.63522000,2022-01-02 21:59:59.999,4119736.22306730,4408,41.21286000,1937394.03940440
2022-01-02 22:00:00,47017.98000000,47195.00000000,47014.84000000,47191.32000000,124.08847000,2022-01-02 22:14:59.999,5845827.44756400,5562,58.25133000,2744456.22302170
2022-01-02 22:15:00,47191.31000000,47191.32000000,47108.52000000,47156.30000000,99.06626000,2022-01-02 22:29:59.999,4670977.77334410,5167,57.05643000,2690298.47515090
2022-01-02 22:30:00,47155.98000000,47398.99000000,47155.31000000,47380.98000000,371.53311000,2022-01-02 22:44:59.999,17570496.75321240,11309,253.96848000,12009166.21552620
2022-01-02 22:45:00,47380.98000000,47380.99000000,47230.00000000,47255.38000000,89.03412000,2022-01-02 22:59:59.999,4210790.85905230,4875,35.97382000,1701290.97133200
2022-01-02 23:00:00,47255.39000000,47428.52000000,47255.38000000,47316.86000000,190.19099000,2022-01-02 23:14:59.999,9004320.01107030,7407,97.18393000,4600956.41662090
2022-01-02 23:15:00,47316.86000000,47405.01000000,47266.60000000,47394.62000000,254.05109000,2022-01-02 23:29:59.999,12024133.18971340,6171,139.68408000,6610615.87011220
2022-01-02 23:30:00,47394.62000000,47469.34000000,47303.97000000,47346.04000000,181.25780000,2022-01-02 23:44:59.999,8590795.37736250,5633,84.41793000,4000796.30233460
2022-01-02 23:45:00,47346.04000000,47383.80000000,47283.71000000,47286.18000000,123.98148000,2022-01-02 23:59:59.999,5868845.64389140,4782,54.10557000,2561057.30175100
2022-01-03 00:00:00,47286.18000000,47289.11000000,47139.19000000,47139.19000000,265.91351000,2022-01-03 00:14:59.999,12556495.00790480,9719,143.32381000,6767889.63094790
2022-01-03 00:15:00,47139.20000000,47252.77000000,47139.19000000,47174.43000000,170.25227000,2022-01-03 00:29:59.999,8034730.10465580,7277,84.61652000,3993450.78098450
2022-01-03 00:30:00,47174.44000000,47181.31000000,47062.11000000,47150.01000000,166.62155000,2022-01-03 00:44:59.999,7849733.13940030,6520,89.49662000,4216187.61791890
2022-01-03 00:45:00,47150.02000000,47211.46000000,47050.00000000,47050.08000000,131.33061000,2022-01-03 00:59:59.999,6190466.23387720,5516,63.75740000,3005665.01663820
2022-01-03 01:00:00,47050.09000000,47087.64000000,47024.38000000,47041.13000000,200.47880000,2022-01-03 01:14:59.999,9432484.63454030,6939,96.13078000,4522872.60793510
2022-01-03 01:15:00,47041.12000000,47087.95000000,46950.00000000,47035.77000000,196.95862000,2022-01-03 01:29:59.999,9263432.24331730,7272,99.20862000,4666239.60438230
2022-01-03 01:30:00,47035.77000000,47086.20000000,46976.46000000,46976.46000000,105.33698000,2022-01-03 01:44:59.999,4954068.66663130,4931,45.34971000,2132651.60462690
2022-01-03 01:45:00,46976.46000000,47138.78000000,46964.71000000,47116.71000000,125.28140000,2022-01-03 01:59:59.999,5895337.14019820,5089,72.99805000,3434986.21884900
2022-01-03 02:00:00,47116.22000000,47116.71000000,46900.04000000,46925.90000000,213.88573000,2022-01-03 02:14:59.999,10050841.68844890,7733,80.24952000,3769624.30146080
2022-01-03 02:15:00,46925.90000000,47008.59000000,46870.00000000,46997.37000000,135.66735000,2022-01-03 02:29:59.999,6369204.46505170,5978,60.65081000,2847262.52666280
2022-01-03 02:30:00,46997.36000000,47051.89000000,46955.01000000,46980.49000000,176.70711000,2022-01-03 02:44:59.999,8306021.42084290,7152,94.75663000,4453840.87435400
2022-01-03 02:45:00,46980.49000000,47031.24000000,46858.44000000,46999.98000000,255.44695000,2022-01-03 02:59:59.999,11987869.50831470,7611,128.61809000,6035712.18413480
2022-01-03 03:00:00,46999.98000000,47084.80000000,46950.62000000,46950.62000000,157.76338000,2022-01-03 03:14:59.999,7419135.95339140,6372,70.68779000,3324623.81847410
2022-01-03 03:15:00,46950.62000000,46971.29000000,46871.09000000,46958.64000000,169.84288000,2022-01-03 03:29:59.999,7966849.82787290,6078,85.35720000,4003845.01133530
2022-01-03 03:30:00,46958.64000000,46981.41000000,46740.00000000,46787.72000000,301.60166000,2022-01-03 03:44:59.999,14123277.71389760,8747,153.91614000,7207200.45106590
2022-01-03 03:45:00,46787.72000000,46847.13000000,46722.39000000,46793.26000000,221.23062000,2022-01-03 03:59:59.999,10349582.23164220,7050,122.53058000,5731505.05150430
2022-01-03 04:00:00,46793.27000000,46888.87000000,46750.00000000,46853.70000000,175.80674000,2022-01-03 04:14:59.999,8230676.58831830,6634,97.70957000,4574228.94710190
2022-01-03 04:15:00,46853.70000000,46910.23000000,46818.43000000,46841.99000000,201.80369000,2022-01-03 04:29:59.999,9457992.20151990,5510,128.07896000,6003041.15522620
2022-01-03 04:30:00,46841.97000000,46944.77000000,46821.79000000,46928.72000000,171.80101000,2022-01-03 04:44:59.999,8053835.29562970,5447,94.32466000,4422100.71325080
2022-01-03 04:45:00,46928.73000000,46935.85000000,46800.00000000,46822.26000000,139.08731000,2022-01-03 04:59:59.999,6516544.48301390,5608,59.71972000,2797607.46898490
2022-01-03 05:00:00,46822.26000000,46884.69000000,46750.13000000,46770.46000000,204.10872000,2022-01-03 05:14:59.999,9556760.26171160,6500,80.10861000,3750777.29337050
2022-01-03 05:15:00,46770.46000000,47027.84000000,46770.09000000,46965.38000000,244.70845000,2022-01-03 05:29:59.999,11474209.65884620,6800,147.23039000,6903768.50373980
2022-01-03 05:30:00,46965.38000000,47211.09000000,46960.48000000,47149.09000000,350.06660000,2022-01-03 05:44:59.999,16483664.05720160,8415,184.60611000,8691751.30665970
2022-01-03 05:45:00,47149.09000000,47178.82000000,47035.24000000,47078.64000000,119.73796000,2022-01-03 05:59:59.999,5637239.21701890,5058,49.71750000,2340812.32217390
2022-01-03 06:00:00,47078.64000000,47100.00000000,47017.20000000,47017.21000000,140.88882000,2022-01-03 06:14:59.999,6629134.57272610,5668,49.81920000,2343999.88698400
2022-01-03 06:15:00,47017.22000000,47048.00000000,46946.22000000,46968.17000000,133.34102000,2022-01-03 06:29:59.999,6266452.58138050,5480,72.08820000,3387719.14753950
2022-01-03 06:30:00,46968.16000000,47061.37000000,46930.86000000,47049.21000000,169.03983000,2022-01-03 06:44:59.999,7943083.22367620,5655,103.01798000,4841111.93355130
2022-01-03 06:45:00,47049.22000000,47055.37000000,46877.84000000,46923.75000000,153.36102000,2022-01-03 06:59:59.999,7202100.81662140,6270,71.05040000,3336747.70988510
2022-01-03 07:00:00,46923.75000000,46937.97000000,46852.38000000,46928.09000000,167.39998000,2022-01-03 07:14:59.999,7849507.34476190,7289,91.32836000,4282551.95435440
2022-01-03 07:15:00,46934.20000000,46967.95000000,46888.08000000,46957.80000000,127.61840000,2022-01-03 07:29:59.999,5988327.70348100,5719,60.42253000,2835303.75798650
2022-01-03 07:30:00,46957.81000000,47021.84000000,46951.29000000,46989.30000000,153.65956000,2022-01-03 07:44:59.999,7220546.93194850,5508,85.17035000,4002207.68925940
2022-01-03 07:45:00,46989.30000000,47080.00000000,46956.68000000,47051.37000000,186.54792000,2022-01-03 07:59:59.999,8771508.69762300,6426,81.91722000,3851609.74223780
2022-01-03 08:00:00,47051.36000000,47135.97000000,47018.00000000,47060.01000000,247.92114000,2022-01-03 08:14:59.999,11670619.80853030,9465,113.80558000,5357222.79997460
2022-01-03 08:15:00,47060.00000000,47062.70000000,46983.55000000,46994.37000000,171.60948000,2022-01-03 08:29:59.999,8067579.09346590,7327,77.02820000,3620873.10581540
2022-01-03 08:30:00,46994.38000000,47026.21000000,46936.43000000,46956.94000000,131.03690000,2022-01-03 08:44:59.999,6155888.78189400,6044,60.34895000,2834982.08747920
2022-01-03 08:45:00,46956.93000000,46999.80000000,46922.27000000,46978.82000000,134.07362000,2022-01-03 08:59:59.999,6296154.96802610,5600,62.96735000,2957077.06418310
2022-01-03 09:00:00,46978.81000000,47109.25000000,46963.85000000,46966.86000000,198.24751000,2022-01-03 09:14:59.999,9328479.88603970,7490,99.01704000,4659405.32535900
2022-01-03 09:15:00,46964.02000000,46973.07000000,46787.00000000,46820.00000000,319.14890000,2022-01-03 09:29:59.999,14951622.38509710,9834,149.32906000,6995730.25188620
2022-01-03 09:30:00,46819.66000000,46910.26000000,46778.00000000,46884.99000000,208.43622000,2022-01-03 09:44:59.999,9763006.71976320,8324,94.39622000,4422321.82963600
2022-01-03 09:45:00,46884.99000000,47000.00000000,46870.00000000,46984.55000000,261.23854000,2022-01-03 09:59:59.999,12263800.12620720,8185,145.11085000,6812040.61949760
2022-01-03 10:00:00,46984.56000000,47251.19000000,46981.84000000,47191.06000000,447.38493000,2022-01-03 10:14:59.999,21082836.42475210,12179,235.81519000,11110672.23900540
2022-01-03 10:15:00,47191.06000000,47213.19000000,47065.51000000,47080.98000000,305.73939000,2022-01-03 10:29:59.999,14417554.32266760,9220,139.56973000,6581410.75926670
2022-01-03 10:30:00,47080.99000000,47199.99000000,47031.00000000,47169.49000000,152.91012000,2022-01-03 10:44:59.999,7205092.69291610,7113,82.59392000,3892265.30654570
2022-01-03 10:45:00,47169.49000000,47238.80000000,47110.05000000,47126.02000000,232.95488000,2022-01-03 10:59:59.999,10988513.18882790,7679,91.48445000,4314798.57258100
2022-01-03 11:00:00,47126.02000000,47345.00000000,47125.48000000,47335.01000000,734.62881000,2022-01-03 11:14:59.999,34727442.54957170,14464,369.04551000,17445261.97147230
2022-01-03 11:15:00,47335.01000000,47392.99000000,47270.00000000,47336.37000000,304.71082000,2022-01-03 11:29:59.999,14423556.06738260,9175,178.65103000,8456906.04464030
2022-01-03 11:30:00,47336.38000000,47349.38000000,47237.76000000,47289.29000000,174.93074000,2022-01-03 11:44:59.999,8271725.20717020,7505,87.21523000,4124055.61496810
2022-01-03 11:45:00,47289.29000000,47431.67000000,47259.55000000,47378.00000000,237.41873000,2022-01-03 11:59:59.999,11242074.73021560,7810,124.33534000,5886907.43636520
2022-01-03 12:00:00,47378.00000000,47549.88000000,47243.84000000,47486.01000000,459.80341000,2022-01-03 12:14:59.999,21798452.14825000,14144,254.38811000,12062432.01088310
2022-01-03 12:15:00,47486.01000000,47570.00000000,47325.73000000,47394.16000000,317.77927000,2022-01-03 12:29:59.999,15076854.55988010,11819,154.93797000,7351687.28452220
2022-01-03 12:30:00,47394.17000000,47400.61000000,47223.84000000,47279.11000000,208.29880000,2022-01-03 12:44:59.999,9849798.11822380,9636,99.35629000,4698246.23868690
2022-01-03 12:45:00,47279.11000000,47305.31000000,47175.01000000,47194.39000000,197.75397000,2022-01-03 12:59:59.999,9340991.60655440,8629,69.33332000,3274702.97111240
2022-01-03 13:00:00,47194.39000000,47495.96000000,47192.80000000,47242.89000000,270.88274000,2022-01-03 13:14:59.999,12807303.87955260,8974,169.06814000,7995188.09016180
2022-01-03 13:15:00,47242.89000000,47370.08000000,47242.88000000,47304.97000000,168.89468000,2022-01-03 13:29:59.999,7990292.16719170,7523,77.84044000,3682695.27227290
2022-01-03 13:30:00,47304.97000000,47329.77000000,47209.10000000,47249.29000000,173.13220000,2022-01-03 13:44:59.999,8182399.62549060,8217,67.53773000,3191703.43363380
2022-01-03 13:45:00,47244.82000000,47275.68000000,47127.51000000,47153.50000000,200.92821000,2022-01-03 13:59:59.999,9487416.50874980,8184,90.51890000,4274246.50510230
2022-01-03 14:00:00,47153.50000000,47278.50000000,46940.00000000,47026.98000000,477.63524000,2022-01-03 14:14:59.999,22481512.13829490,12713,221.30720000,10418997.53561810
2022-01-03 14:15:00,47026.98000000,47107.18000000,46964.03000000,47083.72000000,212.47098000,2022-01-03 14:29:59.999,9998571.19425770,8313,93.63941000,4407046.01362990
2022-01-03 14:30:00,47083.72000000,47285.39000000,47081.87000000,47156.19000000,232.88163000,2022-01-03 14:44:59.999,10990350.12748280,9969,129.16795000,6095344.54185140
2022-01-03 14:45:00,47156.20000000,47172.56000000,46765.00000000,46874.53000000,788.44215000,2022-01-03 14:59:59.999,36971222.03152470,19680,313.56472000,14704621.32317030
2022-01-03 15:00:00,46874.53000000,46989.48000000,46780.65000000,46977.51000000,403.43537000,2022-01-03 15:14:59.999,18913615.51353860,13254,209.20287000,9809233.05517790
2022-01-03 15:15:00,46977.51000000,47018.00000000,46833.96000000,46939.37000000,255.56084000,2022-01-03 15:29:59.999,11994078.36634900,10494,130.18947000,6110217.15311870
2022-01-03 15:30:00,46939.37000000,46944.32000000,46838.32000000,46895.98000000,177.02701000,2022-01-03 15:44:59.999,8301238.41195700,8972,86.94669000,4077091.87532240
2022-01-03 15:45:00,46895.99000000,46958.83000000,46575.25000000,46693.45000000,918.79401000,2022-01-03 15:59:59.999,42915559.85826560,19578,451.53506000,21089469.56228160
2022-01-03 16:00:00,46693.44000000,46780.00000000,46570.00000000,46625.78000000,588.42963000,2022-01-03 16:14:59.999,27460977.50214560,15615,313.78999000,14645225.40122210
2022-01-03 16:15:00,46625.77000000,46640.05000000,46263.29000000,46383.05000000,1963.85739000,2022-01-03 16:29:59.999,91096437.45003640,37228,988.75514000,45843887.89510790
2022-01-03 16:30:00,46385.82000000,46529.43000000,46287.93000000,46429.99000000,545.74699000,2022-01-03 16:44:59.999,25335471.02272310,16265,260.30798000,12083105.27956110
2022-01-03 16:45:00,46429.98000000,46498.56000000,46310.62000000,46482.34000000,317.71901000,2022-01-03 16:59:59.999,14744840.54144920,10969,158.57327000,7359011.35818310
2022-01-03 17:00:00,46482.34000000,46636.83000000,46425.84000000,46437.62000000,340.11022000,2022-01-03 17:14:59.999,15830260.81620610,12191,165.20342000,7690442.36443050
2022-01-03 17:15:00,46437.62000000,46788.80000000,46411.78000000,46696.39000000,330.91624000,2022-01-03 17:29:59.999,15419902.89263960,10920,194.52796000,9064848.24609850
2022-01-03 17:30:00,46696.40000000,46790.00000000,46563.29000000,46587.35000000,296.52730000,2022-01-03 17:44:59.999,13844764.60396810,9198,124.83902000,5828610.60112260
2022-01-03 17:45:00,46587.34000000,46700.00000000,46575.63000000,46577.15000000,154.19851000,2022-01-03 17:59:59.999,7193428.98043520,6972,83.22709000,3882618.25771480
2022-01-03 18:00:00,46577.16000000,46740.96000000,46541.65000000,46610.51000000,189.93037000,2022-01-03 18:14:59.999,8857254.86435350,9003,83.59242000,3898797.45355440
2022-01-03 18:15:00,46610.51000000,46684.26000000,46580.00000000,46617.41000000,152.09208000,2022-01-03 18:29:59.999,7092000.57068750,7343,60.54011000,2822779.84672820
2022-01-03 18:30:00,46617.42000000,46649.91000000,46456.01000000,46465.36000000,125.08997000,2022-01-03 18:44:59.999,5822387.05699880,8104,57.92270000,2695928.80258080
2022-01-03 18:45:00,46465.37000000,46526.52000000,46412.99000000,46472.73000000,195.13758000,2022-01-03 18:59:59.999,9066552.78462650,7553,103.42190000,4805393.47105830
2022-01-03 19:00:00,46475.60000000,46556.24000000,46361.21000000,46495.90000000,214.90490000,2022-01-03 19:14:59.999,9989529.49324040,8633,105.53673000,4905619.60563190
2022-01-03 19:15:00,46495.90000000,46644.20000000,46462.27000000,46612.05000000,137.51126000,2022-01-03 19:29:59.999,6405646.89710910,6693,63.06824000,2937528.11477850
2022-01-03 19:30:00,46612.04000000,46645.34000000,46552.69000000,46586.41000000,90.20660000,2022-01-03 19:44:59.999,4203318.96870590,5732,45.57206000,2123466.22480600
2022-01-03 19:45:00,46586.42000000,46618.95000000,46360.00000000,46360.01000000,219.08384000,2022-01-03 19:59:59.999,10182807.75489330,6871,123.81219000,5754344.01249620
2022-01-03 20:00:00,46360.01000000,46413.47000000,46200.00000000,46295.34000000,458.70926000,2022-01-03 20:14:59.999,21235943.93451420,13529,187.16350000,8666328.70982660
2022-01-03 20:15:00,46295.33000000,46337.00000000,45730.58000000,45781.20000000,1742.60076000,2022-01-03 20:29:59.999,80103957.36348420,34719,818.03702000,37589457.36536240
2022-01-03 20:30:00,45781.19000000,45969.53000000,45696.00000000,45788.42000000,621.06884000,2022-01-03 20:44:59.999,28450060.91737580,16548,281.71300000,12908687.08683990
2022-01-03 20:45:00,45788.42000000,45970.27000000,45784.70000000,45922.00000000,305.12495000,2022-01-03 20:59:59.999,13997494.50425300,10263,163.77591000,7513241.47738920
2022-01-03 21:00:00,45922.01000000,46012.13000000,45818.89000000,45820.01000000,266.23755000,2022-01-03 21:14:59.999,12227655.10867590,9593,121.40878000,5577130.54061230
2022-01-03 21:15:00,45820.02000000,46059.94000000,45811.87000000,46023.51000000,230.72296000,2022-01-03 21:29:59.999,10600671.18928800,8756,107.81005000,4952952.26269600
2022-01-03 21:30:00,46023.51000000,46260.44000000,46018.29000000,46046.94000000,314.64670000,2022-01-03 21:44:59.999,14518616.37927810,9813,161.61433000,7457891.09174590
2022-01-03 21:45:00,46046.95000000,46150.91000000,45962.28000000,45979.01000000,244.06026000,2022-01-03 21:59:59.999,11244277.79053490,8530,87.52393000,4033062.88103010
2022-01-03 22:00:00,45979.01000000,46158.37000000,45961.59000000,46113.93000000,197.56683000,2022-01-03 22:14:59.999,9099955.04440400,8275,94.53458000,4353720.22505520
2022-01-03 22:15:00,46113.94000000,46318.41000000,46068.37000000,46266.14000000,252.43230000,2022-01-03 22:29:59.999,11664038.99865790,11314,138.26181000,6389286.64106190
2022-01-03 22:30:00,46266.14000000,46439.97000000,46151.65000000,46245.01000000,273.40197000,2022-01-03 22:44:59.999,12659059.32899380,11938,112.48190000,5209435.01883710
2022-01-03 22:45:00,46245.01000000,46298.23000000,46110.00000000,46217.90000000,279.29939000,2022-01-03 22:59:59.999,12901168.68285910,8147,137.01776000,6328577.80187490
2022-01-03 23:00:00,46217.91000000,46454.01000000,46170.64000000,46376.01000000,413.88926000,2022-01-03 23:14:59.999,19172493.80617190,8978,186.88564000,8658574.29761450
2022-01-03 23:15:00,46378.50000000,46474.63000000,46336.24000000,46410.00000000,188.07266000,2022-01-03 23:29:59.999,8725742.16044820,6159,99.50751000,4616656.65792380
2022-01-03 23:30:00,46409.99000000,46576.94000000,46365.87000000,46522.16000000,280.13915000,2022-01-03 23:44:59.999,13022869.85433960,8195,134.14998000,6234900.79571850
2022-01-03 23:45:00,46522.16000000,46553.77000000,46407.44000000,46446.10000000,173.23468000,2022-01-03 23:59:59.999,8047204.23860120,6093,82.97858000,3854169.59681480
2022-01-04 00:00:00,46446.10000000,46527.30000000,46340.02000000,46408.47000000,274.11710000,2022-01-04 00:14:59.999,12730027.09893610,9831,133.46044000,6197811.91208280
2022-01-04 00:15:00,46408.47000000,46549.19000000,46232.04000000,46484.81000000,371.62254000,2022-01-04 00:29:59.999,17219880.93418130,11205,203.55141000,9432127.31342530
2022-01-04 00:30:00,46484.81000000,46499.94000000,46268.04000000,46276.97000000,164.38091000,2022-01-04 00:44:59.999,7625013.11786750,8040,77.09601000,3576180.29170850
2022-01-04 00:45:00,46276.98000000,46334.87000000,46150.00000000,46244.37000000,245.63280000,2022-01-04 00:59:59.999,11357272.38487540,10008,111.65653000,5162585.02653720
2022-01-04 01:00:00,46244.37000000,46293.00000000,46152.97000000,46292.45000000,221.04363000,2022-01-04 01:14:59.999,10212557.38996900,8230,119.63469000,5526815.91395000
2022-01-04 01:15:00,46292.46000000,46404.94000000,46253.97000000,46341.56000000,223.14322000,2022-01-04 01:29:59.999,10336330.02500130,7546,111.34427000,5157376.12228950
2022-01-04 01:30:00,46341.57000000,46341.57000000,46085.01000000,46128.63000000,170.29652000,2022-01-04 01:44:59.999,7868633.94273330,7339,69.72757000,3220418.58961840
2022-01-04 01:45:00,46128.63000000,46200.00000000,46040.79000000,46054.99000000,157.17091000,2022-01-04 01:59:59.999,7245058.96992460,7483,80.17687000,3695898.44293620
2022-01-04 02:00:00,46054.99000000,46154.51000000,45934.50000000,45982.58000000,389.38797000,2022-01-04 02:14:59.999,17926778.97331900,12824,195.85375000,9016963.66032160
2022-01-04 02:15:00,45982.59000000,46150.00000000,45942.13000000,46129.53000000,226.36351000,2022-01-04 02:29:59.999,10424121.80992850,8380,113.73075000,5237372.23500250
2022-01-04 02:30:00,46129.54000000,46268.72000000,46070.54000000,46202.96000000,228.00085000,2022-01-04 02:44:59.999,10524577.87845930,7166,108.27423000,4998574.96726400
2022-01-04 02:45:00,46202.97000000,46238.68000000,46088.00000000,46103.36000000,177.71684000,2022-01-04 02:59:59.999,8201722.43830510,6296,86.36851000,3985722.73266000
2022-01-04 03:00:00,46103.36000000,46150.44000000,46017.24000000,46037.81000000,145.01774000,2022-01-04 03:14:59.999,6679544.23390450,6430,74.08066000,3411996.25883430
2022-01-04 03:15:00,46037.82000000,46209.64000000,46001.23000000,46192.33000000,176.79443000,2022-01-04 03:29:59.999,8155332.81087190,6607,99.04569000,4568932.91000740
2022-01-04 03:30:00,46192.33000000,46344.69000000,46179.04000000,46344.62000000,252.91746000,2022-01-04 03:44:59.999,11701720.65498710,7112,156.78046000,7253386.48126630
2022-01-04 03:45:00,46344.62000000,46383.77000000,46300.00000000,46313.97000000,181.15624000,2022-01-04 03:59:59.999,8393947.10279850,6331,86.35541000,4001171.50455580
2022-01-04 04:00:00,46313.96000000,46393.44000000,46179.01000000,46248.16000000,211.13536000,2022-01-04 04:14:59.999,9773187.29139510,6974,116.53262000,5395077.13337470
2022-01-04 04:15:00,46248.17000000,46339.34000000,46226.79000000,46335.66000000,111.32277000,2022-01-04 04:29:59.999,5152797.99637860,5144,57.80490000,2675613.40919220
2022-01-04 04:30:00,46335.66000000,46411.12000000,45996.26000000,46139.07000000,1410.28064000,2022-01-04 04:44:59.999,65048470.61984710,22102,1057.83630000,48778837.66875230
2022-01-04 04:45:00,46142.79000000,46199.35000000,46045.42000000,46100.14000000,337.92013000,2022-01-04 04:59:59.999,15576170.75273810,8518,201.63056000,9292505.65063820
2022-01-04 05:00:00,46100.14000000,46150.00000000,46033.72000000,46131.01000000,191.10427000,2022-01-04 05:14:59.999,8811327.53148040,7325,108.61376000,5008789.19857510
2022-01-04 05:15:00,46131.01000000,46292.15000000,46127.18000000,46268.82000000,282.29360000,2022-01-04 05:29:59.999,13038324.35456450,6798,195.43028000,9024753.82694730
2022-01-04 05:30:00,46268.81000000,46275.28000000,46050.00000000,46084.04000000,198.91139000,2022-01-04 05:44:59.999,9176077.63840210,6640,107.99143000,4981035.30652370
2022-01-04 05:45:00,46084.04000000,46155.65000000,46016.24000000,46151.66000000,197.29243000,2022-01-04 05:59:59.999,9092759.72425800,6214,96.06067000,4426902.68905550
2022-01-04 06:00:00,46148.23000000,46246.36000000,46058.51000000,46196.64000000,241.20924000,2022-01-04 06:14:59.999,11140483.76283560,7274,111.49879000,5149991.10600280
2022-01-04 06:15:00,46196.64000000,46288.94000000,46096.31000000,46276.20000000,298.16489000,2022-01-04 06:29:59.999,13770902.67118470,6249,129.49022000,5978824.66606300
2022-01-04 06:30:00,46274.00000000,46341.65000000,46251.46000000,46312.69000000,408.69116000,2022-01-04 06:44:59.999,18919938.85047890,8502,170.92470000,7912452.89855580
2022-01-04 06:45:00,46312.70000000,46390.04000000,46274.88000000,46367.53000000,291.98774000,2022-01-04 06:59:59.999,13526329.99538530,7478,103.45092000,4792469.25142190
2022-01-04 07:00:00,46367.53000000,46473.24000000,46324.03000000,46348.09000000,307.46759000,2022-01-04 07:14:59.999,14263750.28766330,8916,107.90917000,5006345.02605490
2022-01-04 07:15:00,46348.09000000,46518.00000000,46322.09000000,46470.38000000,618.74451000,2022-01-04 07:29:59.999,28744983.15027540,11035,346.71137000,16107781.95980420
2022-01-04 07:30:00,46470.37000000,46550.00000000,46450.00000000,46519.05000000,317.10694000,2022-01-04 07:44:59.999,14746715.66710150,8756,148.83088000,6921463.44247710
2022-01-04 07:45:00,46519.06000000,46600.21000000,46459.61000000,46550.00000000,310.71906000,2022-01-04 07:59:59.999,14452090.14925830,8972,144.28313000,6712109.01159310
2022-01-04 08:00:00,46549.99000000,46682.06000000,46436.66000000,46614.26000000,523.88904000,2022-01-04 08:14:59.999,24406235.58380410,12550,245.28236000,11429165.83983020
2022-01-04 08:15:00,46614.25000000,46661.27000000,46515.41000000,46530.93000000,300.69831000,2022-01-04 08:29:59.999,14005281.64378900,8473,141.31207000,6582567.33885530
2022-01-04 08:30:00,46530.94000000,46600.00000000,46481.13000000,46484.65000000,238.18385000,2022-01-04 08:44:59.999,11086292.51792460,8148,94.93107000,4418425.86320460
2022-01-04 08:45:00,46484.66000000,46503.60000000,46385.61000000,46489.73000000,253.53943000,2022-01-04 08:59:59.999,11777364.12916170,8504,105.23764000,4888442.63697170
2022-01-04 09:00:00,46489.72000000,46599.53000000,46465.71000000,46517.86000000,212.36704000,2022-01-04 09:14:59.999,9885135.93366970,7468,122.06641000,5681874.43517020
2022-01-04 09:15:00,46517.87000000,46571.93000000,46415.74000000,46464.59000000,213.66571000,2022-01-04 09:29:59.999,9933091.04447910,7214,89.81737000,4175411.92600280
2022-01-04 09:30:00,46464.59000000,46468.27000000,46303.08000000,46372.23000000,201.50992000,2022-01-04 09:44:59.999,9347522.47147710,7375,86.21436000,3998908.94013040
2022-01-04 09:45:00,46372.23000000,46429.27000000,46300.00000000,46356.21000000,228.64535000,2022-01-04 09:59:59.999,10598576.83586650,7424,80.85539000,3747944.41625450
2022-01-04 10:00:00,46356.21000000,46398.74000000,46300.00000000,46360.90000000,189.14368000,2022-01-04 10:14:59.999,8767427.06520480,6946,112.30665000,5206119.21148040
2022-01-04 10:15:00,46360.89000000,46551.72000000,46360.89000000,46516.99000000,205.16276000,2022-01-04 10:29:59.999,9531729.44586290,7153,107.26689000,4983261.05522810
2022-01-04 10:30:00,46517.00000000,46632.45000000,46423.56000000,46600.01000000,371.83879000,2022-01-04 10:44:59.999,17303991.53169730,9128,183.14896000,8523940.10115050
2022-01-04 10:45:00,46600.01000000,46772.41000000,46568.83000000,46625.37000000,396.24008000,2022-01-04 10:59:59.999,18492368.66461270,10934,214.69300000,10018539.52829270
2022-01-04 11:00:00,46625.37000000,46765.05000000,46616.46000000,46705.16000000,556.15435000,2022-01-04 11:14:59.999,25970445.61858660,15162,259.08554000,12098144.96533170
2022-01-04 11:15:00,46705.16000000,46753.95000000,46622.32000000,46677.53000000,292.43782000,2022-01-04 11:29:59.999,13654880.20495570,9855,148.26358000,6922607.94161980
2022-01-04 11:30:00,46677.53000000,46750.00000000,46630.11000000,46726.88000000,287.47945000,2022-01-04 11:44:59.999,13426272.12289270,8303,144.99991000,6772740.37028250
2022-01-04 11:45:00,46726.87000000,46750.00000000,46670.29000000,46733.77000000,215.57662000,2022-01-04 11:59:59.999,10071003.44668890,7422,113.52694000,5303462.14803230
2022-01-04 12:00:00,46733.78000000,46763.00000000,46600.00000000,46619.55000000,222.76977000,2022-01-04 12:14:59.999,10395487.95558700,8686,100.47483000,4689680.62831400
2022-01-04 12:15:00,46619.56000000,46655.35000000,46516.06000000,46533.85000000,243.15690000,2022-01-04 12:29:59.999,11326061.61574060,8655,115.52915000,5380070.65044080
2022-01-04 12:30:00,46533.85000000,46589.28000000,46479.25000000,46527.85000000,220.22653000,2022-01-04 12:44:59.999,10247430.32960010,8389,117.33934000,5459948.54613540
2022-01-04 12:45:00,46527.84000000,46660.89000000,46500.00000000,46641.53000000,211.16963000,2022-01-04 12:59:59.999,9830845.82052340,9364,113.85467000,5300944.50832770
2022-01-04 13:00:00,46641.52000000,46671.10000000,46475.30000000,46478.62000000,181.14806000,2022-01-04 13:14:59.999,8433483.65318710,9264,86.56022000,4030111.51840220
2022-01-04 13:15:00,46480.94000000,46900.00000000,46410.00000000,46880.00000000,406.98342000,2022-01-04 13:29:59.999,18996865.19409910,14323,214.67062000,10019092.78505470
2022-01-04 13:30:00,46879.99000000,46898.38000000,46727.38000000,46819.76000000,377.77632000,2022-01-04 13:44:59.999,17689633.40729010,12368,165.81911000,7764696.35090860
2022-01-04 13:45:00,46819.77000000,47069.01000000,46807.16000000,46955.22000000,545.97007000,2022-01-04 13:59:59.999,25635570.12417240,16314,315.87509000,14833530.40867280
2022-01-04 14:00:00,46955.22000000,47034.11000000,46805.54000000,46884.22000000,327.70763000,2022-01-04 14:14:59.999,15370104.32777590,11961,148.48201000,6964829.38009970
2022-01-04 14:15:00,46884.21000000,46961.48000000,46826.08000000,46905.54000000,288.53316000,2022-01-04 14:29:59.999,13528362.78893570,11712,148.69317000,6971830.79898930
2022-01-04 14:30:00,46905.53000000,47074.77000000,46900.66000000,47074.76000000,368.58358000,2022-01-04 14:44:59.999,17317179.34643720,11763,205.89494000,9674127.95449140
2022-01-04 14:45:00,47074.77000000,47500.10000000,47072.76000000,47333.38000000,2066.61331000,2022-01-04 14:59:59.999,97904498.33804750,36595,923.82753000,43742321.35627450
2022-01-04 15:00:00,47336.98000000,47557.54000000,47320.66000000,47398.75000000,1233.43991000,2022-01-04 15:14:59.999,58525489.84597920,23941,576.44255000,27350885.17396000
2022-01-04 15:15:00,47395.99000000,47446.13000000,47246.00000000,47350.58000000,404.89010000,2022-01-04 15:29:59.999,19158753.00594420,13113,203.22339000,9615901.81890040
2022-01-04 15:30:00,47350.57000000,47363.96000000,47027.20000000,47027.21000000,504.80878000,2022-01-04 15:44:59.999,23817007.99699620,16033,222.69596000,10505617.28320950
2022-01-04 15:45:00,47027.20000000,47161.59000000,46850.05000000,46925.35000000,462.12617000,2022-01-04 15:59:59.999,21724006.31119350,14451,214.71680000,10095534.41432800
2022-01-04 16:00:00,46925.34000000,46925.35000000,46740.00000000,46770.55000000,651.93366000,2022-01-04 16:14:59.999,30522775.97758810,17439,309.85700000,14506200.21088360
2022-01-04 16:15:00,46770.55000000,46832.87000000,46650.00000000,46698.37000000,454.56868000,2022-01-04 16:29:59.999,21245197.94105080,15203,260.16502000,12158433.60098960
2022-01-04 16:30:00,46698.38000000,46871.61000000,46661.03000000,46815.60000000,399.88072000,2022-01-04 16:44:59.999,18704304.99662600,12403,201.10793000,9405979.18490090
2022-01-04 16:45:00,46815.59000000,46875.38000000,46740.00000000,46767.27000000,268.32991000,2022-01-04 16:59:59.999,12563205.97098200,8943,159.01296000,7444826.34363180
2022-01-04 17:00:00,46767.28000000,46824.89000000,46705.36000000,46810.87000000,162.53773000,2022-01-04 17:14:59.999,7601820.15970410,8335,79.52881000,3719907.96160930
2022-01-04 17:15:00,46810.87000000,46984.99000000,46790.23000000,46820.47000000,201.87903000,2022-01-04 17:29:59.999,9465897.02725890,9289,108.51343000,5088389.65310530
2022-01-04 17:30:00,46820.47000000,46921.20000000,46764.44000000,46870.66000000,172.27176000,2022-01-04 17:44:59.999,8073815.60491780,8458,90.52603000,4242109.42057830
2022-01-04 17:45:00,46870.66000000,46877.81000000,46522.91000000,46555.01000000,245.84851000,2022-01-04 17:59:59.999,11478315.80608200,10682,102.77109000,4799452.73871920
2022-01-04 18:00:00,46555.00000000,46719.78000000,46522.14000000,46651.42000000,277.57318000,2022-01-04 18:14:59.999,12942601.68501490,9892,131.67931000,6138692.64504010
2022-01-04 18:15:00,46651.42000000,46698.40000000,46466.00000000,46470.42000000,277.68311000,2022-01-04 18:29:59.999,12937020.30637240,9082,108.19554000,5041334.76719840
2022-01-04 18:30:00,46470.43000000,46484.82000000,45870.00000000,45990.21000000,1937.54864000,2022-01-04 18:44:59.999,89259277.03535410,34064,857.84115000,39510039.55996820
2022-01-04 18:45:00,45990.20000000,45999.40000000,45500.00000000,45750.00000000,2087.60548000,2022-01-04 18:59:59.999,95508831.91931390,38389,1010.47916000,46240307.53250650
2022-01-04 19:00:00,45750.01000000,46454.86000000,45580.99000000,46327.61000000,1330.69553000,2022-01-04 19:14:59.999,61354307.97055900,31639,717.14140000,33062463.91067030
2022-01-04 19:15:00,46327.60000000,46443.53000000,46127.51000000,46185.47000000,678.90442000,2022-01-04 19:29:59.999,31420477.79907030,14893,351.20997000,16259123.24024930
2022-01-04 19:30:00,46185.46000000,46295.58000000,46054.77000000,46123.45000000,256.48758000,2022-01-04 19:44:59.999,11836995.17834930,9752,116.86581000,5393211.76453850
2022-01-04 19:45:00,46123.45000000,46194.32000000,45941.86000000,46052.36000000,451.70855000,2022-01-04 19:59:59.999,20793376.69339790,13242,182.92187000,8420620.35833590
2022-01-04 20:00:00,46052.35000000,46227.14000000,45957.52000000,46194.99000000,399.67939000,2022-01-04 20:14:59.999,18415751.19264650,11717,212.80620000,9805346.45669670
2022-01-04 20:15:00,46194.99000000,46428.27000000,46189.31000000,46403.21000000,312.33648000,2022-01-04 20:29:59.999,14461128.23122600,10099,179.48165000,8309577.26645410
2022-01-04 20:30:00,46403.20000000,46403.21000000,46268.92000000,46309.09000000,212.56322000,2022-01-04 20:44:59.999,9852612.34109900,7631,74.94375000,3473497.98932740
2022-01-04 20:45:00,46309.09000000,46370.77000000,46227.30000000,46264.92000000,186.74449000,2022-01-04 20:59:59.999,8649692.55095940,7088,101.82203000,4716555.87018580
2022-01-04 21:00:00,46264.92000000,46270.00000000,46158.83000000,46205.34000000,135.46721000,2022-01-04 21:14:59.999,6262367.49312370,6725,63.62780000,2941247.71918460
2022-01-04 21:15:00,46205.34000000,46215.01000000,46026.75000000,46125.72000000,259.19192000,2022-01-04 21:29:59.999,11954968.46828150,9231,100.11423000,4616175.15626330
2022-01-04 21:30:00,46125.73000000,46282.29000000,46108.75000000,46247.12000000,125.97930000,2022-01-04 21:44:59.999,5818546.77199930,6827,60.16524000,2778893.61876270
2022-01-04 21:45:00,46247.20000000,46322.89000000,46172.48000000,46221.89000000,192.87712000,2022-01-04 21:59:59.999,8915741.27513520,7258,92.92588000,4295241.45839020
2022-01-04 22:00:00,46221.89000000,46221.92000000,46100.00000000,46100.00000000,143.18827000,2022-01-04 22:14:59.999,6604824.71758530,7359,57.28919000,2642789.93074510
2022-01-04 22:15:00,46100.01000000,46175.85000000,45977.78000000,46140.46000000,195.93770000,2022-01-04 22:29:59.999,9028175.94581870,8820,88.07347000,4058369.30785940
2022-01-04 22:30:00,46140.45000000,46262.39000000,46131.99000000,46241.28000000,156.28116000,2022-01-04 22:44:59.999,7222747.84785650,8252,97.44823000,4503870.09150720
2022-01-04 22:45:00,46241.28000000,46247.31000000,46061.76000000,46159.91000000,175.90787000,2022-01-04 22:59:59.999,8119272.56182620,6718,105.22252000,4855790.15559490
2022-01-04 23:00:00,46159.91000000,46159.91000000,45900.84000000,45931.16000000,208.81697000,2022-01-04 23:14:59.999,9613252.10681710,7766,86.43857000,3979824.93682390
2022-01-04 23:15:00,45931.17000000,46099.16000000,45856.62000000,46040.00000000,363.26324000,2022-01-04 23:29:59.999,16694815.28595180,9710,205.64959000,9452093.91905140
2022-01-04 23:30:00,46039.99000000,46040.40000000,45760.05000000,45811.54000000,263.29701000,2022-01-04 23:44:59.999,12082487.43716840,9989,118.55796000,5440578.63372260
2022-01-04 23:45:00,45813.62000000,46011.49000000,45779.25000000,45832.01000000,212.87583000,2022-01-04 23:59:59.999,9770589.29698540,8204,101.64082000,4665550.77547470
2022-01-05 00:00:00,45832.01000000,46045.27000000,45722.21000000,46001.65000000,377.99155000,2022-01-05 00:14:59.999,17340898.99633880,12865,199.46064000,9152389.84894460
2022-01-05 00:15:00,46001.66000000,46111.60000000,45973.36000000,46036.18000000,196.77559000,2022-01-05 00:29:59.999,9062601.22369330,8390,85.11957000,3920172.52130470
2022-01-05 00:30:00,46036.18000000,46235.70000000,46022.37000000,46174.36000000,223.01295000,2022-01-05 00:44:59.999,10296164.12278370,8379,128.78498000,5945318.90638870
2022-01-05 00:45:00,46174.36000000,46298.56000000,46144.70000000,46271.57000000,209.01612000,2022-01-05 00:59:59.999,9659643.65446580,6798,94.43721000,4364426.19871670
2022-01-05 01:00:00,46271.56000000,46319.67000000,46199.49000000,46311.76000000,193.75309000,2022-01-05 01:14:59.999,8963515.31658850,7492,79.95879000,3698803.86710440
2022-01-05 01:15:00,46311.76000000,46333.22000000,46175.02000000,46227.81000000,172.51126000,2022-01-05 01:29:59.999,7982046.11886360,6798,84.12903000,3892206.37310170
2022-01-05 01:30:00,46227.80000000,46278.92000000,46157.32000000,46265.37000000,143.43049000,2022-01-05 01:44:59.999,6628331.70481250,5971,74.92933000,3462493.17996860
2022-01-05 01:45:00,46265.37000000,46294.16000000,46111.50000000,46111.50000000,216.51441000,2022-01-05 01:59:59.999,9999494.43562170,6588,106.32559000,4910826.08830250
2022-01-05 02:00:00,46111.50000000,46264.11000000,46111.50000000,46245.84000000,216.33528000,2022-01-05 02:14:59.999,9994038.85362290,6716,126.62605000,5848882.01688930
2022-01-05 02:15:00,46245.84000000,46390.15000000,46241.12000000,46282.41000000,190.88870000,2022-01-05 02:29:59.999,8838467.21111760,7453,107.77749000,4990239.54576980
2022-01-05 02:30:00,46282.42000000,46380.95000000,46277.01000000,46371.07000000,99.04975000,2022-01-05 02:44:59.999,4588911.76026930,5481,55.22969000,2558796.31758210
2022-01-05 02:45:00,46371.07000000,46380.00000000,46294.01000000,46296.95000000,132.96059000,2022-01-05 02:59:59.999,6161578.16466440,5064,54.85754000,2542118.02022140
2022-01-05 03:00:00,46296.96000000,46479.70000000,46296.95000000,46445.54000000,185.60020000,2022-01-05 03:14:59.999,8611337.12736670,7516,99.77192000,4629292.39182660
2022-01-05 03:15:00,46445.55000000,46549.00000000,46404.02000000,46411.33000000,259.98370000,2022-01-05 03:29:59.999,12084255.17720500,8846,150.52425000,6996753.90740900
2022-01-05 03:30:00,46411.34000000,46449.68000000,46384.10000000,46405.92000000,115.48828000,2022-01-05 03:44:59.999,5359368.17420790,5328,65.68382000,3048031.76906100
2022-01-05 03:45:00,46405.93000000,46497.62000000,46401.57000000,46422.55000000,101.32873000,2022-01-05 03:59:59.999,4706582.78078360,5462,50.26123000,2334403.76232020
2022-01-05 04:00:00,46422.56000000,46498.00000000,46381.01000000,46498.00000000,174.40332000,2022-01-05 04:14:59.999,8096329.56944290,6083,110.89469000,5148334.93448790
2022-01-05 04:15:00,46498.00000000,46527.39000000,46451.39000000,46490.39000000,122.79441000,2022-01-05 04:29:59.999,5708522.23355710,5234,67.70815000,3147630.42782470
2022-01-05 04:30:00,46490.39000000,46496.04000000,46350.65000000,46368.04000000,87.25243000,2022-01-05 04:44:59.999,4048946.50532950,4346,37.26155000,1729021.53355000
2022-01-05 04:45:00,46368.03000000,46458.01000000,46350.93000000,46414.47000000,124.27026000,2022-01-05 04:59:59.999,5766327.80354140,4891,75.75774000,3515311.75138310
2022-01-05 05:00:00,46419.00000000,46419.00000000,46298.84000000,46307.33000000,151.64862000,2022-01-05 05:14:59.999,7029911.22034390,5712,48.71420000,2257805.47210580
2022-01-05 05:15:00,46307.32000000,46329.06000000,46257.62000000,46312.81000000,132.62877000,2022-01-05 05:29:59.999,6139327.15763840,5864,65.86505000,3048974.23267750
2022-01-05 05:30:00,46312.81000000,46324.58000000,46246.21000000,46260.22000000,96.99050000,2022-01-05 05:44:59.999,4488772.64788450,4853,48.87822000,2261969.96891690
2022-01-05 05:45:00,46260.23000000,46340.14000000,46246.01000000,46302.80000000,113.37503000,2022-01-05 05:59:59.999,5249972.25956260,5262,50.06830000,2318404.17336260
2022-01-05 06:00:00,46302.79000000,46393.06000000,46251.10000000,46363.00000000,232.34224000,2022-01-05 06:14:59.999,10755889.93901970,7045,79.02498000,3658784.14917530
2022-01-05 06:15:00,46363.00000000,46381.43000000,46300.34000000,46307.02000000,111.19185000,2022-01-05 06:29:59.999,5151065.96877030,6067,59.64165000,2762790.69438620
2022-01-05 06:30:00,46307.03000000,46434.99000000,46306.52000000,46369.28000000,145.79288000,2022-01-05 06:44:59.999,6761470.03342800,6682,73.97210000,3430028.78074750
2022-01-05 06:45:00,46369.27000000,46466.65000000,46362.71000000,46450.00000000,119.50821000,2022-01-05 06:59:59.999,5547607.05059720,6355,64.08037000,2974565.98464440
2022-01-05 07:00:00,46450.00000000,46490.20000000,46402.10000000,46469.28000000,148.05337000,2022-01-05 07:14:59.999,6876334.64837960,6927,69.30856000,3219174.25340790
2022-01-05 07:15:00,46470.24000000,46471.70000000,46363.46000000,46420.23000000,129.36170000,2022-01-05 07:29:59.999,6003608.25433070,6414,67.62789000,3138390.11432910
2022-01-05 07:30:00,46420.23000000,46434.57000000,46344.56000000,46348.12000000,146.18225000,2022-01-05 07:44:59.999,6779700.43532840,5727,57.54536000,2668772.87008100
2022-01-05 07:45:00,46348.12000000,46420.34000000,46333.78000000,46407.51000000,149.23848000,2022-01-05 07:59:59.999,6921524.17546580,6038,70.20886000,3256462.71969060
2022-01-05 08:00:00,46407.50000000,46433.87000000,46301.81000000,46317.26000000,149.34454000,2022-01-05 08:14:59.999,6922952.03528550,6277,70.87477000,3285386.76969060
2022-01-05 08:15:00,46317.25000000,46368.92000000,46250.49000000,46350.16000000,161.67643000,2022-01-05 08:29:59.999,7488628.08650120,6018,68.46687000,3171638.47172530
2022-01-05 08:30:00,46350.17000000,46533.46000000,46326.80000000,46519.93000000,155.59242000,2022-01-05 08:44:59.999,7220437.47487140,6282,91.91461000,4266353.96039020
2022-01-05 08:45:00,46519.93000000,46681.61000000,46519.91000000,46642.07000000,494.83095000,2022-01-05 08:59:59.999,23065732.98287200,10908,247.78139000,11550160.52665780
2022-01-05 09:00:00,46636.78000000,46696.92000000,46575.01000000,46639.03000000,350.58613000,2022-01-05 09:14:59.999,16348707.38192320,9287,159.91090000,7456085.66468460
2022-01-05 09:15:00,46639.02000000,46855.34000000,46621.57000000,46800.03000000,455.35260000,2022-01-05 09:29:59.999,21294435.63657510,12139,217.43283000,10166871.60830250
2022-01-05 09:30:00,46800.04000000,46934.99000000,46750.00000000,46902.38000000,443.23858000,2022-01-05 09:44:59.999,20758673.20147600,11010,171.03628000,8010545.77560250
2022-01-05 09:45:00,46902.39000000,46949.00000000,46776.74000000,46858.94000000,287.47116000,2022-01-05 09:59:59.999,13468123.22466690,9412,148.35055000,6950027.45914570
2022-01-05 10:00:00,46858.93000000,47070.00000000,46858.93000000,46953.33000000,738.94350000,2022-01-05 10:14:59.999,34713990.21283100,16715,430.21890000,20210370.71473870
2022-01-05 10:15:00,46953.32000000,46955.00000000,46763.07000000,46793.09000000,260.96811000,2022-01-05 10:29:59.999,12220876.38783060,9216,116.36508000,5448377.84195440
2022-01-05 10:30:00,46793.08000000,46834.89000000,46697.79000000,46721.14000000,338.18199000,2022-01-05 10:44:59.999,15811227.18521040,10074,182.58802000,8536062.66448200
2022-01-05 10:45:00,46717.31000000,46836.93000000,46713.35000000,46818.50000000,291.68209000,2022-01-05 10:59:59.999,13644615.95124450,6813,152.78913000,7146888.97418300
2022-01-05 11:00:00,46818.50000000,46869.25000000,46606.01000000,46636.19000000,321.79313000,2022-01-05 11:14:59.999,15032033.18398170,9174,139.75432000,6529492.62840590
2022-01-05 11:15:00,46636.18000000,46670.05000000,46461.75000000,46546.17000000,279.20672000,2022-01-05 11:29:59.999,13002660.17035830,9875,124.90341000,5818261.03761840
2022-01-05 11:30:00,46546.18000000,46548.05000000,46151.54000000,46203.94000000,616.18922000,2022-01-05 11:44:59.999,28549710.59515380,16673,273.36621000,12662346.09671910
2022-01-05 11:45:00,46203.95000000,46299.20000000,46110.00000000,46270.99000000,278.74770000,2022-01-05 11:59:59.999,12885486.60647970,11731,134.81013000,6232559.03116540
2022-01-05 12:00:00,46271.00000000,46348.20000000,46113.29000000,46187.09000000,428.91084000,2022-01-05 12:14:59.999,19838640.55394140,12275,222.96302000,10313831.43376010
2022-01-05 12:15:00,46187.09000000,46250.00000000,45953.63000000,46154.94000000,527.06041000,2022-01-05 12:29:59.999,24290510.83856180,15084,221.17770000,10199040.05352900
2022-01-05 12:30:00,46154.93000000,46178.95000000,45803.67000000,46060.67000000,560.36824000,2022-01-05 12:44:59.999,25780994.61283030,14925,238.91678000,10995153.38404440
2022-01-05 12:45:00,46060.66000000,46258.09000000,45925.61000000,46229.99000000,365.72296000,2022-01-05 12:59:59.999,16858626.38013670,11572,190.12431000,8765878.54528510
2022-01-05 13:00:00,46229.99000000,46280.11000000,46112.59000000,46156.32000000,242.58265000,2022-01-05 13:14:59.999,11206434.54349920,8947,106.35616000,4913170.54213840
2022-01-05 13:15:00,46156.33000000,46390.00000000,46131.00000000,46364.23000000,316.38214000,2022-01-05 13:29:59.999,14646034.39952190,10431,151.96382000,7033384.20225800
2022-01-05 13:30:00,46364.24000000,46466.66000000,46315.68000000,46363.41000000,243.37058000,2022-01-05 13:44:59.999,11290925.27715510,10297,111.69935000,5182248.13124510
2022-01-05 13:45:00,46363.40000000,46440.12000000,46265.52000000,46440.01000000,219.48338000,2022-01-05 13:59:59.999,10172978.82272180,8956,107.45405000,4981050.81262930
2022-01-05 14:00:00,46440.00000000,46517.23000000,46368.37000000,46415.51000000,216.24504000,2022-01-05 14:14:59.999,10041593.03688460,8765,116.08375000,5390862.05036570
2022-01-05 14:15:00,46415.51000000,46420.40000000,46298.13000000,46402.91000000,196.82400000,2022-01-05 14:29:59.999,9122554.25477250,7855,102.81187000,4765239.48227930
2022-01-05 14:30:00,46402.91000000,46769.00000000,46236.79000000,46325.16000000,712.05773000,2022-01-05 14:44:59.999,33073232.19910820,18343,354.22599000,16457366.53212850
2022-01-05 14:45:00,46325.17000000,46822.17000000,46150.35000000,46689.52000000,798.86040000,2022-01-05 14:59:59.999,37153904.35263900,19726,447.64238000,20826225.88875960
2022-01-05 15:00:00,46689.52000000,46822.16000000,46545.45000000,46552.18000000,393.97272000,2022-01-05 15:14:59.999,18399031.47114400,13223,171.59562000,8014288.66904370
2022-01-05 15:15:00,46552.18000000,46788.86000000,46500.00000000,46752.46000000,292.45818000,2022-01-05 15:29:59.999,13640118.23326670,10773,161.00980000,7510059.80450720
2022-01-05 15:30:00,46752.46000000,46752.46000000,46450.00000000,46539.03000000,311.93355000,2022-01-05 15:44:59.999,14524808.37249680,11179,139.76209000,6507688.28907560
2022-01-05 15:45:00,46539.04000000,46645.74000000,46368.63000000,46622.53000000,230.02975000,2022-01-05 15:59:59.999,10699753.45756680,10113,108.83131000,5061615.90144130
2022-01-05 16:00:00,46622.53000000,46665.64000000,46352.00000000,46464.42000000,265.00347000,2022-01-05 16:14:59.999,12319649.31940300,9995,121.04857000,5627196.52315520
2022-01-05 16:15:00,46464.41000000,46673.19000000,46449.86000000,46673.19000000,244.20181000,2022-01-05 16:29:59.999,11371686.89616110,8400,148.00576000,6891689.54412500
2022-01-05 16:30:00,46673.18000000,46674.37000000,46367.23000000,46397.25000000,278.05775000,2022-01-05 16:44:59.999,12929418.30531990,8260,120.68246000,5611074.15707160
2022-01-05 16:45:00,46397.25000000,46403.26000000,46282.05000000,46301.62000000,226.87398000,2022-01-05 16:59:59.999,10513974.48094570,8537,90.90522000,4212322.71298640
2022-01-05 17:00:00,46301.62000000,46469.66000000,46283.71000000,46357.07000000,166.12324000,2022-01-05 17:14:59.999,7708951.24363140,8151,83.29140000,3864984.85716410
2022-01-05 17:15:00,46357.07000000,46392.79000000,46244.12000000,46370.42000000,257.14043000,2022-01-05 17:29:59.999,11906117.37669330,9482,127.53944000,5905567.14676180
2022-01-05 17:30:00,46370.41000000,46376.43000000,46013.24000000,46157.99000000,428.68927000,2022-01-05 17:44:59.999,19793850.30137980,14468,153.38369000,7081840.44857300
2022-01-05 17:45:00,46157.99000000,46217.33000000,46001.00000000,46010.72000000,340.50309000,2022-01-05 17:59:59.999,15702165.05601420,13203,137.49670000,6340686.94031140
2022-01-05 18:00:00,46010.72000000,46014.71000000,45550.00000000,45781.08000000,2032.99122000,2022-01-05 18:14:59.999,92975098.19443850,37367,808.37177000,36953706.81510820
2022-01-05 18:15:00,45781.09000000,45969.29000000,45576.96000000,45859.60000000,663.54394000,2022-01-05 18:29:59.999,30384594.97643460,17296,326.32046000,14949025.27224070
2022-01-05 18:30:00,45859.60000000,46365.68000000,45809.00000000,46000.00000000,704.54091000,2022-01-05 18:44:59.999,32443030.73132520,18740,365.78835000,16846866.38462580
2022-01-05 18:45:00,46000.00000000,46136.02000000,45909.74000000,45919.92000000,267.42498000,2022-01-05 18:59:59.999,12304165.95500200,9273,131.34723000,6043439.17477210
2022-01-05 19:00:00,45919.93000000,46118.85000000,45652.05000000,45695.68000000,720.05562000,2022-01-05 19:14:59.999,33006298.24735480,20097,352.61673000,16164662.38764320
2022-01-05 19:15:00,45695.68000000,46000.00000000,45573.62000000,45903.12000000,731.28894000,2022-01-05 19:29:59.999,33463435.96716610,20487,366.17358000,16758302.41290170
2022-01-05 19:30:00,45903.12000000,45997.42000000,45560.00000000,45564.65000000,554.34161000,2022-01-05 19:44:59.999,25356241.79234990,16605,268.34963000,12277491.36448330
2022-01-05 19:45:00,45564.66000000,45582.98000000,44500.00000000,44685.93000000,5377.97908000,2022-01-05 19:59:59.999,241875883.63011630,119453,2033.41039000,91407587.20837200
2022-01-05 20:00:00,44685.93000000,44847.99000000,43722.54000000,44240.95000000,4368.18531000,2022-01-05 20:14:59.999,193120346.65784430,87419,1807.20270000,79944777.03959820
2022-01-05 20:15:00,44234.52000000,44438.73000000,44008.09000000,44134.68000000,1586.49924000,2022-01-05 20:29:59.999,70173183.03766370,35461,785.17501000,34733341.49994480
2022-01-05 20:30:00,44134.68000000,44400.00000000,44023.99000000,44194.26000000,841.58023000,2022-01-05 20:44:59.999,37210794.48764110,23573,426.55190000,18860749.36612700
2022-01-05 20:45:00,44194.26000000,44281.74000000,43888.00000000,43967.01000000,1258.54638000,2022-01-05 20:59:59.999,55446755.14717310,26701,650.81798000,28669206.12708390
2022-01-05 21:00:00,43967.01000000,44331.42000000,43900.70000000,44185.54000000,568.00112000,2022-01-05 21:14:59.999,25088498.55973210,19867,295.64341000,13057247.27088510
2022-01-05 21:15:00,44185.54000000,44206.10000000,43806.00000000,43968.13000000,733.73001000,2022-01-05 21:29:59.999,32282557.21263100,21168,321.58008000,14152623.58190480
2022-01-05 21:30:00,43968.13000000,43983.97000000,43422.54000000,43672.91000000,1717.72281000,2022-01-05 21:44:59.999,74943215.69823450,42122,679.14192000,29640041.08600480
2022-01-05 21:45:00,43672.92000000,44017.74000000,43599.94000000,43606.37000000,824.74561000,2022-01-05 21:59:59.999,36126105.67099000,22441,443.83626000,19446411.22509990
2022-01-05 22:00:00,43602.49000000,43815.20000000,43260.85000000,43359.46000000,1006.71543000,2022-01-05 22:14:59.999,43832740.66981340,31812,465.14921000,20263908.70506170
2022-01-05 22:15:00,43359.46000000,43500.00000000,43000.00000000,43000.01000000,1675.30985000,2022-01-05 22:29:59.999,72341766.18168430,53215,576.27149000,24923405.91632350
2022-01-05 22:30:00,43000.00000000,43553.65000000,42500.00000000,43454.30000000,2764.81573000,2022-01-05 22:44:59.999,118807405.10228020,99158,1152.57114000,49603191.41566520
2022-01-05 22:45:00,43454.30000000,43647.00000000,43130.56000000,43437.05000000,1409.79969000,2022-01-05 22:59:59.999,61222110.04830030,35061,685.59462000,29778445.04251910
2022-01-05 23:00:00,43437.04000000,43574.15000000,43212.00000000,43533.72000000,861.19414000,2022-01-05 23:14:59.999,37381102.24714030,23525,414.96205000,18012649.87653900
2022-01-05 23:15:00,43533.72000000,43709.12000000,43455.30000000,43636.28000000,793.88029000,2022-01-05 23:29:59.999,34600016.49844170,21889,393.15190000,17133797.78320860
2022-01-05 23:30:00,43636.28000000,43662.27000000,43402.58000000,43611.11000000,632.08357000,2022-01-05 23:44:59.999,27509052.76363220,17363,280.35515000,12201145.09390710
2022-01-05 23:45:00,43611.10000000,43670.00000000,43400.00000000,43451.13000000,582.80697000,2022-01-05 23:59:59.999,25377356.33997700,15228,246.64220000,10739732.25333500
2022-01-06 00:00:00,43451.14000000,43568.13000000,43261.62000000,43507.22000000,780.67382000,2022-01-06 00:14:59.999,33889677.20767010,19478,388.28166000,16856748.61670610
2022-01-06 00:15:00,43507.23000000,43615.71000000,43368.57000000,43526.13000000,546.75418000,2022-01-06 00:29:59.999,23778040.15771150,13617,256.99714000,11174946.55123090
2022-01-06 00:30:00,43526.13000000,43772.41000000,43482.46000000,43686.21000000,563.72298000,2022-01-06 00:44:59.999,24615779.88019120,13877,292.59820000,12776650.30204390
2022-01-06 00:45:00,43686.21000000,43727.83000000,43544.38000000,43680.94000000,330.09813000,2022-01-06 00:59:59.999,14403691.17829390,10178,164.98030000,7199419.73505200
2022-01-06 01:00:00,43680.94000000,43700.00000000,43526.12000000,43653.47000000,453.38116000,2022-01-06 01:14:59.999,19769761.97340750,11837,194.64134000,8486201.45756030
2022-01-06 01:15:00,43653.48000000,43816.00000000,43565.28000000,43601.29000000,557.95093000,2022-01-06 01:29:59.999,24391907.82002780,13545,244.26662000,10678460.04740740
2022-01-06 01:30:00,43601.29000000,43661.56000000,43503.40000000,43658.36000000,401.22313000,2022-01-06 01:44:59.999,17488201.29299580,11387,187.81739000,8186749.36502370
2022-01-06 01:45:00,43658.36000000,43661.58000000,43306.48000000,43542.69000000,495.60922000,2022-01-06 01:59:59.999,21548647.13123970,15440,219.76821000,9554018.10821940
2022-01-06 02:00:00,43542.69000000,43618.34000000,43353.27000000,43353.49000000,323.30829000,2022-01-06 02:14:59.999,14064136.27930440,11033,140.76682000,6124709.21230780
2022-01-06 02:15:00,43353.49000000,43425.88000000,43150.05000000,43237.75000000,494.58134000,2022-01-06 02:29:59.999,21416496.02822950,13579,216.41522000,9373935.45784930
2022-01-06 02:30:00,43237.75000000,43399.99000000,43204.13000000,43399.99000000,382.90017000,2022-01-06 02:44:59.999,16585683.13675600,10219,221.45260000,9592391.28647210
2022-01-06 02:45:00,43399.99000000,43443.08000000,43215.92000000,43259.54000000,249.24567000,2022-01-06 02:59:59.999,10799782.43873380,9663,121.36014000,5257871.35476330
2022-01-06 03:00:00,43259.55000000,43310.69000000,43081.23000000,43239.05000000,490.74020000,2022-01-06 03:14:59.999,21194991.20265880,13257,223.57784000,9657368.77256550
2022-01-06 03:15:00,43239.05000000,43260.33000000,43077.92000000,43092.15000000,422.08669000,2022-01-06 03:29:59.999,18221357.18225500,11006,192.57089000,8313802.92175710
2022-01-06 03:30:00,43092.16000000,43210.00000000,43000.00000000,43092.23000000,467.07994000,2022-01-06 03:44:59.999,20137273.07888280,14836,230.45182000,9937178.82546410
2022-01-06 03:45:00,43092.24000000,43137.04000000,42803.37000000,42835.00000000,947.94038000,2022-01-06 03:59:59.999,40710125.77984360,21333,450.73961000,19358664.27477920
2022-01-06 04:00:00,42835.00000000,43063.55000000,42762.34000000,43026.14000000,962.77098000,2022-01-06 04:14:59.999,41310026.79250200,18273,469.10335000,20122208.24061890
2022-01-06 04:15:00,43026.13000000,43159.17000000,42821.22000000,42821.23000000,585.60939000,2022-01-06 04:29:59.999,25180733.66934530,13665,245.16270000,10547791.88342240
2022-01-06 04:30:00,42821.22000000,42995.26000000,42600.05000000,42772.18000000,929.68917000,2022-01-06 04:44:59.999,39768973.37353150,19456,495.21472000,21189373.80395890
2022-01-06 04:45:00,42772.18000000,43147.87000000,42670.18000000,43029.73000000,579.20886000,2022-01-06 04:59:59.999,24871785.28857340,15328,325.45378000,13974592.55597300
2022-01-06 05:00:00,43029.73000000,43201.39000000,42800.00000000,43133.29000000,558.43463000,2022-01-06 05:14:59.999,24032323.45908330,14984,261.85611000,11271310.12888520
2022-01-06 05:15:00,43133.30000000,43246.37000000,43064.77000000,43159.55000000,326.10559000,2022-01-06 05:29:59.999,14074931.90686940,10660,181.15200000,7818601.21726540
2022-01-06 05:30:00,43159.56000000,43177.07000000,42853.32000000,42940.99000000,477.01017000,2022-01-06 05:44:59.999,20518445.58478750,13859,208.25724000,8958339.08132750
2022-01-06 05:45:00,42941.00000000,43153.96000000,42933.00000000,43050.01000000,287.60154000,2022-01-06 05:59:59.999,12379510.33199850,9227,158.90364000,6840578.41108200
2022-01-06 06:00:00,43050.00000000,43115.74000000,42912.25000000,43110.44000000,284.82428000,2022-01-06 06:14:59.999,12243878.15657460,10260,127.79100000,5493553.24104230
2022-01-06 06:15:00,43110.44000000,43231.85000000,43048.56000000,43110.39000000,289.40193000,2022-01-06 06:29:59.999,12490811.14518760,10169,138.50869000,5978588.24359670
2022-01-06 06:30:00,43110.39000000,43168.96000000,42902.65000000,42957.60000000,439.08204000,2022-01-06 06:44:59.999,18883496.21841400,11278,281.15569000,12090870.54857720
2022-01-06 06:45:00,42957.60000000,43125.23000000,42926.27000000,43102.28000000,252.23901000,2022-01-06 06:59:59.999,10854245.47769950,9282,128.96002000,5549261.08488020
2022-01-06 07:00:00,43102.28000000,43217.00000000,42987.73000000,43142.12000000,266.50869000,2022-01-06 07:14:59.999,11490817.63933840,10028,144.36178000,6224238.98625680
2022-01-06 07:15:00,43142.12000000,43211.79000000,43100.00000000,43197.69000000,253.15570000,2022-01-06 07:29:59.999,10928040.46823150,8426,142.33515000,6144657.93341160
2022-01-06 07:30:00,43197.68000000,43234.02000000,43037.49000000,43063.27000000,321.76480000,2022-01-06 07:44:59.999,13880849.16716010,9614,188.42097000,8128855.35363880
2022-01-06 07:45:00,43063.26000000,43275.80000000,43032.64000000,43245.25000000,334.98413000,2022-01-06 07:59:59.999,14466922.25560330,10655,205.57603000,8877466.71076180
2022-01-06 08:00:00,43245.26000000,43273.87000000,43081.77000000,43109.06000000,370.89870000,2022-01-06 08:14:59.999,16015540.55123180,11498,178.88970000,7724158.97342940
2022-01-06 08:15:00,43109.06000000,43239.83000000,42992.01000000,43090.00000000,378.32856000,2022-01-06 08:29:59.999,16307624.27274990,12661,162.16914000,6991560.64299590
2022-01-06 08:30:00,43090.00000000,43114.24000000,42900.00000000,42970.00000000,479.73548000,2022-01-06 08:44:59.999,20632042.94073120,14994,231.11100000,9939441.76419280
2022-01-06 08:45:00,42970.01000000,43090.68000000,42925.69000000,43055.41000000,298.56559000,2022-01-06 08:59:59.999,12841083.55942740,10435,140.79791000,6055727.37406950
2022-01-06 09:00:00,43055.42000000,43089.86000000,42863.30000000,42928.27000000,362.35120000,2022-01-06 09:14:59.999,15558116.82527320,13439,179.83195000,7721239.32455350
2022-01-06 09:15:00,42928.28000000,42990.00000000,42700.00000000,42749.42000000,607.79844000,2022-01-06 09:29:59.999,26047094.82730280,15395,276.88215000,11866857.05865980
2022-01-06 09:30:00,42753.61000000,42907.54000000,42500.00000000,42800.01000000,999.31346000,2022-01-06 09:44:59.999,42658965.43036170,24805,454.86618000,19423171.35388270
2022-01-06 09:45:00,42800.01000000,42870.00000000,42430.58000000,42597.87000000,938.20884000,2022-01-06 09:59:59.999,39983480.50101780,24875,440.93337000,18796663.46877470
2022-01-06 10:00:00,42597.87000000,42765.75000000,42588.96000000,42661.98000000,480.06628000,2022-01-06 10:14:59.999,20490760.50270980,15391,252.89937000,10795060.86873600
2022-01-06 10:15:00,42661.98000000,42850.00000000,42568.22000000,42822.00000000,438.77084000,2022-01-06 10:29:59.999,18743493.54551210,13534,230.36064000,9841987.22835820
2022-01-06 10:30:00,42822.00000000,42950.00000000,42700.00000000,42746.62000000,461.08410000,2022-01-06 10:44:59.999,19747414.21717890,13659,197.77339000,8472572.59821750
2022-01-06 10:45:00,42746.62000000,42960.00000000,42719.25000000,42878.88000000,589.54553000,2022-01-06 10:59:59.999,25271178.53692000,14629,236.90549000,10157825.95944480
2022-01-06 11:00:00,42878.87000000,42974.21000000,42809.08000000,42946.89000000,469.72133000,2022-01-06 11:14:59.999,20155524.81242190,11937,248.19650000,10651262.24016660
2022-01-06 11:15:00,42946.89000000,42961.77000000,42790.00000000,42796.60000000,269.01717000,2022-01-06 11:29:59.999,11531301.41705770,10146,111.19423000,4766349.07863050
2022-01-06 11:30:00,42796.60000000,42896.47000000,42677.28000000,42694.82000000,268.90056000,2022-01-06 11:44:59.999,11503890.17190480,11125,131.94948000,5645998.10857340
2022-01-06 11:45:00,42694.82000000,42944.47000000,42691.07000000,42878.34000000,339.48812000,2022-01-06 11:59:59.999,14548218.71475740,11988,198.19932000,8494023.83167890
2022-01-06 12:00:00,42878.33000000,42956.82000000,42751.51000000,42754.98000000,366.70119000,2022-01-06 12:14:59.999,15712491.90692370,11961,154.16719000,6605452.45011270
2022-01-06 12:15:00,42754.98000000,42855.97000000,42632.44000000,42664.89000000,380.76827000,2022-01-06 12:29:59.999,16269187.46811310,12454,207.27382000,8856696.13485160
2022-01-06 12:30:00,42664.89000000,42832.70000000,42650.15000000,42757.96000000,401.55584000,2022-01-06 12:44:59.999,17170491.79864880,13046,208.83660000,8929001.33397870
2022-01-06 12:45:00,42757.96000000,43077.00000000,42735.34000000,43062.76000000,493.30209000,2022-01-06 12:59:59.999,21173767.17393280,14051,251.96578000,10814935.76744750
2022-01-06 13:00:00,43062.77000000,43189.55000000,43009.31000000,43053.00000000,531.62064000,2022-01-06 13:14:59.999,22907840.38764360,16589,249.32300000,10743228.49680950
2022-01-06 13:15:00,43053.01000000,43200.00000000,42931.99000000,43009.45000000,509.41600000,2022-01-06 13:29:59.999,21913370.41692440,12780,274.06872000,11792184.80887320
2022-01-06 13:30:00,43009.45000000,43132.66000000,42900.00000000,42994.26000000,348.26505000,2022-01-06 13:44:59.999,14968166.03111020,11938,189.73043000,8155967.27850650
2022-01-06 13:45:00,42994.25000000,43194.00000000,42960.00000000,43150.01000000,496.84825000,2022-01-06 13:59:59.999,21423161.77943650,15885,221.45492000,9548529.96189190
2022-01-06 14:00:00,43150.00000000,43194.00000000,43012.72000000,43040.01000000,279.21957000,2022-01-06 14:14:59.999,12032276.45540370,11732,125.14358000,5393169.08260740
2022-01-06 14:15:00,43040.01000000,43050.04000000,42860.03000000,42882.96000000,409.74362000,2022-01-06 14:29:59.999,17600667.69017650,13533,196.99965000,8461920.53317180
2022-01-06 14:30:00,42882.96000000,43267.09000000,42882.96000000,43131.73000000,631.44862000,2022-01-06 14:44:59.999,27231709.19119090,17290,334.50903000,14425147.51654490
2022-01-06 14:45:00,43131.73000000,43149.53000000,42761.90000000,42805.50000000,855.54440000,2022-01-06 14:59:59.999,36720845.93360230,18987,399.69920000,17156644.04660210
2022-01-06 15:00:00,42805.50000000,42883.93000000,42666.00000000,42738.62000000,623.21281000,2022-01-06 15:14:59.999,26641757.18092830,16771,332.33941000,14206402.52424650
2022-01-06 15:15:00,42738.62000000,42940.22000000,42716.64000000,42866.47000000,386.20706000,2022-01-06 15:29:59.999,16545932.44924620,12220,203.64575000,8724555.47219880
2022-01-06 15:30:00,42866.47000000,43007.39000000,42825.95000000,42878.02000000,351.18943000,2022-01-06 15:44:59.999,15080177.73340810,10857,177.69986000,7629589.15834990
2022-01-06 15:45:00,42878.02000000,43019.71000000,42847.81000000,42950.01000000,349.19311000,2022-01-06 15:59:59.999,15000107.83083040,10529,159.53908000,6853138.33652760
2022-01-06 16:00:00,42950.02000000,43064.91000000,42884.00000000,43002.40000000,321.93639000,2022-01-06 16:14:59.999,13837130.80960530,10995,175.57025000,7546064.19153640
2022-01-06 16:15:00,43002.39000000,43131.76000000,42847.81000000,42863.02000000,586.32109000,2022-01-06 16:29:59.999,25213568.95207850,13649,315.60240000,13575049.34701130
2022-01-06 16:30:00,42863.01000000,42971.11000000,42725.09000000,42891.88000000,539.51450000,2022-01-06 16:44:59.999,23102168.45496940,12363,263.80171000,11297785.53790430
2022-01-06 16:45:00,42891.88000000,42924.31000000,42786.38000000,42882.22000000,236.71357000,2022-01-06 16:59:59.999,10146202.87801700,8550,115.77690000,4962814.22482260
2022-01-06 17:00:00,42882.23000000,43014.58000000,42847.89000000,42847.89000000,308.16293000,2022-01-06 17:14:59.999,13231599.66285190,9472,174.47133000,7491757.82936300
2022-01-06 17:15:00,42847.89000000,43046.00000000,42790.89000000,43045.51000000,315.92084000,2022-01-06 17:29:59.999,13561275.35127380,9465,180.51762000,7748587.33980360
2022-01-06 17:30:00,43045.51000000,43157.11000000,42980.27000000,43150.17000000,291.52839000,2022-01-06 17:44:59.999,12556539.40836190,9880,158.65300000,6833947.41671180
2022-01-06 17:45:00,43150.17000000,43175.66000000,42994.14000000,43005.29000000,302.46532000,2022-01-06 17:59:59.999,13028492.02581730,10123,132.96985000,5727229.95176410
2022-01-06 18:00:00,43005.30000000,43188.00000000,42982.05000000,43143.04000000,264.22180000,2022-01-06 18:14:59.999,11390498.08974430,9815,140.96534000,6077139.19353790
2022-01-06 18:15:00,43143.04000000,43160.00000000,43019.16000000,43059.03000000,198.08026000,2022-01-06 18:29:59.999,8537630.44833210,8484,90.99929000,3922234.09088640
2022-01-06 18:30:00,43058.34000000,43188.00000000,43027.88000000,43187.99000000,313.49409000,2022-01-06 18:44:59.999,13521959.14347540,9375,171.21416000,7384281.12885940
2022-01-06 18:45:00,43187.99000000,43400.00000000,43137.75000000,43369.04000000,491.22329000,2022-01-06 18:59:59.999,21266329.97493320,15257,286.92266000,12422127.78411560
2022-01-06 19:00:00,43369.04000000,43425.92000000,43224.73000000,43326.00000000,362.44426000,2022-01-06 19:14:59.999,15702561.02856130,12977,179.85239000,7792536.60356820
2022-01-06 19:15:00,43326.00000000,43461.04000000,43301.07000000,43379.45000000,287.34745000,2022-01-06 19:29:59.999,12461574.99397140,10288,163.47988000,7090662.98323540
2022-01-06 19:30:00,43379.44000000,43470.00000000,43320.08000000,43452.56000000,370.32544000,2022-01-06 19:44:59.999,16077345.06549640,11393,209.82116000,9109196.61011630
2022-01-06 19:45:00,43452.56000000,43508.78000000,43423.10000000,43438.10000000,310.83206000,2022-01-06 19:59:59.999,13512108.48140190,10232,173.48584000,7541913.23398550
2022-01-06 20:00:00,43438.11000000,43581.30000000,43386.83000000,43398.72000000,449.42704000,2022-01-06 20:14:59.999,19548803.00583680,12803,220.86211000,9606893.30504660
2022-01-06 20:15:00,43398.73000000,43403.74000000,43150.00000000,43318.30000000,381.43338000,2022-01-06 20:29:59.999,16502417.77690310,11619,212.43027000,9191588.02638950
2022-01-06 20:30:00,43318.30000000,43335.22000000,43119.71000000,43227.52000000,240.82132000,2022-01-06 20:44:59.999,10406308.92358180,8485,114.48595000,4946837.89414830
2022-01-06 20:45:00,43227.06000000,43251.19000000,43111.57000000,43221.50000000,220.72966000,2022-01-06 20:59:59.999,9533434.19254240,7754,101.35093000,4377619.21457970
2022-01-06 21:00:00,43221.50000000,43247.55000000,43115.11000000,43150.01000000,251.10807000,2022-01-06 21:14:59.999,10844303.71987490,7841,145.82525000,6297764.65236370
2022-01-06 21:15:00,43150.00000000,43246.08000000,43081.85000000,43189.59000000,233.89604000,2022-01-06 21:29:59.999,10096992.24301140,7647,104.69253000,4519128.09333560
2022-01-06 21:30:00,43189.59000000,43253.29000000,43112.15000000,43121.77000000,142.34739000,2022-01-06 21:44:59.999,6147824.48120380,6973,59.81892000,2583914.60582830
2022-01-06 21:45:00,43121.78000000,43188.95000000,43066.04000000,43120.64000000,152.47079000,2022-01-06 21:59:59.999,6575756.87426540,6257,71.77282000,3095585.90818680
2022-01-06 22:00:00,43120.63000000,43165.23000000,43021.37000000,43026.49000000,111.74368000,2022-01-06 22:14:59.999,4816746.73351580,6462,46.68475000,2012460.43825090
2022-01-06 22:15:00,43026.49000000,43178.13000000,43007.81000000,43141.99000000,149.22662000,2022-01-06 22:29:59.999,6431201.50270770,7610,70.47252000,3036951.51062040
2022-01-06 22:30:00,43142.00000000,43236.73000000,43096.23000000,43103.00000000,146.53065000,2022-01-06 22:44:59.999,6327747.34813100,6818,73.77129000,3185891.09886770
2022-01-06 22:45:00,43102.99000000,43200.00000000,43102.99000000,43180.97000000,120.69037000,2022-01-06 22:59:59.999,5208284.80328450,5217,53.99738000,2329958.45712100
2022-01-06 23:00:00,43180.96000000,43192.97000000,43100.00000000,43156.10000000,100.81804000,2022-01-06 23:14:59.999,4349383.98196360,5553,47.12420000,2032897.32880020
2022-01-06 23:15:00,43156.09000000,43156.10000000,43053.94000000,43155.00000000,153.02085000,2022-01-06 23:29:59.999,6595605.77466950,5605,72.52851000,3125788.65258160
2022-01-06 23:30:00,43155.00000000,43241.41000000,43101.91000000,43207.39000000,160.82589000,2022-01-06 23:44:59.999,6945379.53692860,5249,74.43160000,3214369.34758990
2022-01-06 23:45:00,43207.38000000,43225.67000000,43082.30000000,43082.31000000,143.03429000,2022-01-06 23:59:59.999,6169953.81384200,5913,56.21930000,2425719.33422770
2022-01-07 00:00:00,43082.30000000,43145.83000000,42892.01000000,42922.88000000,435.89024000,2022-01-07 00:14:59.999,18746891.52390860,12565,189.59965000,8154546.02369490
2022-01-07 00:15:00,42922.88000000,43004.55000000,42828.00000000,42905.12000000,248.11367000,2022-01-07 00:29:59.999,10647240.78754210,8521,135.49354000,5814728.28830820
2022-01-07 00:30:00,42905.12000000,42935.28000000,42738.00000000,42765.76000000,477.84609000,2022-01-07 00:44:59.999,20456046.80076240,12102,209.65200000,8975074.59191040
2022-01-07 00:45:00,42765.76000000,42879.86000000,42754.60000000,42788.15000000,226.91561000,2022-01-07 00:59:59.999,9714618.96365570,7782,117.52220000,5031311.70938090
2022-01-07 01:00:00,42788.15000000,42994.25000000,42785.56000000,42929.42000000,212.63722000,2022-01-07 01:14:59.999,9124609.80458190,7853,117.96728000,5061391.64603360
2022-01-07 01:15:00,42929.41000000,42992.73000000,42800.00000000,42970.77000000,200.26566000,2022-01-07 01:29:59.999,8586001.16518390,8650,97.42818000,4177466.32724550
2022-01-07 01:30:00,42970.77000000,43030.50000000,42906.70000000,42950.00000000,183.01775000,2022-01-07 01:44:59.999,7864072.42601720,6565,89.01661000,3825236.85789930
2022-01-07 01:45:00,42950.00000000,43030.50000000,42927.28000000,43008.90000000,103.92875000,2022-01-07 01:59:59.999,4468761.12216630,5279,52.77540000,2269214.30329630
2022-01-07 02:00:00,43008.90000000,43030.00000000,42849.11000000,42871.62000000,242.78389000,2022-01-07 02:14:59.999,10426526.54252600,7208,98.52096000,4230281.59284210
2022-01-07 02:15:00,42871.62000000,42960.00000000,42864.65000000,42935.40000000,141.84576000,2022-01-07 02:29:59.999,6087793.39548480,5697,79.41543000,3408123.80294370
2022-01-07 02:30:00,42935.39000000,42967.43000000,42781.13000000,42815.75000000,232.35755000,2022-01-07 02:44:59.999,9958058.45794170,7356,103.12931000,4420289.38531400
2022-01-07 02:45:00,42815.75000000,42869.42000000,42771.59000000,42799.13000000,130.91437000,2022-01-07 02:59:59.999,5605218.83053260,6539,67.71574000,2899309.84642450
2022-01-07 03:00:00,42799.12000000,42827.07000000,42650.00000000,42766.11000000,381.38140000,2022-01-07 03:14:59.999,16300318.34615260,11756,198.19659000,8471370.65838690
2022-01-07 03:15:00,42767.27000000,42812.33000000,42115.00000000,42290.99000000,1831.79195000,2022-01-07 03:29:59.999,77607963.13518120,42663,719.18489000,30457506.16110770
2022-01-07 03:30:00,42290.99000000,42364.37000000,41577.77000000,41845.95000000,3115.59756000,2022-01-07 03:44:59.999,130737132.76050520,69844,1262.63815000,52999210.48310440
2022-01-07 03:45:00,41845.95000000,42005.01000000,41750.00000000,41803.11000000,945.07536000,2022-01-07 03:59:59.999,39583216.70524700,21483,439.07220000,18390059.34945230
2022-01-07 04:00:00,41803.11000000,41909.23000000,41620.72000000,41751.12000000,806.35455000,2022-01-07 04:14:59.999,33695764.47297950,19866,409.53449000,17114503.27939430
2022-01-07 04:15:00,41751.13000000,41761.79000000,41205.95000000,41452.24000000,2025.68950000,2022-01-07 04:29:59.999,83967777.22972170,40465,882.69944000,36587990.58441900
2022-01-07 04:30:00,41452.24000000,41460.00000000,41000.00000000,41428.01000000,2076.94230000,2022-01-07 04:44:59.999,85671125.80294990,40830,941.88431000,38884800.33860130
2022-01-07 04:45:00,41428.01000000,41801.04000000,41419.31000000,41700.33000000,1381.73902000,2022-01-07 04:59:59.999,57529258.50015430,25254,700.58372000,29162897.54060030
2022-01-07 05:00:00,41700.33000000,41760.02000000,41524.94000000,41736.61000000,670.05897000,2022-01-07 05:14:59.999,27905460.00314120,15371,325.73590000,13566117.70979190
2022-01-07 05:15:00,41730.03000000,41898.39000000,41724.12000000,41802.51000000,585.57617000,2022-01-07 05:29:59.999,24485141.71332040,15408,284.45052000,11893675.10453220
2022-01-07 05:30:00,41802.52000000,41950.00000000,41661.26000000,41728.28000000,587.56463000,2022-01-07 05:44:59.999,24575459.18626890,14760,282.45454000,11815573.26956470
2022-01-07 05:45:00,41728.29000000,41872.23000000,41633.65000000,41851.33000000,488.40764000,2022-01-07 05:59:59.999,20373567.35233110,11545,280.48565000,11701284.17088410
2022-01-07 06:00:00,41851.33000000,41853.19000000,41613.00000000,41658.20000000,303.11520000,2022-01-07 06:14:59.999,12651073.92259940,11078,136.19178000,5683124.60776910
2022-01-07 06:15:00,41658.20000000,41787.80000000,41535.23000000,41646.50000000,517.63325000,2022-01-07 06:29:59.999,21555488.72242530,13144,278.30670000,11591296.53392790
2022-01-07 06:30:00,41646.50000000,41729.03000000,41430.00000000,41532.41000000,618.90527000,2022-01-07 06:44:59.999,25721705.96406040,16413,282.60974000,11745493.20207410
2022-01-07 06:45:00,41532.41000000,41562.20000000,41409.95000000,41529.14000000,435.38324000,2022-01-07 06:59:59.999,18063269.08333840,13268,236.98026000,9832031.74479270
2022-01-07 07:00:00,41529.15000000,41554.03000000,41206.90000000,41261.02000000,772.52312000,2022-01-07 07:14:59.999,31925508.27601970,19001,366.38457000,15140044.52041330
2022-01-07 07:15:00,41261.03000000,41615.00000000,41255.13000000,41615.00000000,570.91317000,2022-01-07 07:29:59.999,23678595.00018680,14106,342.58870000,14209994.74550580
2022-01-07 07:30:00,41615.00000000,41700.00000000,41420.00000000,41468.06000000,493.27510000,2022-01-07 07:44:59.999,20495412.55235520,12707,211.10559000,8771023.10557840
2022-01-07 07:45:00,41468.06000000,41731.36000000,41456.45000000,41706.71000000,488.42327000,2022-01-07 07:59:59.999,20331823.43291590,12500,251.48024000,10465430.89486570
2022-01-07 08:00:00,41706.71000000,41800.00000000,41607.50000000,41754.17000000,468.13999000,2022-01-07 08:14:59.999,19531195.00849490,14073,226.30447000,9441842.70506120
2022-01-07 08:15:00,41754.17000000,42883.47000000,41655.94000000,42278.03000000,1772.79903000,2022-01-07 08:29:59.999,74957463.19004640,37345,1084.65203000,45867399.62231660
2022-01-07 08:30:00,42278.02000000,42598.30000000,42100.00000000,42195.97000000,1079.45100000,2022-01-07 08:44:59.999,45661752.09864000,24221,514.21133000,21757522.01408010
2022-01-07 08:45:00,42195.97000000,42245.29000000,42050.48000000,42088.61000000,399.54084000,2022-01-07 08:59:59.999,16842791.82233570,10821,168.19686000,7089880.77246740
2022-01-07 09:00:00,42088.61000000,42368.27000000,42060.00000000,42346.99000000,393.00810000,2022-01-07 09:14:59.999,16591828.41655820,11456,220.79079000,9320977.51142570
2022-01-07 09:15:00,42347.00000000,42539.77000000,42250.70000000,42413.12000000,468.17389000,2022-01-07 09:29:59.999,19854454.75166930,13184,229.89013000,9749318.87761780
2022-01-07 09:30:00,42413.12000000,42628.34000000,42400.05000000,42462.55000000,454.14013000,2022-01-07 09:44:59.999,19305340.55752440,13102,244.65001000,10400252.80621550
2022-01-07 09:45:00,42462.54000000,42524.31000000,42381.71000000,42422.56000000,276.66628000,2022-01-07 09:59:59.999,11749104.30423200,10163,124.22104000,5276092.61199250
2022-01-07 10:00:00,42422.57000000,42533.43000000,42367.74000000,42452.20000000,288.85908000,2022-01-07 10:14:59.999,12261234.90314600,9974,142.16293000,6034181.63756220
2022-01-07 10:15:00,42452.21000000,42470.26000000,42326.00000000,42329.80000000,278.18068000,2022-01-07 10:29:59.999,11788213.55898610,10369,147.94502000,6269381.49824600
2022-01-07 10:30:00,42329.80000000,42417.00000000,42278.00000000,42324.79000000,475.11257000,2022-01-07 10:44:59.999,20113137.83654250,11228,280.24292000,11863597.26146400
2022-01-07 10:45:00,42324.80000000,42360.59000000,42168.00000000,42172.83000000,236.41080000,2022-01-07 10:59:59.999,9994538.32073410,9646,122.01674000,5159926.19129310
2022-01-07 11:00:00,42172.84000000,42324.69000000,42161.00000000,42262.98000000,355.40560000,2022-01-07 11:14:59.999,15009145.94070770,10460,187.67432000,7926417.54026370
2022-01-07 11:15:00,42262.98000000,42350.73000000,42226.37000000,42254.00000000,182.13593000,2022-01-07 11:29:59.999,7700589.16024290,7593,93.50833000,3953865.89464680
2022-01-07 11:30:00,42254.00000000,42278.91000000,42180.93000000,42259.81000000,287.40137000,2022-01-07 11:44:59.999,12138249.18804390,9141,154.14943000,6510579.97877340
2022-01-07 11:45:00,42259.09000000,42311.32000000,42192.78000000,42258.62000000,211.78455000,2022-01-07 11:59:59.999,8946509.91253020,7887,122.70307000,5183315.29452540
2022-01-07 12:00:00,42258.62000000,42376.48000000,42258.62000000,42356.33000000,230.07853000,2022-01-07 12:14:59.999,9739482.52487070,9311,125.21428000,5300536.31645680
2022-01-07 12:15:00,42356.33000000,42468.19000000,42306.86000000,42440.00000000,236.10815000,2022-01-07 12:29:59.999,10004128.77614850,8223,128.84953000,5459711.72091880
2022-01-07 12:30:00,42439.99000000,42500.00000000,42382.70000000,42466.59000000,284.02801000,2022-01-07 12:44:59.999,12055858.84192830,8652,140.42792000,5960825.96190220
2022-01-07 12:45:00,42467.95000000,42489.78000000,42350.01000000,42400.00000000,225.30972000,2022-01-07 12:59:59.999,9558619.93423830,8332,103.71531000,4400006.22287640
2022-01-07 13:00:00,42400.00000000,42480.00000000,42171.32000000,42232.46000000,371.55178000,2022-01-07 13:14:59.999,15726240.77048450,11880,190.75424000,8075161.04014280
2022-01-07 13:15:00,42232.47000000,42342.50000000,42173.07000000,42291.00000000,323.29515000,2022-01-07 13:29:59.999,13659171.34035860,10234,153.21414000,6473335.25595460
2022-01-07 13:30:00,42292.01000000,42766.17000000,41200.00000000,41417.53000000,3402.15885000,2022-01-07 13:44:59.999,142463065.53156100,65857,1612.59052000,67630710.93931430
2022-01-07 13:45:00,41419.39000000,41740.00000000,41280.74000000,41489.22000000,1039.67853000,2022-01-07 13:59:59.999,43160563.21684430,24979,531.70881000,22075371.00123890
2022-01-07 14:00:00,41489.19000000,41735.78000000,41398.13000000,41720.72000000,608.31926000,2022-01-07 14:14:59.999,25295751.99881190,16798,275.78432000,11466042.14730520
2022-01-07 14:15:00,41720.73000000,41874.89000000,41654.05000000,41857.99000000,495.87499000,2022-01-07 14:29:59.999,20721986.84337460,13883,246.37812000,10295854.93523860
2022-01-07 14:30:00,41857.99000000,42020.04000000,41587.52000000,41980.01000000,803.30576000,2022-01-07 14:44:59.999,33555163.95353640,18342,390.34437000,16302870.14292540
2022-01-07 14:45:00,41980.01000000,42132.98000000,41874.39000000,41894.40000000,669.79370000,2022-01-07 14:59:59.999,28124556.11372770,17035,308.73758000,12966376.56044540
2022-01-07 15:00:00,41894.40000000,41915.36000000,41516.38000000,41576.89000000,632.98183000,2022-01-07 15:14:59.999,26385020.76899420,17038,287.75346000,11992909.04421910
2022-01-07 15:15:00,41576.89000000,41681.05000000,41425.12000000,41580.95000000,532.47715000,2022-01-07 15:29:59.999,22125744.75234160,14612,255.97023000,10637558.34340950
2022-01-07 15:30:00,41580.95000000,41662.82000000,41168.89000000,41232.27000000,915.83340000,2022-01-07 15:44:59.999,37889131.43938480,20353,406.61305000,16829469.10456700
2022-01-07 15:45:00,41237.28000000,41479.00000000,40610.00000000,41319.11000000,3175.25156000,2022-01-07 15:59:59.999,130356150.38956570,59335,1375.86707000,56553150.77137770
2022-01-07 16:00:00,41310.85000000,41568.23000000,41046.48000000,41193.78000000,1364.67719000,2022-01-07 16:14:59.999,56413121.99348360,25724,735.74069000,30422048.59706300
2022-01-07 16:15:00,41193.78000000,41842.10000000,40917.66000000,41696.34000000,1793.97339000,2022-01-07 16:29:59.999,74180009.11594840,34556,951.14120000,39331130.42602250
2022-01-07 16:30:00,41696.34000000,41780.99000000,41542.10000000,41718.02000000,755.29322000,2022-01-07 16:44:59.999,31483914.55633080,17748,402.00791000,16758021.17298340
2022-01-07 16:45:00,41718.02000000,42315.85000000,41648.17000000,42135.26000000,995.68295000,2022-01-07 16:59:59.999,41803259.87376870,24479,569.04980000,23900849.29804950
2022-01-07 17:00:00,42137.38000000,42166.86000000,41931.80000000,41987.54000000,443.37241000,2022-01-07 17:14:59.999,18632559.66393980,13397,206.39917000,8673696.06637680
2022-01-07 17:15:00,41987.54000000,42050.12000000,41788.00000000,41913.25000000,343.19998000,2022-01-07 17:29:59.999,14384453.32896990,10664,171.14262000,7173629.83892250
2022-01-07 17:30:00,41913.25000000,41917.38000000,41749.06000000,41878.54000000,221.60267000,2022-01-07 17:44:59.999,9271187.81391990,8315,93.55271000,3914233.62738810
2022-01-07 17:45:00,41878.53000000,42000.00000000,41858.58000000,41993.48000000,178.79479000,2022-01-07 17:59:59.999,7499639.55607960,8165,94.63009000,3969405.21832030
2022-01-07 18:00:00,41993.68000000,42000.00000000,41871.16000000,41917.19000000,186.42222000,2022-01-07 18:14:59.999,7817422.65852970,8617,90.67799000,3802460.56047750
2022-01-07 18:15:00,41917.19000000,41990.00000000,41650.52000000,41670.96000000,254.94461000,2022-01-07 18:29:59.999,10650693.20431400,9592,113.54159000,4744258.11271790
2022-01-07 18:30:00,41670.96000000,41839.97000000,41663.56000000,41676.93000000,185.82623000,2022-01-07 18:44:59.999,7758651.95425260,8007,105.37664000,4399644.19120790
2022-01-07 18:45:00,41676.94000000,41728.91000000,41520.00000000,41707.64000000,253.54155000,2022-01-07 18:59:59.999,10553734.80770530,9745,124.92297000,5200872.74276070
2022-01-07 19:00:00,41707.04000000,41768.46000000,41516.00000000,41541.77000000,286.31351000,2022-01-07 19:14:59.999,11915420.64681690,9551,145.58441000,6058623.22415380
2022-01-07 19:15:00,41541.77000000,41727.29000000,41541.77000000,41727.28000000,187.36930000,2022-01-07 19:29:59.999,7800048.65512640,7861,114.00814000,4745885.11578170
2022-01-07 19:30:00,41727.28000000,41826.11000000,41683.52000000,41793.91000000,218.79365000,2022-01-07 19:44:59.999,9139795.36910840,8349,123.69511000,5167026.78247130
2022-01-07 19:45:00,41793.90000000,41898.33000000,41718.69000000,41775.38000000,200.93504000,2022-01-07 19:59:59.999,8397987.36394590,8232,108.02885000,4514840.07065600
2022-01-07 20:00:00,41775.38000000,41950.00000000,41700.00000000,41714.89000000,303.92243000,2022-01-07 20:14:59.999,12724637.72710870,8803,120.76444000,5055253.84317170
2022-01-07 20:15:00,41714.90000000,41754.93000000,41597.15000000,41679.57000000,289.43779000,2022-01-07 20:29:59.999,12056528.84827100,8219,153.31984000,6385450.97189270
2022-01-07 20:30:00,41679.58000000,41900.48000000,41646.21000000,41846.06000000,185.91980000,2022-01-07 20:44:59.999,7771212.90152730,7350,91.21787000,3812385.62483780
2022-01-07 20:45:00,41846.06000000,42054.00000000,41793.13000000,41922.20000000,330.25466000,2022-01-07 20:59:59.999,13855765.49340690,9504,162.81119000,6831225.39311190
2022-01-07 21:00:00,41922.19000000,42035.00000000,41875.00000000,41881.02000000,224.49270000,2022-01-07 21:14:59.999,9420815.54258080,7559,105.18743000,4414256.10360200
2022-01-07 21:15:00,41881.03000000,41985.43000000,41849.66000000,41860.79000000,120.96485000,2022-01-07 21:29:59.999,5070476.96908620,5886,58.11440000,2436143.65293840
2022-01-07 21:30:00,41860.79000000,41970.72000000,41845.46000000,41921.77000000,136.14572000,2022-01-07 21:44:59.999,5706669.85319830,6315,65.19726000,2733054.00643500
2022-01-07 21:45:00,41921.76000000,41970.21000000,41863.16000000,41875.01000000,114.74730000,2022-01-07 21:59:59.999,4809535.33019530,4827,44.66161000,1871929.33668890
2022-01-07 22:00:00,41875.00000000,41879.42000000,41700.00000000,41700.00000000,200.80935000,2022-01-07 22:14:59.999,8391800.48469440,8500,75.73016000,3164707.49406130
2022-01-07 22:15:00,41700.00000000,41826.92000000,41671.97000000,41761.98000000,217.20347000,2022-01-07 22:29:59.999,9071976.51736770,8789,97.36982000,4066823.98014380
2022-01-07 22:30:00,41761.98000000,41771.38000000,41555.00000000,41566.24000000,195.99241000,2022-01-07 22:44:59.999,8166815.06148100,7895,67.28297000,2801798.07854620
2022-01-07 22:45:00,41566.24000000,41661.44000000,41350.00000000,41541.82000000,359.40217000,2022-01-07 22:59:59.999,14915927.64340170,10781,164.89190000,6842892.59847300
2022-01-07 23:00:00,41541.83000000,41599.92000000,41441.06000000,41473.54000000,192.10553000,2022-01-07 23:14:59.999,7976742.70036020,6859,92.87144000,3856288.83925550
2022-01-07 23:15:00,41473.53000000,41544.12000000,41336.82000000,41502.84000000,273.10762000,2022-01-07 23:29:59.999,11315820.90379590,7117,124.92778000,5175565.98266970
2022-01-07 23:30:00,41502.85000000,41593.07000000,41498.11000000,41569.82000000,141.58855000,2022-01-07 23:44:59.999,5882948.27126730,5962,72.66745000,3019130.50545830
2022-01-07 23:45:00,41569.09000000,41574.22000000,41425.69000000,41566.48000000,173.54768000,2022-01-07 23:59:59.999,7204352.50649160,6161,84.83051000,3521824.67577850
2022-01-08 00:00:00,41566.48000000,41749.18000000,41558.00000000,41713.27000000,336.15086000,2022-01-08 00:14:59.999,14002708.21678700,10835,175.93520000,7328492.76580620
2022-01-08 00:15:00,41713.27000000,41833.21000000,41700.00000000,41791.65000000,228.11773000,2022-01-08 00:29:59.999,9529829.01136460,8242,108.03788000,4513538.85142770
2022-01-08 00:30:00,41791.65000000,41829.25000000,41700.00000000,41803.68000000,165.54282000,2022-01-08 00:44:59.999,6913396.84421460,6618,81.99559000,3424125.11526130
2022-01-08 00:45:00,41803.67000000,42115.20000000,41787.31000000,41991.89000000,514.88058000,2022-01-08 00:59:59.999,21614284.16316210,12405,303.44859000,12739718.89942740
2022-01-08 01:00:00,41991.89000000,42246.37000000,41930.44000000,42186.56000000,535.35017000,2022-01-08 01:14:59.999,22544395.70030470,12198,275.96249000,11620783.67288630
2022-01-08 01:15:00,42186.57000000,42186.57000000,41934.60000000,42005.04000000,278.95768000,2022-01-08 01:29:59.999,11727695.48169490,7608,122.52794000,5149760.03304110
2022-01-08 01:30:00,42005.03000000,42050.00000000,41934.02000000,42015.06000000,204.97976000,2022-01-08 01:44:59.999,8605636.42157860,5608,112.59128000,4726374.43256360
2022-01-08 01:45:00,42015.06000000,42058.30000000,41847.48000000,41883.41000000,148.83182000,2022-01-08 01:59:59.999,6242702.44714790,6229,78.55182000,3294553.08875710
2022-01-08 02:00:00,41883.42000000,41944.44000000,41815.57000000,41866.01000000,167.56037000,2022-01-08 02:14:59.999,7015593.27757870,7631,83.45084000,3494289.73674690
2022-01-08 02:15:00,41866.02000000,41922.14000000,41800.00000000,41826.02000000,143.50793000,2022-01-08 02:29:59.999,6006862.07052150,5620,74.62332000,3123879.42077370
2022-01-08 02:30:00,41826.02000000,41829.85000000,41693.42000000,41727.60000000,152.38677000,2022-01-08 02:44:59.999,6361573.29532460,7068,69.36361000,2895650.22219620
2022-01-08 02:45:00,41727.61000000,41888.80000000,41727.60000000,41882.85000000,159.80951000,2022-01-08 02:59:59.999,6684340.18951620,5648,85.29935000,3567511.83624470
2022-01-08 03:00:00,41882.86000000,41911.86000000,41822.32000000,41833.68000000,97.57691000,2022-01-08 03:14:59.999,4084840.07781440,5675,48.63038000,2035843.38501740
2022-01-08 03:15:00,41833.67000000,41858.79000000,41641.27000000,41760.59000000,184.95507000,2022-01-08 03:29:59.999,7719747.70767820,7246,80.01902000,3339494.54335460
2022-01-08 03:30:00,41760.60000000,41855.77000000,41696.51000000,41804.05000000,115.32528000,2022-01-08 03:44:59.999,4818609.49929050,5621,62.08877000,2594352.01103280
2022-01-08 03:45:00,41804.04000000,41864.10000000,41702.91000000,41810.91000000,112.31192000,2022-01-08 03:59:59.999,4694162.56404290,5559,54.24780000,2267462.32990340
2022-01-08 04:00:00,41810.92000000,41908.96000000,41791.90000000,41820.01000000,101.36104000,2022-01-08 04:14:59.999,4241601.84649260,5287,55.13513000,2307329.71254860
2022-01-08 04:15:00,41820.01000000,41885.80000000,41785.19000000,41831.66000000,99.63421000,2022-01-08 04:29:59.999,4168206.62217220,5023,41.14609000,1721522.24008950
2022-01-08 04:30:00,41831.67000000,41991.20000000,41760.00000000,41946.54000000,154.66866000,2022-01-08 04:44:59.999,6475347.64251600,6190,81.97783000,3431653.33457130
2022-01-08 04:45:00,41946.55000000,41987.21000000,41890.66000000,41900.92000000,115.40654000,2022-01-08 04:59:59.999,4839618.42678080,5896,58.10039000,2436315.72376730
2022-01-08 05:00:00,41900.92000000,41934.56000000,41836.14000000,41923.53000000,87.52213000,2022-01-08 05:14:59.999,3665773.37734690,4842,40.83787000,1710412.64072600
2022-01-08 05:15:00,41923.53000000,41965.20000000,41884.50000000,41959.73000000,130.41464000,2022-01-08 05:29:59.999,5467994.29034910,5014,81.97183000,3436987.24427730
2022-01-08 05:30:00,41959.73000000,41965.04000000,41841.32000000,41880.01000000,140.79895000,2022-01-08 05:44:59.999,5899513.62047600,5638,59.34600000,2486157.92293770
2022-01-08 05:45:00,41880.01000000,41999.99000000,41837.59000000,41971.70000000,158.90454000,2022-01-08 05:59:59.999,6664999.07488450,5935,80.90248000,3393232.46030570
2022-01-08 06:00:00,41971.70000000,41994.66000000,41869.40000000,41893.19000000,129.00336000,2022-01-08 06:14:59.999,5409044.69393640,6403,59.62978000,2500277.77019520
2022-01-08 06:15:00,41893.20000000,41968.34000000,41862.57000000,41870.34000000,140.23127000,2022-01-08 06:29:59.999,5877556.45093260,5283,59.74847000,2504704.53586790
2022-01-08 06:30:00,41870.35000000,41872.19000000,41740.00000000,41839.09000000,203.37710000,2022-01-08 06:44:59.999,8501566.10936690,6356,102.06734000,4267185.91326770
2022-01-08 06:45:00,41839.09000000,41943.56000000,41739.00000000,41922.23000000,152.69490000,2022-01-08 06:59:59.999,6391276.65578040,6364,80.47467000,3368583.40647100
2022-01-08 07:00:00,41922.22000000,41975.44000000,41888.13000000,41922.71000000,172.14105000,2022-01-08 07:14:59.999,7219827.33298040,6921,66.23804000,2778186.81352400
2022-01-08 07:15:00,41922.72000000,41940.90000000,41841.20000000,41910.37000000,115.69421000,2022-01-08 07:29:59.999,4846446.86594400,5808,54.15459000,2268495.25488210
2022-01-08 07:30:00,41910.37000000,41972.76000000,41843.16000000,41866.13000000,134.39235000,2022-01-08 07:44:59.999,5632931.70089580,6338,59.33510000,2486984.21460390
2022-01-08 07:45:00,41866.12000000,41958.35000000,41841.04000000,41913.58000000,99.24518000,2022-01-08 07:59:59.999,4157091.05962110,5719,51.07879000,2139396.44401520
2022-01-08 08:00:00,41913.59000000,42177.94000000,41913.58000000,42131.47000000,337.11471000,2022-01-08 08:14:59.999,14174888.07232290,10437,195.45381000,8217532.85563350
2022-01-08 08:15:00,42127.99000000,42131.77000000,41982.77000000,41994.09000000,197.07620000,2022-01-08 08:29:59.999,8291708.75857260,7923,86.57856000,3642259.65751170
2022-01-08 08:30:00,41994.08000000,42040.27000000,41882.19000000,41938.98000000,252.34248000,2022-01-08 08:44:59.999,10583857.30309000,8174,116.29296000,4877551.53605470
2022-01-08 08:45:00,41939.63000000,42027.35000000,41922.64000000,41964.88000000,160.62701000,2022-01-08 08:59:59.999,6743508.36871740,6586,78.13254000,3280152.00913500
2022-01-08 09:00:00,41964.87000000,42102.00000000,41961.47000000,42101.10000000,195.79686000,2022-01-08 09:14:59.999,8231859.96449700,6866,106.93211000,4496370.61244360
2022-01-08 09:15:00,42101.99000000,42102.00000000,41966.85000000,42003.97000000,200.17481000,2022-01-08 09:29:59.999,8414733.09829960,6485,99.45016000,4180476.15149830
2022-01-08 09:30:00,42003.98000000,42153.09000000,41954.70000000,42101.74000000,180.86120000,2022-01-08 09:44:59.999,7606553.08518100,6860,88.08252000,3704174.17263620
2022-01-08 09:45:00,42101.73000000,42187.20000000,42067.66000000,42163.71000000,283.51610000,2022-01-08 09:59:59.999,11944620.01377270,7178,199.50785000,8405972.09147840
2022-01-08 10:00:00,42163.71000000,42200.00000000,42056.69000000,42109.73000000,183.12369000,2022-01-08 10:14:59.999,7713237.49143420,6933,82.92092000,3493075.05147480
2022-01-08 10:15:00,42109.02000000,42109.73000000,42009.23000000,42094.49000000,119.34428000,2022-01-08 10:29:59.999,5018493.94309810,6144,52.33903000,2200924.92406020
2022-01-08 10:30:00,42094.49000000,42155.24000000,41976.52000000,42019.85000000,230.67071000,2022-01-08 10:44:59.999,9704264.49905760,8705,108.63565000,4571205.54641030
2022-01-08 10:45:00,42019.85000000,42024.42000000,41790.70000000,41918.66000000,305.97650000,2022-01-08 10:59:59.999,12820259.84080060,9894,121.04237000,5071335.75937910
2022-01-08 11:00:00,41918.66000000,41930.00000000,41784.11000000,41822.40000000,219.73695000,2022-01-08 11:14:59.999,9192702.37351770,8660,95.33906000,3988472.40648020
2022-01-08 11:15:00,41822.40000000,41883.29000000,41780.38000000,41837.69000000,164.75684000,2022-01-08 11:29:59.999,6893778.94293510,7171,78.57312000,3287475.76332740
2022-01-08 11:30:00,41837.78000000,41906.00000000,41767.16000000,41895.92000000,174.70127000,2022-01-08 11:44:59.999,7308485.51066760,7495,82.53331000,3452501.88965430
2022-01-08 11:45:00,41895.93000000,41972.00000000,41870.30000000,41940.22000000,115.48231000,2022-01-08 11:59:59.999,4841758.58351080,5753,43.13622000,1808315.81889880
2022-01-08 12:00:00,41940.22000000,42063.23000000,41882.57000000,41996.69000000,168.09764000,2022-01-08 12:14:59.999,7056599.01716460,7420,79.94197000,3356440.43722810
2022-01-08 12:15:00,41996.69000000,41999.32000000,41850.00000000,41912.85000000,229.51486000,2022-01-08 12:29:59.999,9617559.11845430,8632,122.31193000,5125255.26891550
2022-01-08 12:30:00,41912.85000000,41925.53000000,41773.47000000,41777.00000000,197.16104000,2022-01-08 12:44:59.999,8249698.65515320,8568,73.82397000,3088826.53524330
2022-01-08 12:45:00,41777.00000000,41906.19000000,41775.94000000,41876.31000000,150.19511000,2022-01-08 12:59:59.999,6284158.26550850,6939,76.89647000,3217723.70625520
2022-01-08 13:00:00,41876.32000000,41935.03000000,41767.10000000,41844.21000000,233.60963000,2022-01-08 13:14:59.999,9781134.63646220,7696,78.86891000,3302936.07937280
2022-01-08 13:15:00,41844.21000000,41917.84000000,41610.00000000,41896.88000000,313.11326000,2022-01-08 13:29:59.999,13068715.00070920,10826,136.87284000,5713662.82788050
2022-01-08 13:30:00,41896.89000000,41949.89000000,41815.70000000,41913.03000000,151.99089000,2022-01-08 13:44:59.999,6366853.19843680,6625,72.77734000,3048643.40687520
2022-01-08 13:45:00,41913.02000000,42037.75000000,41852.00000000,41905.00000000,305.27249000,2022-01-08 13:59:59.999,12810061.59051260,9101,173.11649000,7264340.54774710
2022-01-08 14:00:00,41904.99000000,41988.50000000,41882.04000000,41970.46000000,143.39682000,2022-01-08 14:14:59.999,6015211.91387970,7320,73.09187000,3066256.62608010
2022-01-08 14:15:00,41970.45000000,41997.71000000,41850.00000000,41886.75000000,190.03590000,2022-01-08 14:29:59.999,7963433.87919070,9130,84.34796000,3534011.61903700
2022-01-08 14:30:00,41886.76000000,41913.62000000,41788.20000000,41845.14000000,171.98579000,2022-01-08 14:44:59.999,7197433.03177530,8146,70.91512000,2967767.32381180
2022-01-08 14:45:00,41845.14000000,41894.29000000,41715.00000000,41741.27000000,203.79331000,2022-01-08 14:59:59.999,8520674.24587840,8607,91.42171000,3822988.96250710
2022-01-08 15:00:00,41746.29000000,41799.04000000,41400.00000000,41579.51000000,908.09720000,2022-01-08 15:14:59.999,37743121.05578330,26653,413.27369000,17177414.83888040
2022-01-08 15:15:00,41579.50000000,41722.13000000,41575.84000000,41635.29000000,314.82709000,2022-01-08 15:29:59.999,13109766.89534610,10590,182.03710000,7580545.73339210
2022-01-08 15:30:00,41637.79000000,41695.15000000,41511.64000000,41680.00000000,254.49588000,2022-01-08 15:44:59.999,10587399.21396660,10892,131.83027000,5484089.87630090
2022-01-08 15:45:00,41680.01000000,41729.50000000,41572.91000000,41613.33000000,235.59194000,2022-01-08 15:59:59.999,9812756.26713620,9172,113.31558000,4719381.45538550
2022-01-08 16:00:00,41609.60000000,41733.52000000,41511.32000000,41711.30000000,269.43823000,2022-01-08 16:14:59.999,11219654.63381370,10365,155.16301000,6461927.06690610
2022-01-08 16:15:00,41711.29000000,41740.53000000,41492.27000000,41532.41000000,213.81607000,2022-01-08 16:29:59.999,8896762.77260680,9258,93.47555000,3889234.47640200
2022-01-08 16:30:00,41528.71000000,41548.61000000,41300.00000000,41438.08000000,563.28765000,2022-01-08 16:44:59.999,23347558.96948610,17040,244.47469000,10134118.63415980
2022-01-08 16:45:00,41438.09000000,41538.29000000,41238.08000000,41346.01000000,668.52868000,2022-01-08 16:59:59.999,27669128.73356520,17113,315.74475000,13071219.39834830
2022-01-08 17:00:00,41346.02000000,41398.45000000,41108.00000000,41170.42000000,778.57054000,2022-01-08 17:14:59.999,32115629.12393430,21757,378.76370000,15627101.73880890
2022-01-08 17:15:00,41170.41000000,41371.25000000,41170.00000000,41266.77000000,455.37974000,2022-01-08 17:29:59.999,18795721.17355980,12687,284.37749000,11734721.15666250
2022-01-08 17:30:00,41266.77000000,41266.77000000,40952.59000000,41113.73000000,1037.56769000,2022-01-08 17:44:59.999,42620322.48391340,28588,439.43785000,18055072.66268200
2022-01-08 17:45:00,41113.73000000,41312.03000000,40801.00000000,40842.12000000,1144.72829000,2022-01-08 17:59:59.999,46948642.52128330,28461,538.82498000,22107815.34877780
2022-01-08 18:00:00,40842.11000000,41091.19000000,40501.00000000,40800.00000000,2006.30357000,2022-01-08 18:14:59.999,81731867.82967810,43659,903.31188000,36817104.92141620
2022-01-08 18:15:00,40799.99000000,41314.11000000,40730.87000000,41110.87000000,1142.20142000,2022-01-08 18:29:59.999,46880530.03201630,27383,658.54309000,27024673.39243610
2022-01-08 18:30:00,41110.87000000,41229.59000000,40966.90000000,40992.09000000,518.77139000,2022-01-08 18:44:59.999,21313622.76104820,15374,271.01313000,11131007.77313420
2022-01-08 18:45:00,40992.09000000,41080.00000000,40622.01000000,40679.82000000,706.03799000,2022-01-08 18:59:59.999,28845424.52766400,18894,309.56157000,12650447.75765130
2022-01-08 19:00:00,40679.82000000,41100.00000000,40520.00000000,41017.80000000,1290.92886000,2022-01-08 19:14:59.999,52703725.51332260,25182,724.40752000,29577304.29460130
2022-01-08 19:15:00,41017.80000000,41049.54000000,40650.00000000,40800.65000000,670.26745000,2022-01-08 19:29:59.999,27345321.80911650,17008,342.55100000,13975453.89180270
2022-01-08 19:30:00,40800.66000000,40991.50000000,40733.25000000,40757.92000000,489.64187000,2022-01-08 19:44:59.999,20014368.12366150,13518,217.95500000,8910469.25329340
2022-01-08 19:45:00,40757.93000000,40946.60000000,40692.81000000,40831.07000000,594.27660000,2022-01-08 19:59:59.999,24242088.83748350,16152,313.03479000,12770056.29369450
2022-01-08 20:00:00,40831.06000000,40975.89000000,40730.52000000,40780.78000000,406.90713000,2022-01-08 20:14:59.999,16627097.82614360,12500,211.01126000,8622104.60984600
2022-01-08 20:15:00,40780.79000000,41047.52000000,40720.00000000,41003.63000000,379.24610000,2022-01-08 20:29:59.999,15499837.73151770,11209,217.25598000,8881249.99871720
2022-01-08 20:30:00,41003.64000000,41175.32000000,40939.31000000,41015.99000000,403.03876000,2022-01-08 20:44:59.999,16543312.79388490,12316,199.98159000,8209743.59914070
2022-01-08 20:45:00,41015.98000000,41049.67000000,40900.00000000,40975.37000000,235.61535000,2022-01-08 20:59:59.999,9652022.61606660,9511,110.50080000,4526600.11038470
2022-01-08 21:00:00,40975.36000000,41171.99000000,40923.39000000,41156.98000000,307.89251000,2022-01-08 21:14:59.999,12650090.17769690,9602,159.61740000,6557002.98881280
2022-01-08 21:15:00,41156.98000000,41464.89000000,41100.00000000,41419.21000000,588.15055000,2022-01-08 21:29:59.999,24294547.26747620,15405,312.19240000,12896166.69744620
2022-01-08 21:30:00,41419.20000000,42061.32000000,41384.89000000,41942.07000000,1175.89896000,2022-01-08 21:44:59.999,49060699.34769000,25470,696.44837000,29070522.12903810
2022-01-08 21:45:00,41942.07000000,42029.55000000,41730.04000000,41769.03000000,730.34712000,2022-01-08 21:59:59.999,30556319.91150570,18135,360.36413000,15078887.71071810
2022-01-08 22:00:00,41769.03000000,42090.00000000,41740.31000000,41966.27000000,628.92196000,2022-01-08 22:14:59.999,26347684.28055570,16781,391.38910000,16398755.78040700
2022-01-08 22:15:00,41966.27000000,42300.00000000,41920.90000000,42290.08000000,642.58396000,2022-01-08 22:29:59.999,27072687.15682790,20689,352.13676000,14838467.57615520
2022-01-08 22:30:00,42286.69000000,42291.49000000,42046.66000000,42168.36000000,382.82144000,2022-01-08 22:44:59.999,16133648.23887870,13530,166.10334000,7000114.65758980
2022-01-08 22:45:00,42168.36000000,42191.85000000,41860.02000000,41911.11000000,352.22217000,2022-01-08 22:59:59.999,14790527.33843150,10800,168.16463000,7060535.86669360
2022-01-08 23:00:00,41911.10000000,41948.94000000,41812.71000000,41871.60000000,306.29442000,2022-01-08 23:14:59.999,12826379.78261710,10224,135.05392000,5656126.81309810
2022-01-08 23:15:00,41871.60000000,41937.39000000,41772.00000000,41781.25000000,218.71264000,2022-01-08 23:29:59.999,9151597.46238480,7680,112.93458000,4726260.68695770
2022-01-08 23:30:00,41781.25000000,41895.51000000,41762.10000000,41860.01000000,186.19781000,2022-01-08 23:44:59.999,7789041.91327730,7157,102.44794000,4285692.20273940
2022-01-08 23:45:00,41860.01000000,41875.00000000,41656.02000000,41679.74000000,283.91811000,2022-01-08 23:59:59.999,11853172.56332900,8051,117.58358000,4908238.46553320
2022-01-09 00:00:00,41679.74000000,41698.47000000,41388.13000000,41593.42000000,616.93165000,2022-01-09 00:14:59.999,25623730.77427910,16295,327.63666000,13608694.33796870
2022-01-09 00:15:00,41593.43000000,41686.93000000,41456.84000000,41474.37000000,231.75108000,2022-01-09 00:29:59.999,9629985.26283010,8038,96.72313000,4019929.00581070
2022-01-09 00:30:00,41474.37000000,41633.29000000,41459.49000000,41585.50000000,233.38767000,2022-01-09 00:44:59.999,9703093.39823480,7340,134.32726000,5584950.57989390
2022-01-09 00:45:00,41585.50000000,41831.25000000,41580.28000000,41773.24000000,403.75186000,2022-01-09 00:59:59.999,16852350.13008750,9897,206.57973000,8621845.20604750
2022-01-09 01:00:00,41773.24000000,41924.57000000,41682.27000000,41767.97000000,243.35354000,2022-01-09 01:14:59.999,10178408.22957060,8787,119.28737000,4990070.55178290
2022-01-09 01:15:00,41771.90000000,41791.26000000,41608.00000000,41624.73000000,184.60446000,2022-01-09 01:29:59.999,7698433.59523640,7683,90.53339000,3775713.76937940
2022-01-09 01:30:00,41624.73000000,41769.64000000,41596.43000000,41633.94000000,220.17497000,2022-01-09 01:44:59.999,9178934.76103400,7118,120.68910000,5032031.16311820
2022-01-09 01:45:00,41633.94000000,41865.67000000,41617.35000000,41809.67000000,235.52379000,2022-01-09 01:59:59.999,9830409.33456000,6819,122.29407000,5104070.16966240
2022-01-09 02:00:00,41809.66000000,41939.17000000,41775.90000000,41853.50000000,217.66222000,2022-01-09 02:14:59.999,9107995.49793150,6859,122.73011000,5135588.03497780
2022-01-09 02:15:00,41853.50000000,42020.76000000,41835.12000000,42008.42000000,314.22574000,2022-01-09 02:29:59.999,13178573.29975400,8167,168.41711000,7063363.60462450
2022-01-09 02:30:00,42008.43000000,42144.12000000,41943.99000000,42096.08000000,289.46916000,2022-01-09 02:44:59.999,12165820.81063860,8657,157.85271000,6634087.09373750
2022-01-09 02:45:00,42096.09000000,42170.11000000,42042.59000000,42098.99000000,318.79789000,2022-01-09 02:59:59.999,13424030.59098090,8652,144.91431000,6101551.81670830
2022-01-09 03:00:00,42098.99000000,42105.62000000,41937.72000000,41966.47000000,237.39638000,2022-01-09 03:14:59.999,9970566.72420210,8000,102.96730000,4324273.60535030
2022-01-09 03:15:00,41966.47000000,42048.07000000,41902.28000000,41995.33000000,170.10584000,2022-01-09 03:29:59.999,7141774.05418750,6546,87.16839000,3659824.31385800
2022-01-09 03:30:00,41995.33000000,41996.90000000,41831.62000000,41856.53000000,210.30575000,2022-01-09 03:44:59.999,8815293.28119200,6199,85.48034000,3582725.48106450
2022-01-09 03:45:00,41856.53000000,41889.72000000,41792.00000000,41833.89000000,128.28758000,2022-01-09 03:59:59.999,5367185.65212340,5227,65.85340000,2755088.26009780
2022-01-09 04:00:00,41833.90000000,41936.56000000,41800.78000000,41909.86000000,176.53006000,2022-01-09 04:14:59.999,7391433.61241470,6190,99.12086000,4150692.00466140
2022-01-09 04:15:00,41909.87000000,42005.00000000,41877.05000000,41968.42000000,215.85847000,2022-01-09 04:29:59.999,9054535.90143740,5963,104.72044000,4393004.12820530
2022-01-09 04:30:00,41968.43000000,42044.00000000,41947.67000000,41952.60000000,236.17489000,2022-01-09 04:44:59.999,9919573.20353800,8214,128.95804000,5416445.21336960
2022-01-09 04:45:00,41952.60000000,42103.31000000,41947.44000000,42079.41000000,255.91621000,2022-01-09 04:59:59.999,10759942.92909750,8532,153.74802000,6463956.77107820
2022-01-09 05:00:00,42079.40000000,42097.44000000,41973.12000000,41991.24000000,146.61776000,2022-01-09 05:14:59.999,6163337.43177030,6031,60.52106000,2544087.39688800
2022-01-09 05:15:00,41991.23000000,41991.24000000,41797.01000000,41855.27000000,212.93697000,2022-01-09 05:29:59.999,8913502.99290150,6711,80.64009000,3375575.65514600
2022-01-09 05:30:00,41855.26000000,41909.36000000,41808.64000000,41875.63000000,76.99905000,2022-01-09 05:44:59.999,3222931.89897510,4055,37.20367000,1557172.58693720
2022-01-09 05:45:00,41875.63000000,41889.59000000,41715.44000000,41765.90000000,157.66148000,2022-01-09 05:59:59.999,6585923.38460720,6608,69.49975000,2902960.34547380
2022-01-09 06:00:00,41765.89000000,41819.81000000,41681.17000000,41804.79000000,183.39580000,2022-01-09 06:14:59.999,7657133.79096400,6175,85.10242000,3552638.91472200
2022-01-09 06:15:00,41805.72000000,41824.74000000,41722.77000000,41791.30000000,92.48603000,2022-01-09 06:29:59.999,3863297.37030220,5458,40.97031000,1711267.88417430
2022-01-09 06:30:00,41791.31000000,41941.25000000,41760.06000000,41905.77000000,147.58960000,2022-01-09 06:44:59.999,6179126.06568970,5471,88.98576000,3725557.01540390
2022-01-09 06:45:00,41905.77000000,41948.40000000,41842.13000000,41873.62000000,142.92012000,2022-01-09 06:59:59.999,5986798.25037530,5311,63.12762000,2644014.53017360
2022-01-09 07:00:00,41873.62000000,41908.55000000,41820.36000000,41889.99000000,104.68406000,2022-01-09 07:14:59.999,4382592.21367950,5537,51.99732000,2177030.27054480
2022-01-09 07:15:00,41889.99000000,41898.18000000,41833.07000000,41870.14000000,94.50337000,2022-01-09 07:29:59.999,3956511.18515150,5246,48.04999000,2011702.95440050
2022-01-09 07:30:00,41870.14000000,41874.87000000,41778.95000000,41780.01000000,141.15478000,2022-01-09 07:44:59.999,5902441.40826460,6536,69.17909000,2892739.33129370
2022-01-09 07:45:00,41780.01000000,41850.00000000,41780.00000000,41791.51000000,75.34255000,2022-01-09 07:59:59.999,3150823.83926300,5066,39.63445000,1657522.02852440
2022-01-09 08:00:00,41791.50000000,41949.99000000,41791.50000000,41836.11000000,174.15386000,2022-01-09 08:14:59.999,7289895.67740080,6962,92.50177000,3872581.31862330
2022-01-09 08:15:00,41836.11000000,41851.53000000,41633.04000000,41641.23000000,266.23002000,2022-01-09 08:29:59.999,11106913.12574530,9457,93.92898000,3917351.18427450
2022-01-09 08:30:00,41641.23000000,41764.18000000,41615.32000000,41724.42000000,173.97552000,2022-01-09 08:44:59.999,7254788.75298940,7096,97.41980000,4062678.74628530
2022-01-09 08:45:00,41724.43000000,41788.41000000,41642.65000000,41666.67000000,175.57629000,2022-01-09 08:59:59.999,7325134.53839420,5992,81.05194000,3381614.53611360
2022-01-09 09:00:00,41666.66000000,41766.80000000,41632.34000000,41661.10000000,162.35731000,2022-01-09 09:14:59.999,6772361.76751920,5714,84.31572000,3517075.95049230
2022-01-09 09:15:00,41661.10000000,41684.12000000,41470.44000000,41556.14000000,344.99926000,2022-01-09 09:29:59.999,14339105.53988790,9325,162.12629000,6738932.75658920
2022-01-09 09:30:00,41556.14000000,41683.31000000,41530.43000000,41595.27000000,134.36062000,2022-01-09 09:44:59.999,5591112.61821920,6890,70.97410000,2953065.22453720
2022-01-09 09:45:00,41595.26000000,41672.24000000,41470.34000000,41510.01000000,216.48777000,2022-01-09 09:59:59.999,9000219.46536180,7042,95.97660000,3990389.60360870
2022-01-09 10:00:00,41510.00000000,41589.98000000,41421.24000000,41476.55000000,170.65219000,2022-01-09 10:14:59.999,7085116.89889210,7290,80.51112000,3342667.71168290
2022-01-09 10:15:00,41476.54000000,41557.96000000,41410.00000000,41542.75000000,176.93681000,2022-01-09 10:29:59.999,7336072.99511800,7158,89.05310000,3692502.22700120
2022-01-09 10:30:00,41542.75000000,41728.65000000,41503.01000000,41707.27000000,234.20807000,2022-01-09 10:44:59.999,9741079.57819220,7787,114.08509000,4745884.06794770
2022-01-09 10:45:00,41701.08000000,41708.53000000,41600.90000000,41644.70000000,123.93758000,2022-01-09 10:59:59.999,5162966.70994060,5397,45.50482000,1895597.89512830
2022-01-09 11:00:00,41644.70000000,41990.00000000,41642.54000000,41888.01000000,343.08773000,2022-01-09 11:14:59.999,14354899.47530490,10317,200.25075000,8378090.77185110
2022-01-09 11:15:00,41888.01000000,41930.22000000,41766.64000000,41812.08000000,189.79873000,2022-01-09 11:29:59.999,7941818.98742840,6971,102.54036000,4290473.93069960
2022-01-09 11:30:00,41812.08000000,41896.42000000,41766.00000000,41804.89000000,144.83143000,2022-01-09 11:44:59.999,6059793.90743270,5030,85.32781000,3570693.82028820
2022-01-09 11:45:00,41804.89000000,41870.00000000,41785.67000000,41857.62000000,105.88806000,2022-01-09 11:59:59.999,4428716.32511100,5635,55.30374000,2313057.01747740
2022-01-09 12:00:00,41857.62000000,41923.39000000,41701.00000000,41739.68000000,186.04672000,2022-01-09 12:14:59.999,7776727.23984160,7626,65.24113000,2726951.99878630
2022-01-09 12:15:00,41739.68000000,41766.00000000,41665.46000000,41753.28000000,156.68426000,2022-01-09 12:29:59.999,6536858.19603700,5837,63.48294000,2648606.85653390
2022-01-09 12:30:00,41753.28000000,41850.00000000,41707.14000000,41802.64000000,107.51214000,2022-01-09 12:44:59.999,4491069.73902200,5323,56.40432000,2356292.25563450
2022-01-09 12:45:00,41802.63000000,41846.80000000,41736.23000000,41746.98000000,103.73405000,2022-01-09 12:59:59.999,4336094.89202020,5095,48.05471000,2008606.57506380
2022-01-09 13:00:00,41746.98000000,41816.32000000,41692.16000000,41798.65000000,109.53748000,2022-01-09 13:14:59.999,4572264.27983170,5227,60.68306000,2532962.73620520
2022-01-09 13:15:00,41798.65000000,41894.01000000,41570.87000000,41578.03000000,302.30895000,2022-01-09 13:29:59.999,12627532.42131880,8184,115.54777000,4826143.97551780
2022-01-09 13:30:00,41573.87000000,41716.03000000,41526.31000000,41630.46000000,215.00593000,2022-01-09 13:44:59.999,8949565.01863770,7570,103.42806000,4305060.77969720
2022-01-09 13:45:00,41630.46000000,41679.18000000,41469.48000000,41470.00000000,296.06100000,2022-01-09 13:59:59.999,12304678.80597100,8102,103.78844000,4314194.57424170
2022-01-09 14:00:00,41470.00000000,41660.67000000,41469.99000000,41638.33000000,222.51550000,2022-01-09 14:14:59.999,9247707.45133450,7126,121.23976000,5038047.48433590
2022-01-09 14:15:00,41638.33000000,41699.00000000,41563.82000000,41595.22000000,115.49705000,2022-01-09 14:29:59.999,4808763.95938520,5246,56.91274000,2369520.80685100
2022-01-09 14:30:00,41595.22000000,41743.26000000,41567.94000000,41719.71000000,131.78039000,2022-01-09 14:44:59.999,5491279.85397240,5567,77.13395000,3214485.99003510
2022-01-09 14:45:00,41719.72000000,41734.39000000,41530.39000000,41535.93000000,158.94319000,2022-01-09 14:59:59.999,6614882.07685700,5884,80.26993000,3340545.68885680
2022-01-09 15:00:00,41535.93000000,41602.69000000,41430.00000000,41447.92000000,215.50220000,2022-01-09 15:14:59.999,8947348.84521810,7507,96.15790000,3992432.84465020
2022-01-09 15:15:00,41447.93000000,41566.31000000,41200.02000000,41493.35000000,621.27357000,2022-01-09 15:29:59.999,25701797.82420370,15250,315.83955000,13070215.51706530
2022-01-09 15:30:00,41493.36000000,41681.89000000,41490.00000000,41527.37000000,248.88035000,2022-01-09 15:44:59.999,10356001.28108650,7783,121.00820000,5035328.73227610
2022-01-09 15:45:00,41527.37000000,41644.15000000,41474.42000000,41621.11000000,176.54545000,2022-01-09 15:59:59.999,7335864.82589580,6657,93.42623000,3882034.64435770
2022-01-09 16:00:00,41621.11000000,41682.57000000,41556.49000000,41570.01000000,183.46654000,2022-01-09 16:14:59.999,7639078.07458280,7425,90.88945000,3784915.31459160
2022-01-09 16:15:00,41570.01000000,41769.50000000,41560.63000000,41736.01000000,198.72858000,2022-01-09 16:29:59.999,8286660.61602470,7007,129.54230000,5402217.99945820
2022-01-09 16:30:00,41736.00000000,41851.89000000,41726.48000000,41774.96000000,273.41369000,2022-01-09 16:44:59.999,11426149.28298770,8700,175.31480000,7326666.53886960
2022-01-09 16:45:00,41774.97000000,42146.25000000,41758.39000000,42143.04000000,669.73887000,2022-01-09 16:59:59.999,28126390.97215950,16608,421.87591000,17716807.05562380
2022-01-09 17:00:00,42143.05000000,42200.00000000,41955.04000000,41987.98000000,472.33936000,2022-01-09 17:14:59.999,19883501.25739760,14639,219.15273000,9225378.62632170
2022-01-09 17:15:00,41987.99000000,42146.38000000,41982.03000000,42038.11000000,289.06345000,2022-01-09 17:29:59.999,12160017.00929940,9680,137.04384000,5764781.19002590
2022-01-09 17:30:00,42038.45000000,42122.10000000,41925.02000000,41969.99000000,256.59617000,2022-01-09 17:44:59.999,10778722.72360420,9184,136.72295000,5743555.90386940
2022-01-09 17:45:00,41970.00000000,42105.00000000,41880.01000000,42094.59000000,180.07378000,2022-01-09 17:59:59.999,7560650.02182520,7378,90.25236000,3789501.22460700
2022-01-09 18:00:00,42094.48000000,42134.99000000,42030.00000000,42036.84000000,268.68809000,2022-01-09 18:14:59.999,11308539.84102970,8069,119.90369000,5046058.47125430
2022-01-09 18:15:00,42036.83000000,42279.00000000,42011.85000000,42234.81000000,302.68030000,2022-01-09 18:29:59.999,12758461.19924680,10232,167.02393000,7041657.14607190
2022-01-09 18:30:00,42234.81000000,42262.24000000,42032.00000000,42065.29000000,401.09787000,2022-01-09 18:44:59.999,16903548.37680980,9843,188.60526000,7948958.70191060
2022-01-09 18:45:00,42065.28000000,42123.70000000,41861.94000000,41966.99000000,299.42893000,2022-01-09 18:59:59.999,12584173.60327380,9616,105.17059000,4420410.88934330
2022-01-09 19:00:00,41966.99000000,42126.97000000,41928.01000000,42081.18000000,292.84770000,2022-01-09 19:14:59.999,12310600.82883240,8022,150.19794000,6314632.93675300
2022-01-09 19:15:00,42081.17000000,42665.28000000,42050.38000000,42602.70000000,837.32281000,2022-01-09 19:29:59.999,35486760.12156820,23160,496.56996000,21044937.22989700
2022-01-09 19:30:00,42602.69000000,42680.00000000,42470.16000000,42515.70000000,572.23897000,2022-01-09 19:44:59.999,24358945.69122320,14358,256.47888000,10917031.10978610
2022-01-09 19:45:00,42515.71000000,42740.00000000,42470.00000000,42695.26000000,304.92576000,2022-01-09 19:59:59.999,12989946.69593300,10423,157.22240000,6698348.64826790
2022-01-09 20:00:00,42695.27000000,42786.70000000,42550.56000000,42596.92000000,497.99908000,2022-01-09 20:14:59.999,21240363.39816050,13696,256.68079000,10948436.02610720
2022-01-09 20:15:00,42596.92000000,42667.51000000,42473.39000000,42490.03000000,249.66170000,2022-01-09 20:29:59.999,10624799.38493320,8999,112.44528000,4785742.93197490
2022-01-09 20:30:00,42490.03000000,42519.24000000,42380.00000000,42380.01000000,168.44517000,2022-01-09 20:44:59.999,7148496.93467010,7292,84.56034000,3588446.79574450
2022-01-09 20:45:00,42380.01000000,42516.26000000,42368.00000000,42439.38000000,240.68948000,2022-01-09 20:59:59.999,10219306.47798940,8545,135.53327000,5754058.50584300
2022-01-09 21:00:00,42439.38000000,42557.36000000,42418.86000000,42452.59000000,147.89780000,2022-01-09 21:14:59.999,6283293.53324990,6172,88.59468000,3764201.80196820
2022-01-09 21:15:00,42452.58000000,42519.90000000,42386.01000000,42409.00000000,137.83005000,2022-01-09 21:29:59.999,5851138.69742560,5409,58.95568000,2502691.68432160
2022-01-09 21:30:00,42409.00000000,42416.97000000,42307.43000000,42319.94000000,129.66181000,2022-01-09 21:44:59.999,5492856.33111140,5552,56.41896000,2390463.52120190
2022-01-09 21:45:00,42319.94000000,42376.00000000,42286.67000000,42300.00000000,153.50517000,2022-01-09 21:59:59.999,6496872.83976070,6079,73.50971000,3111556.79312180
2022-01-09 22:00:00,42300.01000000,42450.00000000,42280.00000000,42441.26000000,238.97055000,2022-01-09 22:14:59.999,10119662.92532500,7450,151.93418000,6433538.84317660
2022-01-09 22:15:00,42441.27000000,42497.26000000,42408.12000000,42437.36000000,131.32058000,2022-01-09 22:29:59.999,5574351.00508850,5486,66.44130000,2820553.14998780
2022-01-09 22:30:00,42434.73000000,42440.00000000,42316.01000000,42397.18000000,106.67381000,2022-01-09 22:44:59.999,4520071.23697130,5975,52.91712000,2242226.80178010
2022-01-09 22:45:00,42397.23000000,42400.00000000,42080.01000000,42205.37000000,272.11049000,2022-01-09 22:59:59.999,11486431.80848990,8291,125.66756000,5303766.51212150
2022-01-09 23:00:00,42205.36000000,42282.30000000,41878.05000000,41990.99000000,403.43791000,2022-01-09 23:14:59.999,16960894.85516860,11145,169.22824000,7115147.57693340
2022-01-09 23:15:00,41991.00000000,41995.19000000,41766.43000000,41818.66000000,328.30932000,2022-01-09 23:29:59.999,13752449.46943790,8840,128.65882000,5390244.67364530
2022-01-09 23:30:00,41818.65000000,41930.81000000,41766.50000000,41921.62000000,321.74667000,2022-01-09 23:44:59.999,13462615.09705450,7949,210.68797000,8815904.62565390
2022-01-09 23:45:00,41921.61000000,41952.40000000,41826.73000000,41864.62000000,171.67354000,2022-01-09 23:59:59.999,7189390.25310550,6074,81.18495000,3399748.79913090
2022-01-10 00:00:00,41864.62000000,41950.60000000,41700.00000000,41942.87000000,327.65915000,2022-01-10 00:14:59.999,13709343.61976180,11472,157.03887000,6572053.60005880
2022-01-10 00:15:00,41942.86000000,42037.05000000,41873.77000000,41950.05000000,211.17299000,2022-01-10 00:29:59.999,8861460.46123130,8229,108.24060000,4542793.79167220
2022-01-10 00:30:00,41950.04000000,41953.22000000,41653.29000000,41698.33000000,291.61401000,2022-01-10 00:44:59.999,12182439.94783050,8748,142.10665000,5937004.65802190
2022-01-10 00:45:00,41698.33000000,41785.00000000,41623.67000000,41655.18000000,252.76895000,2022-01-10 00:59:59.999,10542520.33634730,7622,116.91739000,4876449.44935800
2022-01-10 01:00:00,41655.18000000,41792.71000000,41601.00000000,41733.32000000,205.38614000,2022-01-10 01:14:59.999,8562996.71626010,7658,110.27842000,4597730.87068330
2022-01-10 01:15:00,41733.32000000,41748.79000000,41650.79000000,41737.54000000,104.88516000,2022-01-10 01:29:59.999,4373213.95097460,4730,49.70075000,2072386.10736660
2022-01-10 01:30:00,41737.53000000,41818.00000000,41640.12000000,41659.45000000,179.16974000,2022-01-10 01:44:59.999,7477862.84847640,5588,77.88089000,3251105.95336840
2022-01-10 01:45:00,41659.45000000,41850.00000000,41659.45000000,41815.32000000,167.47263000,2022-01-10 01:59:59.999,6996978.04942240,6005,98.93756000,4133005.42866130
2022-01-10 02:00:00,41815.32000000,41857.92000000,41734.17000000,41764.21000000,180.42985000,2022-01-10 02:14:59.999,7542647.94924420,6676,80.62194000,3370450.09825230
2022-01-10 02:15:00,41764.21000000,41913.60000000,41711.95000000,41900.21000000,195.94725000,2022-01-10 02:29:59.999,8199149.50694180,6958,98.90092000,4138641.52916460
2022-01-10 02:30:00,41900.23000000,41973.60000000,41863.38000000,41950.95000000,183.43212000,2022-01-10 02:44:59.999,7689622.56250200,6607,81.71208000,3425498.54306110
2022-01-10 02:45:00,41950.94000000,41997.90000000,41919.48000000,41927.71000000,186.78707000,2022-01-10 02:59:59.999,7836991.27577040,6550,88.53524000,3714639.74563140
2022-01-10 03:00:00,41927.70000000,41927.71000000,41852.49000000,41910.31000000,228.99218000,2022-01-10 03:14:59.999,9593038.66803160,6581,91.59033000,3836804.98506000
2022-01-10 03:15:00,41910.31000000,41960.00000000,41856.57000000,41946.34000000,120.32722000,2022-01-10 03:29:59.999,5042740.99346340,4531,57.71378000,2418803.01776300
2022-01-10 03:30:00,41946.34000000,41990.99000000,41917.33000000,41937.95000000,127.35016000,2022-01-10 03:44:59.999,5343291.41846880,4527,65.01287000,2727754.31130020
2022-01-10 03:45:00,41937.95000000,41979.99000000,41904.56000000,41967.59000000,126.68170000,2022-01-10 03:59:59.999,5313261.64694460,4577,66.01942000,2768908.70903880
2022-01-10 04:00:00,41967.59000000,41995.00000000,41925.61000000,41995.00000000,111.47154000,2022-01-10 04:14:59.999,4676152.93359370,4476,40.59864000,1703097.13981550
2022-01-10 04:15:00,41995.00000000,42177.77000000,41994.99000000,42124.79000000,386.29049000,2022-01-10 04:29:59.999,16260359.48080370,9721,221.09029000,9307161.76040770
2022-01-10 04:30:00,42124.79000000,42208.32000000,42086.48000000,42096.73000000,333.72897000,2022-01-10 04:44:59.999,14073589.76473340,8768,142.48393000,6008614.87649290
2022-01-10 04:45:00,42096.73000000,42248.50000000,42089.92000000,42187.22000000,195.16793000,2022-01-10 04:59:59.999,8233648.13194800,6772,105.60861000,4455250.13780150
2022-01-10 05:00:00,42187.22000000,42230.84000000,42100.01000000,42118.29000000,203.65004000,2022-01-10 05:14:59.999,8586109.91372490,6967,88.37271000,3726226.88680850
2022-01-10 05:15:00,42118.29000000,42194.24000000,42106.73000000,42110.01000000,147.72271000,2022-01-10 05:29:59.999,6226103.48990770,5315,84.80941000,3574784.37840520
2022-01-10 05:30:00,42110.01000000,42117.60000000,41967.11000000,41977.69000000,175.93227000,2022-01-10 05:44:59.999,7396353.73173210,6122,78.69875000,3308655.91112400
2022-01-10 05:45:00,41977.69000000,42048.71000000,41975.27000000,42031.29000000,114.66049000,2022-01-10 05:59:59.999,4815947.20166060,4826,65.93367000,2769237.34509030
2022-01-10 06:00:00,42031.30000000,42036.00000000,41837.52000000,41893.95000000,239.04454000,2022-01-10 06:14:59.999,10024181.79884440,7082,91.75554000,3847597.33229300
2022-01-10 06:15:00,41893.96000000,41987.51000000,41811.70000000,41957.52000000,309.88453000,2022-01-10 06:29:59.999,12983237.27486070,7580,166.52937000,6976576.35468630
2022-01-10 06:30:00,41957.56000000,42048.63000000,41908.38000000,41917.99000000,170.49390000,2022-01-10 06:44:59.999,7157750.04547290,5925,81.87585000,3437399.83287110
2022-01-10 06:45:00,41918.00000000,41960.98000000,41902.00000000,41925.01000000,104.17689000,2022-01-10 06:59:59.999,4367793.13010620,5364,47.53220000,1992854.07942670
2022-01-10 07:00:00,41925.01000000,42149.31000000,41901.00000000,42069.79000000,319.14992000,2022-01-10 07:14:59.999,13423305.39945510,8795,174.66772000,7346113.72961550
2022-01-10 07:15:00,42069.80000000,42072.19000000,41901.00000000,42015.05000000,135.62931000,2022-01-10 07:29:59.999,5692743.78803770,6118,63.21883000,2653542.02223950
2022-01-10 07:30:00,42010.40000000,42054.99000000,41936.80000000,41951.70000000,127.61952000,2022-01-10 07:44:59.999,5358259.05918460,6200,75.81392000,3183313.34576200
2022-01-10 07:45:00,41951.71000000,42055.99000000,41908.83000000,42042.38000000,141.46215000,2022-01-10 07:59:59.999,5939767.55342630,6042,73.31763000,3078495.07967580
2022-01-10 08:00:00,42042.38000000,42116.61000000,41925.00000000,41933.18000000,204.88946000,2022-01-10 08:14:59.999,8610641.39341220,7703,116.79886000,4908437.44733920
2022-01-10 08:15:00,41933.18000000,41983.46000000,41818.66000000,41906.66000000,242.83129000,2022-01-10 08:29:59.999,10174941.92015300,8409,115.08209000,4822153.77136740
2022-01-10 08:30:00,41906.67000000,41929.24000000,41720.00000000,41752.55000000,310.06539000,2022-01-10 08:44:59.999,12959928.54627820,10415,137.03858000,5727861.83375390
2022-01-10 08:45:00,41758.90000000,41835.38000000,41712.99000000,41816.84000000,239.66071000,2022-01-10 08:59:59.999,10013764.68945060,8546,127.93152000,5345394.68303420
2022-01-10 09:00:00,41808.96000000,41849.79000000,41710.96000000,41785.01000000,241.04337000,2022-01-10 09:14:59.999,10069288.95126350,9138,99.25146000,4145608.45394720
2022-01-10 09:15:00,41785.00000000,41909.99000000,41780.00000000,41885.92000000,162.09898000,2022-01-10 09:29:59.999,6785569.02176210,8076,84.35382000,3531112.97572540
2022-01-10 09:30:00,41885.92000000,41937.41000000,41822.12000000,41851.27000000,149.39826000,2022-01-10 09:44:59.999,6256272.16804360,6444,74.26478000,3110331.52034780
2022-01-10 09:45:00,41851.27000000,41895.95000000,41782.89000000,41796.01000000,157.43739000,2022-01-10 09:59:59.999,6586956.33967600,8047,79.57487000,3329249.14493760
2022-01-10 10:00:00,41796.01000000,41908.74000000,41742.23000000,41896.49000000,144.16832000,2022-01-10 10:14:59.999,6029131.62912930,8480,73.43380000,3071097.64721690
2022-01-10 10:15:00,41896.49000000,41986.00000000,41867.19000000,41878.63000000,173.90028000,2022-01-10 10:29:59.999,7289372.81026940,7759,91.02602000,3815493.79403050
2022-01-10 10:30:00,41878.63000000,41974.36000000,41846.18000000,41857.02000000,130.37042000,2022-01-10 10:44:59.999,5465086.51245100,7201,64.16169000,2689810.55802100
2022-01-10 10:45:00,41857.02000000,41930.86000000,41769.61000000,41778.88000000,179.65535000,2022-01-10 10:59:59.999,7515586.33323310,8275,75.07059000,3140636.18524040
2022-01-10 11:00:00,41778.88000000,41793.85000000,41550.00000000,41628.10000000,573.55534000,2022-01-10 11:14:59.999,23890834.12135530,16058,266.45089000,11097910.46131290
2022-01-10 11:15:00,41628.10000000,41699.99000000,41506.79000000,41633.13000000,491.99289000,2022-01-10 11:29:59.999,20469031.54606240,12202,258.70937000,10763212.52445910
2022-01-10 11:30:00,41633.14000000,41680.23000000,41533.21000000,41574.99000000,315.13027000,2022-01-10 11:44:59.999,13111082.95879510,9970,142.51769000,5929530.04842580
2022-01-10 11:45:00,41575.00000000,41624.45000000,41455.00000000,41565.34000000,375.99639000,2022-01-10 11:59:59.999,15618362.09398830,12985,153.83704000,6391484.41271460
2022-01-10 12:00:00,41565.33000000,41616.72000000,41354.01000000,41372.61000000,600.77859000,2022-01-10 12:14:59.999,24908503.92764740,14710,274.52309000,11385700.17275320
2022-01-10 12:15:00,41372.61000000,41486.55000000,41300.00000000,41445.56000000,441.81188000,2022-01-10 12:29:59.999,18291186.05378850,12145,220.53369000,9129307.07999110
2022-01-10 12:30:00,41445.57000000,41476.06000000,41228.00000000,41235.01000000,449.30546000,2022-01-10 12:44:59.999,18560605.45714990,12095,189.49747000,7828322.82914560
2022-01-10 12:45:00,41235.06000000,41308.44000000,40916.98000000,40930.00000000,1731.78099000,2022-01-10 12:59:59.999,71086621.50750320,29062,907.24344000,37239842.00922380
2022-01-10 13:00:00,40930.01000000,41057.52000000,40863.13000000,40898.96000000,738.12616000,2022-01-10 13:14:59.999,30236737.34390260,18051,360.28926000,14760910.85836410
2022-01-10 13:15:00,40898.96000000,40966.27000000,40741.50000000,40854.46000000,827.74944000,2022-01-10 13:29:59.999,33820010.49064460,17428,371.07204000,15160409.30911490
2022-01-10 13:30:00,40854.45000000,41028.39000000,40827.17000000,40836.22000000,498.19839000,2022-01-10 13:44:59.999,20387097.67331340,14380,249.67855000,10218802.03680550
2022-01-10 13:45:00,40836.22000000,40875.44000000,40716.00000000,40774.00000000,614.27478000,2022-01-10 13:59:59.999,25065774.71650430,14436,281.22102000,11474228.23315700
2022-01-10 14:00:00,40774.01000000,40794.71000000,40565.00000000,40719.42000000,964.15356000,2022-01-10 14:14:59.999,39211280.48971480,23386,372.89387000,15166874.51400450
2022-01-10 14:15:00,40719.42000000,40737.54000000,39750.00000000,39903.03000000,5683.24058000,2022-01-10 14:29:59.999,227827552.02102440,108823,2036.30165000,81610496.18738400
2022-01-10 14:30:00,39900.28000000,41013.07000000,39650.00000000,40684.29000000,3492.81998000,2022-01-10 14:44:59.999,140375507.08158080,62898,1767.68738000,71100008.46760640
2022-01-10 14:45:00,40684.29000000,41275.92000000,40432.47000000,40786.57000000,2737.22030000,2022-01-10 14:59:59.999,111808351.91740370,48562,1370.93361000,56005421.05831980
2022-01-10 15:00:00,40786.57000000,40959.80000000,40555.87000000,40659.90000000,1244.77751000,2022-01-10 15:14:59.999,50704200.85436460,26432,601.11719000,24487034.78848850
2022-01-10 15:15:00,40659.90000000,40910.92000000,40573.56000000,40832.17000000,776.83836000,2022-01-10 15:29:59.999,31656123.82759270,18903,384.16977000,15655005.24382240
2022-01-10 15:30:00,40832.17000000,41200.00000000,40751.21000000,41006.96000000,1206.42032000,2022-01-10 15:44:59.999,49523660.95975640,23674,661.40721000,27154240.68473260
2022-01-10 15:45:00,41006.96000000,41030.00000000,40755.00000000,40984.33000000,652.89735000,2022-01-10 15:59:59.999,26685040.15854550,17608,333.17816000,13618969.47821790
2022-01-10 16:00:00,40984.34000000,41160.00000000,40850.03000000,41143.01000000,521.16332000,2022-01-10 16:14:59.999,21361598.23169160,14368,274.88667000,11269356.39114760
2022-01-10 16:15:00,41143.01000000,41940.78000000,41063.00000000,41725.56000000,2271.39080000,2022-01-10 16:29:59.999,94511505.51994010,43898,1387.02203000,57666987.19399310
2022-01-10 16:30:00,41725.56000000,41985.99000000,41549.26000000,41698.46000000,1153.00815000,2022-01-10 16:44:59.999,48098459.66272340,23336,597.83944000,24946032.24749230
2022-01-10 16:45:00,41698.46000000,41934.54000000,41605.27000000,41904.40000000,717.90931000,2022-01-10 16:59:59.999,29987188.07484500,13486,379.95982000,15876509.08541960
2022-01-10 17:00:00,41904.40000000,42121.63000000,41653.00000000,41665.26000000,1080.07866000,2022-01-10 17:14:59.999,45214660.36904070,21399,600.85081000,25166525.43047540
2022-01-10 17:15:00,41665.26000000,41731.35000000,40874.99000000,41136.01000000,1546.12555000,2022-01-10 17:29:59.999,63792904.97846570,32152,662.74991000,27344973.64712950
2022-01-10 17:30:00,41133.71000000,41138.15000000,40564.89000000,40687.42000000,1457.17679000,2022-01-10 17:44:59.999,59382753.17514660,30186,670.17073000,27311157.05490970
2022-01-10 17:45:00,40687.43000000,41507.69000000,40637.14000000,41184.45000000,1735.97957000,2022-01-10 17:59:59.999,71526669.09281580,35102,923.05042000,38023532.18134880
2022-01-10 18:00:00,41184.44000000,41326.22000000,41118.36000000,41249.96000000,435.48295000,2022-01-10 18:14:59.999,17946699.10469520,12251,221.67764000,9135368.65088840
2022-01-10 18:15:00,41249.96000000,41444.54000000,41163.88000000,41301.89000000,365.65841000,2022-01-10 18:29:59.999,15115718.81842020,10187,183.86577000,7601581.53265290
2022-01-10 18:30:00,41301.89000000,41691.86000000,41276.33000000,41595.15000000,670.93214000,2022-01-10 18:44:59.999,27862714.10187470,17265,383.30174000,15918002.27186350
2022-01-10 18:45:00,41595.15000000,41723.87000000,41467.02000000,41604.58000000,343.98106000,2022-01-10 18:59:59.999,14313450.17338170,10084,179.54224000,7470345.00652240
2022-01-10 19:00:00,41604.58000000,41698.07000000,41466.10000000,41562.49000000,409.70905000,2022-01-10 19:14:59.999,17030704.25443090,11662,218.09995000,9066641.77523420
2022-01-10 19:15:00,41562.49000000,41662.80000000,41412.45000000,41530.20000000,310.89950000,2022-01-10 19:29:59.999,12914961.25389730,8145,146.71620000,6094625.63766390
2022-01-10 19:30:00,41530.19000000,41652.30000000,41431.39000000,41514.66000000,230.19395000,2022-01-10 19:44:59.999,9568177.46765010,7332,112.48598000,4675054.63532690
2022-01-10 19:45:00,41514.67000000,41558.26000000,41205.65000000,41297.15000000,407.73867000,2022-01-10 19:59:59.999,16858206.32976160,10890,213.08041000,8808285.59110240
2022-01-10 20:00:00,41297.15000000,41477.77000000,41158.99000000,41239.10000000,365.20471000,2022-01-10 20:14:59.999,15087697.42236220,10239,193.07282000,7976767.31639740
2022-01-10 20:15:00,41239.09000000,41438.89000000,41183.03000000,41346.40000000,208.00489000,2022-01-10 20:29:59.999,8596919.61592290,7205,92.95542000,3841757.82487570
2022-01-10 20:30:00,41346.40000000,41632.31000000,41280.00000000,41462.93000000,272.04748000,2022-01-10 20:44:59.999,11288063.07589060,9312,147.15465000,6105481.75361610
2022-01-10 20:45:00,41462.93000000,41779.46000000,41400.42000000,41714.72000000,400.18341000,2022-01-10 20:59:59.999,16645281.86400700,11426,209.43673000,8712189.12004130
2022-01-10 21:00:00,41716.81000000,41985.00000000,41657.00000000,41863.93000000,655.33794000,2022-01-10 21:14:59.999,27425020.39003890,15615,349.29493000,14617165.44112400
2022-01-10 21:15:00,41863.94000000,41863.94000000,41644.37000000,41755.85000000,289.61113000,2022-01-10 21:29:59.999,12084050.01108670,7885,150.10244000,6262675.22143730
2022-01-10 21:30:00,41755.85000000,41794.71000000,41655.83000000,41675.84000000,182.09445000,2022-01-10 21:44:59.999,7601124.79930190,6185,98.12345000,4096380.05794320
2022-01-10 21:45:00,41675.84000000,41733.25000000,41562.38000000,41714.13000000,238.33913000,2022-01-10 21:59:59.999,9925172.43310790,6949,127.03685000,5290849.94867750
2022-01-10 22:00:00,41714.14000000,41849.45000000,41714.11000000,41825.41000000,166.97781000,2022-01-10 22:14:59.999,6978356.22036910,6874,96.46932000,4031422.92230220
2022-01-10 22:15:00,41825.41000000,41830.26000000,41500.00000000,41714.18000000,295.82408000,2022-01-10 22:29:59.999,12317399.84971720,9285,143.27569000,5964149.09995120
2022-01-10 22:30:00,41714.19000000,41746.69000000,41600.00000000,41700.00000000,141.26744000,2022-01-10 22:44:59.999,5888256.07228670,5702,40.90187000,1704615.56799320
2022-01-10 22:45:00,41700.00000000,41700.01000000,41536.25000000,41604.98000000,125.81396000,2022-01-10 22:59:59.999,5235208.83616650,5218,57.64109000,2398420.30358970
2022-01-10 23:00:00,41604.98000000,41757.57000000,41503.56000000,41721.46000000,185.65079000,2022-01-10 23:14:59.999,7732599.04153060,5943,108.48038000,4518156.71028810
2022-01-10 23:15:00,41721.45000000,41820.75000000,41673.69000000,41795.71000000,176.04430000,2022-01-10 23:29:59.999,7352982.73529010,5298,100.44621000,4195706.20037710
2022-01-10 23:30:00,41795.71000000,41892.87000000,41772.78000000,41858.11000000,136.34625000,2022-01-10 23:44:59.999,5704634.89656520,5344,62.64449000,2621062.95492950
2022-01-10 23:45:00,41858.11000000,41858.12000000,41749.10000000,41822.49000000,174.24526000,2022-01-10 23:59:59.999,7285233.46824930,5327,87.44676000,3655925.20206850
2022-01-11 00:00:00,41822.49000000,41878.78000000,41680.44000000,41745.49000000,238.58557000,2022-01-11 00:14:59.999,9968938.34202870,8330,114.33804000,4778576.65427850
2022-01-11 00:15:00,41745.49000000,41752.76000000,41659.66000000,41684.07000000,182.79139000,2022-01-11 00:29:59.999,7622619.08160840,5784,94.76640000,3951854.36482020
2022-01-11 00:30:00,41684.06000000,41757.89000000,41627.20000000,41703.42000000,247.19189000,2022-01-11 00:44:59.999,10304140.59056960,6136,115.36261000,4809319.64374310
2022-01-11 00:45:00,41703.42000000,41765.04000000,41583.43000000,41593.70000000,201.16798000,2022-01-11 00:59:59.999,8385516.06096600,6927,94.42280000,3935901.07983340
2022-01-11 01:00:00,41593.69000000,41707.62000000,41544.64000000,41622.35000000,195.76925000,2022-01-11 01:14:59.999,8149429.28127060,6855,91.79420000,3821171.35237610
2022-01-11 01:15:00,41622.35000000,41820.00000000,41574.43000000,41805.99000000,224.36997000,2022-01-11 01:29:59.999,9363407.49872820,6797,134.41171000,5610904.87219040
2022-01-11 01:30:00,41805.93000000,42062.91000000,41786.24000000,41882.98000000,601.82036000,2022-01-11 01:44:59.999,25250374.08164450,13783,355.02055000,14897469.12612940
2022-01-11 01:45:00,41882.99000000,41944.43000000,41826.71000000,41928.82000000,219.00232000,2022-01-11 01:59:59.999,9173493.56893450,6113,109.68463000,4593832.65798820
2022-01-11 02:00:00,41928.82000000,41948.41000000,41818.18000000,41867.01000000,167.78157000,2022-01-11 02:14:59.999,7025025.19490080,6093,82.44268000,3451700.00827740
2022-01-11 02:15:00,41867.00000000,42195.00000000,41857.21000000,42153.65000000,499.02688000,2022-01-11 02:29:59.999,20993335.90972660,11792,285.93043000,12030255.31774100
2022-01-11 02:30:00,42155.67000000,42265.72000000,42094.01000000,42189.07000000,506.46845000,2022-01-11 02:44:59.999,21365935.85290280,11970,279.86289000,11806226.23381200
2022-01-11 02:45:00,42189.07000000,42400.01000000,42147.87000000,42173.77000000,702.06147000,2022-01-11 02:59:59.999,29682112.91499600,15235,359.46800000,15199811.35316980
2022-01-11 03:00:00,42173.77000000,42208.78000000,42056.80000000,42081.52000000,367.70337000,2022-01-11 03:14:59.999,15487379.68992820,9495,177.46533000,7475381.01373710
2022-01-11 03:15:00,42081.52000000,42175.78000000,42062.33000000,42136.12000000,187.51587000,2022-01-11 03:29:59.999,7900243.95281330,6715,93.91729000,3956724.16793370
2022-01-11 03:30:00,42136.12000000,42227.03000000,42120.01000000,42188.65000000,187.90704000,2022-01-11 03:44:59.999,7926189.89664860,6392,97.91105000,4130108.57067950
2022-01-11 03:45:00,42189.15000000,42277.99000000,42188.01000000,42277.98000000,204.98381000,2022-01-11 03:59:59.999,8657736.63760320,7086,105.92199000,4473760.52374780
2022-01-11 04:00:00,42277.99000000,42350.00000000,42123.03000000,42150.37000000,308.57368000,2022-01-11 04:14:59.999,13037961.47819500,8784,124.71958000,5270584.23968490
2022-01-11 04:15:00,42150.38000000,42382.77000000,42127.85000000,42255.41000000,337.72745000,2022-01-11 04:29:59.999,14254966.94027260,8034,202.96385000,8568390.09837120
2022-01-11 04:30:00,42255.41000000,42368.17000000,42237.48000000,42245.52000000,221.67401000,2022-01-11 04:44:59.999,9376217.33346980,6541,103.60838000,4382425.30218580
2022-01-11 04:45:00,42245.52000000,42387.78000000,42138.23000000,42304.65000000,302.53160000,2022-01-11 04:59:59.999,12786235.54007200,8011,164.80424000,6966665.06755650
2022-01-11 05:00:00,42304.65000000,42315.79000000,42171.06000000,42194.16000000,181.01197000,2022-01-11 05:14:59.999,7645308.33003410,6387,70.12246000,2961869.91144060
2022-01-11 05:15:00,42194.17000000,42194.60000000,42021.71000000,42022.52000000,276.59519000,2022-01-11 05:29:59.999,11645141.56180300,7153,123.44889000,5197021.44798510
2022-01-11 05:30:00,42022.52000000,42180.59000000,42022.51000000,42120.82000000,276.03945000,2022-01-11 05:44:59.999,11621070.84982230,6959,158.51468000,6674040.53641690
2022-01-11 05:45:00,42120.82000000,42169.05000000,42090.00000000,42110.00000000,163.99669000,2022-01-11 05:59:59.999,6907776.75359240,5309,69.62470000,2932472.62660190
2022-01-11 06:00:00,42110.00000000,42232.68000000,42082.92000000,42221.74000000,157.20456000,2022-01-11 06:14:59.999,6626134.61690870,5740,78.17544000,3295327.72999090
2022-01-11 06:15:00,42221.74000000,42227.71000000,42089.73000000,42098.52000000,199.13802000,2022-01-11 06:29:59.999,8393855.45674180,5687,89.75118000,3782612.34836260
2022-01-11 06:30:00,42098.51000000,42156.50000000,42052.42000000,42056.98000000,279.79939000,2022-01-11 06:44:59.999,11779573.07536690,7115,163.44319000,6880852.78418710
2022-01-11 06:45:00,42055.93000000,42105.00000000,41971.37000000,42105.00000000,354.16730000,2022-01-11 06:59:59.999,14893809.48426360,7477,179.15560000,7535567.01955850
2022-01-11 07:00:00,42104.99000000,42195.98000000,42069.73000000,42148.19000000,212.85281000,2022-01-11 07:14:59.999,8969251.32671770,6512,86.81878000,3658532.83834750
2022-01-11 07:15:00,42148.19000000,42225.00000000,42146.10000000,42184.89000000,178.42292000,2022-01-11 07:29:59.999,7528763.89482040,5746,80.04467000,3377408.14241510
2022-01-11 07:30:00,42184.89000000,42200.00000000,42100.00000000,42105.25000000,176.33933000,2022-01-11 07:44:59.999,7433218.62499150,6007,81.27623000,3425434.73551720
2022-01-11 07:45:00,42105.25000000,42280.00000000,42082.09000000,42211.05000000,257.05631000,2022-01-11 07:59:59.999,10845571.85863200,7369,123.44106000,5208425.28074030
2022-01-11 08:00:00,42212.21000000,42334.54000000,42185.99000000,42311.89000000,469.50166000,2022-01-11 08:14:59.999,19847481.86122180,11777,241.50156000,10208593.01109800
2022-01-11 08:15:00,42311.89000000,42627.66000000,42200.84000000,42223.64000000,850.27426000,2022-01-11 08:29:59.999,36069591.81866930,19303,476.43340000,20222286.07072500
2022-01-11 08:30:00,42223.64000000,42249.99000000,41948.81000000,42009.80000000,599.97853000,2022-01-11 08:44:59.999,25252356.47047750,14613,236.79326000,9966456.03450110
2022-01-11 08:45:00,42009.79000000,42057.83000000,41930.01000000,41991.78000000,277.93277000,2022-01-11 08:59:59.999,11670466.41299210,8306,134.96693000,5667011.35120290
2022-01-11 09:00:00,41991.78000000,42059.50000000,41843.13000000,41900.00000000,317.45062000,2022-01-11 09:14:59.999,13312877.00126080,8732,189.32971000,7939771.79315430
2022-01-11 09:15:00,41900.00000000,42041.66000000,41883.71000000,42018.62000000,186.93959000,2022-01-11 09:29:59.999,7846574.86795400,6838,105.11439000,4412247.96423690
2022-01-11 09:30:00,42018.61000000,42108.30000000,42015.45000000,42092.02000000,240.84430000,2022-01-11 09:44:59.999,10128103.73220310,7181,112.30650000,4722636.92383880
2022-01-11 09:45:00,42092.03000000,42148.04000000,41954.42000000,41984.80000000,313.70839000,2022-01-11 09:59:59.999,13189646.20419480,9185,166.13828000,6986493.98392680
2022-01-11 10:00:00,41984.79000000,42066.61000000,41950.00000000,41957.32000000,312.33228000,2022-01-11 10:14:59.999,13117301.96503230,9263,148.89110000,6252611.85468580
2022-01-11 10:15:00,41957.32000000,41957.32000000,41770.00000000,41795.85000000,513.62231000,2022-01-11 10:29:59.999,21483558.52951390,12221,205.24139000,8583422.67821970
2022-01-11 10:30:00,41795.84000000,41816.43000000,41709.54000000,41787.36000000,346.54640000,2022-01-11 10:44:59.999,14475039.64098320,10127,128.76773000,5378170.59578300
2022-01-11 10:45:00,41787.36000000,41800.77000000,41575.00000000,41631.02000000,372.42266000,2022-01-11 10:59:59.999,15520366.39280220,12744,168.86555000,7036594.38929040
2022-01-11 11:00:00,41631.02000000,41823.65000000,41584.86000000,41767.58000000,415.31151000,2022-01-11 11:14:59.999,17320208.85205580,11495,229.25855000,9561347.09690400
2022-01-11 11:15:00,41767.59000000,41810.00000000,41703.41000000,41804.30000000,210.27258000,2022-01-11 11:29:59.999,8782006.07901830,7780,103.59928000,4326707.95707080
2022-01-11 11:30:00,41804.30000000,41944.00000000,41702.30000000,41783.07000000,362.88681000,2022-01-11 11:44:59.999,15183283.72248940,11377,182.07925000,7619527.18627950
2022-01-11 11:45:00,41783.07000000,41930.00000000,41780.83000000,41809.99000000,282.60739000,2022-01-11 11:59:59.999,11829969.73191540,8995,155.29908000,6501312.47702580
2022-01-11 12:00:00,41809.99000000,41928.72000000,41722.23000000,41896.21000000,254.43555000,2022-01-11 12:14:59.999,10641726.04488630,10413,127.94008000,5351149.34454180
2022-01-11 12:15:00,41896.22000000,41956.45000000,41823.40000000,41882.24000000,251.79422000,2022-01-11 12:29:59.999,10546838.47364490,9554,104.43757000,4374750.62159130
2022-01-11 12:30:00,41882.24000000,41932.92000000,41785.30000000,41904.47000000,244.74807000,2022-01-11 12:44:59.999,10245166.41726310,9488,127.78428000,5349307.76153690
2022-01-11 12:45:00,41904.46000000,41908.04000000,41804.94000000,41812.69000000,195.91284000,2022-01-11 12:59:59.999,8200766.35215300,8543,87.92146000,3680555.19159100
2022-01-11 13:00:00,41812.70000000,41879.73000000,41776.75000000,41863.00000000,246.40876000,2022-01-11 13:14:59.999,10308771.52799850,8678,115.79862000,4844577.79258970
2022-01-11 13:15:00,41863.00000000,41899.00000000,41700.00000000,41728.99000000,451.56048000,2022-01-11 13:29:59.999,18882554.27369890,11894,217.97923000,9117934.43497610
2022-01-11 13:30:00,41728.99000000,41814.32000000,41590.00000000,41590.01000000,255.18419000,2022-01-11 13:44:59.999,10639712.11225880,10690,103.56933000,4318972.38663150
2022-01-11 13:45:00,41590.01000000,41726.81000000,41586.03000000,41701.52000000,210.76522000,2022-01-11 13:59:59.999,8781287.00939060,8936,107.14693000,4464134.12410020
2022-01-11 14:00:00,41700.74000000,41823.01000000,41646.69000000,41760.97000000,261.82347000,2022-01-11 14:14:59.999,10932080.74072440,8800,131.65045000,5496664.60641720
2022-01-11 14:15:00,41760.97000000,41763.62000000,41352.32000000,41369.61000000,763.20899000,2022-01-11 14:29:59.999,31704182.63593700,18450,306.43280000,12725907.12137990
2022-01-11 14:30:00,41369.62000000,41518.62000000,41268.93000000,41429.33000000,752.17939000,2022-01-11 14:44:59.999,31132512.75964950,16512,319.37687000,13218288.33748370
2022-01-11 14:45:00,41429.34000000,41709.54000000,41389.26000000,41642.00000000,484.24835000,2022-01-11 14:59:59.999,20138436.15039190,15157,271.71527000,11303100.29241460
2022-01-11 15:00:00,41639.51000000,42200.00000000,41576.84000000,41933.00000000,1385.13529000,2022-01-11 15:14:59.999,58100925.66575310,28226,821.45010000,34464383.86193000
2022-01-11 15:15:00,41932.99000000,41970.01000000,41725.64000000,41802.05000000,499.29443000,2022-01-11 15:29:59.999,20893780.89384260,12866,195.19844000,8168004.94673220
2022-01-11 15:30:00,41802.04000000,41957.06000000,41440.69000000,41497.41000000,728.68453000,2022-01-11 15:44:59.999,30358677.25797540,17507,342.76689000,14274797.77432820
2022-01-11 15:45:00,41497.41000000,41780.29000000,41472.37000000,41733.93000000,359.74761000,2022-01-11 15:59:59.999,14978336.32649130,10998,197.30148000,8216026.70324250
2022-01-11 16:00:00,41733.92000000,42177.00000000,41680.44000000,42158.82000000,1120.03359000,2022-01-11 16:14:59.999,47032446.28928340,25044,556.26813000,23359674.07727250
2022-01-11 16:15:00,42158.81000000,42480.00000000,42146.59000000,42463.52000000,1240.48571000,2022-01-11 16:29:59.999,52534799.08354610,26149,655.15750000,27744335.44266610
2022-01-11 16:30:00,42463.52000000,42925.07000000,42435.57000000,42788.75000000,1789.82008000,2022-01-11 16:44:59.999,76398795.29473030,36230,1022.56153000,43642193.76996830
2022-01-11 16:45:00,42788.76000000,42853.00000000,42627.08000000,42705.24000000,698.39239000,2022-01-11 16:59:59.999,29828423.35861150,18034,296.74937000,12674590.30635500
2022-01-11 17:00:00,42705.24000000,43100.00000000,42705.24000000,42988.75000000,1426.42774000,2022-01-11 17:14:59.999,61265511.22301820,30219,716.61458000,30778451.57023380
2022-01-11 17:15:00,42988.75000000,43050.00000000,42319.24000000,42381.77000000,1743.47216000,2022-01-11 17:29:59.999,74331861.25407170,34295,696.47799000,29684012.46125980
2022-01-11 17:30:00,42381.77000000,42624.15000000,42351.48000000,42559.04000000,645.91002000,2022-01-11 17:44:59.999,27431996.27425900,15119,353.84849000,15027807.44599750
2022-01-11 17:45:00,42559.04000000,42598.79000000,42415.74000000,42549.01000000,375.04861000,2022-01-11 17:59:59.999,15945328.96646100,11098,179.46086000,7629884.65515270
2022-01-11 18:00:00,42549.01000000,42562.35000000,42353.07000000,42493.56000000,366.90863000,2022-01-11 18:14:59.999,15571200.72147210,10844,158.29062000,6717990.18630650
2022-01-11 18:15:00,42493.56000000,42714.04000000,42441.71000000,42667.95000000,326.99202000,2022-01-11 18:29:59.999,13938354.60132190,10657,168.40610000,7178739.10464750
2022-01-11 18:30:00,42667.94000000,42870.37000000,42616.25000000,42846.71000000,387.37275000,2022-01-11 18:44:59.999,16571051.57141010,12354,206.89348000,8851192.08570490
2022-01-11 18:45:00,42844.32000000,42916.97000000,42708.83000000,42755.00000000,335.37906000,2022-01-11 18:59:59.999,14361368.79716700,11054,163.69228000,7010169.20814000
2022-01-11 19:00:00,42754.99000000,42778.85000000,42643.73000000,42750.00000000,241.96177000,2022-01-11 19:14:59.999,10333427.61654110,9062,110.97879000,4739583.55231350
2022-01-11 19:15:00,42749.99000000,42859.06000000,42683.87000000,42741.44000000,279.88406000,2022-01-11 19:29:59.999,11971395.16922480,8238,141.65146000,6058872.44943950
2022-01-11 19:30:00,42741.44000000,42850.00000000,42595.68000000,42807.89000000,287.38363000,2022-01-11 19:44:59.999,12268864.93766680,8766,158.75082000,6778983.41115570
2022-01-11 19:45:00,42810.00000000,43086.70000000,42807.89000000,42972.05000000,631.21623000,2022-01-11 19:59:59.999,27125790.97616430,14565,307.10394000,13196682.98939000
2022-01-11 20:00:00,42972.04000000,43095.26000000,42808.57000000,42836.20000000,483.44789000,2022-01-11 20:14:59.999,20766624.20480580,12373,246.61968000,10595453.17830280
2022-01-11 20:15:00,42836.20000000,42908.58000000,42800.00000000,42803.81000000,237.41668000,2022-01-11 20:29:59.999,10170076.26055170,8600,119.14806000,5104131.45029190
2022-01-11 20:30:00,42802.81000000,42901.30000000,42734.98000000,42814.29000000,213.80307000,2022-01-11 20:44:59.999,9150970.20816310,7704,96.93075000,4148326.06056690
2022-01-11 20:45:00,42814.29000000,42857.07000000,42692.19000000,42800.38000000,284.93414000,2022-01-11 20:59:59.999,12184670.12105350,8127,120.08043000,5135473.95908360
2022-01-11 21:00:00,42797.62000000,42823.69000000,42730.00000000,42731.56000000,189.26967000,2022-01-11 21:14:59.999,8096354.98021280,6948,88.74807000,3796868.88731560
2022-01-11 21:15:00,42731.56000000,42789.99000000,42684.18000000,42706.56000000,141.52641000,2022-01-11 21:29:59.999,6046758.86756470,6281,69.32263000,2961939.29011720
2022-01-11 21:30:00,42706.57000000,42770.87000000,42651.39000000,42718.97000000,210.52864000,2022-01-11 21:44:59.999,8990641.32712430,7183,101.90168000,4352098.81824420
2022-01-11 21:45:00,42718.98000000,42759.84000000,42643.74000000,42659.20000000,160.77908000,2022-01-11 21:59:59.999,6865375.51249780,6826,70.47227000,3009408.16225810
2022-01-11 22:00:00,42664.71000000,42712.00000000,42629.39000000,42642.71000000,158.43121000,2022-01-11 22:14:59.999,6759146.15327280,6521,84.53972000,3606585.56957580
2022-01-11 22:15:00,42642.71000000,42733.00000000,42597.41000000,42650.75000000,179.30834000,2022-01-11 22:29:59.999,7647602.87778260,7352,88.70577000,3784162.27552480
2022-01-11 22:30:00,42647.14000000,42702.39000000,42633.18000000,42642.33000000,101.25787000,2022-01-11 22:44:59.999,4320722.07989880,5594,55.67923000,2375816.85416510
2022-01-11 22:45:00,42647.00000000,42776.14000000,42638.33000000,42713.13000000,122.86251000,2022-01-11 22:59:59.999,5247553.76898070,5374,65.37009000,2791352.72375570
2022-01-11 23:00:00,42713.12000000,42886.28000000,42665.26000000,42874.90000000,220.28058000,2022-01-11 23:14:59.999,9427142.05881280,6896,141.53059000,6055313.17520480
2022-01-11 23:15:00,42874.90000000,42875.05000000,42758.00000000,42790.01000000,138.05055000,2022-01-11 23:29:59.999,5909756.35316990,5415,85.86012000,3675499.01876760
2022-01-11 23:30:00,42790.00000000,42822.21000000,42693.00000000,42790.03000000,158.32215000,2022-01-11 23:44:59.999,6770183.30528110,5588,67.87172000,2902500.78661740
2022-01-11 23:45:00,42790.04000000,42819.89000000,42633.97000000,42729.29000000,164.48873000,2022-01-11 23:59:59.999,7024091.14014000,6033,70.57787000,3013916.45604960
2022-01-12 00:00:00,42729.29000000,42950.00000000,42692.84000000,42933.38000000,261.18213000,2022-01-12 00:14:59.999,11189462.55049020,9861,139.76777000,5987887.84235660
2022-01-12 00:15:00,42933.37000000,42965.00000000,42717.70000000,42843.05000000,196.27145000,2022-01-12 00:29:59.999,8407804.42364260,8012,98.74980000,4230327.65199520
2022-01-12 00:30:00,42843.05000000,42853.99000000,42620.44000000,42624.01000000,235.93337000,2022-01-12 00:44:59.999,10072589.32926740,7685,113.19326000,4832447.35314020
2022-01-12 00:45:00,42624.00000000,42724.93000000,42578.02000000,42675.00000000,311.51994000,2022-01-12 00:59:59.999,13287936.19302620,7985,147.75342000,6302446.51921760
2022-01-12 01:00:00,42675.03000000,42769.06000000,42585.09000000,42626.66000000,207.68262000,2022-01-12 01:14:59.999,8864781.82348900,7737,92.27560000,3938935.90057120
2022-01-12 01:15:00,42626.66000000,42691.09000000,42562.20000000,42659.62000000,204.87495000,2022-01-12 01:29:59.999,8732085.08868860,6926,123.52319000,5264440.51653940
2022-01-12 01:30:00,42659.63000000,42700.00000000,42570.70000000,42587.50000000,174.51416000,2022-01-12 01:44:59.999,7440118.96968610,5975,77.25324000,3294367.30046220
2022-01-12 01:45:00,42587.50000000,42645.00000000,42570.00000000,42626.05000000,137.86461000,2022-01-12 01:59:59.999,5873199.88557860,6030,68.26067000,2907895.23102190
2022-01-12 02:00:00,42626.04000000,42699.62000000,42616.58000000,42638.00000000,132.54516000,2022-01-12 02:14:59.999,5655222.37484470,5754,64.09301000,2734566.16241330
2022-01-12 02:15:00,42638.00000000,42712.29000000,42575.00000000,42625.81000000,173.23473000,2022-01-12 02:29:59.999,7384751.50790000,6356,72.58092000,3094479.57992330
2022-01-12 02:30:00,42625.81000000,42636.05000000,42550.02000000,42560.76000000,149.07402000,2022-01-12 02:44:59.999,6349172.85695010,5984,72.63976000,3093840.72543180
2022-01-12 02:45:00,42560.75000000,42564.65000000,42450.00000000,42559.33000000,270.45935000,2022-01-12 02:59:59.999,11495052.18622830,8990,124.03573000,5271783.90035840
2022-01-12 03:00:00,42559.34000000,42581.65000000,42494.72000000,42542.94000000,131.21430000,2022-01-12 03:14:59.999,5580788.65691500,5373,77.90179000,3313041.41048650
2022-01-12 03:15:00,42542.94000000,42623.11000000,42530.91000000,42590.06000000,140.31603000,2022-01-12 03:29:59.999,5974975.84761260,5587,68.29786000,2908327.88131230
2022-01-12 03:30:00,42590.07000000,42679.76000000,42570.13000000,42628.05000000,201.54780000,2022-01-12 03:44:59.999,8592211.86784130,6302,127.90305000,5452975.26968550
2022-01-12 03:45:00,42628.04000000,42628.05000000,42560.33000000,42605.02000000,158.40559000,2022-01-12 03:59:59.999,6748572.70511520,5767,72.70004000,3097190.98893420
2022-01-12 04:00:00,42605.01000000,42733.87000000,42589.63000000,42704.29000000,208.40695000,2022-01-12 04:14:59.999,8893148.17236780,7422,120.52063000,5142648.92717410
2022-01-12 04:15:00,42704.29000000,42712.03000000,42574.67000000,42590.69000000,170.97140000,2022-01-12 04:29:59.999,7290606.48247060,6902,90.75607000,3869706.35287460
2022-01-12 04:30:00,42590.68000000,42590.69000000,42518.97000000,42577.57000000,247.12332000,2022-01-12 04:44:59.999,10513985.41824340,7985,111.81940000,4757464.64199980
2022-01-12 04:45:00,42577.57000000,42629.93000000,42536.36000000,42629.90000000,157.78408000,2022-01-12 04:59:59.999,6720613.08006730,6385,87.66493000,3734007.84656350
2022-01-12 05:00:00,42629.91000000,42700.00000000,42560.00000000,42696.13000000,151.80498000,2022-01-12 05:14:59.999,6472137.78899460,6872,74.67919000,3183960.70220080
2022-01-12 05:15:00,42696.12000000,42721.68000000,42666.02000000,42677.53000000,154.74779000,2022-01-12 05:29:59.999,6607149.64039430,5672,69.24274000,2956465.74333850
2022-01-12 05:30:00,42677.53000000,42741.08000000,42646.42000000,42733.12000000,185.94803000,2022-01-12 05:44:59.999,7938548.60387400,6027,102.96604000,4396277.28255780
2022-01-12 05:45:00,42733.12000000,42773.64000000,42660.01000000,42705.51000000,159.50134000,2022-01-12 05:59:59.999,6811758.32375020,6252,65.14498000,2782276.50606470
2022-01-12 06:00:00,42705.51000000,42741.47000000,42650.00000000,42698.81000000,289.97808000,2022-01-12 06:14:59.999,12380580.58436370,7910,138.65762000,5919822.65908820
2022-01-12 06:15:00,42698.81000000,42701.58000000,42614.19000000,42701.57000000,142.27679000,2022-01-12 06:29:59.999,6068261.15794360,6050,70.12243000,2990929.87215880
2022-01-12 06:30:00,42701.58000000,42867.55000000,42690.55000000,42715.29000000,251.46333000,2022-01-12 06:44:59.999,10757246.10632050,9625,145.82118000,6238201.00029420
2022-01-12 06:45:00,42716.83000000,42728.71000000,42600.01000000,42675.55000000,267.95683000,2022-01-12 06:59:59.999,11432081.01340650,8795,131.95021000,5629243.39023910
2022-01-12 07:00:00,42675.54000000,42675.55000000,42520.00000000,42524.82000000,234.01510000,2022-01-12 07:14:59.999,9966376.49754140,8703,84.93086000,3616145.47557180
2022-01-12 07:15:00,42524.82000000,42588.79000000,42463.13000000,42526.00000000,382.54106000,2022-01-12 07:29:59.999,16261892.88846680,11386,210.66993000,8955987.88908740
2022-01-12 07:30:00,42525.99000000,42637.20000000,42517.60000000,42592.57000000,203.97328000,2022-01-12 07:44:59.999,8681756.21901250,7753,112.92043000,4806269.80893890
2022-01-12 07:45:00,42592.56000000,42594.43000000,42526.44000000,42561.67000000,128.28202000,2022-01-12 07:59:59.999,5459240.03685780,6425,58.81052000,2502670.79266310
2022-01-12 08:00:00,42561.66000000,42697.81000000,42508.69000000,42694.43000000,215.15787000,2022-01-12 08:14:59.999,9168936.35240010,8546,110.83352000,4723185.04465020
2022-01-12 08:15:00,42694.43000000,42717.57000000,42600.00000000,42600.01000000,213.26171000,2022-01-12 08:29:59.999,9098575.07919260,8625,104.41189000,4454755.60234200
2022-01-12 08:30:00,42600.00000000,42656.10000000,42552.79000000,42580.07000000,218.49341000,2022-01-12 08:44:59.999,9305933.62785420,8210,104.23782000,4439740.52257320
2022-01-12 08:45:00,42580.06000000,42683.84000000,42580.06000000,42603.51000000,222.66463000,2022-01-12 08:59:59.999,9493370.90530010,7942,117.02641000,4990077.92838670
2022-01-12 09:00:00,42603.51000000,42748.72000000,42565.99000000,42656.02000000,355.08659000,2022-01-12 09:14:59.999,15149871.08173060,9405,220.01454000,9389338.84012250
2022-01-12 09:15:00,42656.02000000,42909.92000000,42636.03000000,42879.60000000,353.04872000,2022-01-12 09:29:59.999,15119696.17274330,11312,190.21893000,8146486.28083480
2022-01-12 09:30:00,42879.60000000,42888.43000000,42673.14000000,42683.30000000,299.73590000,2022-01-12 09:44:59.999,12815184.08503300,10104,124.35168000,5315781.13271290
2022-01-12 09:45:00,42683.30000000,42810.94000000,42640.13000000,42796.83000000,273.15417000,2022-01-12 09:59:59.999,11669238.52237090,9294,131.10009000,5601536.73127050
2022-01-12 10:00:00,42796.84000000,42978.96000000,42735.20000000,42978.95000000,503.29235000,2022-01-12 10:14:59.999,21576446.22277620,12744,293.65553000,12589984.20925440
2022-01-12 10:15:00,42978.95000000,42990.01000000,42842.00000000,42880.53000000,333.92764000,2022-01-12 10:29:59.999,14329291.49359370,11369,173.45660000,7443804.92842850
2022-01-12 10:30:00,42880.53000000,42911.58000000,42745.09000000,42793.29000000,393.22022000,2022-01-12 10:44:59.999,16838300.12861750,10946,145.50170000,6230465.03459540
2022-01-12 10:45:00,42793.29000000,42850.00000000,42754.71000000,42765.18000000,221.18543000,2022-01-12 10:59:59.999,9469283.67028530,8344,100.98087000,4323070.45546910
2022-01-12 11:00:00,42765.18000000,42824.30000000,42727.66000000,42784.14000000,133.97777000,2022-01-12 11:14:59.999,5731785.22031900,7882,57.96717000,2479934.15874180
2022-01-12 11:15:00,42784.13000000,42849.45000000,42751.71000000,42770.10000000,191.05610000,2022-01-12 11:29:59.999,8176577.99710580,8321,91.13365000,3900478.79714770
2022-01-12 11:30:00,42770.11000000,43443.60000000,42683.21000000,43110.78000000,1634.85341000,2022-01-12 11:44:59.999,70573962.40635800,35204,1012.39822000,43705133.74723880
2022-01-12 11:45:00,43110.79000000,43219.50000000,42878.78000000,42935.92000000,686.44513000,2022-01-12 11:59:59.999,29547200.46642140,16751,322.14905000,13866497.99237780
2022-01-12 12:00:00,42935.92000000,43047.82000000,42874.01000000,42907.72000000,479.91727000,2022-01-12 12:14:59.999,20619752.81443040,13645,262.22222000,11268326.76107420
2022-01-12 12:15:00,42907.72000000,43210.29000000,42901.00000000,43146.01000000,744.89453000,2022-01-12 12:29:59.999,32093100.95411680,17472,461.05671000,19871465.47649680
2022-01-12 12:30:00,43146.00000000,43301.50000000,43072.19000000,43083.85000000,724.96698000,2022-01-12 12:44:59.999,31325939.29383420,18427,311.74508000,13471319.52401780
2022-01-12 12:45:00,43083.84000000,43290.14000000,43019.37000000,43285.51000000,459.27845000,2022-01-12 12:59:59.999,19811041.83966890,13184,237.60161000,10250789.95478130
2022-01-12 13:00:00,43285.52000000,43400.00000000,43236.01000000,43255.02000000,640.57099000,2022-01-12 13:14:59.999,27743343.90840200,16507,302.26418000,13092177.04754230
2022-01-12 13:15:00,43255.02000000,43413.00000000,43187.60000000,43383.13000000,445.91227000,2022-01-12 13:29:59.999,19308378.41633990,13026,241.53860000,10460219.48324240
2022-01-12 13:30:00,43383.14000000,43987.00000000,43334.07000000,43945.96000000,2472.47080000,2022-01-12 13:44:59.999,108110177.02862760,50531,1421.10317000,62132403.45615100
2022-01-12 13:45:00,43945.96000000,44078.40000000,43813.15000000,43920.97000000,1668.46055000,2022-01-12 13:59:59.999,73263929.74310430,29798,873.54550000,38363477.40355480
2022-01-12 14:00:00,43920.96000000,43957.00000000,43676.18000000,43725.60000000,739.49186000,2022-01-12 14:14:59.999,32385444.72242220,18841,347.58897000,15221146.54470990
2022-01-12 14:15:00,43725.59000000,43869.24000000,43721.12000000,43798.34000000,490.50049000,2022-01-12 14:29:59.999,21480710.73263790,13405,292.16696000,12794945.58260150
2022-01-12 14:30:00,43799.46000000,43938.89000000,43680.10000000,43738.99000000,816.11534000,2022-01-12 14:44:59.999,35735197.24572850,17804,426.32970000,18666109.54114690
2022-01-12 14:45:00,43738.99000000,43878.83000000,43690.01000000,43849.54000000,435.41014000,2022-01-12 14:59:59.999,19069507.14587670,13722,237.67832000,10408947.09056460
2022-01-12 15:00:00,43849.55000000,43933.00000000,43736.18000000,43903.52000000,451.07725000,2022-01-12 15:14:59.999,19773229.51904920,14397,255.36108000,11195462.68251610
2022-01-12 15:15:00,43903.52000000,43906.20000000,43777.00000000,43791.41000000,401.06358000,2022-01-12 15:29:59.999,17587366.98858840,14310,202.00708000,8858435.90443600
2022-01-12 15:30:00,43791.41000000,43806.77000000,43401.01000000,43538.90000000,907.74832000,2022-01-12 15:44:59.999,39543226.19017860,25481,378.25194000,16475396.51916780
2022-01-12 15:45:00,43538.90000000,43618.41000000,43461.00000000,43560.29000000,395.59172000,2022-01-12 15:59:59.999,17229762.39310450,15379,197.41921000,8599135.90814860
2022-01-12 16:00:00,43560.29000000,43688.50000000,43431.30000000,43470.78000000,473.67872000,2022-01-12 16:14:59.999,20630445.02264070,14914,219.16930000,9546101.12025000
2022-01-12 16:15:00,43470.79000000,43597.36000000,43317.00000000,43516.52000000,550.97144000,2022-01-12 16:29:59.999,23946513.51808990,17006,257.69261000,11201240.89781090
2022-01-12 16:30:00,43516.52000000,43671.65000000,43510.82000000,43618.72000000,331.68821000,2022-01-12 16:44:59.999,14461526.30339490,12660,187.05132000,8155334.45274100
2022-01-12 16:45:00,43618.72000000,43651.16000000,43556.70000000,43611.02000000,257.58276000,2022-01-12 16:59:59.999,11231258.64665940,10702,117.86984000,5139516.18147790
2022-01-12 17:00:00,43611.03000000,43621.00000000,43481.73000000,43562.44000000,269.97224000,2022-01-12 17:14:59.999,11756313.65268300,10022,110.60770000,4816557.84968580
2022-01-12 17:15:00,43562.43000000,43721.92000000,43560.63000000,43695.22000000,287.18061000,2022-01-12 17:29:59.999,12539441.99405050,9992,160.38697000,7003395.69087430
2022-01-12 17:30:00,43695.22000000,43780.00000000,43677.02000000,43706.59000000,257.61965000,2022-01-12 17:44:59.999,11262886.13720150,9732,115.69645000,5057904.72174420
2022-01-12 17:45:00,43706.59000000,43867.19000000,43706.58000000,43841.57000000,346.30870000,2022-01-12 17:59:59.999,15167342.25739880,9585,217.02343000,9505039.55535720
2022-01-12 18:00:00,43841.56000000,43886.26000000,43741.18000000,43771.20000000,228.27521000,2022-01-12 18:14:59.999,10002202.85403470,9096,109.00178000,4775650.70340120
2022-01-12 18:15:00,43771.20000000,43875.00000000,43609.89000000,43799.49000000,405.23032000,2022-01-12 18:29:59.999,17732175.34958260,10283,216.06466000,9456764.56479800
2022-01-12 18:30:00,43797.33000000,43844.02000000,43657.52000000,43674.51000000,175.03297000,2022-01-12 18:44:59.999,7653828.29734120,7309,84.08423000,3676931.40686540
2022-01-12 18:45:00,43674.52000000,43729.46000000,43567.26000000,43589.98000000,239.74696000,2022-01-12 18:59:59.999,10461189.21152680,8136,105.88338000,4620129.87004890
2022-01-12 19:00:00,43589.97000000,43620.00000000,43526.30000000,43618.28000000,222.51231000,2022-01-12 19:14:59.999,9695384.60085130,8632,100.40194000,4375062.48654130
2022-01-12 19:15:00,43618.27000000,43687.62000000,43542.28000000,43678.85000000,246.56391000,2022-01-12 19:29:59.999,10755772.57335210,7910,108.63058000,4737870.36133970
2022-01-12 19:30:00,43678.86000000,43678.86000000,43573.61000000,43581.47000000,154.03174000,2022-01-12 19:44:59.999,6720061.12673270,7250,74.03176000,3229778.20442700
2022-01-12 19:45:00,43581.47000000,43760.94000000,43581.47000000,43743.11000000,155.25726000,2022-01-12 19:59:59.999,6783360.09240040,6983,86.31321000,3770664.92081100
2022-01-12 20:00:00,43743.10000000,43759.62000000,43654.69000000,43668.97000000,230.92289000,2022-01-12 20:14:59.999,10092621.66039170,8062,98.52038000,4305744.92299690
2022-01-12 20:15:00,43665.67000000,43759.86000000,43665.67000000,43697.50000000,196.85877000,2022-01-12 20:29:59.999,8604651.36085150,6904,97.69500000,4270115.65545150
2022-01-12 20:30:00,43697.51000000,43726.13000000,43629.39000000,43718.00000000,135.22649000,2022-01-12 20:44:59.999,5906164.54261530,6204,62.16437000,2715173.63264170
2022-01-12 20:45:00,43718.01000000,43993.66000000,43709.26000000,43819.17000000,695.22151000,2022-01-12 20:59:59.999,30517619.15630160,13242,423.23048000,18575496.00660720
2022-01-12 21:00:00,43819.16000000,43950.21000000,43792.88000000,43926.99000000,244.26031000,2022-01-12 21:14:59.999,10723666.99705160,7796,117.87924000,5175258.30170330
2022-01-12 21:15:00,43926.98000000,44322.00000000,43912.15000000,44095.95000000,803.55897000,2022-01-12 21:29:59.999,35468946.13133180,23417,490.53810000,21656916.33619440
2022-01-12 21:30:00,44095.95000000,44100.00000000,43770.22000000,43808.88000000,472.58455000,2022-01-12 21:44:59.999,20755511.25667870,12925,216.38685000,9501928.12165050
2022-01-12 21:45:00,43808.88000000,43898.98000000,43734.55000000,43773.09000000,265.73865000,2022-01-12 21:59:59.999,11641899.88685720,8668,144.88540000,6348146.37983300
2022-01-12 22:00:00,43776.60000000,43827.26000000,43742.97000000,43808.55000000,151.53717000,2022-01-12 22:14:59.999,6635783.95100140,7223,78.82940000,3452042.08324260
2022-01-12 22:15:00,43809.16000000,43897.40000000,43791.61000000,43873.46000000,157.82738000,2022-01-12 22:29:59.999,6922627.75810400,7489,85.59355000,3754365.98973460
2022-01-12 22:30:00,43873.45000000,43948.99000000,43870.80000000,43875.11000000,127.81852000,2022-01-12 22:44:59.999,5610844.20954510,6775,60.93461000,2674783.88740200
2022-01-12 22:45:00,43875.11000000,43876.85000000,43796.29000000,43842.95000000,137.47862000,2022-01-12 22:59:59.999,6027408.04131510,6062,68.26056000,2992698.10920420
2022-01-12 23:00:00,43842.94000000,43948.91000000,43817.35000000,43928.71000000,155.48909000,2022-01-12 23:14:59.999,6823108.46596940,6854,82.42564000,3616665.87134090
2022-01-12 23:15:00,43928.70000000,44032.19000000,43877.61000000,43888.39000000,302.91575000,2022-01-12 23:29:59.999,13316442.39117620,8454,154.33686000,6784366.14977870
2022-01-12 23:30:00,43888.39000000,44025.74000000,43888.39000000,43986.36000000,169.63056000,2022-01-12 23:44:59.999,7460918.73420640,5904,98.53724000,4333855.96275740
2022-01-12 23:45:00,43986.36000000,43995.00000000,43879.49000000,43902.66000000,149.12438000,2022-01-12 23:59:59.999,6550650.88117120,6295,69.26774000,3043055.00588910
2022-01-13 00:00:00,43902.65000000,44075.42000000,43853.01000000,43903.86000000,533.53634000,2022-01-13 00:14:59.999,23462595.22684330,10609,216.02699000,9497341.81757660
2022-01-13 00:15:00,43903.87000000,43912.69000000,43825.67000000,43872.14000000,197.09042000,2022-01-13 00:29:59.999,8645125.82273210,7457,93.32741000,4093697.44015500
2022-01-13 00:30:00,43872.15000000,43908.30000000,43755.36000000,43766.50000000,212.66448000,2022-01-13 00:44:59.999,9321229.95030300,7800,92.35179000,4048079.87653100
2022-01-13 00:45:00,43766.51000000,43816.08000000,43670.00000000,43720.00000000,290.87791000,2022-01-13 00:59:59.999,12719721.99699470,9759,132.25725000,5783578.71527230
2022-01-13 01:00:00,43720.00000000,43808.88000000,43710.46000000,43762.78000000,224.89144000,2022-01-13 01:14:59.999,9839423.23598480,7257,103.11262000,4511119.11472630
2022-01-13 01:15:00,43762.79000000,43788.56000000,43592.99000000,43605.36000000,223.53141000,2022-01-13 01:29:59.999,9762861.35665730,8554,104.88432000,4580988.47461180
2022-01-13 01:30:00,43605.36000000,43658.91000000,43527.61000000,43539.92000000,313.46563000,2022-01-13 01:44:59.999,13662036.15638570,10878,151.32940000,6595494.58356050
2022-01-13 01:45:00,43539.93000000,43624.01000000,43516.92000000,43548.57000000,230.63861000,2022-01-13 01:59:59.999,10047298.63349980,8883,109.44011000,4767846.55858040
2022-01-13 02:00:00,43548.58000000,43634.87000000,43548.57000000,43622.69000000,139.59805000,2022-01-13 02:14:59.999,6084056.03897680,6676,76.91216000,3352003.51946560
2022-01-13 02:15:00,43622.69000000,43660.00000000,43612.72000000,43631.15000000,128.86608000,2022-01-13 02:29:59.999,5623467.68332010,6158,74.98244000,3272168.44104710
2022-01-13 02:30:00,43631.14000000,43684.28000000,43631.10000000,43641.08000000,107.23366000,2022-01-13 02:44:59.999,4681949.46109140,5861,45.94686000,2006067.57901270
2022-01-13 02:45:00,43641.09000000,43649.84000000,43534.07000000,43587.63000000,239.75860000,2022-01-13 02:59:59.999,10450395.28237650,8104,97.98330000,4270862.27763870
2022-01-13 03:00:00,43587.62000000,43646.87000000,43425.29000000,43437.70000000,316.33275000,2022-01-13 03:14:59.999,13767617.13218300,11765,129.60411000,5639929.24197330
2022-01-13 03:15:00,43437.70000000,43485.29000000,43425.90000000,43433.24000000,354.73008000,2022-01-13 03:29:59.999,15415781.60003020,10475,159.48141000,6931277.47674180
2022-01-13 03:30:00,43432.94000000,43547.49000000,43422.72000000,43539.53000000,234.37950000,2022-01-13 03:44:59.999,10196226.52122550,9747,123.48617000,5371895.64795760
2022-01-13 03:45:00,43539.53000000,43569.60000000,43481.31000000,43509.93000000,232.04227000,2022-01-13 03:59:59.999,10098318.31980870,9716,77.51183000,3373698.55925860
2022-01-13 04:00:00,43505.99000000,43631.06000000,43483.20000000,43618.98000000,339.25932000,2022-01-13 04:14:59.999,14785182.28039870,11790,193.23801000,8422289.72945860
2022-01-13 04:15:00,43618.98000000,43675.93000000,43608.01000000,43661.49000000,245.42606000,2022-01-13 04:29:59.999,10713279.70875580,10682,146.49549000,6394719.92680870
2022-01-13 04:30:00,43661.49000000,43719.99000000,43632.48000000,43718.69000000,135.29012000,2022-01-13 04:44:59.999,5908419.16674290,7357,79.52976000,3473352.62142090
2022-01-13 04:45:00,43718.69000000,43718.69000000,43592.90000000,43623.02000000,129.81854000,2022-01-13 04:59:59.999,5665210.61234790,5593,56.24576000,2454195.56438470
2022-01-13 05:00:00,43623.01000000,43657.00000000,43579.51000000,43592.55000000,156.83778000,2022-01-13 05:14:59.999,6841341.27365050,8174,81.51100000,3555477.30687690
2022-01-13 05:15:00,43592.55000000,43709.86000000,43579.36000000,43709.85000000,142.95660000,2022-01-13 05:29:59.999,6235401.99970340,7586,78.11389000,3407341.44989220
2022-01-13 05:30:00,43709.86000000,43763.57000000,43639.08000000,43647.58000000,123.12106000,2022-01-13 05:44:59.999,5379261.14944870,6199,63.87765000,2790798.54743450
2022-01-13 05:45:00,43647.57000000,43721.14000000,43630.16000000,43662.68000000,148.82224000,2022-01-13 05:59:59.999,6500430.40495180,6410,69.51262000,3036355.51428910
2022-01-13 06:00:00,43662.68000000,43757.69000000,43642.94000000,43711.99000000,335.17629000,2022-01-13 06:14:59.999,14647507.52399850,8312,214.29493000,9364031.70692830
2022-01-13 06:15:00,43711.99000000,43795.44000000,43711.98000000,43740.12000000,226.38535000,2022-01-13 06:29:59.999,9906332.33419380,8499,117.61490000,5146727.51911790
2022-01-13 06:30:00,43740.13000000,43782.41000000,43671.79000000,43717.50000000,290.97626000,2022-01-13 06:44:59.999,12725718.61994630,8911,107.51302000,4702325.66882720
2022-01-13 06:45:00,43717.29000000,43729.30000000,43644.37000000,43708.42000000,220.81744000,2022-01-13 06:59:59.999,9646053.28963290,8296,110.59486000,4830883.14279420
2022-01-13 07:00:00,43708.42000000,43727.84000000,43657.18000000,43701.91000000,165.65086000,2022-01-13 07:14:59.999,7237679.78810130,7445,69.08269000,3018361.85614910
2022-01-13 07:15:00,43701.91000000,43764.98000000,43691.36000000,43703.85000000,217.17198000,2022-01-13 07:29:59.999,9496389.39865510,8107,86.97790000,3803184.77478710
2022-01-13 07:30:00,43703.85000000,43728.67000000,43537.42000000,43603.79000000,265.42922000,2022-01-13 07:44:59.999,11580375.98078080,8493,104.26209000,4549344.04177160
2022-01-13 07:45:00,43603.80000000,43713.22000000,43588.37000000,43699.99000000,188.66507000,2022-01-13 07:59:59.999,8235183.21567110,7214,96.59477000,4216997.79469480
2022-01-13 08:00:00,43699.99000000,43831.98000000,43668.87000000,43830.50000000,299.12567000,2022-01-13 08:14:59.999,13089890.87817330,10980,162.54485000,7113857.49657940
2022-01-13 08:15:00,43830.51000000,43843.34000000,43768.36000000,43812.04000000,211.53667000,2022-01-13 08:29:59.999,9267469.11436200,9736,90.39532000,3960148.61645860
2022-01-13 08:30:00,43812.05000000,43870.34000000,43784.01000000,43833.80000000,302.44444000,2022-01-13 08:44:59.999,13255193.51786550,11675,140.38323000,6153157.72103050
2022-01-13 08:45:00,43833.82000000,43898.33000000,43806.91000000,43896.44000000,247.52735000,2022-01-13 08:59:59.999,10852085.95540880,10781,156.61326000,6866308.69004720
2022-01-13 09:00:00,43896.43000000,43900.50000000,43771.05000000,43795.00000000,220.27615000,2022-01-13 09:14:59.999,9652942.96049470,8953,102.69511000,4499728.93866320
2022-01-13 09:15:00,43795.00000000,43940.01000000,43743.19000000,43887.08000000,290.60453000,2022-01-13 09:29:59.999,12734152.04649960,9314,181.84221000,7969509.71935970
2022-01-13 09:30:00,43887.08000000,43991.78000000,43745.94000000,43773.35000000,328.25583000,2022-01-13 09:44:59.999,14401402.78495870,10282,147.71586000,6482384.52795610
2022-01-13 09:45:00,43773.35000000,43884.20000000,43740.01000000,43883.00000000,183.12227000,2022-01-13 09:59:59.999,8022328.96178060,8351,102.57500000,4493702.63580110
2022-01-13 10:00:00,43883.00000000,44010.69000000,43861.68000000,43972.29000000,279.23921000,2022-01-13 10:14:59.999,12272144.51748010,10430,152.11734000,6685616.73141460
2022-01-13 10:15:00,43972.30000000,44014.51000000,43862.84000000,43879.44000000,273.67543000,2022-01-13 10:29:59.999,12025033.10198130,9219,102.23218000,4492714.43597820
2022-01-13 10:30:00,43879.44000000,43950.00000000,43821.49000000,43854.81000000,226.53105000,2022-01-13 10:44:59.999,9943117.58890250,8459,97.22021000,4267224.37404890
2022-01-13 10:45:00,43854.81000000,43886.24000000,43756.20000000,43780.25000000,319.62751000,2022-01-13 10:59:59.999,14004008.61581850,8293,167.37283000,7332289.80166070
2022-01-13 11:00:00,43780.25000000,43830.68000000,43640.13000000,43657.93000000,368.74791000,2022-01-13 11:14:59.999,16127613.79280800,11366,194.77902000,8521965.19075110
2022-01-13 11:15:00,43657.94000000,43714.54000000,43500.00000000,43631.70000000,531.37122000,2022-01-13 11:29:59.999,23178113.96714190,14394,250.12111000,10910667.12219600
2022-01-13 11:30:00,43631.70000000,43714.13000000,43627.87000000,43697.98000000,277.85412000,2022-01-13 11:44:59.999,12136932.59941110,8926,131.11422000,5727133.32463910
2022-01-13 11:45:00,43697.97000000,43699.00000000,43575.94000000,43602.31000000,247.71449000,2022-01-13 11:59:59.999,10808640.70676920,7855,122.23147000,5333237.94167230
2022-01-13 12:00:00,43603.58000000,43800.00000000,43575.05000000,43776.93000000,241.36317000,2022-01-13 12:14:59.999,10549916.21998800,11046,150.32641000,6569613.69435030
2022-01-13 12:15:00,43776.93000000,43784.11000000,43671.81000000,43779.99000000,174.88087000,2022-01-13 12:29:59.999,7646194.39953890,9304,91.07899000,3982109.69779380
2022-01-13 12:30:00,43780.00000000,43789.00000000,43696.87000000,43749.57000000,202.55128000,2022-01-13 12:44:59.999,8864188.32602650,9926,97.04768000,4246827.60511870
2022-01-13 12:45:00,43749.57000000,43811.00000000,43697.95000000,43803.16000000,150.00188000,2022-01-13 12:59:59.999,6563524.09525040,9331,83.90151000,3671261.96622570
2022-01-13 13:00:00,43803.16000000,43806.72000000,43722.25000000,43752.63000000,140.00382000,2022-01-13 13:14:59.999,6126424.31697540,7262,68.16719000,2982773.01771880
2022-01-13 13:15:00,43752.62000000,43766.37000000,43659.21000000,43692.79000000,243.62527000,2022-01-13 13:29:59.999,10649565.14747620,7664,114.96192000,5026185.13792310
2022-01-13 13:30:00,43692.79000000,43939.00000000,43680.00000000,43810.78000000,384.74468000,2022-01-13 13:44:59.999,16869730.31366090,11069,214.13599000,9388975.62218980
2022-01-13 13:45:00,43810.78000000,43925.78000000,43810.78000000,43924.62000000,255.27803000,2022-01-13 13:59:59.999,11199522.40884040,7538,135.48235000,5943872.78476610
2022-01-13 14:00:00,43924.61000000,44029.96000000,43840.28000000,44000.00000000,1242.16345000,2022-01-13 14:14:59.999,54612935.17541590,18508,712.72561000,31333293.17786670
2022-01-13 14:15:00,44000.01000000,44270.00000000,43960.00000000,44189.52000000,1159.51293000,2022-01-13 14:29:59.999,51184023.02848880,22111,610.64421000,26955701.43697140
2022-01-13 14:30:00,44189.53000000,44500.00000000,44100.00000000,44177.66000000,1827.65930000,2022-01-13 14:44:59.999,80982581.49096590,33642,1112.06848000,49293614.76866370
2022-01-13 14:45:00,44177.65000000,44214.41000000,43967.74000000,44154.52000000,637.54944000,2022-01-13 14:59:59.999,28107033.91702370,15852,275.65715000,12151774.56931300
2022-01-13 15:00:00,44154.52000000,44211.00000000,43737.91000000,43779.90000000,577.35467000,2022-01-13 15:14:59.999,25377829.36107400,16850,224.14071000,9853615.14408210
2022-01-13 15:15:00,43783.80000000,43789.77000000,43126.24000000,43298.17000000,1881.01251000,2022-01-13 15:29:59.999,81669375.26209310,43505,709.26269000,30784057.26455630
2022-01-13 15:30:00,43298.17000000,43298.17000000,43016.50000000,43140.50000000,1268.53664000,2022-01-13 15:44:59.999,54729860.01320180,26744,683.03045000,29468770.35351880
2022-01-13 15:45:00,43140.51000000,43244.95000000,42871.01000000,43200.00000000,1165.64491000,2022-01-13 15:59:59.999,50152546.80143100,26615,555.64321000,23906621.55288000
2022-01-13 16:00:00,43200.01000000,43500.00000000,43070.42000000,43186.50000000,814.86581000,2022-01-13 16:14:59.999,35243065.54577550,20405,410.34670000,17755329.53191970
2022-01-13 16:15:00,43186.49000000,43387.00000000,43127.48000000,43327.05000000,457.64367000,2022-01-13 16:29:59.999,19805401.46508310,12949,202.28321000,8755360.37455020
2022-01-13 16:30:00,43327.04000000,43423.87000000,43250.02000000,43364.25000000,279.31866000,2022-01-13 16:44:59.999,12106929.46914370,10755,150.19749000,6510843.64707470
2022-01-13 16:45:00,43364.25000000,43394.20000000,43218.48000000,43250.89000000,231.16583000,2022-01-13 16:59:59.999,10006863.63527070,9261,110.33773000,4776545.32283500
2022-01-13 17:00:00,43250.92000000,43255.04000000,42888.17000000,42899.75000000,604.18090000,2022-01-13 17:14:59.999,26014134.01986200,13993,287.06562000,12362404.55634690
2022-01-13 17:15:00,42899.74000000,42961.47000000,42565.01000000,42833.43000000,1237.41464000,2022-01-13 17:29:59.999,52882574.47325120,28412,571.78326000,24439082.67264430
2022-01-13 17:30:00,42835.17000000,42947.00000000,42725.37000000,42770.00000000,538.38575000,2022-01-13 17:44:59.999,23062252.05566780,12437,287.87611000,12328679.63666960
2022-01-13 17:45:00,42770.01000000,42859.45000000,42638.42000000,42822.12000000,427.11355000,2022-01-13 17:59:59.999,18259468.49874980,11542,219.25248000,9372480.82692060
2022-01-13 18:00:00,42822.12000000,42934.08000000,42737.81000000,42827.84000000,323.55514000,2022-01-13 18:14:59.999,13865875.29310740,10188,180.90869000,7752994.74274780
2022-01-13 18:15:00,42827.84000000,42962.96000000,42821.44000000,42903.55000000,229.49973000,2022-01-13 18:29:59.999,9847453.67347490,8515,117.03886000,5021412.02936410
2022-01-13 18:30:00,42903.55000000,42919.83000000,42701.14000000,42753.94000000,210.65512000,2022-01-13 18:44:59.999,9019595.89099790,8156,79.52282000,3405077.28481740
2022-01-13 18:45:00,42755.14000000,42846.00000000,42628.38000000,42709.29000000,276.89188000,2022-01-13 18:59:59.999,11832409.03407650,8386,140.98494000,6024699.28332250
2022-01-13 19:00:00,42709.29000000,42883.42000000,42669.73000000,42839.40000000,362.09894000,2022-01-13 19:14:59.999,15494427.45493650,10080,179.86094000,7695199.82338540
2022-01-13 19:15:00,42839.40000000,42896.81000000,42600.00000000,42708.15000000,308.56917000,2022-01-13 19:29:59.999,13171899.73118790,9524,148.47197000,6338346.03860160
2022-01-13 19:30:00,42708.15000000,42725.32000000,42542.04000000,42652.86000000,377.55516000,2022-01-13 19:44:59.999,16090298.21030450,11590,183.46817000,7819534.48251280
2022-01-13 19:45:00,42652.86000000,42742.68000000,42535.00000000,42700.67000000,266.75086000,2022-01-13 19:59:59.999,11373533.47579770,9256,138.70168000,5914462.69270630
2022-01-13 20:00:00,42700.67000000,42700.68000000,42311.22000000,42424.98000000,1084.96215000,2022-01-13 20:14:59.999,46051959.49928640,20997,560.67879000,23798262.16277420
2022-01-13 20:15:00,42424.98000000,42600.00000000,42412.67000000,42594.59000000,291.28116000,2022-01-13 20:29:59.999,12383716.40317880,9653,168.55252000,7166114.62413200
2022-01-13 20:30:00,42599.63000000,42660.92000000,42500.19000000,42626.26000000,212.39469000,2022-01-13 20:44:59.999,9044715.36267340,7263,106.07502000,4517342.22164140
2022-01-13 20:45:00,42626.27000000,42796.18000000,42529.45000000,42796.18000000,330.07760000,2022-01-13 20:59:59.999,14074875.18194810,7896,160.81782000,6859325.91802970
2022-01-13 21:00:00,42796.18000000,42804.17000000,42664.14000000,42743.54000000,298.67664000,2022-01-13 21:14:59.999,12767783.10943300,8535,135.61179000,5797807.46835720
2022-01-13 21:15:00,42743.54000000,42870.00000000,42717.57000000,42718.85000000,236.26590000,2022-01-13 21:29:59.999,10110565.32355760,7871,119.78807000,5126143.18797230
2022-01-13 21:30:00,42718.84000000,42817.08000000,42718.84000000,42810.00000000,138.71121000,2022-01-13 21:44:59.999,5933136.39731560,5439,65.22450000,2789834.88052580
2022-01-13 21:45:00,42810.01000000,42879.76000000,42770.56000000,42810.99000000,198.08083000,2022-01-13 21:59:59.999,8484442.76923400,6373,84.55645000,3621614.28893980
2022-01-13 22:00:00,42810.99000000,42888.18000000,42750.00000000,42758.06000000,175.11129000,2022-01-13 22:14:59.999,7498836.02977660,6488,77.36284000,3312642.96543880
2022-01-13 22:15:00,42758.06000000,42839.20000000,42735.99000000,42804.83000000,151.11684000,2022-01-13 22:29:59.999,6467110.92916160,5849,70.91523000,3034912.14557490
2022-01-13 22:30:00,42804.83000000,42819.35000000,42466.64000000,42616.19000000,268.27461000,2022-01-13 22:44:59.999,11433265.79770240,10055,115.96101000,4940640.75760140
2022-01-13 22:45:00,42616.19000000,42640.18000000,42490.10000000,42594.37000000,175.75872000,2022-01-13 22:59:59.999,7484131.31775580,8035,89.88024000,3827239.05295620
2022-01-13 23:00:00,42597.02000000,42707.12000000,42527.11000000,42661.63000000,188.16430000,2022-01-13 23:14:59.999,8024209.97614900,7310,85.78273000,3658454.15699290
2022-01-13 23:15:00,42661.63000000,42682.53000000,42526.53000000,42639.27000000,276.75283000,2022-01-13 23:29:59.999,11794041.57422090,8853,110.27367000,4700687.75749460
2022-01-13 23:30:00,42638.63000000,42771.94000000,42600.00000000,42670.68000000,245.18046000,2022-01-13 23:44:59.999,10462087.05255390,7413,127.32576000,5435183.67110160
2022-01-13 23:45:00,42670.69000000,42671.33000000,42500.00000000,42560.11000000,223.42546000,2022-01-13 23:59:59.999,9515274.29216150,8007,84.17348000,3585313.48622140
2022-01-14 00:00:00,42558.35000000,42679.18000000,42362.91000000,42659.77000000,410.20687000,2022-01-14 00:14:59.999,17431733.02042460,12363,216.57550000,9202745.51533230
2022-01-14 00:15:00,42659.77000000,42748.24000000,42483.88000000,42510.29000000,338.71925000,2022-01-14 00:29:59.999,14447739.53671770,9835,184.23978000,7858229.88568830
2022-01-14 00:30:00,42510.29000000,42765.85000000,42505.57000000,42753.57000000,203.33480000,2022-01-14 00:44:59.999,8672931.36311330,8302,113.35097000,4834433.03069190
2022-01-14 00:45:00,42753.57000000,42784.00000000,42649.11000000,42750.66000000,208.17721000,2022-01-14 00:59:59.999,8895089.68187290,6754,97.41064000,4162242.97326890
2022-01-14 01:00:00,42750.66000000,42777.17000000,42676.58000000,42678.16000000,257.99848000,2022-01-14 01:14:59.999,11022652.23879410,7759,130.94928000,5594084.33860540
2022-01-14 01:15:00,42678.15000000,42719.93000000,42617.56000000,42617.57000000,254.60286000,2022-01-14 01:29:59.999,10862490.17193230,7851,107.64775000,4592808.26767840
2022-01-14 01:30:00,42617.57000000,42677.48000000,42545.66000000,42553.38000000,358.93409000,2022-01-14 01:44:59.999,15297804.81463920,7705,179.60074000,7655110.29009940
2022-01-14 01:45:00,42553.38000000,42640.00000000,42541.81000000,42581.12000000,266.54576000,2022-01-14 01:59:59.999,11353642.24977570,8067,146.50233000,6240718.50343520
2022-01-14 02:00:00,42581.12000000,42596.13000000,42464.76000000,42476.51000000,464.21519000,2022-01-14 02:14:59.999,19744173.86141010,9961,190.92054000,8120149.08313240
2022-01-14 02:15:00,42476.50000000,42623.35000000,42425.03000000,42622.38000000,260.36963000,2022-01-14 02:29:59.999,11068017.11703740,7789,142.72674000,6067132.79530760
2022-01-14 02:30:00,42622.38000000,42718.77000000,42525.22000000,42691.80000000,264.44745000,2022-01-14 02:44:59.999,11277419.76692550,6859,155.13393000,6617478.53911810
2022-01-14 02:45:00,42691.80000000,42728.08000000,42663.07000000,42713.89000000,147.22758000,2022-01-14 02:59:59.999,6286133.95311430,5388,70.07061000,2991940.56651580
2022-01-14 03:00:00,42713.89000000,42738.47000000,42585.70000000,42613.96000000,492.40214000,2022-01-14 03:14:59.999,20999453.71769700,8139,177.01056000,7547043.55867690
2022-01-14 03:15:00,42613.96000000,42646.21000000,42572.02000000,42646.20000000,223.88807000,2022-01-14 03:29:59.999,9540207.15529170,7199,113.04702000,4817014.46721890
2022-01-14 03:30:00,42646.21000000,42730.33000000,42633.94000000,42645.28000000,158.50374000,2022-01-14 03:44:59.999,6765711.20425850,6220,82.04431000,3502188.51222100
2022-01-14 03:45:00,42645.29000000,42730.00000000,42623.87000000,42623.87000000,225.34867000,2022-01-14 03:59:59.999,9618816.84652060,7209,98.20278000,4191641.10407740
2022-01-14 04:00:00,42623.87000000,42798.75000000,42610.02000000,42753.69000000,205.04903000,2022-01-14 04:14:59.999,8753321.81256520,6963,114.96292000,4907808.07575560
2022-01-14 04:15:00,42753.68000000,42880.00000000,42732.00000000,42756.28000000,291.97962000,2022-01-14 04:29:59.999,12494824.79459470,7612,153.86752000,6585395.47675010
2022-01-14 04:30:00,42756.28000000,42780.00000000,42690.35000000,42761.01000000,243.74585000,2022-01-14 04:44:59.999,10414345.01300550,7103,151.73274000,6482921.11709670
2022-01-14 04:45:00,42761.01000000,42788.12000000,42665.45000000,42680.28000000,196.58967000,2022-01-14 04:59:59.999,8401127.02095160,6651,112.87129000,4823683.11414210
2022-01-14 05:00:00,42679.00000000,42762.99000000,42640.01000000,42735.40000000,251.83435000,2022-01-14 05:14:59.999,10751050.73487610,7340,169.20473000,7223133.66580510
2022-01-14 05:15:00,42735.40000000,42843.65000000,42718.90000000,42785.01000000,233.56061000,2022-01-14 05:29:59.999,9992867.75963340,7199,138.56907000,5928286.54703980
2022-01-14 05:30:00,42785.00000000,42837.09000000,42730.35000000,42768.94000000,104.89097000,2022-01-14 05:44:59.999,4487454.62860140,5521,53.33460000,2281774.70731000
2022-01-14 05:45:00,42768.95000000,42905.15000000,42754.66000000,42894.92000000,281.04133000,2022-01-14 05:59:59.999,12037496.45159330,7955,118.77363000,5088367.90796690
2022-01-14 06:00:00,42895.00000000,42912.69000000,42781.43000000,42841.67000000,205.69597000,2022-01-14 06:14:59.999,8812022.12381490,6970,97.14892000,4162031.60010290
2022-01-14 06:15:00,42841.14000000,42978.10000000,42834.88000000,42893.56000000,404.15127000,2022-01-14 06:29:59.999,17341524.52697660,12269,233.88940000,10036154.53406460
2022-01-14 06:30:00,42893.56000000,42955.21000000,42808.84000000,42833.94000000,207.11216000,2022-01-14 06:44:59.999,8877901.65898490,7867,107.60863000,4612472.18617540
2022-01-14 06:45:00,42833.94000000,42849.19000000,42776.73000000,42810.22000000,144.05237000,2022-01-14 06:59:59.999,6167327.43839180,6091,70.21675000,3006189.99508660
2022-01-14 07:00:00,42810.22000000,42886.58000000,42763.62000000,42822.01000000,160.36303000,2022-01-14 07:14:59.999,6868052.49952360,6644,70.82552000,3033164.91943570
2022-01-14 07:15:00,42822.00000000,42875.00000000,42808.58000000,42860.19000000,123.77944000,2022-01-14 07:29:59.999,5303712.01552380,5439,61.11680000,2618627.11854990
2022-01-14 07:30:00,42860.18000000,42875.00000000,42650.00000000,42678.81000000,542.51036000,2022-01-14 07:44:59.999,23180105.05755320,12135,164.99900000,7049626.45114770
2022-01-14 07:45:00,42678.81000000,42715.26000000,42599.99000000,42660.01000000,419.47270000,2022-01-14 07:59:59.999,17894519.66686500,8747,146.08492000,6231487.85530260
2022-01-14 08:00:00,42660.00000000,42678.82000000,42357.28000000,42450.02000000,724.80323000,2022-01-14 08:14:59.999,30807168.66429480,17817,283.73489000,12062888.79316640
2022-01-14 08:15:00,42450.03000000,42536.14000000,42350.00000000,42477.83000000,274.27133000,2022-01-14 08:29:59.999,11643990.07464370,10082,130.83113000,5554353.07298580
2022-01-14 08:30:00,42477.83000000,42495.60000000,42367.13000000,42456.90000000,297.40164000,2022-01-14 08:44:59.999,12620855.62512410,8384,138.86269000,5893099.08304460
2022-01-14 08:45:00,42456.90000000,42532.15000000,42244.37000000,42519.99000000,548.97457000,2022-01-14 08:59:59.999,23287893.16110210,12455,192.76531000,8179013.95947570
2022-01-14 09:00:00,42519.99000000,42641.37000000,42470.11000000,42580.00000000,213.69599000,2022-01-14 09:14:59.999,9097636.16602030,7767,108.63280000,4624471.72418270
2022-01-14 09:15:00,42580.01000000,42627.17000000,42450.20000000,42518.49000000,276.27798000,2022-01-14 09:29:59.999,11753857.75378890,8585,101.69593000,4326843.16574760
2022-01-14 09:30:00,42518.49000000,42660.73000000,42498.83000000,42593.03000000,308.20063000,2022-01-14 09:44:59.999,13130573.83628280,8367,182.31933000,7768139.23729730
2022-01-14 09:45:00,42593.05000000,42688.84000000,42533.78000000,42548.53000000,215.36283000,2022-01-14 09:59:59.999,9174626.20712980,7193,100.90093000,4298179.51217000
2022-01-14 10:00:00,42548.52000000,42611.63000000,42500.39000000,42584.79000000,184.78641000,2022-01-14 10:14:59.999,7864009.47401680,8491,86.79241000,3693652.88634410
2022-01-14 10:15:00,42584.78000000,42584.79000000,42389.79000000,42406.01000000,309.50633000,2022-01-14 10:29:59.999,13141537.43527970,10554,115.60851000,4907540.19020860
2022-01-14 10:30:00,42406.01000000,42576.22000000,42372.72000000,42497.13000000,272.67364000,2022-01-14 10:44:59.999,11582309.66802630,10668,128.67870000,5464982.66509460
2022-01-14 10:45:00,42497.13000000,42530.37000000,41916.73000000,42075.29000000,1351.02716000,2022-01-14 10:59:59.999,56924984.76828590,31649,557.27874000,23484497.76772600
2022-01-14 11:00:00,42075.29000000,42075.71000000,41890.49000000,41982.51000000,905.96246000,2022-01-14 11:14:59.999,38026233.69114670,21986,393.93751000,16536651.27807970
2022-01-14 11:15:00,41982.51000000,42040.89000000,41872.71000000,41897.14000000,544.69555000,2022-01-14 11:29:59.999,22838490.94028800,13909,208.51132000,8744980.83383730
2022-01-14 11:30:00,41897.14000000,41992.61000000,41843.56000000,41873.89000000,439.25824000,2022-01-14 11:44:59.999,18407165.70505680,13996,233.12309000,9769400.51016540
2022-01-14 11:45:00,41873.88000000,42042.62000000,41826.82000000,42012.94000000,761.43489000,2022-01-14 11:59:59.999,31960737.89175600,14077,281.10614000,11795260.32074590
2022-01-14 12:00:00,42012.94000000,42083.87000000,41725.95000000,41937.86000000,645.14250000,2022-01-14 12:14:59.999,27025018.59122830,14732,308.27403000,12913726.46254450
2022-01-14 12:15:00,41937.87000000,42160.79000000,41937.86000000,42016.43000000,431.65646000,2022-01-14 12:29:59.999,18157399.79129090,11728,234.51983000,9864752.35936100
2022-01-14 12:30:00,42016.43000000,42169.49000000,42008.26000000,42110.17000000,456.23511000,2022-01-14 12:44:59.999,19213808.56448980,11298,212.85804000,8964279.95065340
2022-01-14 12:45:00,42110.18000000,42250.00000000,42038.83000000,42057.26000000,490.34333000,2022-01-14 12:59:59.999,20679243.98276650,11193,238.56781000,10062284.85519720
2022-01-14 13:00:00,42057.26000000,42270.07000000,42027.02000000,42241.53000000,301.77539000,2022-01-14 13:14:59.999,12723402.76038450,9891,159.90706000,6741006.38850770
2022-01-14 13:15:00,42241.54000000,42306.55000000,42181.00000000,42230.00000000,308.97814000,2022-01-14 13:29:59.999,13055783.25778160,10100,127.98770000,5408742.92279150
2022-01-14 13:30:00,42230.01000000,42321.23000000,42168.38000000,42260.48000000,413.55325000,2022-01-14 13:44:59.999,17469701.41641230,10054,153.73370000,6493906.67305900
2022-01-14 13:45:00,42260.48000000,42318.99000000,42112.00000000,42165.00000000,318.75641000,2022-01-14 13:59:59.999,13444148.80314760,9957,154.12522000,6500316.80973370
2022-01-14 14:00:00,42165.01000000,42390.00000000,42117.81000000,42354.00000000,478.65200000,2022-01-14 14:14:59.999,20246511.01755530,11807,260.31674000,11012666.88591500
2022-01-14 14:15:00,42354.01000000,42384.99000000,42224.22000000,42286.17000000,272.90065000,2022-01-14 14:29:59.999,11546794.41910130,8969,130.49469000,5521220.90539810
2022-01-14 14:30:00,42286.17000000,42558.67000000,42151.03000000,42504.00000000,838.46362000,2022-01-14 14:44:59.999,35580300.98207610,16605,355.87466000,15100232.67075190
2022-01-14 14:45:00,42504.00000000,43098.88000000,42466.55000000,42975.88000000,1423.07832000,2022-01-14 14:59:59.999,60977071.76265340,31362,794.48315000,34038741.71765410
2022-01-14 15:00:00,42975.89000000,43222.00000000,42772.92000000,43059.18000000,938.24711000,2022-01-14 15:14:59.999,40383185.47345100,24486,439.85855000,18936359.84449190
2022-01-14 15:15:00,43059.19000000,43347.42000000,43055.38000000,43122.52000000,814.58953000,2022-01-14 15:29:59.999,35191956.71292220,19680,390.70301000,16881100.93458760
2022-01-14 15:30:00,43122.51000000,43145.53000000,42924.36000000,42942.40000000,453.39885000,2022-01-14 15:44:59.999,19506864.92891120,13039,203.08441000,8738063.48850080
2022-01-14 15:45:00,42942.41000000,43131.37000000,42932.71000000,43109.00000000,411.63130000,2022-01-14 15:59:59.999,17716862.77135460,11585,199.61723000,8591495.68200150
2022-01-14 16:00:00,43109.00000000,43170.00000000,42865.42000000,42941.19000000,409.68450000,2022-01-14 16:14:59.999,17621189.98958730,13791,193.34107000,8314732.28186830
2022-01-14 16:15:00,42941.20000000,43071.38000000,42863.00000000,42977.21000000,271.62941000,2022-01-14 16:29:59.999,11672049.52888900,9777,101.11638000,4345035.87103570
2022-01-14 16:30:00,42978.17000000,43239.89000000,42924.20000000,43124.06000000,577.00688000,2022-01-14 16:44:59.999,24884899.52925280,12410,333.44124000,14378311.60590230
2022-01-14 16:45:00,43126.83000000,43221.62000000,43124.07000000,43201.06000000,291.09453000,2022-01-14 16:59:59.999,12571796.53521540,9190,139.09650000,6007589.53858490
2022-01-14 17:00:00,43201.06000000,43270.96000000,43079.06000000,43100.82000000,291.52164000,2022-01-14 17:14:59.999,12580181.67456980,9321,124.98442000,5393462.60109470
2022-01-14 17:15:00,43100.83000000,43140.88000000,43005.94000000,43059.16000000,221.29034000,2022-01-14 17:29:59.999,9530169.85835790,8858,109.84926000,4730292.24717560
2022-01-14 17:30:00,43059.16000000,43084.32000000,42913.97000000,42933.88000000,247.18129000,2022-01-14 17:44:59.999,10628142.12145490,8735,110.91890000,4768849.80646420
2022-01-14 17:45:00,42933.87000000,42971.93000000,42867.14000000,42913.26000000,332.30549000,2022-01-14 17:59:59.999,14264416.02692420,8777,139.91314000,6005807.56105740
2022-01-14 18:00:00,42913.26000000,42989.20000000,42822.09000000,42913.02000000,211.27982000,2022-01-14 18:14:59.999,9063581.13049300,8471,94.82976000,4068381.98726980
2022-01-14 18:15:00,42913.02000000,42915.55000000,42777.00000000,42862.13000000,307.41930000,2022-01-14 18:29:59.999,13164955.41019770,7869,156.70842000,6710443.26532640
2022-01-14 18:30:00,42862.14000000,42992.67000000,42788.68000000,42974.41000000,234.95602000,2022-01-14 18:44:59.999,10079598.54954520,7651,113.60596000,4873009.16589840
2022-01-14 18:45:00,42974.41000000,43114.71000000,42924.07000000,43050.04000000,223.81257000,2022-01-14 18:59:59.999,9629622.27275500,8190,115.47661000,4968326.38471490
2022-01-14 19:00:00,43050.04000000,43181.21000000,43004.16000000,43153.74000000,219.62087000,2022-01-14 19:14:59.999,9462302.63111900,7584,104.73129000,4511947.82292880
2022-01-14 19:15:00,43153.75000000,43186.64000000,43076.47000000,43097.66000000,182.14947000,2022-01-14 19:29:59.999,7855175.14139130,7803,92.85834000,4004520.21237260
2022-01-14 19:30:00,43095.24000000,43408.00000000,43077.46000000,43163.80000000,429.42299000,2022-01-14 19:44:59.999,18584166.14962810,13622,239.41993000,10361995.20940810
2022-01-14 19:45:00,43163.79000000,43201.00000000,43077.93000000,43077.93000000,181.24247000,2022-01-14 19:59:59.999,7819825.88299190,7101,93.55249000,4036752.58319010
2022-01-14 20:00:00,43077.93000000,43189.86000000,43055.66000000,43055.66000000,137.83472000,2022-01-14 20:14:59.999,5943614.27208470,7073,71.48763000,3082668.32737050
2022-01-14 20:15:00,43055.67000000,43140.14000000,43020.00000000,43051.01000000,126.98878000,2022-01-14 20:29:59.999,5471787.19196080,6286,63.10010000,2719044.31413210
2022-01-14 20:30:00,43051.00000000,43124.97000000,43000.00000000,43100.00000000,188.56580000,2022-01-14 20:44:59.999,8119377.48746120,7708,102.62682000,4419328.08452510
2022-01-14 20:45:00,43100.00000000,43135.39000000,43024.93000000,43100.94000000,171.17758000,2022-01-14 20:59:59.999,7376179.53039470,6855,89.34656000,3849908.09777200
2022-01-14 21:00:00,43100.94000000,43292.80000000,43096.68000000,43245.02000000,218.40161000,2022-01-14 21:14:59.999,9436689.61111410,7713,133.29796000,5759544.19586640
2022-01-14 21:15:00,43245.01000000,43254.00000000,43142.90000000,43181.53000000,166.95977000,2022-01-14 21:29:59.999,7213906.23550430,6619,53.62414000,2316653.71702790
2022-01-14 21:30:00,43181.53000000,43328.85000000,43181.53000000,43275.05000000,183.29548000,2022-01-14 21:44:59.999,7931151.73843000,7974,92.59902000,4006634.03313280
2022-01-14 21:45:00,43275.05000000,43448.78000000,43219.01000000,43293.89000000,262.96370000,2022-01-14 21:59:59.999,11393968.05592590,9524,132.29855000,5733136.86640700
2022-01-14 22:00:00,43296.29000000,43333.33000000,43191.62000000,43287.71000000,338.62210000,2022-01-14 22:14:59.999,14651203.60097460,9454,155.91829000,6745844.78886080
2022-01-14 22:15:00,43287.71000000,43352.75000000,43179.86000000,43205.20000000,136.93655000,2022-01-14 22:29:59.999,5921622.55872950,6464,60.04693000,2597429.48095140
2022-01-14 22:30:00,43205.19000000,43296.79000000,43170.59000000,43240.36000000,88.54342000,2022-01-14 22:44:59.999,3826547.31366240,5553,45.15783000,1951335.71143280
2022-01-14 22:45:00,43240.36000000,43393.75000000,43233.98000000,43250.56000000,150.68634000,2022-01-14 22:59:59.999,6526775.29171480,6543,74.00355000,3205265.41471090
2022-01-14 23:00:00,43250.56000000,43286.70000000,43179.60000000,43230.19000000,144.88862000,2022-01-14 23:14:59.999,6263668.85621610,6750,71.60983000,3095718.32431210
2022-01-14 23:15:00,43230.18000000,43263.09000000,43025.12000000,43075.44000000,265.24367000,2022-01-14 23:29:59.999,11435409.43069570,8665,125.64565000,5415844.35708810
2022-01-14 23:30:00,43075.44000000,43098.15000000,43025.00000000,43025.00000000,134.53778000,2022-01-14 23:44:59.999,5792126.99189180,6066,68.84047000,2963728.62720090
2022-01-14 23:45:00,43025.01000000,43076.29000000,43003.00000000,43059.96000000,117.13404000,2022-01-14 23:59:59.999,5042546.55028510,6169,50.91723000,2191903.50394430
2022-01-15 00:00:00,43059.96000000,43174.00000000,42907.00000000,43001.37000000,267.30142000,2022-01-15 00:14:59.999,11505052.61562100,10422,129.11996000,5558026.07789510
2022-01-15 00:15:00,43001.37000000,43085.88000000,42975.10000000,43055.76000000,188.30584000,2022-01-15 00:29:59.999,8101915.58307050,6746,88.97189000,3827773.92212650
2022-01-15 00:30:00,43055.77000000,43099.99000000,42942.53000000,42986.89000000,186.13646000,2022-01-15 00:44:59.999,8005690.42702950,6781,91.37447000,3929902.92103640
2022-01-15 00:45:00,42986.88000000,43138.92000000,42983.93000000,43100.01000000,134.42349000,2022-01-15 00:59:59.999,5786604.42091040,6398,80.61026000,3469993.83661720
2022-01-15 01:00:00,43100.00000000,43150.00000000,43051.45000000,43113.17000000,94.30592000,2022-01-15 01:14:59.999,4064717.96563750,5546,46.36569000,1998509.25418650
2022-01-15 01:15:00,43113.16000000,43118.63000000,43026.39000000,43051.45000000,151.58799000,2022-01-15 01:29:59.999,6528070.97874260,5933,66.89261000,2880736.38001820
2022-01-15 01:30:00,43051.47000000,43063.78000000,42864.49000000,42898.10000000,256.90054000,2022-01-15 01:44:59.999,11039090.31747710,8497,108.09505000,4643687.69528470
2022-01-15 01:45:00,42898.09000000,42984.35000000,42898.09000000,42967.80000000,209.40564000,2022-01-15 01:59:59.999,8992741.67810770,6867,102.08100000,4383641.04858850
2022-01-15 02:00:00,42967.80000000,43002.56000000,42910.36000000,42968.10000000,234.53873000,2022-01-15 02:14:59.999,10075808.32804190,6651,78.46187000,3370742.82600840
2022-01-15 02:15:00,42968.10000000,43036.90000000,42968.09000000,43001.01000000,208.90135000,2022-01-15 02:29:59.999,8983175.72007470,7680,103.60605000,4455115.69775740
2022-01-15 02:30:00,43001.01000000,43062.35000000,42996.23000000,43040.24000000,119.08973000,2022-01-15 02:44:59.999,5125589.81071590,5648,68.08889000,2930426.79231770
2022-01-15 02:45:00,43040.23000000,43090.00000000,43000.75000000,43090.00000000,97.16844000,2022-01-15 02:59:59.999,4181349.53259390,4963,49.10707000,2113237.40298130
2022-01-15 03:00:00,43089.99000000,43107.94000000,43040.86000000,43043.92000000,117.97319000,2022-01-15 03:14:59.999,5083061.72244910,5379,63.31791000,2728216.95049490
2022-01-15 03:15:00,43040.86000000,43113.91000000,43005.78000000,43098.95000000,187.30132000,2022-01-15 03:29:59.999,8062846.20309600,6372,92.40804000,3978257.86181420
2022-01-15 03:30:00,43098.96000000,43121.05000000,42981.12000000,43050.00000000,230.15694000,2022-01-15 03:44:59.999,9907578.59058350,6903,96.11605000,4137457.67231300
2022-01-15 03:45:00,43050.01000000,43066.60000000,42905.07000000,42927.96000000,289.69746000,2022-01-15 03:59:59.999,12447715.41141150,7517,137.39954000,5903353.24764520
2022-01-15 04:00:00,42927.95000000,42961.46000000,42869.55000000,42943.94000000,237.96591000,2022-01-15 04:14:59.999,10212259.61458490,7161,115.71727000,4965756.55930590
2022-01-15 04:15:00,42943.95000000,42947.73000000,42712.94000000,42823.93000000,362.57380000,2022-01-15 04:29:59.999,15526801.34376910,10760,149.13457000,6385750.30424290
2022-01-15 04:30:00,42823.93000000,42895.83000000,42742.93000000,42833.35000000,249.64114000,2022-01-15 04:44:59.999,10689421.32770840,7631,106.29254000,4550949.15724610
2022-01-15 04:45:00,42833.36000000,42946.59000000,42833.35000000,42907.71000000,173.11033000,2022-01-15 04:59:59.999,7425772.37535970,5751,77.76041000,3335556.62859120
2022-01-15 05:00:00,42907.72000000,42943.66000000,42850.05000000,42867.82000000,184.40037000,2022-01-15 05:14:59.999,7911172.94176750,6857,96.98053000,4160700.92466160
2022-01-15 05:15:00,42867.82000000,42969.66000000,42820.68000000,42950.52000000,173.70743000,2022-01-15 05:29:59.999,7450311.13149290,6080,79.05050000,3390827.89781310
2022-01-15 05:30:00,42950.52000000,43000.00000000,42930.70000000,42967.06000000,103.09147000,2022-01-15 05:44:59.999,4429732.79218760,5834,47.95758000,2060663.62151150
2022-01-15 05:45:00,42967.07000000,43050.00000000,42944.57000000,42985.96000000,129.16072000,2022-01-15 05:59:59.999,5554257.07037030,5709,63.55744000,2733149.58728230
2022-01-15 06:00:00,42985.97000000,43011.95000000,42873.53000000,42912.37000000,235.00138000,2022-01-15 06:14:59.999,10090193.33917620,5807,118.13920000,5071199.11814120
2022-01-15 06:15:00,42912.37000000,43042.99000000,42900.10000000,42979.14000000,161.75224000,2022-01-15 06:29:59.999,6953000.15384630,6118,76.57140000,3291165.14939660
2022-01-15 06:30:00,42979.14000000,42994.90000000,42902.59000000,42980.01000000,118.79481000,2022-01-15 06:44:59.999,5101257.22567080,5519,57.27781000,2459622.38892690
2022-01-15 06:45:00,42980.02000000,43099.81000000,42972.56000000,43068.40000000,199.32335000,2022-01-15 06:59:59.999,8579809.95846340,6493,115.17919000,4957814.09266140
2022-01-15 07:00:00,43068.40000000,43081.05000000,42988.30000000,42994.17000000,144.86970000,2022-01-15 07:14:59.999,6234457.62614450,7988,70.46717000,3032545.71447400
2022-01-15 07:15:00,42994.18000000,43055.00000000,42957.16000000,42970.81000000,150.49366000,2022-01-15 07:29:59.999,6471340.14979620,6496,64.72928000,2783504.37222890
2022-01-15 07:30:00,42970.81000000,43009.98000000,42969.64000000,42979.23000000,106.59987000,2022-01-15 07:44:59.999,4582685.56793550,5187,58.94680000,2534074.23257770
2022-01-15 07:45:00,42979.23000000,43093.17000000,42928.78000000,43088.12000000,130.29170000,2022-01-15 07:59:59.999,5600989.49386140,6279,71.66477000,3080767.73846370
2022-01-15 08:00:00,43088.12000000,43117.18000000,43012.72000000,43084.25000000,209.87012000,2022-01-15 08:14:59.999,9040910.78968390,7160,102.75411000,4426548.36120030
2022-01-15 08:15:00,43084.24000000,43098.06000000,43005.47000000,43033.59000000,103.79024000,2022-01-15 08:29:59.999,4466992.67154430,5064,45.73819000,1968429.22470740
2022-01-15 08:30:00,43033.59000000,43057.14000000,43005.38000000,43029.99000000,104.65643000,2022-01-15 08:44:59.999,4502531.34236870,5213,56.61546000,2435700.83109820
2022-01-15 08:45:00,43029.99000000,43090.00000000,42956.00000000,42983.95000000,273.26118000,2022-01-15 08:59:59.999,11752067.27497540,6464,61.81452000,2658825.82798180
2022-01-15 09:00:00,42983.94000000,43041.49000000,42964.14000000,42981.00000000,134.79882000,2022-01-15 09:14:59.999,5796552.21721820,5812,74.93364000,3222225.17806060
2022-01-15 09:15:00,42981.00000000,43027.12000000,42893.88000000,42915.97000000,145.22657000,2022-01-15 09:29:59.999,6237487.01855500,6761,63.91406000,2745225.62819310
2022-01-15 09:30:00,42915.97000000,42958.07000000,42884.01000000,42888.74000000,113.66607000,2022-01-15 09:44:59.999,4878389.89977310,6204,45.96038000,1972617.28267250
2022-01-15 09:45:00,42888.74000000,43088.99000000,42888.30000000,43061.70000000,206.27820000,2022-01-15 09:59:59.999,8864701.18420690,7135,102.85103000,4420155.71394950
2022-01-15 10:00:00,43061.70000000,43213.61000000,43002.02000000,43205.17000000,270.39900000,2022-01-15 10:14:59.999,11662219.54369150,9209,163.66350000,7058857.45344850
2022-01-15 10:15:00,43205.17000000,43283.83000000,43122.10000000,43196.52000000,298.13233000,2022-01-15 10:29:59.999,12884541.88973600,8893,150.03170000,6484090.62235110
2022-01-15 10:30:00,43196.53000000,43199.52000000,43100.00000000,43131.86000000,121.39097000,2022-01-15 10:44:59.999,5237531.29720530,6006,52.23603000,2253773.25809460
2022-01-15 10:45:00,43131.86000000,43159.43000000,43091.72000000,43096.75000000,115.16647000,2022-01-15 10:59:59.999,4966886.48013980,5937,50.29464000,2169028.74896830
2022-01-15 11:00:00,43096.75000000,43099.29000000,43017.06000000,43056.71000000,146.88330000,2022-01-15 11:14:59.999,6323156.54877930,6433,59.95393000,2580873.99384750
2022-01-15 11:15:00,43057.72000000,43090.01000000,43018.84000000,43068.70000000,116.07844000,2022-01-15 11:29:59.999,4997484.43304240,5732,70.13252000,3019169.75303300
2022-01-15 11:30:00,43068.70000000,43068.71000000,43008.87000000,43048.37000000,102.33665000,2022-01-15 11:44:59.999,4403623.47176190,6011,48.36136000,2081065.41884100
2022-01-15 11:45:00,43048.37000000,43108.65000000,42958.67000000,43017.59000000,137.77983000,2022-01-15 11:59:59.999,5927098.98256760,6964,64.15256000,2759610.89743280
2022-01-15 12:00:00,43017.59000000,43039.72000000,42929.29000000,42992.13000000,218.60696000,2022-01-15 12:14:59.999,9395411.95992860,8459,106.11141000,4560441.00434970
2022-01-15 12:15:00,42992.13000000,43029.11000000,42907.48000000,42944.57000000,238.28767000,2022-01-15 12:29:59.999,10242592.32077600,8217,118.99066000,5115176.13849770
2022-01-15 12:30:00,42944.58000000,42950.00000000,42630.01000000,42705.94000000,565.78636000,2022-01-15 12:44:59.999,24209364.68376500,15911,254.81575000,10902982.60581530
2022-01-15 12:45:00,42705.94000000,42720.99000000,42555.00000000,42715.56000000,418.78390000,2022-01-15 12:59:59.999,17853130.16730210,13450,201.70182000,8599946.95020960
2022-01-15 13:00:00,42715.57000000,42807.00000000,42641.01000000,42798.13000000,233.54031000,2022-01-15 13:14:59.999,9976247.68159700,9314,134.43300000,5743621.83857380
2022-01-15 13:15:00,42798.13000000,42893.58000000,42727.26000000,42873.41000000,181.16297000,2022-01-15 13:29:59.999,7755204.26339990,7661,106.13114000,4543456.03235400
2022-01-15 13:30:00,42873.41000000,42950.00000000,42852.00000000,42889.99000000,211.45697000,2022-01-15 13:44:59.999,9072353.94533030,7443,96.34734000,4133534.97632730
2022-01-15 13:45:00,42889.99000000,42973.28000000,42860.00000000,42906.51000000,220.28448000,2022-01-15 13:59:59.999,9451764.07889770,8942,109.64114000,4704591.82069960
2022-01-15 14:00:00,42906.51000000,42949.79000000,42850.35000000,42878.22000000,271.09732000,2022-01-15 14:14:59.999,11630821.08516960,10727,132.76266000,5695840.64528110
2022-01-15 14:15:00,42878.21000000,42946.34000000,42735.16000000,42942.60000000,268.37324000,2022-01-15 14:29:59.999,11495376.83259870,9441,138.03179000,5914383.85568690
2022-01-15 14:30:00,42942.61000000,43246.25000000,42878.53000000,43190.91000000,571.31726000,2022-01-15 14:44:59.999,24610975.32072900,13070,307.74913000,13251107.51072970
2022-01-15 14:45:00,43190.91000000,43315.00000000,43051.61000000,43186.48000000,477.70776000,2022-01-15 14:59:59.999,20635490.75943540,13427,239.14683000,10330808.23608870
2022-01-15 15:00:00,43186.47000000,43200.00000000,43105.92000000,43179.57000000,195.50017000,2022-01-15 15:14:59.999,8435469.74055010,7625,106.10482000,4578069.65650320
2022-01-15 15:15:00,43179.57000000,43212.11000000,43077.79000000,43152.00000000,239.55109000,2022-01-15 15:29:59.999,10337586.24207280,7398,99.50298000,4293675.80278370
2022-01-15 15:30:00,43151.99000000,43337.58000000,43140.00000000,43282.52000000,323.54559000,2022-01-15 15:44:59.999,13994881.07918320,9812,188.20472000,8140405.81546740
2022-01-15 15:45:00,43282.51000000,43406.96000000,43267.40000000,43401.21000000,345.53936000,2022-01-15 15:59:59.999,14977080.52150380,11093,189.03765000,8194030.78724010
2022-01-15 16:00:00,43401.21000000,43430.98000000,43290.01000000,43340.97000000,331.79063000,2022-01-15 16:14:59.999,14381830.13369360,10565,157.67485000,6835133.53035580
2022-01-15 16:15:00,43337.46000000,43379.20000000,43233.33000000,43279.89000000,332.53823000,2022-01-15 16:29:59.999,14399244.88128640,9361,180.25193000,7804660.06711020
2022-01-15 16:30:00,43279.89000000,43368.42000000,43275.93000000,43294.42000000,265.22865000,2022-01-15 16:44:59.999,11492226.18731900,7733,157.92385000,6842895.39229420
2022-01-15 16:45:00,43294.41000000,43387.76000000,43268.19000000,43338.22000000,272.83749000,2022-01-15 16:59:59.999,11821735.31329700,7120,149.27004000,6467903.71390990
2022-01-15 17:00:00,43338.21000000,43386.69000000,43251.61000000,43283.94000000,341.44681000,2022-01-15 17:14:59.999,14794411.97558330,10807,174.75858000,7572262.75807590
2022-01-15 17:15:00,43283.94000000,43446.47000000,43274.97000000,43377.43000000,447.57426000,2022-01-15 17:29:59.999,19399371.99901750,9771,323.37093000,14014369.54339890
2022-01-15 17:30:00,43376.42000000,43445.34000000,43342.58000000,43435.53000000,293.79738000,2022-01-15 17:44:59.999,12746782.47843660,10694,156.80129000,6803046.45617970
2022-01-15 17:45:00,43435.52000000,43564.15000000,43334.95000000,43383.26000000,579.67237000,2022-01-15 17:59:59.999,25185809.53245820,15926,333.71472000,14501161.79228650
2022-01-15 18:00:00,43383.26000000,43391.11000000,43261.00000000,43274.33000000,350.44198000,2022-01-15 18:14:59.999,15178832.46875950,11039,173.97776000,7535814.32694420
2022-01-15 18:15:00,43274.34000000,43362.81000000,43243.39000000,43284.35000000,230.22132000,2022-01-15 18:29:59.999,9969525.84714170,7831,126.35354000,5471465.92542300
2022-01-15 18:30:00,43284.35000000,43378.58000000,43280.03000000,43358.37000000,183.09126000,2022-01-15 18:44:59.999,7934413.34102910,7589,110.95459000,4808171.86783560
2022-01-15 18:45:00,43358.37000000,43377.51000000,43300.62000000,43334.93000000,228.71938000,2022-01-15 18:59:59.999,9915645.74150640,7817,125.75459000,5451853.79977650
2022-01-15 19:00:00,43334.92000000,43443.97000000,43320.23000000,43371.83000000,210.95012000,2022-01-15 19:14:59.999,9149288.97923450,7654,122.24015000,5301677.66566570
2022-01-15 19:15:00,43371.83000000,43443.97000000,43368.60000000,43400.01000000,172.80444000,2022-01-15 19:29:59.999,7500591.34230660,6468,97.82709000,4246094.42158990
2022-01-15 19:30:00,43400.02000000,43467.71000000,43399.99000000,43465.02000000,119.75243000,2022-01-15 19:44:59.999,5201560.50998970,5473,63.09505000,2740585.99481180
2022-01-15 19:45:00,43465.02000000,43554.79000000,43415.30000000,43528.34000000,209.31821000,2022-01-15 19:59:59.999,9101161.02729000,7095,111.87935000,4864677.94383780
2022-01-15 20:00:00,43528.33000000,43765.96000000,43518.52000000,43676.19000000,741.23098000,2022-01-15 20:14:59.999,32351324.19198850,17771,423.33866000,18473839.07572230
2022-01-15 20:15:00,43676.19000000,43800.00000000,43600.00000000,43704.66000000,315.35599000,2022-01-15 20:29:59.999,13781854.76314790,9658,173.86472000,7599142.33341520
2022-01-15 20:30:00,43704.66000000,43719.99000000,43569.79000000,43593.01000000,241.06363000,2022-01-15 20:44:59.999,10521859.95497280,8955,95.50095000,4168265.29658100
2022-01-15 20:45:00,43593.00000000,43605.68000000,43468.08000000,43485.00000000,209.66436000,2022-01-15 20:59:59.999,9129693.25636010,8326,98.48579000,4288452.16453490
2022-01-15 21:00:00,43485.00000000,43512.35000000,43417.66000000,43418.52000000,296.46297000,2022-01-15 21:14:59.999,12885646.90304140,7360,179.30338000,7794304.55142970
2022-01-15 21:15:00,43418.52000000,43524.98000000,43351.32000000,43368.65000000,192.79620000,2022-01-15 21:29:59.999,8372546.17164860,6314,103.75579000,4505590.27099750
2022-01-15 21:30:00,43368.65000000,43379.01000000,43215.35000000,43283.29000000,375.64970000,2022-01-15 21:44:59.999,16261338.98499600,9331,188.47495000,8158822.34947670
2022-01-15 21:45:00,43283.28000000,43335.42000000,43160.23000000,43296.72000000,220.54544000,2022-01-15 21:59:59.999,9539024.20168910,7758,106.74130000,4617036.56342500
2022-01-15 22:00:00,43296.72000000,43398.40000000,43245.52000000,43372.37000000,192.31895000,2022-01-15 22:14:59.999,8328404.34836740,7580,98.55621000,4267687.58057670
2022-01-15 22:15:00,43372.36000000,43391.89000000,43123.11000000,43152.00000000,227.61641000,2022-01-15 22:29:59.999,9844556.74632970,8829,105.05669000,4542137.18318920
2022-01-15 22:30:00,43152.00000000,43211.31000000,43152.00000000,43200.51000000,102.01583000,2022-01-15 22:44:59.999,4405640.17601760,5864,56.96317000,2459908.83781140
2022-01-15 22:45:00,43200.50000000,43272.98000000,43190.01000000,43237.40000000,105.45769000,2022-01-15 22:59:59.999,4559392.55729820,4969,43.11839000,1864204.66647500
2022-01-15 23:00:00,43237.39000000,43350.00000000,43151.98000000,43324.57000000,213.60448000,2022-01-15 23:14:59.999,9244896.52766740,7519,117.83084000,5099855.31248830
2022-01-15 23:15:00,43324.56000000,43375.00000000,43207.59000000,43238.26000000,146.33617000,2022-01-15 23:29:59.999,6336100.84491090,5620,85.53345000,3703895.66404410
2022-01-15 23:30:00,43238.25000000,43268.95000000,43072.15000000,43168.38000000,215.46222000,2022-01-15 23:44:59.999,9298303.30945730,7077,114.95199000,4961064.19341410
2022-01-15 23:45:00,43168.37000000,43239.13000000,43071.11000000,43084.29000000,156.06181000,2022-01-15 23:59:59.999,6734851.70702010,5853,62.29828000,2689106.99679300
2022-01-16 00:00:00,43084.29000000,43117.50000000,43000.00000000,43013.58000000,285.81510000,2022-01-16 00:14:59.999,12304306.11351410,11507,152.62565000,6570992.74424310
2022-01-16 00:15:00,43013.57000000,43092.28000000,43007.66000000,43077.07000000,135.05108000,2022-01-16 00:29:59.999,5815856.52091400,7604,63.81766000,2748090.08957260
2022-01-16 00:30:00,43077.07000000,43108.44000000,42992.29000000,43000.00000000,172.91812000,2022-01-16 00:44:59.999,7444653.95505170,7956,70.05391000,3015867.41425620
2022-01-16 00:45:00,43000.00000000,43098.29000000,42990.83000000,43069.70000000,179.08302000,2022-01-16 00:59:59.999,7708198.55183910,6716,84.94421000,3656117.00037180
2022-01-16 01:00:00,43069.69000000,43153.63000000,43020.65000000,43035.36000000,118.50372000,2022-01-16 01:14:59.999,5107916.85618860,5977,55.94829000,2411737.75846550
2022-01-16 01:15:00,43035.36000000,43084.55000000,42985.81000000,43070.01000000,111.70657000,2022-01-16 01:29:59.999,4806006.06976480,5300,59.65184000,2566315.56378370
2022-01-16 01:30:00,43070.01000000,43080.18000000,43005.12000000,43070.27000000,93.76407000,2022-01-16 01:44:59.999,4035559.43261890,5137,49.87717000,2146565.25390300
2022-01-16 01:45:00,43070.28000000,43074.98000000,42991.09000000,42996.99000000,81.44674000,2022-01-16 01:59:59.999,3505638.11190850,5178,37.22121000,1602135.18391180
2022-01-16 02:00:00,42996.99000000,43075.71000000,42981.00000000,43038.38000000,240.89490000,2022-01-16 02:14:59.999,10365370.36720040,7120,101.35311000,4361398.62774450
2022-01-16 02:15:00,43038.38000000,43072.04000000,42993.00000000,43007.82000000,184.96202000,2022-01-16 02:29:59.999,7960811.11695480,5673,85.66805000,3687288.44950840
2022-01-16 02:30:00,43009.34000000,43087.18000000,42952.60000000,42978.46000000,238.73593000,2022-01-16 02:44:59.999,10268946.93980270,7291,104.40437000,4490365.94445160
2022-01-16 02:45:00,42978.46000000,43031.63000000,42838.00000000,42923.66000000,404.50000000,2022-01-16 02:59:59.999,17363186.86614310,12128,192.08021000,8244954.76396510
2022-01-16 03:00:00,42922.93000000,42968.53000000,42861.49000000,42918.31000000,143.19190000,2022-01-16 03:14:59.999,6144716.92507890,6982,81.91315000,3514894.29325790
2022-01-16 03:15:00,42918.31000000,43004.16000000,42892.99000000,42970.48000000,118.76944000,2022-01-16 03:29:59.999,5101270.51851420,5401,75.29626000,3233819.42566730
2022-01-16 03:30:00,42970.48000000,42999.35000000,42892.61000000,42990.01000000,132.08799000,2022-01-16 03:44:59.999,5673233.91458340,5805,56.43197000,2423736.80719440
2022-01-16 03:45:00,42990.01000000,43046.84000000,42954.43000000,42977.22000000,141.86668000,2022-01-16 03:59:59.999,6101222.54338930,5667,76.65133000,3296868.35220570
2022-01-16 04:00:00,42977.22000000,43089.00000000,42850.16000000,43026.69000000,269.97313000,2022-01-16 04:14:59.999,11598812.70606300,8043,142.35630000,6118103.78357340
2022-01-16 04:15:00,43026.68000000,43059.17000000,42938.45000000,42994.73000000,140.46234000,2022-01-16 04:29:59.999,6041508.12535440,6386,56.26064000,2419755.41536980
2022-01-16 04:30:00,42994.73000000,43064.93000000,42980.74000000,43024.11000000,119.16310000,2022-01-16 04:44:59.999,5127089.90506190,4889,61.21047000,2633553.00159650
2022-01-16 04:45:00,43024.11000000,43067.01000000,42995.65000000,43023.02000000,116.31105000,2022-01-16 04:59:59.999,5005304.21134950,4517,57.83065000,2488774.20007590
2022-01-16 05:00:00,43023.57000000,43089.98000000,43010.53000000,43073.64000000,84.65970000,2022-01-16 05:14:59.999,3645804.55765400,4753,49.37494000,2126209.00915100
2022-01-16 05:15:00,43073.64000000,43123.43000000,43050.19000000,43091.10000000,119.96111000,2022-01-16 05:29:59.999,5168275.84382230,5590,67.84095000,2922854.65360250
2022-01-16 05:30:00,43091.10000000,43106.39000000,43040.86000000,43070.23000000,150.02845000,2022-01-16 05:44:59.999,6462412.06773010,5580,57.60486000,2481523.52980030
2022-01-16 05:45:00,43070.23000000,43074.41000000,42953.17000000,42958.69000000,84.33897000,2022-01-16 05:59:59.999,3627761.04992520,4815,37.36730000,1607464.86477560
2022-01-16 06:00:00,42953.17000000,43085.74000000,42925.88000000,43083.73000000,120.15605000,2022-01-16 06:14:59.999,5168680.93963650,5824,62.56901000,2691570.58345030
2022-01-16 06:15:00,43083.72000000,43131.75000000,43079.10000000,43126.99000000,98.22860000,2022-01-16 06:29:59.999,4234048.47122700,4936,54.01306000,2328176.52899650
2022-01-16 06:30:00,43126.98000000,43165.93000000,43080.00000000,43100.71000000,143.74925000,2022-01-16 06:44:59.999,6198991.31653220,6569,74.42007000,3209191.03617360
2022-01-16 06:45:00,43100.72000000,43225.86000000,43089.28000000,43200.00000000,209.77727000,2022-01-16 06:59:59.999,9055378.41515330,7102,106.90587000,4614561.20478970
2022-01-16 07:00:00,43200.00000000,43253.68000000,43156.00000000,43222.00000000,159.76730000,2022-01-16 07:14:59.999,6903031.85394630,7196,84.72768000,3660710.85753240
2022-01-16 07:15:00,43222.00000000,43222.00000000,43122.68000000,43122.69000000,135.34041000,2022-01-16 07:29:59.999,5843478.92869490,6181,65.12060000,2811671.53153280
2022-01-16 07:30:00,43122.69000000,43244.33000000,43117.24000000,43227.97000000,151.87369000,2022-01-16 07:44:59.999,6562845.87160170,7027,82.02064000,3544165.73295540
2022-01-16 07:45:00,43223.27000000,43252.06000000,43190.27000000,43202.21000000,160.31876000,2022-01-16 07:59:59.999,6930392.33436920,6386,73.74522000,3187965.00288860
2022-01-16 08:00:00,43202.21000000,43305.00000000,43200.00000000,43226.52000000,344.84003000,2022-01-16 08:14:59.999,14921908.99557320,8746,128.46014000,5557316.14230100
2022-01-16 08:15:00,43226.53000000,43248.05000000,43165.64000000,43182.27000000,182.57587000,2022-01-16 08:29:59.999,7890493.66693890,6642,81.27129000,3512479.74980100
2022-01-16 08:30:00,43182.26000000,43215.94000000,43143.80000000,43161.07000000,216.33349000,2022-01-16 08:44:59.999,9340584.39665040,7475,106.77724000,4609592.04243110
2022-01-16 08:45:00,43161.07000000,43175.94000000,43059.99000000,43070.27000000,568.95501000,2022-01-16 08:59:59.999,24524252.05375910,22852,184.02185000,7931861.47422810
2022-01-16 09:00:00,43070.26000000,43128.09000000,43036.62000000,43103.80000000,324.73331000,2022-01-16 09:14:59.999,13993627.46772580,13249,118.95116000,5125800.79956690
2022-01-16 09:15:00,43103.79000000,43126.01000000,43028.02000000,43104.01000000,256.41533000,2022-01-16 09:29:59.999,11044963.91280240,11191,125.01745000,5384978.90018200
2022-01-16 09:30:00,43104.01000000,43131.37000000,43047.26000000,43119.99000000,331.68121000,2022-01-16 09:44:59.999,14294093.93777240,12036,156.68719000,6751708.50337840
2022-01-16 09:45:00,43119.99000000,43125.21000000,43047.54000000,43074.99000000,106.37483000,2022-01-16 09:59:59.999,4582826.65579790,6214,52.95630000,2281369.17686740
2022-01-16 10:00:00,43074.99000000,43184.77000000,43073.05000000,43157.18000000,168.46563000,2022-01-16 10:14:59.999,7267569.06750780,7520,87.39653000,3769511.25903790
2022-01-16 10:15:00,43157.17000000,43185.71000000,43146.45000000,43168.03000000,147.07999000,2022-01-16 10:29:59.999,6349064.62270740,6285,86.71910000,3743328.31786320
2022-01-16 10:30:00,43168.03000000,43177.74000000,43086.17000000,43109.38000000,162.57927000,2022-01-16 10:44:59.999,7011385.31359510,6957,73.48624000,3169217.69488120
2022-01-16 10:45:00,43109.38000000,43109.39000000,42868.31000000,42899.99000000,694.82026000,2022-01-16 10:59:59.999,29845800.97335220,11834,333.90781000,14339282.95929620
2022-01-16 11:00:00,42900.00000000,42911.49000000,42759.00000000,42850.47000000,722.70419000,2022-01-16 11:14:59.999,30957509.13274960,15455,375.48721000,16084212.68344500
2022-01-16 11:15:00,42850.47000000,42990.14000000,42786.37000000,42970.84000000,216.17331000,2022-01-16 11:29:59.999,9275053.24574980,8345,110.72253000,4751544.33728690
2022-01-16 11:30:00,42970.84000000,43042.67000000,42926.57000000,43005.76000000,124.68248000,2022-01-16 11:44:59.999,5358475.02077700,6132,61.48958000,2642785.11723320
2022-01-16 11:45:00,43005.76000000,43035.72000000,42858.10000000,42968.29000000,140.12413000,2022-01-16 11:59:59.999,6021533.46286320,6748,61.12497000,2627442.05233560
2022-01-16 12:00:00,42968.30000000,43090.00000000,42954.16000000,43089.99000000,150.43261000,2022-01-16 12:14:59.999,6469845.51178980,7721,81.20531000,3492880.45128590
2022-01-16 12:15:00,43089.99000000,43141.55000000,43001.87000000,43085.95000000,168.93677000,2022-01-16 12:29:59.999,7280105.00161180,8149,76.80596000,3310134.51477950
2022-01-16 12:30:00,43085.91000000,43096.84000000,42978.00000000,43030.00000000,116.02031000,2022-01-16 12:44:59.999,4992424.86400650,6063,60.24091000,2592043.24928260
2022-01-16 12:45:00,43030.00000000,43140.00000000,43005.92000000,43005.93000000,209.60319000,2022-01-16 12:59:59.999,9031228.94415430,7183,119.89955000,5167172.03721830
2022-01-16 13:00:00,43005.93000000,43026.08000000,42891.58000000,42974.01000000,349.05945000,2022-01-16 13:14:59.999,14998072.93902720,9001,180.88169000,7772908.53313100
2022-01-16 13:15:00,42974.01000000,42974.01000000,42581.79000000,42610.13000000,845.12234000,2022-01-16 13:29:59.999,36116724.09653390,19025,364.59096000,15584131.30903930
2022-01-16 13:30:00,42610.14000000,43013.36000000,42590.14000000,42980.39000000,547.91384000,2022-01-16 13:44:59.999,23454151.61741950,13384,284.23386000,12164850.18191580
2022-01-16 13:45:00,42980.39000000,43187.87000000,42865.22000000,43129.54000000,518.44705000,2022-01-16 13:59:59.999,22302838.93910600,11563,236.02689000,10157529.54091590
2022-01-16 14:00:00,43129.54000000,43380.00000000,43127.95000000,43130.00000000,611.47201000,2022-01-16 14:14:59.999,26440446.77540380,15474,364.98363000,15785756.59046910
2022-01-16 14:15:00,43130.01000000,43260.00000000,43026.70000000,43241.02000000,225.27473000,2022-01-16 14:29:59.999,9719133.08749470,8122,113.23922000,4886458.50661060
2022-01-16 14:30:00,43241.03000000,43416.05000000,43210.17000000,43270.22000000,375.80190000,2022-01-16 14:44:59.999,16282078.20501660,11744,207.98140000,9011333.87824810
2022-01-16 14:45:00,43274.19000000,43325.00000000,43230.75000000,43300.02000000,209.94019000,2022-01-16 14:59:59.999,9085854.62145070,8554,114.55018000,4957408.12163220
2022-01-16 15:00:00,43300.01000000,43317.52000000,43180.04000000,43227.21000000,172.88805000,2022-01-16 15:14:59.999,7473025.21589440,8009,80.42885000,3476489.28415580
2022-01-16 15:15:00,43227.16000000,43262.06000000,43150.00000000,43152.99000000,274.50160000,2022-01-16 15:29:59.999,11856961.93134580,7435,113.93510000,4921871.45090450
2022-01-16 15:30:00,43153.00000000,43275.03000000,43148.35000000,43197.26000000,187.35791000,2022-01-16 15:44:59.999,8096701.57003820,7351,78.70832000,3401442.74983840
2022-01-16 15:45:00,43197.25000000,43350.00000000,43139.24000000,43219.53000000,362.43608000,2022-01-16 15:59:59.999,15674794.34341260,10028,196.63209000,8505957.04747040
2022-01-16 16:00:00,43219.54000000,43313.91000000,43172.01000000,43239.65000000,180.09552000,2022-01-16 16:14:59.999,7789567.72230750,8595,84.66854000,3661940.23679180
2022-01-16 16:15:00,43239.65000000,43475.00000000,43239.65000000,43400.80000000,383.14019000,2022-01-16 16:29:59.999,16621801.42256460,11175,198.93427000,8629862.97359370
2022-01-16 16:30:00,43400.80000000,43457.21000000,43299.31000000,43369.99000000,261.54830000,2022-01-16 16:44:59.999,11342289.61225540,9018,132.12336000,5728406.91139760
2022-01-16 16:45:00,43369.98000000,43434.82000000,43335.37000000,43381.45000000,122.41219000,2022-01-16 16:59:59.999,5310627.61935860,6658,65.00942000,2820167.46317170
2022-01-16 17:00:00,43381.46000000,43428.83000000,43285.03000000,43326.20000000,167.47468000,2022-01-16 17:14:59.999,7256898.65482930,7609,84.58384000,3665142.02470950
2022-01-16 17:15:00,43326.19000000,43360.50000000,43276.57000000,43276.84000000,102.66325000,2022-01-16 17:29:59.999,4446056.79839070,5690,48.97673000,2121133.97583510
2022-01-16 17:30:00,43280.01000000,43304.38000000,43171.37000000,43175.84000000,166.38222000,2022-01-16 17:44:59.999,7197446.20592640,6219,71.69537000,3101460.49208170
2022-01-16 17:45:00,43175.84000000,43194.59000000,43051.08000000,43071.88000000,326.22390000,2022-01-16 17:59:59.999,14060643.71493740,8627,178.73544000,7704082.74722250
2022-01-16 18:00:00,43071.88000000,43126.04000000,43050.00000000,43073.73000000,157.34901000,2022-01-16 18:14:59.999,6779842.34398040,5890,80.10258000,3451454.36602000
2022-01-16 18:15:00,43073.73000000,43120.00000000,42999.50000000,43031.00000000,198.21924000,2022-01-16 18:29:59.999,8533138.46106570,7220,77.36965000,3330716.92528020
2022-01-16 18:30:00,43030.99000000,43069.39000000,42969.32000000,43050.08000000,144.43400000,2022-01-16 18:44:59.999,6213991.26549140,6318,72.69760000,3127721.91789880
2022-01-16 18:45:00,43050.08000000,43095.87000000,43009.00000000,43066.80000000,120.03774000,2022-01-16 18:59:59.999,5169043.04932020,5703,67.25168000,2896033.90687830
2022-01-16 19:00:00,43066.79000000,43081.28000000,42895.78000000,42910.44000000,215.56401000,2022-01-16 19:14:59.999,9260130.66516360,8367,100.51207000,4317719.32752880
2022-01-16 19:15:00,42910.43000000,42995.18000000,42901.03000000,42936.40000000,138.17674000,2022-01-16 19:29:59.999,5931966.95679370,6310,64.92511000,2787224.19655710
2022-01-16 19:30:00,42936.40000000,42957.15000000,42846.98000000,42857.99000000,241.41470000,2022-01-16 19:44:59.999,10358439.32747540,6666,79.78611000,3423700.10760610
2022-01-16 19:45:00,42857.99000000,42909.91000000,42790.02000000,42824.79000000,365.27981000,2022-01-16 19:59:59.999,15649430.20216490,8123,228.39870000,9784558.14059160
2022-01-16 20:00:00,42824.79000000,42993.07000000,42750.25000000,42983.98000000,304.50441000,2022-01-16 20:14:59.999,13042353.58990790,9983,151.54347000,6493038.39382480
2022-01-16 20:15:00,42983.97000000,43053.82000000,42917.20000000,43005.33000000,149.31063000,2022-01-16 20:29:59.999,6421321.14445970,6246,77.45410000,3330608.29193970
2022-01-16 20:30:00,43005.33000000,43087.45000000,42940.50000000,43072.19000000,166.02611000,2022-01-16 20:44:59.999,7139712.05266530,6321,96.37414000,4144767.20830010
2022-01-16 20:45:00,43072.18000000,43117.05000000,43020.78000000,43029.01000000,144.04773000,2022-01-16 20:59:59.999,6204585.69685730,5738,78.73228000,3391644.67163270
2022-01-16 21:00:00,43029.06000000,43093.01000000,42949.03000000,42966.11000000,138.42743000,2022-01-16 21:14:59.999,5952850.06050440,5402,67.66355000,2909367.77303960
2022-01-16 21:15:00,42966.11000000,43028.87000000,42933.37000000,42963.64000000,68.77526000,2022-01-16 21:29:59.999,2955609.78848150,4538,31.99117000,1374931.15115740
2022-01-16 21:30:00,42963.64000000,42967.72000000,42900.70000000,42947.46000000,82.78417000,2022-01-16 21:44:59.999,3553879.13923960,4473,47.56017000,2041625.75237560
2022-01-16 21:45:00,42947.46000000,43018.31000000,42933.28000000,42951.01000000,127.17678000,2022-01-16 21:59:59.999,5467049.02302140,4557,64.07366000,2754400.72813210
2022-01-16 22:00:00,42951.02000000,43190.00000000,42940.00000000,43190.00000000,208.50500000,2022-01-16 22:14:59.999,8990058.55046120,7259,104.34261000,4498077.29009410
2022-01-16 22:15:00,43189.99000000,43199.98000000,43151.73000000,43194.99000000,125.53214000,2022-01-16 22:29:59.999,5420452.15823130,5331,59.22409000,2557499.11442970
2022-01-16 22:30:00,43195.00000000,43200.00000000,43156.92000000,43170.00000000,90.21089000,2022-01-16 22:44:59.999,3895705.81337160,4738,55.21795000,2384650.06750170
2022-01-16 22:45:00,43170.00000000,43245.00000000,43099.99000000,43190.01000000,99.20690000,2022-01-16 22:59:59.999,4282158.17559170,4823,48.33724000,2086337.11784210
2022-01-16 23:00:00,43190.00000000,43263.15000000,43111.11000000,43221.36000000,195.68898000,2022-01-16 23:14:59.999,8453688.24852030,6844,104.03740000,4494572.98959290
2022-01-16 23:15:00,43221.36000000,43250.80000000,43124.77000000,43183.11000000,133.22517000,2022-01-16 23:29:59.999,5756881.54093410,4746,47.76164000,2063489.48135490
2022-01-16 23:30:00,43183.11000000,43228.69000000,43106.35000000,43120.24000000,86.97137000,2022-01-16 23:44:59.999,3754420.17072110,4329,34.75896000,1500630.01910300
2022-01-16 23:45:00,43120.23000000,43126.73000000,43048.20000000,43071.66000000,110.39141000,2022-01-16 23:59:59.999,4756853.88653720,4932,47.22285000,2034776.64458000
2022-01-17 00:00:00,43071.66000000,43176.18000000,43038.30000000,43105.98000000,228.56804000,2022-01-17 00:14:59.999,9856732.55527320,7621,160.02191000,6901655.76988010
2022-01-17 00:15:00,43105.98000000,43105.98000000,42920.72000000,42983.77000000,197.15055000,2022-01-17 00:29:59.999,8475014.95295630,7497,98.31565000,4226000.44100950
2022-01-17 00:30:00,42983.78000000,43051.67000000,42946.69000000,43029.65000000,155.45732000,2022-01-17 00:44:59.999,6684349.27601820,5797,77.04918000,3313251.37491940
2022-01-17 00:45:00,43029.64000000,43029.65000000,42871.65000000,42891.12000000,151.71010000,2022-01-17 00:59:59.999,6515903.43036750,6207,71.46879000,3069967.05796230
2022-01-17 01:00:00,42891.11000000,42946.93000000,42837.70000000,42860.00000000,168.38263000,2022-01-17 01:14:59.999,7221284.23997770,6212,82.91388000,3555873.91423680
2022-01-17 01:15:00,42859.99000000,42908.47000000,42814.78000000,42895.12000000,247.06898000,2022-01-17 01:29:59.999,10587640.89670420,6499,136.82103000,5863165.77822870
2022-01-17 01:30:00,42895.11000000,42916.88000000,42817.06000000,42843.48000000,207.59948000,2022-01-17 01:44:59.999,8898832.70248380,6209,89.64353000,3841998.56209340
2022-01-17 01:45:00,42843.47000000,42909.05000000,42810.00000000,42894.05000000,164.76982000,2022-01-17 01:59:59.999,7062051.03733300,6384,74.56340000,3195846.13582820
2022-01-17 02:00:00,42894.05000000,43000.00000000,42785.85000000,42825.79000000,220.23179000,2022-01-17 02:14:59.999,9442854.40077760,7803,119.07874000,5107720.66448830
2022-01-17 02:15:00,42825.79000000,42925.83000000,42800.00000000,42902.19000000,129.80070000,2022-01-17 02:29:59.999,5565290.66207370,6035,75.11885000,3220824.18257280
2022-01-17 02:30:00,42902.20000000,42908.61000000,42800.02000000,42868.70000000,198.35511000,2022-01-17 02:44:59.999,8498571.62303290,7941,91.58846000,3924157.61367500
2022-01-17 02:45:00,42868.70000000,42936.11000000,42855.73000000,42918.60000000,94.23615000,2022-01-17 02:59:59.999,4043137.78209200,5380,45.35299000,1945811.29461670
2022-01-17 03:00:00,42918.60000000,42981.46000000,42890.00000000,42910.01000000,96.20012000,2022-01-17 03:14:59.999,4131339.52930900,5886,47.19077000,2026625.78946230
2022-01-17 03:15:00,42910.01000000,42938.13000000,42771.38000000,42798.81000000,146.32661000,2022-01-17 03:29:59.999,6270612.17605380,6204,80.47008000,3448347.50890370
2022-01-17 03:30:00,42798.81000000,42799.81000000,42688.90000000,42744.29000000,293.30003000,2022-01-17 03:44:59.999,12533953.24998250,10688,119.77570000,5118681.29082540
2022-01-17 03:45:00,42744.29000000,42749.99000000,42624.11000000,42647.40000000,368.00198000,2022-01-17 03:59:59.999,15708379.48965670,10895,123.38361000,5266896.09418120
2022-01-17 04:00:00,42647.40000000,42736.16000000,42601.00000000,42728.09000000,331.91948000,2022-01-17 04:14:59.999,14160266.37020220,11196,161.94207000,6909697.54384200
2022-01-17 04:15:00,42728.09000000,42807.95000000,42689.50000000,42780.93000000,307.49196000,2022-01-17 04:29:59.999,13147678.87797910,11189,174.37326000,7456026.40069420
2022-01-17 04:30:00,42780.94000000,42784.95000000,42628.01000000,42684.66000000,372.48945000,2022-01-17 04:44:59.999,15905950.29573330,13327,224.84339000,9600392.52170990
2022-01-17 04:45:00,42684.65000000,42747.92000000,42615.55000000,42622.99000000,226.10223000,2022-01-17 04:59:59.999,9651887.15643650,8530,112.18195000,4789097.08185480
2022-01-17 05:00:00,42622.99000000,42625.49000000,42300.00000000,42401.27000000,798.99991000,2022-01-17 05:14:59.999,33911781.92508840,22971,339.82083000,14417807.01938630
2022-01-17 05:15:00,42401.26000000,42588.35000000,42384.18000000,42541.40000000,244.43167000,2022-01-17 05:29:59.999,10387406.70889270,8689,140.72304000,5979546.91065700
2022-01-17 05:30:00,42541.40000000,42629.67000000,42525.01000000,42599.30000000,201.01140000,2022-01-17 05:44:59.999,8559124.87413640,6842,101.54688000,4324102.52805910
2022-01-17 05:45:00,42599.20000000,42699.00000000,42482.83000000,42664.68000000,260.57728000,2022-01-17 05:59:59.999,11089318.91575430,9156,144.09482000,6132314.68593760
2022-01-17 06:00:00,42664.68000000,42759.97000000,42643.58000000,42690.84000000,251.23677000,2022-01-17 06:14:59.999,10729007.94833210,8092,114.44288000,4887004.47811340
2022-01-17 06:15:00,42690.83000000,42865.58000000,42660.00000000,42822.80000000,271.27752000,2022-01-17 06:29:59.999,11607597.33088670,8082,147.36752000,6304671.56411760
2022-01-17 06:30:00,42822.80000000,42856.11000000,42754.84000000,42788.00000000,125.37670000,2022-01-17 06:44:59.999,5366348.97574880,5531,66.81863000,2859961.16858210
2022-01-17 06:45:00,42791.44000000,42827.88000000,42730.00000000,42748.92000000,141.78883000,2022-01-17 06:59:59.999,6065972.77843420,5706,57.64171000,2465725.65798880
2022-01-17 07:00:00,42748.92000000,42967.99000000,42703.03000000,42847.00000000,231.38843000,2022-01-17 07:14:59.999,9915363.23278700,8452,115.93285000,4968490.96960640
2022-01-17 07:15:00,42846.99000000,42868.50000000,42758.07000000,42856.85000000,188.43684000,2022-01-17 07:29:59.999,8070883.17517260,6774,83.62050000,3580996.32451160
2022-01-17 07:30:00,42856.84000000,42872.71000000,42736.86000000,42762.12000000,189.35176000,2022-01-17 07:44:59.999,8108665.15760340,6825,115.87629000,4962725.29199410
2022-01-17 07:45:00,42762.13000000,42790.19000000,42643.00000000,42656.03000000,174.19858000,2022-01-17 07:59:59.999,7440283.73940670,7136,80.29817000,3429830.29090620
2022-01-17 08:00:00,42656.03000000,42765.26000000,42567.93000000,42761.40000000,281.93297000,2022-01-17 08:14:59.999,12028579.41146450,9354,140.21040000,5982211.46066690
2022-01-17 08:15:00,42761.40000000,42775.93000000,42599.47000000,42667.69000000,171.62541000,2022-01-17 08:29:59.999,7323414.19555170,7240,80.65216000,3441573.48846610
2022-01-17 08:30:00,42667.48000000,42850.00000000,42600.08000000,42831.20000000,273.43521000,2022-01-17 08:44:59.999,11698597.65939470,8475,138.66236000,5932183.64361270
2022-01-17 08:45:00,42831.20000000,42866.48000000,42746.00000000,42790.35000000,200.54331000,2022-01-17 08:59:59.999,8587453.15670780,7008,92.66851000,3968181.31294660
2022-01-17 09:00:00,42790.35000000,42891.00000000,42750.01000000,42852.59000000,177.24796000,2022-01-17 09:14:59.999,7593274.49716930,7241,80.02176000,3427721.89921600
2022-01-17 09:15:00,42852.58000000,42879.87000000,42726.81000000,42743.26000000,423.09547000,2022-01-17 09:29:59.999,18101379.20694740,13825,157.06328000,6719727.79763630
2022-01-17 09:30:00,42743.26000000,42868.48000000,42736.54000000,42819.51000000,234.88818000,2022-01-17 09:44:59.999,10055950.03537070,8064,123.32671000,5280183.43685680
2022-01-17 09:45:00,42819.51000000,42900.00000000,42776.58000000,42838.94000000,245.27210000,2022-01-17 09:59:59.999,10507451.32321750,9470,103.91900000,4451603.48774200
2022-01-17 10:00:00,42838.94000000,42894.99000000,42753.10000000,42839.01000000,232.22863000,2022-01-17 10:14:59.999,9946107.57922150,9160,101.15112000,4331980.30148920
2022-01-17 10:15:00,42839.02000000,42840.83000000,42729.26000000,42814.05000000,191.58936000,2022-01-17 10:29:59.999,8197620.45680240,8836,98.30665000,4206471.99482520
2022-01-17 10:30:00,42814.05000000,42819.83000000,42705.23000000,42714.18000000,171.44563000,2022-01-17 10:44:59.999,7328505.66565420,7454,74.49761000,3184121.50809460
2022-01-17 10:45:00,42714.18000000,42823.11000000,42629.56000000,42795.11000000,178.87513000,2022-01-17 10:59:59.999,7645027.46881910,7491,94.02949000,4019129.76443590
2022-01-17 11:00:00,42795.11000000,42839.37000000,42731.89000000,42780.34000000,156.53038000,2022-01-17 11:14:59.999,6696544.20277920,6564,76.30539000,3264573.06577480
2022-01-17 11:15:00,42777.01000000,42842.79000000,42706.46000000,42712.82000000,143.50329000,2022-01-17 11:29:59.999,6138904.40091840,6259,68.61272000,2935527.74886270
2022-01-17 11:30:00,42712.82000000,42739.16000000,42646.90000000,42681.73000000,259.99557000,2022-01-17 11:44:59.999,11098784.04636310,9028,118.42172000,5055505.36159960
2022-01-17 11:45:00,42681.73000000,42779.72000000,42656.00000000,42671.31000000,179.04476000,2022-01-17 11:59:59.999,7649273.18434300,7065,92.01400000,3931357.20843880
2022-01-17 12:00:00,42671.30000000,42703.97000000,42500.00000000,42560.41000000,327.65893000,2022-01-17 12:14:59.999,13950332.09016530,11836,133.43227000,5681745.51089810
2022-01-17 12:15:00,42560.41000000,42775.92000000,42429.02000000,42700.00000000,355.02201000,2022-01-17 12:29:59.999,15116985.15318320,12745,193.23205000,8229067.96146140
2022-01-17 12:30:00,42700.00000000,42793.16000000,42624.37000000,42624.38000000,274.42653000,2022-01-17 12:44:59.999,11725246.47008940,9604,143.49772000,6131775.38773900
2022-01-17 12:45:00,42624.39000000,42659.89000000,42546.91000000,42550.09000000,245.06786000,2022-01-17 12:59:59.999,10440607.09027300,8821,131.32496000,5595578.86311180
2022-01-17 13:00:00,42550.09000000,42626.92000000,42500.18000000,42622.96000000,261.49687000,2022-01-17 13:14:59.999,11129010.23681020,10580,147.82780000,6291794.17689370
2022-01-17 13:15:00,42622.97000000,42694.99000000,42572.02000000,42577.19000000,207.57067000,2022-01-17 13:29:59.999,8851140.33650270,8523,122.01909000,5203669.73887680
2022-01-17 13:30:00,42577.19000000,42678.99000000,42550.00000000,42563.85000000,216.55266000,2022-01-17 13:44:59.999,9224374.39416440,9397,109.95920000,4683783.75560500
2022-01-17 13:45:00,42563.86000000,42667.50000000,42525.70000000,42646.38000000,235.55056000,2022-01-17 13:59:59.999,10034076.80169390,9165,127.79886000,5444821.75250540
2022-01-17 14:00:00,42646.37000000,42717.83000000,42573.27000000,42620.43000000,166.63135000,2022-01-17 14:14:59.999,7105455.44822250,7333,82.39270000,3513248.38519680
2022-01-17 14:15:00,42620.43000000,42741.97000000,42553.82000000,42708.79000000,228.87971000,2022-01-17 14:29:59.999,9765615.47618220,7739,111.21756000,4745747.95589920
2022-01-17 14:30:00,42708.79000000,42725.13000000,42632.56000000,42718.40000000,144.00595000,2022-01-17 14:44:59.999,6147444.45600470,7165,69.79351000,2979611.17266920
2022-01-17 14:45:00,42718.39000000,42730.72000000,42571.00000000,42661.71000000,183.38413000,2022-01-17 14:59:59.999,7817026.21605420,7271,84.95222000,3621199.50105480
2022-01-17 15:00:00,42661.73000000,42686.68000000,42385.00000000,42545.01000000,381.30332000,2022-01-17 15:14:59.999,16210268.82181240,12885,156.31643000,6646049.09730900
2022-01-17 15:15:00,42545.01000000,42629.26000000,42501.93000000,42624.25000000,158.38824000,2022-01-17 15:29:59.999,6744328.97807620,6719,83.98023000,3575727.70654540
2022-01-17 15:30:00,42624.24000000,42644.84000000,42450.70000000,42631.78000000,230.18980000,2022-01-17 15:44:59.999,9800721.41750500,8935,108.73015000,4630517.13154360
2022-01-17 15:45:00,42631.77000000,42642.76000000,42394.80000000,42477.66000000,562.25958000,2022-01-17 15:59:59.999,23897926.28717420,13766,292.90728000,12449369.74058140
2022-01-17 16:00:00,42477.67000000,42538.47000000,42173.54000000,42219.99000000,846.45339000,2022-01-17 16:14:59.999,35853478.82228770,21404,418.14613000,17719990.42265410
2022-01-17 16:15:00,42219.99000000,42478.04000000,42131.76000000,42333.60000000,614.86645000,2022-01-17 16:29:59.999,26022925.33829410,17000,330.55215000,13987532.53538230
2022-01-17 16:30:00,42333.86000000,42387.89000000,42178.15000000,42304.74000000,481.06745000,2022-01-17 16:44:59.999,20334160.70875920,12985,241.73172000,10217826.76705720
2022-01-17 16:45:00,42304.74000000,42329.73000000,42122.05000000,42217.03000000,520.29007000,2022-01-17 16:59:59.999,21964020.58545070,13369,242.93120000,10255292.93818250
2022-01-17 17:00:00,42217.02000000,42249.94000000,42058.15000000,42080.56000000,673.73712000,2022-01-17 17:14:59.999,28388713.50191440,18413,334.79027000,14107480.99791570
2022-01-17 17:15:00,42080.56000000,42196.10000000,42007.00000000,42049.99000000,600.71244000,2022-01-17 17:29:59.999,25286551.28975170,15708,317.91537000,13382643.68462880
2022-01-17 17:30:00,42049.99000000,42199.85000000,41950.00000000,42196.04000000,728.78116000,2022-01-17 17:44:59.999,30671991.14771610,17910,341.01453000,14357973.56278190
2022-01-17 17:45:00,42196.04000000,42225.39000000,42031.25000000,42110.83000000,480.85740000,2022-01-17 17:59:59.999,20253633.26638920,13092,252.22860000,10624362.65528940
2022-01-17 18:00:00,42110.84000000,42110.84000000,41925.20000000,42006.23000000,573.26132000,2022-01-17 18:14:59.999,24079983.68481740,14258,249.15247000,10465562.22700030
2022-01-17 18:15:00,42006.23000000,42039.75000000,41822.74000000,41969.20000000,735.28117000,2022-01-17 18:29:59.999,30836589.30194130,16310,286.21180000,12003236.88521360
2022-01-17 18:30:00,41969.21000000,42299.00000000,41947.49000000,42041.73000000,563.94090000,2022-01-17 18:44:59.999,23700398.17941180,14372,312.27306000,13127244.95174050
2022-01-17 18:45:00,42041.72000000,42186.43000000,42033.00000000,42174.65000000,434.62436000,2022-01-17 18:59:59.999,18309218.39070870,10878,214.21701000,9024236.11886480
2022-01-17 19:00:00,42174.66000000,42261.17000000,42095.69000000,42240.85000000,201.96900000,2022-01-17 19:14:59.999,8516929.04729280,9633,102.11304000,4306728.99956470
2022-01-17 19:15:00,42240.84000000,42247.43000000,42098.10000000,42192.94000000,272.31184000,2022-01-17 19:29:59.999,11482955.95670770,8292,104.26903000,4397318.93262840
2022-01-17 19:30:00,42192.94000000,42282.31000000,42155.73000000,42259.22000000,218.36438000,2022-01-17 19:44:59.999,9223826.22659330,7396,108.04820000,4564694.97299700
2022-01-17 19:45:00,42259.21000000,42318.61000000,42213.10000000,42238.31000000,166.28982000,2022-01-17 19:59:59.999,7026655.20153770,6603,80.32486000,3394576.16766370
2022-01-17 20:00:00,42238.31000000,42306.96000000,42186.75000000,42207.40000000,176.68822000,2022-01-17 20:14:59.999,7465041.17499070,6926,88.66885000,3746341.08674830
2022-01-17 20:15:00,42209.46000000,42278.81000000,42184.00000000,42198.88000000,159.02437000,2022-01-17 20:29:59.999,6714274.42172090,6496,91.21254000,3850783.38297750
2022-01-17 20:30:00,42198.87000000,42202.11000000,42013.12000000,42100.00000000,264.82870000,2022-01-17 20:44:59.999,11153962.25413290,8823,120.40259000,5069849.26253450
2022-01-17 20:45:00,42100.01000000,42155.72000000,42056.55000000,42083.47000000,98.16663000,2022-01-17 20:59:59.999,4134322.67779350,5942,49.24349000,2073909.64950900
2022-01-17 21:00:00,42078.64000000,42148.21000000,42015.15000000,42053.63000000,196.38545000,2022-01-17 21:14:59.999,8262768.50048810,6373,112.69134000,4741114.43392830
2022-01-17 21:15:00,42055.35000000,42059.91000000,41777.00000000,41782.14000000,460.95104000,2022-01-17 21:29:59.999,19302906.82249600,12995,152.72160000,6395811.43909120
2022-01-17 21:30:00,41782.15000000,41854.88000000,41609.78000000,41653.89000000,496.92951000,2022-01-17 21:44:59.999,20735919.62570220,17239,240.29467000,10029056.84534700
2022-01-17 21:45:00,41653.88000000,41793.26000000,41609.79000000,41724.20000000,308.84362000,2022-01-17 21:59:59.999,12873685.57050860,10120,160.78076000,6701855.29984470
2022-01-17 22:00:00,41724.19000000,41734.31000000,41613.52000000,41654.60000000,242.42820000,2022-01-17 22:14:59.999,10100634.73246120,8872,120.88085000,5036000.19540800
2022-01-17 22:15:00,41654.60000000,41815.41000000,41540.42000000,41806.30000000,448.10425000,2022-01-17 22:29:59.999,18678874.36018180,14780,233.64244000,9743638.50461750
2022-01-17 22:30:00,41806.30000000,42392.66000000,41800.88000000,42262.80000000,527.53157000,2022-01-17 22:44:59.999,22238275.58814120,20096,279.44074000,11777107.83683760
2022-01-17 22:45:00,42262.80000000,42262.80000000,42040.40000000,42077.19000000,317.59004000,2022-01-17 22:59:59.999,13382653.19550370,10268,134.46896000,5665951.21403750
2022-01-17 23:00:00,42077.18000000,42296.14000000,42049.38000000,42191.14000000,232.30416000,2022-01-17 23:14:59.999,9796655.77256680,7521,116.00201000,4892548.85486030
2022-01-17 23:15:00,42191.14000000,42236.00000000,42089.91000000,42162.97000000,190.41995000,2022-01-17 23:29:59.999,8028437.62025580,6071,86.81093000,3659644.64040880
2022-01-17 23:30:00,42162.97000000,42234.68000000,42127.07000000,42200.00000000,107.65541000,2022-01-17 23:44:59.999,4541179.55808200,5570,52.34940000,2208083.43531450
2022-01-17 23:45:00,42200.00000000,42245.56000000,42150.82000000,42201.62000000,138.54699000,2022-01-17 23:59:59.999,5849150.31091980,5540,59.48504000,2511101.84240000
2022-01-18 00:00:00,42201.63000000,42313.44000000,42129.97000000,42291.79000000,349.26736000,2022-01-18 00:14:59.999,14750688.45812900,10439,196.08786000,8281256.72526360
2022-01-18 00:15:00,42291.80000000,42404.83000000,42252.10000000,42268.98000000,303.48348000,2022-01-18 00:29:59.999,12843589.10801480,10014,141.20104000,5975343.78196470
2022-01-18 00:30:00,42268.98000000,42343.36000000,42224.84000000,42285.28000000,175.58423000,2022-01-18 00:44:59.999,7423730.79705590,6513,81.66104000,3452945.76743150
2022-01-18 00:45:00,42285.28000000,42418.00000000,42285.27000000,42361.80000000,303.40580000,2022-01-18 00:59:59.999,12853458.57723930,8211,146.49108000,6205345.51638210
2022-01-18 01:00:00,42361.80000000,42436.66000000,42283.04000000,42395.87000000,213.92085000,2022-01-18 01:14:59.999,9058640.35272280,6860,91.54488000,3876756.78203750
2022-01-18 01:15:00,42395.86000000,42402.65000000,42291.59000000,42325.49000000,279.23234000,2022-01-18 01:29:59.999,11822179.45473090,6531,113.32416000,4797289.09918860
2022-01-18 01:30:00,42325.49000000,42325.49000000,42230.16000000,42249.39000000,227.23383000,2022-01-18 01:44:59.999,9603985.53637070,6439,102.35351000,4325792.71982060
2022-01-18 01:45:00,42249.38000000,42275.00000000,42167.70000000,42260.90000000,367.84946000,2022-01-18 01:59:59.999,15531631.80954250,7890,191.43968000,8082405.35017680
2022-01-18 02:00:00,42260.90000000,42271.48000000,42192.90000000,42204.53000000,332.69839000,2022-01-18 02:14:59.999,14048775.94678550,10136,110.96965000,4685587.37593100
2022-01-18 02:15:00,42204.54000000,42232.44000000,42142.85000000,42162.66000000,247.49441000,2022-01-18 02:29:59.999,10442244.13012590,7296,99.89773000,4214454.43370860
2022-01-18 02:30:00,42162.66000000,42285.92000000,42161.19000000,42273.69000000,306.38070000,2022-01-18 02:44:59.999,12933747.49049070,8105,144.44470000,6097116.92810580
2022-01-18 02:45:00,42273.69000000,42302.19000000,42176.03000000,42272.03000000,279.70551000,2022-01-18 02:59:59.999,11814564.20231180,8869,113.20365000,4781422.49253770
2022-01-18 03:00:00,42272.04000000,42298.47000000,42213.25000000,42221.82000000,286.30374000,2022-01-18 03:14:59.999,12100830.46269950,9969,122.78610000,5189307.85649250
2022-01-18 03:15:00,42221.82000000,42221.82000000,42151.26000000,42173.40000000,218.87189000,2022-01-18 03:29:59.999,9233241.89351190,7557,71.08642000,2998659.98150710
2022-01-18 03:30:00,42173.41000000,42219.17000000,41989.50000000,42023.93000000,358.25047000,2022-01-18 03:44:59.999,15080027.10828080,10555,146.02647000,6148163.33034120
2022-01-18 03:45:00,42021.38000000,42080.00000000,41972.71000000,42040.54000000,300.67769000,2022-01-18 03:59:59.999,12636947.47937000,8303,130.89221000,5501108.51474750
2022-01-18 04:00:00,42040.53000000,42093.13000000,41983.32000000,42037.51000000,194.36774000,2022-01-18 04:14:59.999,8171091.22253320,6825,92.35895000,3882943.83333740
2022-01-18 04:15:00,42037.50000000,42067.50000000,41886.25000000,41970.20000000,627.27082000,2022-01-18 04:29:59.999,26317087.68448970,15023,278.47624000,11684265.79684930
2022-01-18 04:30:00,41970.20000000,42085.29000000,41914.83000000,42071.48000000,325.65715000,2022-01-18 04:44:59.999,13680239.83634380,8846,172.67916000,7253892.94165060
2022-01-18 04:45:00,42071.49000000,42099.19000000,42014.56000000,42033.75000000,293.00493000,2022-01-18 04:59:59.999,12322996.79076620,6956,136.66481000,5747789.18930130
2022-01-18 05:00:00,42033.75000000,42191.02000000,41980.00000000,42163.14000000,316.53001000,2022-01-18 05:14:59.999,13316976.07188580,8694,180.73528000,7604826.80330200
2022-01-18 05:15:00,42163.14000000,42176.99000000,42087.68000000,42143.17000000,229.35007000,2022-01-18 05:29:59.999,9660159.14053890,7294,111.06639000,4677788.67271860
2022-01-18 05:30:00,42143.17000000,42179.38000000,42083.48000000,42085.00000000,198.41030000,2022-01-18 05:44:59.999,8358076.34239130,6324,75.88818000,3196738.93608070
2022-01-18 05:45:00,42084.99000000,42165.65000000,42084.90000000,42097.25000000,242.54569000,2022-01-18 05:59:59.999,10216288.88589020,6806,98.65961000,4155151.34705860
2022-01-18 06:00:00,42097.25000000,42231.57000000,42097.25000000,42215.91000000,137.57491000,2022-01-18 06:14:59.999,5803602.23056560,6615,80.04351000,3376626.06319290
2022-01-18 06:15:00,42223.54000000,42280.00000000,42187.30000000,42279.99000000,134.39703000,2022-01-18 06:29:59.999,5675118.46352320,6000,71.38464000,3014450.86716150
2022-01-18 06:30:00,42280.00000000,42280.00000000,42229.70000000,42247.71000000,164.05686000,2022-01-18 06:44:59.999,6932298.63499280,6560,75.98176000,3210575.43204970
2022-01-18 06:45:00,42247.71000000,42337.30000000,42229.23000000,42236.07000000,183.14663000,2022-01-18 06:59:59.999,7744811.22482900,7585,105.76714000,4472740.04381870
2022-01-18 07:00:00,42236.07000000,42276.38000000,42117.52000000,42125.59000000,199.70941000,2022-01-18 07:14:59.999,8426552.58925690,6923,103.39855000,4362728.31669110
2022-01-18 07:15:00,42125.59000000,42178.37000000,41953.39000000,42018.39000000,350.06135000,2022-01-18 07:29:59.999,14721984.31004180,8556,174.49250000,7339674.53669800
2022-01-18 07:30:00,42018.40000000,42050.00000000,41951.14000000,41986.32000000,183.66566000,2022-01-18 07:44:59.999,7713209.92296140,7319,103.49230000,4346182.95549930
2022-01-18 07:45:00,41986.31000000,42070.00000000,41977.00000000,42061.94000000,355.36747000,2022-01-18 07:59:59.999,14938292.99015130,13625,247.50344000,10403932.81379190
2022-01-18 08:00:00,42065.42000000,42065.42000000,41750.00000000,41862.83000000,604.17057000,2022-01-18 08:14:59.999,25321015.20094710,18099,322.32284000,13513165.22660420
2022-01-18 08:15:00,41862.83000000,41944.46000000,41741.01000000,41760.71000000,531.54165000,2022-01-18 08:29:59.999,22236326.70354720,17355,303.66004000,12702672.98444650
2022-01-18 08:30:00,41760.71000000,41844.98000000,41722.08000000,41830.52000000,386.50363000,2022-01-18 08:44:59.999,16151919.98876370,10352,174.73339000,7301903.31614330
2022-01-18 08:45:00,41830.51000000,41857.08000000,41639.51000000,41718.73000000,480.81415000,2022-01-18 08:59:59.999,20074756.22367200,13718,217.18200000,9068118.32868770
2022-01-18 09:00:00,41718.73000000,41778.41000000,41629.29000000,41676.66000000,398.60785000,2022-01-18 09:14:59.999,16619685.18904360,12503,194.83936000,8123174.34664530
2022-01-18 09:15:00,41676.65000000,41820.00000000,41453.00000000,41799.29000000,975.31093000,2022-01-18 09:29:59.999,40594928.88353450,23809,407.14980000,16957824.93777060
2022-01-18 09:30:00,41799.30000000,41930.00000000,41752.67000000,41899.99000000,500.87531000,2022-01-18 09:44:59.999,20967808.66436890,12071,254.78090000,10664513.03716270
2022-01-18 09:45:00,41899.98000000,41990.93000000,41854.02000000,41903.48000000,269.11140000,2022-01-18 09:59:59.999,11282683.56115720,8385,135.13580000,5664987.61443480
2022-01-18 10:00:00,41903.48000000,42010.00000000,41829.21000000,41989.73000000,227.67257000,2022-01-18 10:14:59.999,9548686.35799630,7947,121.13235000,5080308.17850970
2022-01-18 10:15:00,41989.73000000,42024.18000000,41901.55000000,41959.99000000,168.25725000,2022-01-18 10:29:59.999,7058831.63796810,6421,88.98147000,3733117.79492520
2022-01-18 10:30:00,41959.99000000,42050.00000000,41950.00000000,42018.58000000,175.43664000,2022-01-18 10:44:59.999,7371481.72882450,6887,94.40357000,3966644.80341350
2022-01-18 10:45:00,42018.59000000,42050.00000000,41913.15000000,41924.72000000,204.10431000,2022-01-18 10:59:59.999,8566950.89042010,7024,109.21480000,4584114.92192430
2022-01-18 11:00:00,41924.73000000,41930.00000000,41759.97000000,41880.32000000,326.89456000,2022-01-18 11:14:59.999,13685544.91295530,9254,141.51967000,5925386.70897020
2022-01-18 11:15:00,41880.33000000,41900.00000000,41733.44000000,41817.73000000,254.98499000,2022-01-18 11:29:59.999,10658445.59929800,8239,122.57736000,5123642.16343100
2022-01-18 11:30:00,41817.74000000,41849.82000000,41694.54000000,41748.04000000,271.88737000,2022-01-18 11:44:59.999,11347665.84748290,8976,137.35583000,5732882.22907500
2022-01-18 11:45:00,41748.04000000,41896.09000000,41706.30000000,41854.14000000,247.10319000,2022-01-18 11:59:59.999,10325773.17593080,8088,119.19140000,4981764.24759710
2022-01-18 12:00:00,41854.13000000,41950.00000000,41742.09000000,41762.01000000,201.33482000,2022-01-18 12:14:59.999,8427678.27651800,7833,98.86090000,4138535.18853910
2022-01-18 12:15:00,41762.02000000,41770.57000000,41652.00000000,41749.34000000,299.75413000,2022-01-18 12:29:59.999,12500988.77950900,9489,152.36706000,6354661.89642710
2022-01-18 12:30:00,41749.34000000,41798.46000000,41663.75000000,41669.01000000,169.50728000,2022-01-18 12:44:59.999,7074575.76245390,7266,82.73849000,3453266.85246200
2022-01-18 12:45:00,41669.00000000,41814.44000000,41628.29000000,41807.52000000,196.18180000,2022-01-18 12:59:59.999,8186998.95549880,7800,110.13193000,4597142.69388850
2022-01-18 13:00:00,41807.52000000,41842.84000000,41611.33000000,41645.37000000,194.82501000,2022-01-18 13:14:59.999,8125255.26595950,7726,76.65783000,3196721.04394430
2022-01-18 13:15:00,41645.36000000,41645.37000000,41400.00000000,41436.81000000,526.30632000,2022-01-18 13:29:59.999,21848299.78505170,16150,226.19688000,9389506.72583370
2022-01-18 13:30:00,41436.82000000,41627.64000000,41417.67000000,41478.30000000,399.96024000,2022-01-18 13:44:59.999,16599891.78485570,10935,218.70766000,9077783.10023390
2022-01-18 13:45:00,41478.30000000,41679.99000000,41432.73000000,41654.09000000,369.02236000,2022-01-18 13:59:59.999,15344241.65537870,11761,196.30963000,8165117.60072130
2022-01-18 14:00:00,41654.10000000,41689.39000000,41513.92000000,41521.32000000,277.63762000,2022-01-18 14:14:59.999,11544576.59337920,10650,155.78534000,6477504.94399570
2022-01-18 14:15:00,41521.32000000,41584.38000000,41344.96000000,41511.99000000,412.63611000,2022-01-18 14:29:59.999,17107680.79674170,13430,199.81696000,8285384.37609260
2022-01-18 14:30:00,41511.99000000,41680.00000000,41283.58000000,41591.47000000,808.82271000,2022-01-18 14:44:59.999,33517433.45216550,20794,431.77672000,17895255.03749610
2022-01-18 14:45:00,41591.47000000,41633.69000000,41250.00000000,41449.34000000,560.11950000,2022-01-18 14:59:59.999,23192070.39850730,15256,268.93555000,11134316.12572840
2022-01-18 15:00:00,41449.34000000,41742.98000000,41320.81000000,41573.39000000,745.18985000,2022-01-18 15:14:59.999,30967967.01907550,16372,397.48118000,16523865.08404390
2022-01-18 15:15:00,41573.38000000,41798.57000000,41513.97000000,41793.51000000,506.49016000,2022-01-18 15:29:59.999,21104409.33891850,13294,310.30000000,12931136.56362590
2022-01-18 15:30:00,41793.51000000,41842.96000000,41634.98000000,41766.51000000,375.24336000,2022-01-18 15:44:59.999,15661677.18307650,10984,172.91239000,7217303.64866690
2022-01-18 15:45:00,41766.52000000,41790.55000000,41538.99000000,41587.27000000,237.58280000,2022-01-18 15:59:59.999,9897084.58299860,8889,115.89460000,4828003.89620790
2022-01-18 16:00:00,41587.26000000,41674.61000000,41482.56000000,41522.48000000,366.76578000,2022-01-18 16:14:59.999,15239820.10339940,11925,162.22751000,6742079.98871840
2022-01-18 16:15:00,41522.49000000,41642.51000000,41522.48000000,41552.43000000,199.14754000,2022-01-18 16:29:59.999,8280052.35285720,8160,106.60448000,4432147.34143370
2022-01-18 16:30:00,41552.43000000,41714.98000000,41381.66000000,41708.63000000,367.26224000,2022-01-18 16:44:59.999,15251792.55875330,10821,207.07452000,8600721.78570990
2022-01-18 16:45:00,41708.62000000,41799.08000000,41677.86000000,41706.66000000,315.36098000,2022-01-18 16:59:59.999,13159444.70734850,9547,153.02408000,6386052.97482290
2022-01-18 17:00:00,41710.84000000,41731.45000000,41500.00000000,41613.79000000,247.94067000,2022-01-18 17:14:59.999,10308215.74175500,8932,115.42628000,4798361.48400630
2022-01-18 17:15:00,41613.79000000,41737.38000000,41566.01000000,41580.01000000,224.68146000,2022-01-18 17:29:59.999,9358744.21074520,8013,112.24548000,4675213.02356820
2022-01-18 17:30:00,41580.00000000,41637.22000000,41486.11000000,41622.71000000,223.00410000,2022-01-18 17:44:59.999,9266025.03003930,8302,98.10390000,4076738.59766620
2022-01-18 17:45:00,41619.54000000,41627.77000000,41470.00000000,41489.04000000,210.52638000,2022-01-18 17:59:59.999,8740279.66673350,8294,99.82918000,4144666.06476370
2022-01-18 18:00:00,41489.04000000,41546.48000000,41385.79000000,41502.99000000,355.49637000,2022-01-18 18:14:59.999,14732398.84571720,12128,191.60563000,7940751.66854370
2022-01-18 18:15:00,41503.00000000,41573.32000000,41400.00000000,41444.04000000,170.38115000,2022-01-18 18:29:59.999,7066940.50811190,6795,90.19005000,3741130.60679150
2022-01-18 18:30:00,41444.04000000,41561.97000000,41400.00000000,41556.49000000,172.79667000,2022-01-18 18:44:59.999,7167486.22065670,7566,91.55964000,3797905.77955280
2022-01-18 18:45:00,41556.49000000,41672.01000000,41502.90000000,41607.37000000,230.33233000,2022-01-18 18:59:59.999,9576790.03221120,6922,110.17663000,4581235.76923090
2022-01-18 19:00:00,41607.36000000,41683.88000000,41585.00000000,41634.99000000,185.15504000,2022-01-18 19:14:59.999,7711645.73663580,6621,107.91393000,4494658.91673490
2022-01-18 19:15:00,41635.00000000,41699.98000000,41617.61000000,41631.73000000,153.74302000,2022-01-18 19:29:59.999,6405018.84401170,6284,71.39407000,2974136.80042650
2022-01-18 19:30:00,41631.73000000,41750.00000000,41624.73000000,41683.58000000,184.35220000,2022-01-18 19:44:59.999,7689071.09835110,6260,107.64779000,4489849.35408900
2022-01-18 19:45:00,41683.58000000,41770.80000000,41658.51000000,41699.61000000,160.49827000,2022-01-18 19:59:59.999,6696248.98566160,6175,83.54091000,3485337.33841530
2022-01-18 20:00:00,41695.59000000,41746.55000000,41633.96000000,41688.01000000,183.63478000,2022-01-18 20:14:59.999,7655989.44488460,6195,87.81801000,3661038.01937810
2022-01-18 20:15:00,41688.02000000,41697.99000000,41526.84000000,41628.04000000,143.92660000,2022-01-18 20:29:59.999,5986275.43496070,6137,59.10899000,2458698.07539050
2022-01-18 20:30:00,41628.04000000,41628.04000000,41501.37000000,41501.37000000,118.37119000,2022-01-18 20:44:59.999,4920568.53915980,5772,55.57648000,2310517.39711560
2022-01-18 20:45:00,41501.38000000,41784.97000000,41500.99000000,41784.27000000,283.11389000,2022-01-18 20:59:59.999,11787741.24104920,7210,145.03738000,6039773.31424730
2022-01-18 21:00:00,41784.97000000,41986.00000000,41715.20000000,41960.95000000,358.10368000,2022-01-18 21:14:59.999,14991436.00742840,10658,207.81873000,8700859.90563450
2022-01-18 21:15:00,41960.94000000,42290.00000000,41952.97000000,42269.04000000,723.04391000,2022-01-18 21:29:59.999,30439274.19876720,17992,417.84434000,17590863.47745270
2022-01-18 21:30:00,42269.03000000,42454.69000000,42265.00000000,42383.92000000,582.18472000,2022-01-18 21:44:59.999,24662412.92000430,15392,309.80326000,13125109.06336530
2022-01-18 21:45:00,42383.93000000,42484.08000000,42310.52000000,42369.92000000,344.46244000,2022-01-18 21:59:59.999,14602177.93835570,9701,163.67366000,6938766.37569130
2022-01-18 22:00:00,42369.92000000,42399.99000000,42229.35000000,42345.42000000,294.72449000,2022-01-18 22:14:59.999,12471151.56288680,9607,130.54399000,5523744.86385220
2022-01-18 22:15:00,42345.42000000,42385.31000000,42279.99000000,42385.23000000,192.85084000,2022-01-18 22:29:59.999,8167468.90145170,7634,93.83065000,3973571.85405630
2022-01-18 22:30:00,42385.24000000,42691.00000000,42331.24000000,42489.79000000,360.91418000,2022-01-18 22:44:59.999,15333232.92688780,14141,237.68155000,10100674.92903510
2022-01-18 22:45:00,42491.54000000,42588.60000000,42417.94000000,42480.96000000,210.43482000,2022-01-18 22:59:59.999,8946208.08297670,6879,81.26704000,3453227.41906050
2022-01-18 23:00:00,42480.96000000,42560.91000000,42437.94000000,42505.64000000,244.35282000,2022-01-18 23:14:59.999,10390008.21396560,6571,118.19747000,5025489.23089220
2022-01-18 23:15:00,42505.64000000,42519.66000000,42433.15000000,42484.55000000,188.95351000,2022-01-18 23:29:59.999,8025192.10954900,6028,94.24762000,4002843.41402190
2022-01-18 23:30:00,42487.89000000,42499.51000000,42334.88000000,42436.12000000,217.61867000,2022-01-18 23:44:59.999,9229635.06612450,6191,97.81074000,4148123.96843650
2022-01-18 23:45:00,42436.11000000,42447.93000000,42337.86000000,42352.12000000,120.58121000,2022-01-18 23:59:59.999,5110536.82346380,4813,47.94338000,2031674.99253520
2022-01-19 00:00:00,42352.12000000,42410.96000000,42255.75000000,42306.55000000,260.19609000,2022-01-19 00:14:59.999,11009098.29423310,7572,120.43012000,5095524.85648310
2022-01-19 00:15:00,42306.55000000,42482.51000000,42246.11000000,42454.90000000,189.26350000,2022-01-19 00:29:59.999,8012610.81446090,6043,106.16759000,4494527.59633980
2022-01-19 00:30:00,42454.90000000,42467.35000000,42188.49000000,42203.99000000,280.57919000,2022-01-19 00:44:59.999,11867612.08337800,7820,113.33218000,4793353.70974490
2022-01-19 00:45:00,42203.99000000,42314.29000000,42163.02000000,42252.73000000,165.68331000,2022-01-19 00:59:59.999,6999008.80328950,5779,80.48428000,3399627.14900780
2022-01-19 01:00:00,42246.51000000,42386.36000000,42246.32000000,42372.73000000,148.56466000,2022-01-19 01:14:59.999,6286001.02809490,5315,81.47959000,3447611.08418760
2022-01-19 01:15:00,42372.73000000,42428.81000000,42343.70000000,42419.53000000,184.68764000,2022-01-19 01:29:59.999,7828606.03519510,5080,85.59813000,3628315.54365690
2022-01-19 01:30:00,42419.53000000,42453.44000000,42329.80000000,42352.74000000,291.45108000,2022-01-19 01:44:59.999,12356310.16590450,6256,122.16511000,5178633.51969620
2022-01-19 01:45:00,42352.75000000,42458.87000000,42352.74000000,42420.18000000,262.92570000,2022-01-19 01:59:59.999,11150421.29145130,6203,134.42923000,5700843.79942590
2022-01-19 02:00:00,42420.17000000,42459.57000000,42371.76000000,42437.14000000,256.25994000,2022-01-19 02:14:59.999,10870805.76727590,6519,119.89730000,5086475.35952780
2022-01-19 02:15:00,42437.14000000,42500.00000000,42386.23000000,42386.25000000,156.48611000,2022-01-19 02:29:59.999,6641833.66433850,6039,72.26457000,3067342.26558080
2022-01-19 02:30:00,42386.25000000,42416.91000000,42338.06000000,42352.11000000,95.72310000,2022-01-19 02:44:59.999,4056567.86119630,5122,45.96132000,1947854.57610920
2022-01-19 02:45:00,42352.11000000,42352.11000000,42291.31000000,42333.81000000,168.54462000,2022-01-19 02:59:59.999,7132063.26378280,5700,79.32136000,3356300.99131280
2022-01-19 03:00:00,42340.23000000,42341.56000000,42240.36000000,42271.51000000,118.90242000,2022-01-19 03:14:59.999,5027680.51047970,6072,58.73519000,2483444.08911910
2022-01-19 03:15:00,42271.52000000,42328.53000000,42231.06000000,42255.73000000,221.58440000,2022-01-19 03:29:59.999,9365729.77094540,6097,84.40735000,3567529.41145390
2022-01-19 03:30:00,42254.52000000,42295.73000000,41800.00000000,41824.24000000,822.71505000,2022-01-19 03:44:59.999,34536456.83881830,18910,335.69549000,14092627.38863490
2022-01-19 03:45:00,41824.23000000,41981.83000000,41582.99000000,41706.41000000,914.82922000,2022-01-19 03:59:59.999,38195768.41255870,20294,507.68880000,21198358.68815910
2022-01-19 04:00:00,41706.41000000,41807.97000000,41587.53000000,41612.38000000,394.92350000,2022-01-19 04:14:59.999,16463767.55225760,10124,194.99080000,8129384.77083330
2022-01-19 04:15:00,41612.37000000,41735.46000000,41609.39000000,41668.20000000,385.71854000,2022-01-19 04:29:59.999,16069275.49312530,9814,226.32005000,9427960.50145970
2022-01-19 04:30:00,41668.19000000,41741.19000000,41639.66000000,41702.28000000,258.19054000,2022-01-19 04:44:59.999,10765138.49740010,6121,120.97742000,5044107.65971020
2022-01-19 04:45:00,41702.27000000,41770.48000000,41671.47000000,41712.02000000,134.60368000,2022-01-19 04:59:59.999,5615025.99706940,5313,71.01033000,2962331.78927820
2022-01-19 05:00:00,41712.01000000,41809.72000000,41689.21000000,41787.00000000,145.41595000,2022-01-19 05:14:59.999,6073737.23665300,5827,70.35673000,2938842.30455440
2022-01-19 05:15:00,41787.00000000,41797.43000000,41721.10000000,41770.19000000,232.08043000,2022-01-19 05:29:59.999,9692850.11897390,5765,82.27175000,3435899.83283150
2022-01-19 05:30:00,41770.19000000,41797.44000000,41700.00000000,41700.00000000,275.10705000,2022-01-19 05:44:59.999,11482094.03460550,6474,126.14507000,5264647.15546350
2022-01-19 05:45:00,41700.01000000,41765.99000000,41651.09000000,41762.55000000,302.14890000,2022-01-19 05:59:59.999,12601010.26066340,6627,130.08107000,5425136.80084910
2022-01-19 06:00:00,41765.99000000,41833.70000000,41674.98000000,41820.83000000,228.97696000,2022-01-19 06:14:59.999,9564482.59060170,6305,83.48990000,3486381.73886700
2022-01-19 06:15:00,41820.83000000,41849.94000000,41730.98000000,41735.35000000,195.38172000,2022-01-19 06:29:59.999,8168841.13204450,5903,90.50712000,3784089.81603590
2022-01-19 06:30:00,41735.34000000,41827.62000000,41707.63000000,41774.40000000,169.18262000,2022-01-19 06:44:59.999,7062924.52992390,5761,87.67915000,3660167.46066660
2022-01-19 06:45:00,41774.40000000,41822.32000000,41693.53000000,41710.59000000,119.54713000,2022-01-19 06:59:59.999,4991840.48392200,5507,52.04041000,2173117.65004350
2022-01-19 07:00:00,41710.59000000,41710.59000000,41380.00000000,41433.26000000,522.67871000,2022-01-19 07:14:59.999,21705126.22407120,17887,232.93569000,9672171.18756040
2022-01-19 07:15:00,41433.26000000,41433.27000000,41263.21000000,41349.76000000,445.31046000,2022-01-19 07:29:59.999,18402374.53083890,14006,193.37541000,7991311.39336980
2022-01-19 07:30:00,41349.75000000,41368.82000000,41223.00000000,41253.78000000,563.95434000,2022-01-19 07:44:59.999,23284345.01320040,12438,222.38056000,9183623.28785560
2022-01-19 07:45:00,41253.78000000,41344.21000000,41161.20000000,41287.10000000,464.26969000,2022-01-19 07:59:59.999,19144312.24650280,12817,240.55303000,9920297.64997280
2022-01-19 08:00:00,41287.10000000,41371.12000000,41185.86000000,41331.87000000,462.64365000,2022-01-19 08:14:59.999,19087529.38993950,12098,218.66433000,9022797.16519530
2022-01-19 08:15:00,41335.02000000,41388.61000000,41240.00000000,41252.92000000,284.78124000,2022-01-19 08:29:59.999,11766261.95026860,9699,131.45788000,5431260.42646710
2022-01-19 08:30:00,41252.91000000,41322.75000000,41138.56000000,41304.79000000,577.54754000,2022-01-19 08:44:59.999,23808086.42835210,15128,358.81023000,14792251.56144680
2022-01-19 08:45:00,41304.79000000,41400.00000000,41247.84000000,41368.68000000,279.65268000,2022-01-19 08:59:59.999,11561006.43227960,8732,119.51471000,4941224.85945560
2022-01-19 09:00:00,41368.68000000,41542.01000000,41324.67000000,41485.54000000,378.53936000,2022-01-19 09:14:59.999,15695248.70159820,10680,207.38081000,8598413.74350220
2022-01-19 09:15:00,41485.54000000,41579.61000000,41458.66000000,41471.54000000,322.32171000,2022-01-19 09:29:59.999,13388232.22141810,7952,144.64312000,6007288.66293180
2022-01-19 09:30:00,41471.55000000,41590.00000000,41430.46000000,41533.48000000,229.74258000,2022-01-19 09:44:59.999,9532412.58272000,7525,132.71793000,5506798.61464070
2022-01-19 09:45:00,41533.49000000,41672.39000000,41495.12000000,41573.59000000,318.30945000,2022-01-19 09:59:59.999,13235762.24035600,9237,177.21548000,7368938.49849460
2022-01-19 10:00:00,41573.59000000,41616.52000000,41438.09000000,41454.74000000,272.12757000,2022-01-19 10:14:59.999,11300331.53339400,7570,101.89169000,4230754.75709310
2022-01-19 10:15:00,41454.75000000,41541.87000000,41431.58000000,41498.43000000,214.22399000,2022-01-19 10:29:59.999,8885805.08234530,7138,100.10913000,4152042.31314230
2022-01-19 10:30:00,41498.43000000,41534.66000000,41300.00000000,41388.47000000,588.80880000,2022-01-19 10:44:59.999,24388927.43908400,10566,325.41489000,13478223.22931450
2022-01-19 10:45:00,41386.34000000,41509.07000000,41290.00000000,41505.53000000,273.68670000,2022-01-19 10:59:59.999,11330354.63720090,9912,141.78493000,5870361.07479160
2022-01-19 11:00:00,41509.06000000,42158.00000000,41498.42000000,42061.04000000,1201.44299000,2022-01-19 11:14:59.999,50274897.55266610,25427,657.10288000,27493008.58091510
2022-01-19 11:15:00,42061.03000000,42178.48000000,41841.94000000,41900.00000000,567.16565000,2022-01-19 11:29:59.999,23811349.38851450,13982,285.16021000,11972489.79263730
2022-01-19 11:30:00,41900.08000000,42074.39000000,41860.17000000,41990.00000000,249.68443000,2022-01-19 11:44:59.999,10477814.07608960,9130,132.68905000,5568285.28046160
2022-01-19 11:45:00,41990.01000000,42048.54000000,41932.00000000,42033.00000000,264.88539000,2022-01-19 11:59:59.999,11119754.32727430,8464,105.95380000,4447731.31663150
2022-01-19 12:00:00,42033.00000000,42272.71000000,42029.36000000,42081.27000000,513.51234000,2022-01-19 12:14:59.999,21647639.60209820,14440,253.77061000,10697746.47168830
2022-01-19 12:15:00,42081.26000000,42169.00000000,42040.37000000,42162.88000000,240.43516000,2022-01-19 12:29:59.999,10118999.96056990,8371,136.41234000,5740742.96824870
2022-01-19 12:30:00,42162.89000000,42170.00000000,41964.98000000,41990.01000000,260.88359000,2022-01-19 12:44:59.999,10974210.86172790,8718,107.80843000,4534558.52673550
2022-01-19 12:45:00,41990.01000000,42147.30000000,41893.62000000,42094.99000000,311.45723000,2022-01-19 12:59:59.999,13095461.34569070,9312,143.25472000,6024718.64587940
2022-01-19 13:00:00,42094.99000000,42332.07000000,42081.66000000,42283.14000000,495.16817000,2022-01-19 13:14:59.999,20910205.06705500,13496,226.29489000,9556653.60986150
2022-01-19 13:15:00,42283.14000000,42299.50000000,42153.32000000,42230.99000000,354.32139000,2022-01-19 13:29:59.999,14956035.31182420,11901,147.12818000,6210088.45659070
2022-01-19 13:30:00,42230.99000000,42272.28000000,42103.19000000,42117.33000000,243.40790000,2022-01-19 13:44:59.999,10261543.28188230,8764,107.23088000,4521069.62733780
2022-01-19 13:45:00,42117.33000000,42218.36000000,42000.00000000,42191.85000000,492.27297000,2022-01-19 13:59:59.999,20732695.32758940,10808,275.95626000,11622549.43477320
2022-01-19 14:00:00,42191.85000000,42299.99000000,42057.19000000,42110.63000000,297.81805000,2022-01-19 14:14:59.999,12558854.34374350,10168,166.78433000,7033498.88872150
2022-01-19 14:15:00,42110.63000000,42219.99000000,42082.25000000,42201.59000000,191.60886000,2022-01-19 14:29:59.999,8077011.12582750,8031,105.60601000,4451794.05879210
2022-01-19 14:30:00,42201.59000000,42548.39000000,42174.71000000,42476.72000000,1094.20598000,2022-01-19 14:44:59.999,46383366.62641970,21486,632.12599000,26799996.93321760
2022-01-19 14:45:00,42476.72000000,42559.13000000,42328.93000000,42495.38000000,632.28554000,2022-01-19 14:59:59.999,26843863.73844380,15674,336.16119000,14273032.51180850
2022-01-19 15:00:00,42495.38000000,42532.65000000,42354.12000000,42433.00000000,469.40508000,2022-01-19 15:14:59.999,19918963.03613040,14043,233.39300000,9904881.53970820
2022-01-19 15:15:00,42432.99000000,42443.90000000,42190.00000000,42199.13000000,469.45157000,2022-01-19 15:29:59.999,19857531.78885650,14394,204.32784000,8643395.65680500
2022-01-19 15:30:00,42199.13000000,42238.97000000,41903.38000000,41909.29000000,715.23719000,2022-01-19 15:44:59.999,30067186.19891770,17933,327.34177000,13762790.95701870
2022-01-19 15:45:00,41909.30000000,42040.09000000,41832.13000000,41981.27000000,437.23205000,2022-01-19 15:59:59.999,18337354.74051240,15347,243.05096000,10195542.88854370
2022-01-19 16:00:00,41981.27000000,42052.48000000,41697.46000000,41742.38000000,686.52571000,2022-01-19 16:14:59.999,28725497.59949460,17963,305.74443000,12792680.84377450
2022-01-19 16:15:00,41742.39000000,41862.77000000,41699.03000000,41849.09000000,345.15314000,2022-01-19 16:29:59.999,14419811.47338120,12471,177.97224000,7435599.69127860
2022-01-19 16:30:00,41849.09000000,41959.53000000,41720.01000000,41794.00000000,281.20177000,2022-01-19 16:44:59.999,11755370.55868260,12581,133.28631000,5572460.13635890
2022-01-19 16:45:00,41794.00000000,41939.51000000,41771.69000000,41912.76000000,207.04011000,2022-01-19 16:59:59.999,8667624.81046840,9708,99.74835000,4176102.18053810
2022-01-19 17:00:00,41912.77000000,42332.02000000,41900.84000000,42332.01000000,1228.22733000,2022-01-19 17:14:59.999,51805272.07239270,21655,813.88142000,34326863.34281540
2022-01-19 17:15:00,42332.01000000,42355.90000000,42174.65000000,42239.36000000,272.99066000,2022-01-19 17:29:59.999,11528411.13291390,9340,132.60026000,5599988.55978990
2022-01-19 17:30:00,42239.35000000,42278.52000000,41961.88000000,42005.00000000,304.27997000,2022-01-19 17:44:59.999,12809825.55049340,10471,145.28634000,6115662.27654940
2022-01-19 17:45:00,42005.01000000,42219.02000000,41950.82000000,42151.01000000,372.22771000,2022-01-19 17:59:59.999,15669201.41760850,10939,191.74437000,8069638.86399230
2022-01-19 18:00:00,42151.00000000,42221.29000000,42049.13000000,42208.11000000,219.50055000,2022-01-19 18:14:59.999,9244251.88991510,8962,125.82425000,5299672.63572150
2022-01-19 18:15:00,42208.12000000,42235.04000000,42000.34000000,42007.28000000,238.73126000,2022-01-19 18:29:59.999,10062855.99812740,7840,98.69047000,4159516.16094390
2022-01-19 18:30:00,42007.28000000,42020.60000000,41876.58000000,41996.00000000,296.89148000,2022-01-19 18:44:59.999,12449582.28866460,9375,161.75526000,6782748.22095950
2022-01-19 18:45:00,41996.00000000,42058.78000000,41935.18000000,42005.00000000,153.11871000,2022-01-19 18:59:59.999,6430514.64193510,6369,73.57394000,3090052.59479090
2022-01-19 19:00:00,42005.00000000,42049.36000000,41746.23000000,41798.01000000,358.80888000,2022-01-19 19:14:59.999,15012118.46205990,11724,166.02681000,6947626.69712500
2022-01-19 19:15:00,41798.00000000,41867.04000000,41750.82000000,41776.69000000,166.01537000,2022-01-19 19:29:59.999,6940263.86939350,7752,85.47527000,3573361.73198450
2022-01-19 19:30:00,41776.69000000,41911.99000000,41750.13000000,41897.72000000,164.57557000,2022-01-19 19:44:59.999,6880634.70949990,7351,86.30610000,3608378.80056890
2022-01-19 19:45:00,41896.99000000,41919.99000000,41753.80000000,41873.79000000,162.05329000,2022-01-19 19:59:59.999,6779513.03171120,7201,86.06541000,3600816.42804160
2022-01-19 20:00:00,41872.45000000,41961.51000000,41780.00000000,41922.18000000,139.96425000,2022-01-19 20:14:59.999,5856602.05066850,6794,63.40637000,2653446.96353430
2022-01-19 20:15:00,41922.27000000,41944.26000000,41709.36000000,41712.04000000,173.98158000,2022-01-19 20:29:59.999,7275848.88192610,6779,79.35179000,3318791.62438950
2022-01-19 20:30:00,41712.04000000,41715.99000000,41548.00000000,41680.99000000,452.05652000,2022-01-19 20:44:59.999,18823604.24363560,11301,188.52192000,7851023.03817500
2022-01-19 20:45:00,41680.99000000,41717.24000000,41553.29000000,41631.40000000,297.82414000,2022-01-19 20:59:59.999,12395299.32902260,9980,162.58892000,6766944.26269710
2022-01-19 21:00:00,41629.35000000,41841.07000000,41627.25000000,41709.25000000,349.52378000,2022-01-19 21:14:59.999,14586909.21732620,10992,173.33184000,7233869.28742920
2022-01-19 21:15:00,41709.25000000,41775.51000000,41655.80000000,41775.51000000,204.75815000,2022-01-19 21:29:59.999,8542228.71881580,7810,77.17196000,3219415.51552320
2022-01-19 21:30:00,41775.51000000,41793.00000000,41687.36000000,41769.69000000,107.05262000,2022-01-19 21:44:59.999,4468735.09456880,6627,39.90148000,1665625.68622640
2022-01-19 21:45:00,41769.68000000,41793.00000000,41703.70000000,41712.22000000,133.52061000,2022-01-19 21:59:59.999,5573573.33590380,6919,49.79568000,2078634.86474670
2022-01-19 22:00:00,41712.22000000,41779.34000000,41637.63000000,41771.99000000,197.39091000,2022-01-19 22:14:59.999,8233808.75984360,7688,94.92240000,3959325.22891620
2022-01-19 22:15:00,41771.98000000,41920.43000000,41771.98000000,41887.54000000,220.45363000,2022-01-19 22:29:59.999,9227591.47248230,7390,100.51113000,4207453.37714060
2022-01-19 22:30:00,41887.53000000,41975.00000000,41875.92000000,41969.56000000,141.56315000,2022-01-19 22:44:59.999,5934689.03094880,5303,49.77823000,2087107.33666130
2022-01-19 22:45:00,41969.55000000,41993.98000000,41879.38000000,41976.88000000,143.75871000,2022-01-19 22:59:59.999,6030171.57631850,4922,68.79068000,2885934.82785810
2022-01-19 23:00:00,41976.89000000,41989.42000000,41861.43000000,41887.55000000,161.21052000,2022-01-19 23:14:59.999,6756720.56786200,5345,42.00727000,1760705.40825740
2022-01-19 23:15:00,41887.55000000,41918.98000000,41779.30000000,41797.18000000,127.23344000,2022-01-19 23:29:59.999,5322810.12694730,5022,48.04292000,2009963.01380320
2022-01-19 23:30:00,41795.00000000,41888.87000000,41777.76000000,41805.01000000,120.58776000,2022-01-19 23:44:59.999,5045041.86384480,4838,53.52046000,2238732.59869250
2022-01-19 23:45:00,41805.02000000,41806.59000000,41635.24000000,41660.01000000,177.34726000,2022-01-19 23:59:59.999,7395658.49532670,7480,67.78819000,2826687.39257950
2022-01-20 00:00:00,41660.00000000,41787.75000000,41639.88000000,41751.51000000,256.67278000,2022-01-20 00:14:59.999,10707140.27878250,8332,139.73660000,5829073.98175560
2022-01-20 00:15:00,41751.52000000,41860.55000000,41742.84000000,41771.35000000,142.67514000,2022-01-20 00:29:59.999,5964262.00406150,5653,56.01120000,2341529.35988530
2022-01-20 00:30:00,41771.35000000,41859.60000000,41755.14000000,41790.65000000,121.81239000,2022-01-20 00:44:59.999,5092438.49010060,5069,57.48694000,2403521.20906110
2022-01-20 00:45:00,41790.65000000,41840.21000000,41726.85000000,41828.24000000,204.34521000,2022-01-20 00:59:59.999,8538094.96115300,6066,82.14097000,3432283.67103670
2022-01-20 01:00:00,41828.23000000,41877.55000000,41750.00000000,41796.16000000,193.97020000,2022-01-20 01:14:59.999,8112543.04844770,6232,75.36017000,3151720.62598540
2022-01-20 01:15:00,41796.16000000,41829.04000000,41668.59000000,41699.99000000,273.49678000,2022-01-20 01:29:59.999,11417799.16404540,10434,141.93441000,5925759.19964770
2022-01-20 01:30:00,41699.99000000,41793.96000000,41655.82000000,41779.00000000,251.00778000,2022-01-20 01:44:59.999,10468685.19339780,8346,135.12418000,5635718.32193970
2022-01-20 01:45:00,41779.00000000,41819.50000000,41718.51000000,41769.99000000,164.86614000,2022-01-20 01:59:59.999,6886799.47738820,5730,73.21861000,3058429.77995900
2022-01-20 02:00:00,41770.00000000,41960.10000000,41766.69000000,41920.01000000,264.81232000,2022-01-20 02:14:59.999,11093802.82849400,8379,138.47853000,5798692.76874450
2022-01-20 02:15:00,41920.01000000,41982.78000000,41829.52000000,41947.05000000,196.19411000,2022-01-20 02:29:59.999,8222411.56834000,6831,126.50636000,5302822.15466800
2022-01-20 02:30:00,41947.05000000,42068.91000000,41918.78000000,42002.53000000,276.40308000,2022-01-20 02:44:59.999,11610601.03002940,9225,139.89262000,5875656.98926070
2022-01-20 02:45:00,42002.53000000,42050.00000000,41962.50000000,41983.27000000,125.57454000,2022-01-20 02:59:59.999,5275033.41824010,6217,56.26932000,2363739.99890770
2022-01-20 03:00:00,41983.26000000,42082.26000000,41959.99000000,41996.67000000,139.35491000,2022-01-20 03:14:59.999,5854905.69331790,7042,59.05695000,2481270.48074070
2022-01-20 03:15:00,41996.67000000,42039.95000000,41941.06000000,41943.00000000,119.99631000,2022-01-20 03:29:59.999,5037295.26721640,5469,55.32806000,2322349.49247940
2022-01-20 03:30:00,41943.00000000,41970.29000000,41880.07000000,41918.36000000,245.23303000,2022-01-20 03:44:59.999,10277425.03570310,6740,88.17462000,3695187.02728240
2022-01-20 03:45:00,41918.36000000,41958.72000000,41892.69000000,41924.97000000,264.52830000,2022-01-20 03:59:59.999,11090335.36239980,7571,119.35946000,5004020.74131140
2022-01-20 04:00:00,41924.97000000,41989.30000000,41892.72000000,41895.54000000,209.76146000,2022-01-20 04:14:59.999,8796776.21215850,7084,109.22068000,4580188.50406820
2022-01-20 04:15:00,41895.55000000,41927.10000000,41869.03000000,41882.71000000,165.47538000,2022-01-20 04:29:59.999,6932345.66385690,6771,80.61171000,3377082.18556290
2022-01-20 04:30:00,41882.71000000,41963.09000000,41861.02000000,41881.08000000,192.56243000,2022-01-20 04:44:59.999,8068926.65724750,6816,85.99230000,3603302.19956660
2022-01-20 04:45:00,41881.09000000,41939.92000000,41863.04000000,41884.17000000,212.93853000,2022-01-20 04:59:59.999,8921496.72134610,6631,89.30301000,3741467.07555760
2022-01-20 05:00:00,41884.17000000,41948.96000000,41870.03000000,41874.64000000,183.11489000,2022-01-20 05:14:59.999,7672362.85791380,7232,83.47582000,3497427.77551570
2022-01-20 05:15:00,41874.63000000,41935.22000000,41768.48000000,41797.39000000,281.06547000,2022-01-20 05:29:59.999,11759784.96011340,8828,135.35443000,5662566.04038660
2022-01-20 05:30:00,41797.39000000,41879.98000000,41780.24000000,41844.01000000,183.48058000,2022-01-20 05:44:59.999,7675980.00072970,7197,84.88170000,3550916.99772040
2022-01-20 05:45:00,41844.00000000,41893.04000000,41794.51000000,41879.20000000,298.82477000,2022-01-20 05:59:59.999,12504208.27127490,9237,130.78942000,5472864.83472150
2022-01-20 06:00:00,41879.19000000,41986.38000000,41871.10000000,41949.99000000,245.02134000,2022-01-20 06:14:59.999,10275588.90354580,7063,107.65133000,4514480.34485500
2022-01-20 06:15:00,41949.99000000,42050.00000000,41901.59000000,42041.57000000,288.62106000,2022-01-20 06:29:59.999,12118657.90540140,7034,174.33109000,7319202.76193080
2022-01-20 06:30:00,42041.58000000,42050.19000000,41985.01000000,42036.96000000,459.63289000,2022-01-20 06:44:59.999,19316903.48046320,7952,189.17344000,7950480.31871080
2022-01-20 06:45:00,42036.95000000,42052.11000000,41981.81000000,42009.07000000,216.45577000,2022-01-20 06:59:59.999,9096244.51905830,6532,108.13088000,4544090.63754280
2022-01-20 07:00:00,42009.08000000,42019.93000000,41957.42000000,42006.72000000,156.58056000,2022-01-20 07:14:59.999,6574189.35052250,6070,90.06515000,3781395.45691740
2022-01-20 07:15:00,42006.73000000,42006.73000000,41930.77000000,41973.70000000,130.20225000,2022-01-20 07:29:59.999,5462516.63647230,5559,67.57163000,2834923.44067490
2022-01-20 07:30:00,41973.70000000,42148.00000000,41945.99000000,42085.82000000,213.45413000,2022-01-20 07:44:59.999,8974763.65696130,7187,122.34492000,5144066.50032100
2022-01-20 07:45:00,42085.81000000,42120.39000000,42018.80000000,42058.31000000,165.37060000,2022-01-20 07:59:59.999,6954527.54463110,6494,86.00386000,3616763.60898400
2022-01-20 08:00:00,42058.31000000,42084.91000000,41953.35000000,41969.31000000,172.39883000,2022-01-20 08:14:59.999,7241536.63110260,6876,81.02029000,3402978.05566870
2022-01-20 08:15:00,41969.31000000,41977.90000000,41874.57000000,41921.26000000,157.69532000,2022-01-20 08:29:59.999,6610175.35296570,6547,77.44120000,3246254.38384220
2022-01-20 08:30:00,41921.27000000,41975.05000000,41881.21000000,41893.90000000,136.00524000,2022-01-20 08:44:59.999,5702008.04935640,5829,49.49489000,2075140.24147650
2022-01-20 08:45:00,41893.90000000,41986.26000000,41877.18000000,41966.58000000,126.05190000,2022-01-20 08:59:59.999,5283597.12756970,5429,62.69273000,2628047.11913850
2022-01-20 09:00:00,41969.55000000,42000.00000000,41832.55000000,41863.82000000,170.50572000,2022-01-20 09:14:59.999,7144134.86402250,6788,78.50774000,3289680.36356990
2022-01-20 09:15:00,41863.82000000,41940.03000000,41807.94000000,41905.07000000,212.87432000,2022-01-20 09:29:59.999,8910247.61374700,7272,99.99114000,4185295.92756220
2022-01-20 09:30:00,41905.07000000,42067.63000000,41888.58000000,42053.83000000,297.10031000,2022-01-20 09:44:59.999,12473424.00166790,6860,179.27898000,7527075.52066260
2022-01-20 09:45:00,42053.07000000,42085.00000000,42005.79000000,42053.53000000,151.00537000,2022-01-20 09:59:59.999,6349580.19965520,5601,81.29404000,3418201.32565750
2022-01-20 10:00:00,42053.54000000,42141.46000000,42023.17000000,42080.01000000,284.69464000,2022-01-20 10:14:59.999,11982358.90792450,7314,190.99214000,8038881.30886350
2022-01-20 10:15:00,42080.00000000,42149.39000000,42060.54000000,42101.99000000,192.98791000,2022-01-20 10:29:59.999,8126445.83529910,5912,100.27208000,4222240.79718500
2022-01-20 10:30:00,42099.88000000,42132.00000000,42024.64000000,42046.32000000,237.29433000,2022-01-20 10:44:59.999,9980708.57659920,7357,105.26483000,4427730.61755680
2022-01-20 10:45:00,42046.31000000,42116.07000000,42004.39000000,42105.29000000,173.09801000,2022-01-20 10:59:59.999,7280522.04179010,6583,94.65973000,3981122.85781610
2022-01-20 11:00:00,42103.87000000,42232.76000000,42102.08000000,42166.81000000,287.86655000,2022-01-20 11:14:59.999,12142155.24865850,11392,160.01283000,6748918.44318280
2022-01-20 11:15:00,42166.80000000,42200.00000000,42063.49000000,42084.23000000,211.96713000,2022-01-20 11:29:59.999,8928709.00750670,9459,97.36022000,4101160.15723980
2022-01-20 11:30:00,42084.23000000,42119.67000000,42045.05000000,42109.61000000,175.12434000,2022-01-20 11:44:59.999,7371536.33712610,7730,96.38404000,4056881.03750710
2022-01-20 11:45:00,42109.60000000,42176.45000000,42080.00000000,42129.44000000,162.16589000,2022-01-20 11:59:59.999,6828745.52347760,7713,83.53938000,3517965.01922650
2022-01-20 12:00:00,42129.45000000,42131.71000000,41939.98000000,42026.36000000,437.21964000,2022-01-20 12:14:59.999,18363554.58294150,12538,193.01894000,8105915.73644870
2022-01-20 12:15:00,42026.36000000,42039.27000000,41900.05000000,41989.19000000,252.52703000,2022-01-20 12:29:59.999,10601187.56322280,8356,105.98862000,4449934.65139780
2022-01-20 12:30:00,41989.20000000,42052.23000000,41931.12000000,41980.21000000,257.70165000,2022-01-20 12:44:59.999,10817468.27465320,7791,160.60044000,6742137.35500610
2022-01-20 12:45:00,41980.22000000,42081.63000000,41925.59000000,42033.76000000,194.13381000,2022-01-20 12:59:59.999,8152010.69264190,7514,96.17112000,4038454.13412970
2022-01-20 13:00:00,42033.77000000,42080.01000000,41975.27000000,42039.68000000,258.88747000,2022-01-20 13:14:59.999,10880818.39525990,7617,129.38616000,5437581.85774620
2022-01-20 13:15:00,42039.68000000,42098.27000000,41970.19000000,42037.41000000,197.18007000,2022-01-20 13:29:59.999,8284989.68424700,6282,95.03441000,3992768.21666560
2022-01-20 13:30:00,42037.42000000,42441.82000000,42033.56000000,42409.32000000,927.11946000,2022-01-20 13:44:59.999,39250864.93912920,20079,558.47729000,23642078.76605210
2022-01-20 13:45:00,42409.32000000,42466.88000000,42335.51000000,42375.14000000,597.19337000,2022-01-20 13:59:59.999,25324224.45991250,13231,310.85910000,13183002.98922990
2022-01-20 14:00:00,42374.09000000,42500.00000000,42368.77000000,42491.51000000,652.82228000,2022-01-20 14:14:59.999,27706461.22289130,14171,416.31837000,17670117.20562370
2022-01-20 14:15:00,42491.50000000,42517.40000000,42393.93000000,42401.60000000,390.81907000,2022-01-20 14:29:59.999,16592934.70987470,11334,240.12783000,10196318.18825620
2022-01-20 14:30:00,42401.60000000,42895.24000000,42393.94000000,42737.87000000,1209.62668000,2022-01-20 14:44:59.999,51661800.19912460,28306,731.03755000,31219502.86867590
2022-01-20 14:45:00,42737.88000000,43060.00000000,42734.34000000,42969.66000000,1439.30416000,2022-01-20 14:59:59.999,61764229.82847030,25751,748.68041000,32123251.44072600
2022-01-20 15:00:00,42969.67000000,43456.00000000,42936.91000000,43164.85000000,1674.77018000,2022-01-20 15:14:59.999,72390304.21231640,39320,845.52997000,36553676.85615140
2022-01-20 15:15:00,43164.84000000,43300.00000000,43054.14000000,43278.16000000,685.16596000,2022-01-20 15:29:59.999,29576378.06084200,18132,327.87369000,14153672.83711060
2022-01-20 15:30:00,43278.16000000,43400.00000000,43150.59000000,43184.29000000,701.27985000,2022-01-20 15:44:59.999,30327170.26558210,16203,381.21330000,16482699.20193230
2022-01-20 15:45:00,43184.28000000,43365.93000000,43125.00000000,43308.69000000,996.95146000,2022-01-20 15:59:59.999,43137584.43885260,16437,559.53644000,24209083.06845120
2022-01-20 16:00:00,43308.70000000,43505.00000000,43180.00000000,43229.16000000,1033.61081000,2022-01-20 16:14:59.999,44850280.73179660,25706,453.17568000,19666609.30632520
2022-01-20 16:15:00,43229.16000000,43294.32000000,43144.84000000,43294.32000000,364.45658000,2022-01-20 16:29:59.999,15748650.40627080,12377,189.50848000,8190241.15081660
2022-01-20 16:30:00,43290.27000000,43407.00000000,43200.00000000,43203.50000000,862.66467000,2022-01-20 16:44:59.999,37384277.23167460,17086,410.58017000,17798165.64469640
2022-01-20 16:45:00,43203.50000000,43350.00000000,43190.00000000,43274.78000000,212.99154000,2022-01-20 16:59:59.999,9214461.65878240,9036,107.80983000,4664167.29045190
2022-01-20 17:00:00,43274.77000000,43307.48000000,43180.00000000,43188.30000000,414.14044000,2022-01-20 17:14:59.999,17895976.17897880,9778,247.00288000,10672658.48261840
2022-01-20 17:15:00,43188.30000000,43239.68000000,43160.00000000,43229.14000000,255.14849000,2022-01-20 17:29:59.999,11019146.37148510,7878,107.74516000,4653445.93708400
2022-01-20 17:30:00,43226.41000000,43263.42000000,43087.34000000,43093.84000000,262.26847000,2022-01-20 17:44:59.999,11316788.76169180,8481,90.22414000,3893449.42379990
2022-01-20 17:45:00,43093.84000000,43122.64000000,42985.54000000,43025.85000000,465.43353000,2022-01-20 17:59:59.999,20037996.35423260,12577,231.97588000,9988356.58744270
2022-01-20 18:00:00,43025.85000000,43046.04000000,42930.15000000,43024.51000000,379.83057000,2022-01-20 18:14:59.999,16321674.79085000,9967,145.96269000,6272785.32441550
2022-01-20 18:15:00,43024.52000000,43030.00000000,42876.53000000,42945.59000000,269.01208000,2022-01-20 18:29:59.999,11557470.60527930,7774,103.20569000,4434985.10037460
2022-01-20 18:30:00,42945.58000000,43050.00000000,42866.11000000,42999.00000000,263.16288000,2022-01-20 18:44:59.999,11306046.38250200,7137,156.19870000,6712051.52329230
2022-01-20 18:45:00,42999.00000000,43090.04000000,42805.00000000,42834.19000000,347.68096000,2022-01-20 18:59:59.999,14946649.29451380,8260,93.47024000,4019387.39197640
2022-01-20 19:00:00,42834.19000000,43241.38000000,42808.55000000,42948.34000000,627.71545000,2022-01-20 19:14:59.999,26988185.68142130,15532,342.65373000,14738309.68145790
2022-01-20 19:15:00,42948.34000000,43150.00000000,42948.34000000,43073.72000000,291.82644000,2022-01-20 19:29:59.999,12567431.07225840,8103,133.54388000,5750995.44104190
2022-01-20 19:30:00,43073.73000000,43073.73000000,42902.04000000,42919.61000000,227.93202000,2022-01-20 19:44:59.999,9793512.75587800,7660,98.93391000,4251024.36635190
2022-01-20 19:45:00,42919.61000000,42960.64000000,42879.32000000,42917.32000000,217.70016000,2022-01-20 19:59:59.999,9344467.73031530,7510,94.32251000,4048482.36972950
2022-01-20 20:00:00,42917.31000000,42996.64000000,42779.00000000,42783.28000000,270.69926000,2022-01-20 20:14:59.999,11603342.38915950,7666,100.47192000,4309429.72421940
2022-01-20 20:15:00,42783.28000000,42863.26000000,42701.00000000,42714.81000000,428.92410000,2022-01-20 20:29:59.999,18341749.13092240,9276,213.05522000,9111331.59282090
2022-01-20 20:30:00,42714.80000000,42739.22000000,42634.64000000,42639.78000000,297.69207000,2022-01-20 20:44:59.999,12705744.80983970,7548,164.93587000,7039523.88815640
2022-01-20 20:45:00,42639.77000000,42764.46000000,42571.22000000,42723.71000000,485.65414000,2022-01-20 20:59:59.999,20708987.06382770,11271,232.56332000,9919071.16478630
2022-01-20 21:00:00,42723.72000000,42730.90000000,42543.28000000,42544.63000000,294.46006000,2022-01-20 21:14:59.999,12547522.39355130,8475,131.14640000,5588591.25998110
2022-01-20 21:15:00,42544.62000000,42624.08000000,42400.00000000,42410.05000000,573.58952000,2022-01-20 21:29:59.999,24378431.32962120,11276,165.69704000,7042191.98526590
2022-01-20 21:30:00,42410.04000000,42445.91000000,41500.00000000,41760.61000000,2161.85191000,2022-01-20 21:44:59.999,90587256.75894340,43511,832.04498000,34859799.03008470
2022-01-20 21:45:00,41760.61000000,41768.44000000,41309.00000000,41326.04000000,1726.10209000,2022-01-20 21:59:59.999,71721820.98655010,34306,689.20551000,28639336.86031250
2022-01-20 22:00:00,41326.04000000,41542.08000000,40959.62000000,41328.97000000,1978.28978000,2022-01-20 22:14:59.999,81646721.60643460,48062,893.19403000,36894700.15050980
2022-01-20 22:15:00,41330.09000000,41543.47000000,41162.35000000,41465.92000000,688.70723000,2022-01-20 22:29:59.999,28461700.69469230,20236,355.98788000,14711453.60700600
2022-01-20 22:30:00,41465.92000000,41470.01000000,41179.03000000,41195.18000000,432.95511000,2022-01-20 22:44:59.999,17872311.59294880,14074,169.32375000,6989731.68704940
2022-01-20 22:45:00,41196.42000000,41292.80000000,40860.00000000,41167.25000000,1047.25043000,2022-01-20 22:59:59.999,42986732.40424860,25941,427.59744000,17563678.54061440
2022-01-20 23:00:00,41164.57000000,41176.93000000,40914.45000000,40990.40000000,714.97866000,2022-01-20 23:14:59.999,29339809.53389050,17766,382.25959000,15690935.30265960
2022-01-20 23:15:00,40990.41000000,40990.41000000,40571.00000000,40836.17000000,2495.21425000,2022-01-20 23:29:59.999,101711784.83627650,38865,990.94343000,40383440.65106500
2022-01-20 23:30:00,40836.16000000,40904.59000000,40680.19000000,40876.43000000,614.88463000,2022-01-20 23:44:59.999,25081483.64791290,13969,317.03650000,12934612.00243590
2022-01-20 23:45:00,40871.50000000,40883.02000000,40553.31000000,40680.91000000,758.46812000,2022-01-20 23:59:59.999,30870072.20649180,16910,302.66319000,12315784.77448340
2022-01-21 00:00:00,40680.92000000,40753.04000000,40404.00000000,40628.70000000,1570.29610000,2022-01-21 00:14:59.999,63710514.31388590,30480,743.67546000,30188660.04028580
2022-01-21 00:15:00,40630.26000000,40992.37000000,40570.49000000,40918.05000000,695.62894000,2022-01-21 00:29:59.999,28366377.46502640,19576,442.21909000,18036287.36678750
2022-01-21 00:30:00,40925.32000000,41100.00000000,40808.08000000,41054.15000000,597.44786000,2022-01-21 00:44:59.999,24479997.24650780,16945,263.23624000,10785916.85919600
2022-01-21 00:45:00,41054.16000000,41054.16000000,40818.22000000,40894.80000000,383.97338000,2022-01-21 00:59:59.999,15709128.37158270,11778,144.46292000,5910043.49165200
2022-01-21 01:00:00,40894.81000000,40929.76000000,40636.16000000,40761.12000000,520.23713000,2022-01-21 01:14:59.999,21206487.66404480,14565,261.13879000,10640770.56409190
2022-01-21 01:15:00,40761.13000000,40833.42000000,40683.15000000,40709.99000000,264.35194000,2022-01-21 01:29:59.999,10773611.20361020,8886,105.15003000,4286103.14525670
2022-01-21 01:30:00,40709.98000000,40709.99000000,39900.00000000,40015.36000000,1984.81806000,2022-01-21 01:44:59.999,79766096.04459730,46101,651.55099000,26185565.00267430
2022-01-21 01:45:00,40015.35000000,40022.15000000,39730.00000000,39762.99000000,1402.94472000,2022-01-21 01:59:59.999,55900619.05663000,33656,617.76238000,24618379.10811860
2022-01-21 02:00:00,39763.00000000,39993.37000000,39686.00000000,39778.90000000,933.56570000,2022-01-21 02:14:59.999,37193639.56093060,25126,480.34945000,19142292.19320450
2022-01-21 02:15:00,39778.91000000,40280.00000000,39267.86000000,40169.75000000,2232.01200700,2022-01-21 02:29:59.999,88648665.96579866,51376,989.70814000,39364272.83901193
2022-01-21 02:30:00,40169.75000000,40180.23000000,39764.63000000,39782.60000000,673.03386000,2022-01-21 02:44:59.999,26899111.80305850,18022,307.43588000,12289750.82432450
2022-01-21 02:45:00,39782.60000000,40006.80000000,39733.18000000,39830.52000000,515.84660000,2022-01-21 02:59:59.999,20563685.20511160,14493,236.72866000,9437034.01894050
2022-01-21 03:00:00,39835.99000000,39944.45000000,39301.00000000,39657.00000000,1188.13386000,2022-01-21 03:14:59.999,47112563.32814970,25207,492.41859000,19520434.73532180
2022-01-21 03:15:00,39651.89000000,39689.54000000,38780.00000000,38959.19000000,2474.50736800,2022-01-21 03:29:59.999,96779548.19971097,47673,838.86911400,32861772.99239194
2022-01-21 03:30:00,38959.19000000,39000.00000000,38220.00000000,38657.54000000,4282.07405700,2022-01-21 03:44:59.999,165227775.58324425,79266,1909.69116300,73709003.70084001
2022-01-21 03:45:00,38657.54000000,38864.05000000,38359.75000000,38465.65000000,1564.10817000,2022-01-21 03:59:59.999,60343320.61390860,29989,823.87984000,31793091.29803690
2022-01-21 04:00:00,38465.65000000,38867.97000000,38437.15000000,38752.13000000,1005.67751000,2022-01-21 04:14:59.999,38942814.56997730,22108,530.06742000,20522752.84790280
2022-01-21 04:15:00,38752.12000000,38860.68000000,38630.88000000,38788.99000000,739.20080000,2022-01-21 04:29:59.999,28662940.46891060,15944,347.69006000,13483470.99293130
2022-01-21 04:30:00,38788.99000000,39070.00000000,38665.01000000,38848.01000000,802.01313000,2022-01-21 04:44:59.999,31174694.55913340,17571,431.49129000,16776455.54111140
2022-01-21 04:45:00,38848.01000000,38907.86000000,38760.00000000,38842.03000000,544.52921000,2022-01-21 04:59:59.999,21147023.38047240,12025,286.61231000,11130051.17279980
2022-01-21 05:00:00,38842.03000000,38980.44000000,38700.19000000,38779.05000000,889.87024000,2022-01-21 05:14:59.999,34540246.27674630,16961,465.05766000,18051186.28029190
2022-01-21 05:15:00,38779.04000000,38861.45000000,38733.36000000,38792.00000000,732.92376000,2022-01-21 05:29:59.999,28424796.68757880,13766,337.97278000,13108603.13979620
2022-01-21 05:30:00,38792.00000000,38964.78000000,38733.35000000,38924.50000000,583.28663000,2022-01-21 05:44:59.999,22656319.78903080,12945,265.56746000,10319620.02614020
2022-01-21 05:45:00,38924.50000000,38998.00000000,38870.50000000,38909.01000000,452.57896000,2022-01-21 05:59:59.999,17621081.98635540,12751,231.91694000,9030572.69257350
2022-01-21 06:00:00,38909.01000000,38936.66000000,38796.12000000,38816.99000000,430.29233000,2022-01-21 06:14:59.999,16717869.94349550,13616,178.27702000,6927696.35488310
2022-01-21 06:15:00,38817.00000000,38856.12000000,38700.00000000,38767.20000000,423.82885000,2022-01-21 06:29:59.999,16431299.02123290,12530,202.46469000,7849019.97383050
2022-01-21 06:30:00,38767.20000000,38797.92000000,38584.96000000,38632.21000000,556.37161000,2022-01-21 06:44:59.999,21519037.34736370,12313,256.00802000,9902148.66512830
2022-01-21 06:45:00,38632.22000000,38758.87000000,38536.87000000,38679.80000000,680.50412000,2022-01-21 06:59:59.999,26303069.52459580,10874,415.94296000,16075095.70412680
2022-01-21 07:00:00,38680.01000000,38822.25000000,38465.67000000,38816.68000000,632.07974000,2022-01-21 07:14:59.999,24436201.31561790,15174,282.70099000,10937538.90897250
2022-01-21 07:15:00,38816.68000000,38890.00000000,38760.02000000,38837.72000000,398.15879000,2022-01-21 07:29:59.999,15458879.20846030,10784,212.59085000,8253724.31208980
2022-01-21 07:30:00,38837.71000000,38900.00000000,38732.60000000,38879.64000000,397.45512000,2022-01-21 07:44:59.999,15425404.16420140,11319,208.49317000,8091978.64705400
2022-01-21 07:45:00,38879.64000000,39177.20000000,38876.51000000,39134.55000000,675.27221000,2022-01-21 07:59:59.999,26364303.27072660,17315,405.58310000,15834954.59567280
2022-01-21 08:00:00,39136.31000000,39297.55000000,39006.71000000,39146.13000000,587.35666000,2022-01-21 08:14:59.999,23006955.64832820,15544,277.46707000,10868643.43821700
2022-01-21 08:15:00,39142.86000000,39163.36000000,39022.79000000,39148.39000000,462.98058000,2022-01-21 08:29:59.999,18102174.05283440,14733,211.49940000,8269546.89295930
2022-01-21 08:30:00,39148.38000000,39197.43000000,39083.11000000,39114.05000000,398.73524000,2022-01-21 08:44:59.999,15611358.61062760,14042,190.17600000,7444852.41307760
2022-01-21 08:45:00,39114.05000000,39214.01000000,39012.00000000,39157.63000000,467.76615000,2022-01-21 08:59:59.999,18298928.63785850,13301,213.39390000,8346972.82156860
2022-01-21 09:00:00,39157.63000000,39189.63000000,38915.25000000,38974.20000000,625.12056000,2022-01-21 09:14:59.999,24401773.16260400,14270,270.19503000,10546788.29493020
2022-01-21 09:15:00,38974.20000000,39100.00000000,38940.00000000,39031.29000000,332.73367000,2022-01-21 09:29:59.999,12984778.38405830,10807,173.11212000,6756043.10350160
2022-01-21 09:30:00,39031.29000000,39100.00000000,38938.23000000,39015.07000000,289.57386000,2022-01-21 09:44:59.999,11298788.08927660,10349,124.54267000,4859348.58930010
2022-01-21 09:45:00,39015.07000000,39098.67000000,38957.02000000,38959.77000000,313.50484000,2022-01-21 09:59:59.999,12237013.97020740,10413,142.13234000,5547112.26949870
2022-01-21 10:00:00,38959.77000000,39320.00000000,38848.35000000,38972.05000000,738.48292000,2022-01-21 10:14:59.999,28794893.64874020,15279,457.49200000,17843358.45203020
2022-01-21 10:15:00,38972.06000000,39058.17000000,38940.52000000,39025.35000000,326.18643000,2022-01-21 10:29:59.999,12724384.50815180,10573,185.67129000,7243206.95725000
2022-01-21 10:30:00,39025.36000000,39088.97000000,38917.92000000,38952.35000000,267.66946000,2022-01-21 10:44:59.999,10438506.13565880,10084,118.74441000,4630484.18824070
2022-01-21 10:45:00,38952.36000000,39032.41000000,38885.06000000,38965.92000000,272.40705000,2022-01-21 10:59:59.999,10612155.80712410,9124,133.87831000,5214855.62939060
2022-01-21 11:00:00,38965.92000000,38979.20000000,38774.00000000,38812.27000000,372.65552000,2022-01-21 11:14:59.999,14482973.56456210,10616,189.86704000,7380123.03835850
2022-01-21 11:15:00,38812.28000000,38842.20000000,38668.19000000,38831.39000000,568.86824000,2022-01-21 11:29:59.999,22053339.96233380,14333,288.61955000,11190399.76517130
2022-01-21 11:30:00,38831.40000000,38868.66000000,38678.01000000,38861.88000000,406.32041000,2022-01-21 11:44:59.999,15750170.27006710,11680,191.57492000,7426065.31493240
2022-01-21 11:45:00,38863.82000000,38905.00000000,38761.29000000,38898.18000000,268.77141000,2022-01-21 11:59:59.999,10434931.06240600,9705,137.82778000,5351711.91544860
2022-01-21 12:00:00,38898.19000000,38933.04000000,38521.00000000,38586.01000000,682.14360000,2022-01-21 12:14:59.999,26377603.31575510,18674,326.39140000,12620963.64889910
2022-01-21 12:15:00,38586.01000000,38734.62000000,38457.67000000,38533.00000000,569.08226000,2022-01-21 12:29:59.999,21967860.35560680,17610,277.40151000,10710375.05554120
2022-01-21 12:30:00,38533.00000000,38534.94000000,37710.00000000,37986.99000000,3198.39539800,2022-01-21 12:44:59.999,121630705.34330337,67069,1180.12959600,44886355.15628392
2022-01-21 12:45:00,37987.00000000,38273.03000000,37869.81000000,38186.16000000,1265.37665500,2022-01-21 12:59:59.999,48188704.49519540,28260,712.19327500,27123648.64164110
2022-01-21 13:00:00,38186.16000000,38517.10000000,38150.03000000,38404.40000000,1052.28001000,2022-01-21 13:14:59.999,40338580.67409900,23976,499.58862000,19152397.05807400
2022-01-21 13:15:00,38407.00000000,38515.24000000,38310.50000000,38387.28000000,707.09373000,2022-01-21 13:29:59.999,27155857.21811110,16206,341.85212000,13126354.07224620
2022-01-21 13:30:00,38387.28000000,38700.00000000,38152.10000000,38653.38000000,1323.33099000,2022-01-21 13:44:59.999,50862772.98692720,35497,728.16122000,28002272.23681740
2022-01-21 13:45:00,38653.38000000,38751.60000000,38418.30000000,38491.01000000,815.93133000,2022-01-21 13:59:59.999,31473320.96095390,22207,415.28745000,16025239.21904520
2022-01-21 14:00:00,38491.01000000,38567.42000000,38261.99000000,38363.71000000,564.84663000,2022-01-21 14:14:59.999,21682496.44649390,16202,290.64660000,11158968.47545450
2022-01-21 14:15:00,38363.71000000,38607.52000000,38253.48000000,38604.42000000,776.95450000,2022-01-21 14:29:59.999,29856835.67449370,20919,451.09339000,17336397.81381530
2022-01-21 14:30:00,38604.42000000,38934.29000000,38369.81000000,38385.38000000,1085.51982000,2022-01-21 14:44:59.999,42015680.28113680,25665,584.25083000,22626655.26407580
2022-01-21 14:45:00,38391.02000000,38655.01000000,38273.26000000,38429.11000000,706.84105000,2022-01-21 14:59:59.999,27174796.16723900,17964,335.13215000,12886021.42977350
2022-01-21 15:00:00,38429.12000000,38548.13000000,38232.27000000,38320.15000000,762.38055000,2022-01-21 15:14:59.999,29258905.22444080,18333,346.56546000,13303538.85316050
2022-01-21 15:15:00,38320.15000000,38550.00000000,38103.13000000,38456.60000000,887.96671000,2022-01-21 15:29:59.999,34040438.72255840,18422,493.27560000,18927582.61293160
2022-01-21 15:30:00,38456.60000000,38881.65000000,38421.49000000,38752.25000000,1028.83885000,2022-01-21 15:44:59.999,39840432.93646960,22770,549.18460000,21266172.10774680
2022-01-21 15:45:00,38752.26000000,39042.40000000,38679.88000000,38857.26000000,950.24930000,2022-01-21 15:59:59.999,36981019.90254320,20836,469.78161000,18283774.09476240
2022-01-21 16:00:00,38857.24000000,38947.33000000,38677.82000000,38752.73000000,551.44851000,2022-01-21 16:14:59.999,21396475.17023730,14411,274.49881000,10650321.60076970
2022-01-21 16:15:00,38752.73000000,39071.13000000,38711.01000000,38941.96000000,601.18652000,2022-01-21 16:29:59.999,23404943.57098040,13940,295.02777000,11486268.25558310
2022-01-21 16:30:00,38941.96000000,38941.96000000,38631.95000000,38671.26000000,584.84921000,2022-01-21 16:44:59.999,22661240.80657940,13140,264.67188000,10256364.74681460
2022-01-21 16:45:00,38671.26000000,38742.04000000,38514.00000000,38720.72000000,486.52879000,2022-01-21 16:59:59.999,18786715.71037740,13971,246.93649000,9536306.13261630
2022-01-21 17:00:00,38720.72000000,38752.70000000,38440.00000000,38452.98000000,430.32798000,2022-01-21 17:14:59.999,16613646.94567570,11836,202.78318000,7830840.95733180
2022-01-21 17:15:00,38452.98000000,38546.36000000,38364.16000000,38503.24000000,469.57498000,2022-01-21 17:29:59.999,18056295.03165700,13669,262.41755000,10091664.70700140
2022-01-21 17:30:00,38503.23000000,38577.53000000,38295.00000000,38374.52000000,572.18314000,2022-01-21 17:44:59.999,21976878.00123390,16431,293.24087000,11264179.61750700
2022-01-21 17:45:00,38374.52000000,38429.42000000,38284.84000000,38382.50000000,432.73988000,2022-01-21 17:59:59.999,16595736.48436600,11982,227.89017000,8740224.58560410
2022-01-21 18:00:00,38383.49000000,38644.02000000,38370.71000000,38582.45000000,450.74172000,2022-01-21 18:14:59.999,17346056.20401790,11617,280.04663000,10776247.38881710
2022-01-21 18:15:00,38582.44000000,38615.74000000,38061.10000000,38183.16000000,743.18122000,2022-01-21 18:29:59.999,28409390.57198460,18990,317.59699000,12136342.32317340
2022-01-21 18:30:00,38183.16000000,38495.37000000,37850.00000000,38394.21000000,1143.00795000,2022-01-21 18:44:59.999,43655378.24556440,26208,554.77809000,21205724.61743520
2022-01-21 18:45:00,38394.20000000,38483.81000000,38223.97000000,38265.12000000,315.16751000,2022-01-21 18:59:59.999,12093858.30271490,10566,154.56380000,5930293.54242020
2022-01-21 19:00:00,38268.42000000,38458.60000000,38220.50000000,38345.31000000,300.79572000,2022-01-21 19:14:59.999,11528891.99479690,10784,140.11337000,5370904.71379820
2022-01-21 19:15:00,38345.30000000,38500.00000000,38182.25000000,38228.55000000,302.73351000,2022-01-21 19:29:59.999,11614952.70689800,9956,137.11658000,5261944.55932030
2022-01-21 19:30:00,38222.00000000,38300.00000000,38021.99000000,38212.25000000,415.35543000,2022-01-21 19:44:59.999,15847945.47599060,11772,196.12194000,7483440.14640290
2022-01-21 19:45:00,38212.24000000,38299.99000000,37946.00000000,37984.12000000,402.88783000,2022-01-21 19:59:59.999,15357018.52272780,12103,193.11469000,7362111.15783340
2022-01-21 20:00:00,37984.11000000,38172.05000000,37601.16000000,37645.36000000,1203.46695400,2022-01-21 20:14:59.999,45535415.03470039,25394,509.46764000,19275182.77184210
2022-01-21 20:15:00,37645.36000000,38123.40000000,37601.00000000,37757.40000000,1156.48530000,2022-01-21 20:29:59.999,43801955.53527500,23613,607.50516000,23015878.87700380
2022-01-21 20:30:00,37757.39000000,38398.93000000,37746.57000000,38210.55000000,923.79820000,2022-01-21 20:44:59.999,35216920.81602040,20224,529.47127000,20182484.07005850
2022-01-21 20:45:00,38210.55000000,38470.00000000,37926.00000000,38355.16000000,884.39552000,2022-01-21 20:59:59.999,33735554.20315300,18565,413.14574000,15768754.12146590
2022-01-21 21:00:00,38350.62000000,38464.36000000,38221.61000000,38229.20000000,497.82349000,2022-01-21 21:14:59.999,19091246.64233190,12333,238.83149000,9159302.03093140
2022-01-21 21:15:00,38229.19000000,38328.38000000,37970.31000000,38022.84000000,411.13188000,2022-01-21 21:29:59.999,15660056.82077360,12876,167.59770000,6384898.03956740
2022-01-21 21:30:00,38022.84000000,38098.03000000,37352.80000000,37466.05000000,2452.18223800,2022-01-21 21:44:59.999,92150057.67556561,51154,1069.98701300,40206762.35284900
2022-01-21 21:45:00,37466.06000000,37470.38000000,36158.00000000,36682.23000000,6476.94634800,2022-01-21 21:59:59.999,237651291.51904314,123585,2633.27417200,96594585.08984655
2022-01-21 22:00:00,36682.23000000,37201.16000000,36575.32000000,36840.01000000,1518.33778000,2022-01-21 22:14:59.999,55994017.08432310,41852,757.39284900,27933492.10513540
2022-01-21 22:15:00,36840.01000000,37035.44000000,36433.78000000,37000.00000000,1003.05842000,2022-01-21 22:29:59.999,36850236.43052500,30328,500.99507000,18403159.07799540
2022-01-21 22:30:00,37000.01000000,37000.01000000,36241.16000000,36419.99000000,818.92056000,2022-01-21 22:44:59.999,29959878.58140220,26035,374.21408000,13684955.32218640
2022-01-21 22:45:00,36420.00000000,36548.86000000,35440.45000000,36117.60000000,4029.55445400,2022-01-21 22:59:59.999,144806859.21689513,85889,1508.22933700,54185504.37459294
2022-01-21 23:00:00,36123.85000000,36518.00000000,35780.66000000,36354.65000000,2418.87057000,2022-01-21 23:14:59.999,87565729.26903180,47668,1349.95043000,48895476.98437050
2022-01-21 23:15:00,36354.65000000,36890.00000000,36269.47000000,36732.31000000,1271.98979000,2022-01-21 23:29:59.999,46545584.97341370,31281,671.77792000,24587904.89082820
2022-01-21 23:30:00,36732.30000000,36795.41000000,36364.88000000,36431.98000000,722.56014000,2022-01-21 23:44:59.999,26425475.70350600,18181,309.87611000,11333177.00195580
2022-01-21 23:45:00,36431.98000000,36524.84000000,36301.01000000,36445.31000000,565.27331000,2022-01-21 23:59:59.999,20579740.61031150,15609,258.60831000,9416614.67739020
2022-01-22 00:00:00,36445.31000000,36835.22000000,36207.46000000,36351.18000000,1031.47451000,2022-01-22 00:14:59.999,37602700.22284550,25879,532.20440000,19407008.15331190
2022-01-22 00:15:00,36351.19000000,36464.50000000,36136.66000000,36410.15000000,628.43728000,2022-01-22 00:29:59.999,22812437.18463270,16457,316.81040000,11499183.29049950
2022-01-22 00:30:00,36410.15000000,36721.16000000,36384.92000000,36552.03000000,682.43748000,2022-01-22 00:44:59.999,24972282.83466100,18038,354.71220000,12978868.95536370
2022-01-22 00:45:00,36552.03000000,36700.00000000,36466.84000000,36487.96000000,509.43287000,2022-01-22 00:59:59.999,18633315.26851670,14283,283.41007000,10366839.41052230
2022-01-22 01:00:00,36487.96000000,36493.00000000,36158.65000000,36199.60000000,1077.28571000,2022-01-22 01:14:59.999,39113903.19543000,17843,401.38166000,14574935.63250460
2022-01-22 01:15:00,36196.35000000,36534.96000000,36032.02000000,36261.00000000,830.76626000,2022-01-22 01:29:59.999,30192842.73484750,16014,374.71437000,13621760.73351990
2022-01-22 01:30:00,36260.99000000,36619.71000000,36189.38000000,36483.02000000,851.32642000,2022-01-22 01:44:59.999,31039256.71310050,14808,462.38358000,16859069.29650200
2022-01-22 01:45:00,36483.02000000,36574.97000000,36391.06000000,36483.15000000,569.82501000,2022-01-22 01:59:59.999,20783871.20871510,12682,232.99488000,8499700.08154460
2022-01-22 02:00:00,36483.15000000,36507.37000000,36293.28000000,36474.54000000,491.41515000,2022-01-22 02:14:59.999,17891632.31132740,13166,238.10719000,8669082.29907210
2022-01-22 02:15:00,36474.55000000,36524.77000000,36263.00000000,36316.08000000,441.82350000,2022-01-22 02:29:59.999,16065018.92537280,12165,221.29889000,8047187.01224240
2022-01-22 02:30:00,36316.08000000,36466.77000000,36263.28000000,36411.35000000,549.93151000,2022-01-22 02:44:59.999,20011810.87035350,13313,310.89276000,11313716.34423390
2022-01-22 02:45:00,36413.64000000,36549.91000000,36324.29000000,36467.23000000,669.50778000,2022-01-22 02:59:59.999,24375606.66635270,14182,363.46635000,13233708.57403930
2022-01-22 03:00:00,36467.22000000,36690.00000000,36460.87000000,36588.61000000,769.30873000,2022-01-22 03:14:59.999,28140839.73487150,14193,406.80394000,14879882.63043220
2022-01-22 03:15:00,36588.61000000,36675.75000000,36500.57000000,36545.66000000,1186.47606000,2022-01-22 03:29:59.999,43426933.25301950,16306,343.48381000,12569179.79950840
2022-01-22 03:30:00,36545.66000000,36610.00000000,36009.98000000,36127.18000000,1753.28615000,2022-01-22 03:44:59.999,63638673.04442530,28626,638.69687000,23200064.57981860
2022-01-22 03:45:00,36127.18000000,36367.44000000,36100.00000000,36341.64000000,927.83533000,2022-01-22 03:59:59.999,33609520.67875030,18292,341.04820000,12355238.15245730
2022-01-22 04:00:00,36340.43000000,36423.82000000,36248.28000000,36408.56000000,622.39461000,2022-01-22 04:14:59.999,22624837.35295530,14266,264.14621000,9602339.71001110
2022-01-22 04:15:00,36408.55000000,36410.48000000,36287.92000000,36295.19000000,460.66846000,2022-01-22 04:29:59.999,16750506.48825950,10193,194.73830000,7080732.75166740
2022-01-22 04:30:00,36295.20000000,36350.00000000,36200.00000000,36310.05000000,861.85516000,2022-01-22 04:44:59.999,31248065.56250270,13509,306.78324000,11127701.52388060
2022-01-22 04:45:00,36312.60000000,36348.22000000,36236.97000000,36278.51000000,388.77943000,2022-01-22 04:59:59.999,14111204.97833140,9797,175.20195000,6359945.64460840
2022-01-22 05:00:00,36278.52000000,36342.70000000,36160.00000000,36309.15000000,479.32248000,2022-01-22 05:14:59.999,17373705.20505600,13251,236.09896000,8558805.66605060
2022-01-22 05:15:00,36309.16000000,36342.71000000,36130.08000000,36130.91000000,628.46046000,2022-01-22 05:29:59.999,22754465.31653690,14525,195.11853000,7067445.70203010
2022-01-22 05:30:00,36130.91000000,36212.12000000,35874.19000000,35917.42000000,1434.50352000,2022-01-22 05:44:59.999,51707471.52643430,26143,481.25946000,17343297.68320800
2022-01-22 05:45:00,35917.43000000,35998.00000000,35600.01000000,35738.77000000,1126.19580000,2022-01-22 05:59:59.999,40314772.18283440,27936,472.39220000,16916653.84436890
2022-01-22 06:00:00,35738.77000000,35935.77000000,35700.00000000,35721.68000000,909.58775000,2022-01-22 06:14:59.999,32568861.65288780,22526,400.66050000,14350216.08284460
2022-01-22 06:15:00,35719.36000000,35860.00000000,35559.00000000,35572.92000000,781.23019000,2022-01-22 06:29:59.999,27921418.81511560,19582,357.94051000,12794635.49921760
2022-01-22 06:30:00,35572.91000000,35984.68000000,35400.02000000,35920.82000000,1932.59642000,2022-01-22 06:44:59.999,68916747.71196021,41164,929.57848000,33169198.02513000
2022-01-22 06:45:00,35920.83000000,35932.40000000,35599.99000000,35719.00000000,799.25724000,2022-01-22 06:59:59.999,28581899.60040510,19169,348.45021000,12463677.07155560
2022-01-22 07:00:00,35719.01000000,35895.00000000,35580.26000000,35750.00000000,707.12255000,2022-01-22 07:14:59.999,25279054.01897920,19605,348.03204000,12445848.35682550
2022-01-22 07:15:00,35750.00000000,35798.53000000,35220.00000000,35347.81000000,1476.46294400,2022-01-22 07:29:59.999,52419399.65817472,30944,555.43538000,19726889.32878340
2022-01-22 07:30:00,35355.03000000,35586.24000000,35112.84000000,35567.49000000,2030.28947400,2022-01-22 07:44:59.999,71808805.41351690,36600,877.89615000,31053816.15874855
2022-01-22 07:45:00,35568.99000000,35699.30000000,35400.01000000,35400.02000000,1061.42068000,2022-01-22 07:59:59.999,37721229.83119180,24382,425.84315000,15137671.45341080
2022-01-22 08:00:00,35400.01000000,35794.54000000,35397.36000000,35644.43000000,998.98844000,2022-01-22 08:14:59.999,35599565.73440810,25628,515.58481000,18373262.53243130
2022-01-22 08:15:00,35644.43000000,35806.97000000,35489.17000000,35764.25000000,1085.69480000,2022-01-22 08:29:59.999,38668795.26726680,25048,492.46956000,17540840.53783170
2022-01-22 08:30:00,35761.66000000,35819.73000000,35628.63000000,35673.91000000,763.38954000,2022-01-22 08:44:59.999,27262331.21321320,21214,352.25147000,12579979.69171890
2022-01-22 08:45:00,35673.91000000,35748.29000000,35570.93000000,35599.94000000,596.00255000,2022-01-22 08:59:59.999,21245745.15219230,16426,256.36042000,9138413.33547560
2022-01-22 09:00:00,35599.94000000,35737.15000000,35388.00000000,35516.81000000,667.18404000,2022-01-22 09:14:59.999,23711477.95364120,18815,286.30569000,10177380.07127220
2022-01-22 09:15:00,35516.81000000,35620.54000000,35301.01000000,35428.06000000,804.94952000,2022-01-22 09:29:59.999,28557523.44721440,17144,352.60451000,12512897.30776500
2022-01-22 09:30:00,35428.06000000,35487.87000000,35014.00000000,35142.08000000,1554.99160800,2022-01-22 09:44:59.999,54775618.02297209,32843,605.17947000,21324109.42927470
2022-01-22 09:45:00,35142.09000000,35252.83000000,34664.00000000,34814.49000000,3175.42566400,2022-01-22 09:59:59.999,110932864.15493329,60170,1284.90613000,44890781.93711377
2022-01-22 10:00:00,34812.32000000,34952.20000000,34008.00000000,34456.37000000,4327.57241100,2022-01-22 10:14:59.999,149084012.64758209,85817,1983.39766300,68343428.95203468
2022-01-22 10:15:00,34456.36000000,35078.80000000,34255.00000000,34903.54000000,2625.58904000,2022-01-22 10:29:59.999,90942900.67271850,54217,1418.94461000,49139482.44033100
2022-01-22 10:30:00,34903.53000000,35948.01000000,34878.38000000,35634.49000000,4941.12876000,2022-01-22 10:44:59.999,175811812.17865850,85934,2467.15071000,87776370.99840510
2022-01-22 10:45:00,35634.48000000,35656.29000000,35222.01000000,35488.54000000,1516.96472000,2022-01-22 10:59:59.999,53729833.56088520,34936,784.04453000,27767055.55770250
2022-01-22 11:00:00,35488.54000000,35693.09000000,35266.00000000,35290.07000000,1387.29891000,2022-01-22 11:14:59.999,49207781.02642190,31186,696.28675000,24697457.91904750
2022-01-22 11:15:00,35290.07000000,35453.57000000,35250.15000000,35377.00000000,568.88140000,2022-01-22 11:29:59.999,20096919.53974970,16356,278.70699000,9844612.99925090
2022-01-22 11:30:00,35377.00000000,35434.96000000,35011.10000000,35077.54000000,1296.87203000,2022-01-22 11:44:59.999,45697340.31860020,35172,613.71915000,21621332.75010300
2022-01-22 11:45:00,35077.54000000,35516.74000000,34801.00000000,35406.76000000,1558.70160000,2022-01-22 11:59:59.999,54759934.63070470,34185,760.22554000,26717971.14193250
2022-01-22 12:00:00,35406.76000000,35697.58000000,35336.23000000,35566.56000000,1213.76283000,2022-01-22 12:14:59.999,43083564.53285760,27409,685.06224000,24324291.71723240
2022-01-22 12:15:00,35566.56000000,35900.00000000,35354.93000000,35395.73000000,1376.53955000,2022-01-22 12:29:59.999,49093299.99090250,30207,635.86291000,22679206.39288850
2022-01-22 12:30:00,35395.73000000,35699.92000000,35382.37000000,35585.75000000,573.90232000,2022-01-22 12:44:59.999,20401741.03580560,19641,306.77880000,10905913.36828900
2022-01-22 12:45:00,35585.76000000,35889.14000000,35576.84000000,35768.00000000,945.20683000,2022-01-22 12:59:59.999,33798869.94582150,24590,442.57332000,15825213.94668540
2022-01-22 13:00:00,35769.80000000,35833.25000000,35549.96000000,35805.84000000,927.68177000,2022-01-22 13:14:59.999,33076732.98803590,20163,510.40778000,18199309.06106900
2022-01-22 13:15:00,35805.84000000,36192.76000000,35755.01000000,35775.39000000,1378.21819000,2022-01-22 13:29:59.999,49604427.77992870,30152,691.12162000,24875265.53800880
2022-01-22 13:30:00,35775.39000000,35855.86000000,35650.76000000,35700.00000000,542.56382000,2022-01-22 13:44:59.999,19386235.32850180,16791,274.79245000,9818808.24756210
2022-01-22 13:45:00,35700.01000000,35754.41000000,35518.20000000,35576.30000000,867.83701000,2022-01-22 13:59:59.999,30926158.24487490,18934,509.23444000,18151517.41601490
2022-01-22 14:00:00,35576.29000000,35634.50000000,35360.01000000,35372.54000000,739.64609000,2022-01-22 14:14:59.999,26248564.00770660,18917,392.71054000,13939340.66480240
2022-01-22 14:15:00,35372.55000000,35650.00000000,35372.54000000,35496.84000000,515.23439000,2022-01-22 14:29:59.999,18293682.55966270,14565,318.68522000,11316521.22021930
2022-01-22 14:30:00,35496.85000000,35656.93000000,35400.00000000,35491.98000000,468.67199000,2022-01-22 14:44:59.999,16655717.75265010,14071,238.22060000,8466722.41393110
2022-01-22 14:45:00,35491.98000000,35568.48000000,34988.80000000,35009.27000000,1186.64365000,2022-01-22 14:59:59.999,41778358.07848800,23966,458.88332000,16160762.01504320
2022-01-22 15:00:00,35009.27000000,35319.99000000,34989.23000000,35122.66000000,905.85838000,2022-01-22 15:14:59.999,31874389.35075560,20518,448.75804000,15792090.24038870
2022-01-22 15:15:00,35122.66000000,35250.00000000,34965.89000000,35023.78000000,653.01091000,2022-01-22 15:29:59.999,22907914.39064940,18588,289.95195000,10173777.22524860
2022-01-22 15:30:00,35023.78000000,35163.23000000,34876.71000000,35014.75000000,769.02545000,2022-01-22 15:44:59.999,26908969.95138890,20408,383.50541000,13420108.32573280
2022-01-22 15:45:00,35014.75000000,35032.45000000,34805.32000000,34838.68000000,700.38217000,2022-01-22 15:59:59.999,24442818.23312550,21465,354.46464000,12371872.50538230
2022-01-22 16:00:00,34838.69000000,35475.66000000,34520.59000000,35349.20000000,2088.66033000,2022-01-22 16:14:59.999,73042818.20742500,46336,1069.68496000,37392187.86713430
2022-01-22 16:15:00,35349.20000000,35501.96000000,35135.97000000,35261.65000000,1087.41490000,2022-01-22 16:29:59.999,38414916.96127530,28229,560.98228000,19821184.31651760
2022-01-22 16:30:00,35261.64000000,35340.82000000,35106.93000000,35193.62000000,587.48503000,2022-01-22 16:44:59.999,20692187.24827940,18944,291.26510000,10258813.20594060
2022-01-22 16:45:00,35193.61000000,35200.00000000,34843.09000000,35100.02000000,715.21205000,2022-01-22 16:59:59.999,25037675.97827310,20549,383.15292000,13409960.53423010
2022-01-22 17:00:00,35095.23000000,35217.94000000,34700.00000000,34853.51000000,839.99555000,2022-01-22 17:14:59.999,29370506.39389170,22230,427.76949000,14959455.15338720
2022-01-22 17:15:00,34853.51000000,35025.97000000,34567.31000000,34631.23000000,758.24142000,2022-01-22 17:29:59.999,26373273.49549850,19483,335.52266000,11674293.38823870
2022-01-22 17:30:00,34621.90000000,34810.05000000,34615.00000000,34722.32000000,516.25474000,2022-01-22 17:44:59.999,17923701.13933560,15245,256.69972000,8912780.51771010
2022-01-22 17:45:00,34722.33000000,34850.00000000,34500.00000000,34610.01000000,567.16755000,2022-01-22 17:59:59.999,19633915.16688780,17187,227.96665000,7894382.36441330
2022-01-22 18:00:00,34610.00000000,34653.49000000,34243.38000000,34503.18000000,1092.55283000,2022-01-22 18:14:59.999,37637029.40112880,25873,510.89950000,17602813.05306000
2022-01-22 18:15:00,34503.18000000,34800.00000000,34379.70000000,34490.41000000,780.75130000,2022-01-22 18:29:59.999,27023529.02526550,21131,392.07614000,13565448.13318130
2022-01-22 18:30:00,34490.41000000,34520.18000000,34286.53000000,34403.00000000,515.72554000,2022-01-22 18:44:59.999,17730887.39928270,17624,272.45759000,9367960.06075720
2022-01-22 18:45:00,34403.00000000,34654.49000000,34372.97000000,34392.12000000,440.70835000,2022-01-22 18:59:59.999,15209928.54857920,15095,214.96168000,7418578.43729280
2022-01-22 19:00:00,34392.12000000,34680.00000000,34387.73000000,34636.74000000,358.26501000,2022-01-22 19:14:59.999,12385721.54588380,13321,197.15217000,6815993.60502540
2022-01-22 19:15:00,34636.74000000,34719.43000000,34346.54000000,34430.00000000,544.16281000,2022-01-22 19:29:59.999,18758014.09220110,14791,235.57066000,8119402.57046250
2022-01-22 19:30:00,34427.99000000,34689.32000000,34424.86000000,34628.19000000,415.98221000,2022-01-22 19:44:59.999,14386904.56897660,12184,219.52400000,7592882.64059280
2022-01-22 19:45:00,34628.18000000,34854.84000000,34444.00000000,34528.62000000,600.97839000,2022-01-22 19:59:59.999,20822048.44364140,15051,294.72111000,10212401.66633210
2022-01-22 20:00:00,34528.61000000,35400.00000000,34415.95000000,35277.56000000,1226.69789000,2022-01-22 20:14:59.999,42883941.03503330,29331,767.01233000,26811999.89920360
2022-01-22 20:15:00,35270.49000000,35500.00000000,34839.58000000,34931.01000000,1236.70169000,2022-01-22 20:29:59.999,43497396.54677790,29455,588.79165000,20719908.37120620
2022-01-22 20:30:00,34931.02000000,35185.27000000,34930.91000000,34938.10000000,523.01571000,2022-01-22 20:44:59.999,18342503.18258030,15443,243.77736000,8548876.95135780
2022-01-22 20:45:00,34938.10000000,35430.23000000,34680.59000000,35287.51000000,1236.79882000,2022-01-22 20:59:59.999,43469997.68730600,24379,688.07771000,24181500.22202920
2022-01-22 21:00:00,35287.50000000,35356.67000000,35078.55000000,35117.58000000,403.60636000,2022-01-22 21:14:59.999,14212170.86137740,12477,213.29382000,7512409.59775520
2022-01-22 21:15:00,35117.59000000,35380.95000000,35098.81000000,35229.66000000,441.35200000,2022-01-22 21:29:59.999,15569054.41423410,13492,213.03395000,7515387.90631450
2022-01-22 21:30:00,35226.76000000,35534.15000000,35151.52000000,35484.00000000,509.30320000,2022-01-22 21:44:59.999,18021648.25922560,13911,269.85754000,9551970.69165040
2022-01-22 21:45:00,35484.00000000,35729.03000000,35317.90000000,35387.01000000,632.24483000,2022-01-22 21:59:59.999,22443832.86004700,16423,347.55944000,12344319.90794630
2022-01-22 22:00:00,35383.95000000,35395.26000000,35123.78000000,35249.99000000,365.23191000,2022-01-22 22:14:59.999,12873844.99898250,13101,184.73544000,6512313.95072480
2022-01-22 22:15:00,35250.10000000,35277.45000000,35000.00000000,35014.44000000,229.09971000,2022-01-22 22:29:59.999,8044807.76065960,10095,99.36082000,3490358.71876950
2022-01-22 22:30:00,35019.92000000,35109.53000000,34858.16000000,34919.15000000,252.32225000,2022-01-22 22:44:59.999,8825052.55257310,11865,127.84553000,4471531.86698150
2022-01-22 22:45:00,34919.15000000,34925.84000000,34728.12000000,34875.00000000,301.77586000,2022-01-22 22:59:59.999,10510185.97030320,10459,163.83829000,5705581.32635300
2022-01-22 23:00:00,34875.00000000,34965.64000000,34730.00000000,34947.97000000,310.41619000,2022-01-22 23:14:59.999,10814462.44308230,9678,146.46761000,5103799.23460200
2022-01-22 23:15:00,34947.97000000,35100.00000000,34880.07000000,35098.53000000,216.01669000,2022-01-22 23:29:59.999,7555436.39796000,7588,112.38224000,3931788.71929550
2022-01-22 23:30:00,35098.52000000,35107.00000000,34887.59000000,34903.11000000,203.97177000,2022-01-22 23:44:59.999,7140164.83831100,6859,98.43990000,3447516.97651540
2022-01-22 23:45:00,34903.10000000,35089.45000000,34880.65000000,35071.42000000,168.68877000,2022-01-22 23:59:59.999,5904500.75169130,6834,86.26185000,3019292.11731020
2022-01-23 00:00:00,35071.42000000,35286.50000000,34944.00000000,35165.94000000,512.98414000,2022-01-23 00:14:59.999,18023504.71653950,13979,264.31615000,9286365.86235290
2022-01-23 00:15:00,35165.93000000,35435.47000000,35103.64000000,35372.54000000,454.18553000,2022-01-23 00:29:59.999,16028708.38090970,14680,266.03658000,9389528.26366020
2022-01-23 00:30:00,35372.54000000,35449.99000000,35249.99000000,35253.96000000,358.56946000,2022-01-23 00:44:59.999,12675671.56406500,11811,159.69061000,5644879.35986490
2022-01-23 00:45:00,35253.95000000,35479.11000000,35252.00000000,35401.10000000,275.54741000,2022-01-23 00:59:59.999,9742771.96295820,8563,169.23655000,5985228.41809780
2022-01-23 01:00:00,35401.11000000,35404.95000000,35277.80000000,35313.87000000,314.07829000,2022-01-23 01:14:59.999,11094692.82000850,9569,146.55917000,5176662.57354740
2022-01-23 01:15:00,35313.87000000,35483.70000000,35268.34000000,35418.69000000,276.82727000,2022-01-23 01:29:59.999,9796762.05969510,9843,142.01665000,5025286.76935770
2022-01-23 01:30:00,35418.69000000,35526.28000000,35350.00000000,35404.35000000,439.65933000,2022-01-23 01:44:59.999,15576644.40188120,12669,217.56938000,7708603.48533940
2022-01-23 01:45:00,35404.35000000,35437.28000000,35300.48000000,35315.04000000,316.47717000,2022-01-23 01:59:59.999,11191477.31879120,10754,146.92810000,5195615.51088770
2022-01-23 02:00:00,35316.99000000,35346.21000000,35116.25000000,35143.55000000,308.24420000,2022-01-23 02:14:59.999,10857837.25516050,11185,156.76123000,5521970.43790700
2022-01-23 02:15:00,35143.48000000,35200.00000000,35106.87000000,35161.91000000,194.01325000,2022-01-23 02:29:59.999,6819847.17547340,7718,92.05748000,3235975.69582940
2022-01-23 02:30:00,35161.90000000,35266.49000000,35024.04000000,35033.91000000,417.00006000,2022-01-23 02:44:59.999,14653293.55269160,10416,171.29813000,6020512.10376970
2022-01-23 02:45:00,35035.65000000,35108.10000000,34834.92000000,34875.29000000,453.85286000,2022-01-23 02:59:59.999,15865192.70765580,13359,202.24923000,7072050.50893350
2022-01-23 03:00:00,34875.30000000,34964.46000000,34852.37000000,34880.07000000,309.09825000,2022-01-23 03:14:59.999,10792319.49701950,9652,172.00797000,6005363.38374690
2022-01-23 03:15:00,34880.07000000,34996.62000000,34811.00000000,34917.58000000,280.79988000,2022-01-23 03:29:59.999,9795049.77250710,9380,146.69008000,5117264.39187650
2022-01-23 03:30:00,34921.10000000,35091.18000000,34870.57000000,35052.20000000,196.64967000,2022-01-23 03:44:59.999,6879710.64577040,7999,113.47889000,3969392.86830590
2022-01-23 03:45:00,35052.20000000,35101.53000000,34985.92000000,35051.00000000,206.39456000,2022-01-23 03:59:59.999,7233215.06976290,7277,98.08902000,3437917.41820600
2022-01-23 04:00:00,35051.01000000,35193.74000000,34952.06000000,35190.84000000,258.09850000,2022-01-23 04:14:59.999,9052516.41613200,9009,156.08588000,5474734.03263010
2022-01-23 04:15:00,35190.83000000,35295.97000000,35109.66000000,35220.26000000,342.85266000,2022-01-23 04:29:59.999,12067907.90050500,8527,185.72752000,6537485.20681960
2022-01-23 04:30:00,35220.26000000,35280.88000000,35159.60000000,35192.09000000,305.61374000,2022-01-23 04:44:59.999,10762816.49744420,8680,124.81197000,4395087.80666750
2022-01-23 04:45:00,35192.09000000,35242.00000000,35139.04000000,35217.66000000,201.09548000,2022-01-23 04:59:59.999,7079751.66656210,6768,97.99730000,3450069.46111530
2022-01-23 05:00:00,35217.65000000,35293.97000000,34940.09000000,34992.33000000,703.84285000,2022-01-23 05:14:59.999,24745995.72834260,14235,423.27454000,14888081.97450410
2022-01-23 05:15:00,34992.32000000,35090.00000000,34944.26000000,35059.50000000,251.22430000,2022-01-23 05:29:59.999,8802108.12404360,7178,127.75353000,4475717.50995880
2022-01-23 05:30:00,35059.50000000,35215.60000000,35059.49000000,35136.09000000,219.50440000,2022-01-23 05:44:59.999,7714848.73869060,7356,128.51311000,4517139.24576390
2022-01-23 05:45:00,35136.09000000,35565.09000000,35067.16000000,35456.40000000,1053.07863000,2022-01-23 05:59:59.999,37231495.90882750,19086,557.77639000,19716719.67678500
2022-01-23 06:00:00,35456.40000000,35600.47000000,35286.00000000,35308.70000000,858.84208000,2022-01-23 06:14:59.999,30424625.69819430,16739,451.41029000,15999540.98983080
2022-01-23 06:15:00,35308.71000000,35515.33000000,35297.06000000,35311.47000000,433.99511000,2022-01-23 06:29:59.999,15359325.00306420,12519,220.57609000,7808241.66221690
2022-01-23 06:30:00,35311.47000000,35359.00000000,35165.22000000,35238.22000000,528.23350000,2022-01-23 06:44:59.999,18630075.86966660,11083,232.64435000,8203632.58609930
2022-01-23 06:45:00,35238.22000000,35307.50000000,35183.21000000,35279.83000000,306.52760000,2022-01-23 06:59:59.999,10802244.08438250,7992,151.27986000,5331708.77570000
2022-01-23 07:00:00,35279.84000000,35498.09000000,35221.79000000,35493.72000000,387.31355000,2022-01-23 07:14:59.999,13700335.74786200,10960,214.11727000,7573936.85172320
2022-01-23 07:15:00,35493.73000000,35719.99000000,35474.00000000,35689.08000000,1105.13995000,2022-01-23 07:29:59.999,39314810.75772240,20437,625.87683000,22266574.27784800
2022-01-23 07:30:00,35689.08000000,35758.64000000,35581.65000000,35677.09000000,590.37607000,2022-01-23 07:44:59.999,21050376.78267820,14805,280.44801000,9997376.22714930
2022-01-23 07:45:00,35677.09000000,35678.79000000,35544.79000000,35571.19000000,408.38616000,2022-01-23 07:59:59.999,14536732.14327080,11913,178.27633000,6345698.52165050
2022-01-23 08:00:00,35571.19000000,35961.23000000,35325.03000000,35687.79000000,1722.59633000,2022-01-23 08:14:59.999,61367755.29499090,31985,897.95320000,31994090.40409950
2022-01-23 08:15:00,35687.79000000,35796.97000000,35441.07000000,35474.99000000,685.55437000,2022-01-23 08:29:59.999,24407591.64035440,16170,350.17255000,12468648.77883720
2022-01-23 08:30:00,35474.99000000,35762.70000000,35453.80000000,35669.56000000,515.37658000,2022-01-23 08:44:59.999,18373939.50588810,12849,291.31423000,10381947.69817370
2022-01-23 08:45:00,35669.57000000,35846.77000000,35585.58000000,35846.77000000,398.88140000,2022-01-23 08:59:59.999,14222948.09197290,10201,199.95670000,7132051.68125530
2022-01-23 09:00:00,35846.77000000,35938.00000000,35738.61000000,35902.99000000,782.83608000,2022-01-23 09:14:59.999,28056429.11026380,17861,418.19038000,14990148.03258060
2022-01-23 09:15:00,35902.99000000,36030.80000000,35800.00000000,36013.05000000,748.86900000,2022-01-23 09:29:59.999,26897655.59414090,17046,413.62953000,14857088.47381220
2022-01-23 09:30:00,36013.04000000,36150.76000000,35896.42000000,35920.00000000,1162.65279000,2022-01-23 09:44:59.999,41929896.59606900,25695,543.42977000,19603180.46666960
2022-01-23 09:45:00,35919.99000000,35974.99000000,35849.90000000,35882.35000000,402.73578000,2022-01-23 09:59:59.999,14458552.45660050,11203,197.91305000,7106087.66827950
2022-01-23 10:00:00,35877.41000000,35900.00000000,35711.00000000,35822.36000000,519.81053000,2022-01-23 10:14:59.999,18604021.72473090,14308,234.39770000,8389207.60409430
2022-01-23 10:15:00,35822.37000000,35862.99000000,35577.00000000,35821.97000000,660.68418000,2022-01-23 10:29:59.999,23604512.10852490,13142,254.19322000,9085667.92474190
2022-01-23 10:30:00,35821.97000000,35900.00000000,35766.61000000,35879.96000000,266.59718000,2022-01-23 10:44:59.999,9552784.34990330,8542,172.70083000,6188360.91792580
2022-01-23 10:45:00,35879.97000000,35948.74000000,35662.47000000,35902.12000000,559.78224000,2022-01-23 10:59:59.999,20054900.61822170,14619,282.37681000,10116811.95160660
2022-01-23 11:00:00,35902.12000000,35906.76000000,35800.56000000,35847.42000000,239.20233000,2022-01-23 11:14:59.999,8575482.46819410,9637,122.41921000,4388472.30523520
2022-01-23 11:15:00,35847.42000000,35869.07000000,35693.11000000,35726.29000000,383.39715000,2022-01-23 11:29:59.999,13708995.08467750,11122,215.72733000,7713904.36189810
2022-01-23 11:30:00,35726.29000000,35727.63000000,35608.38000000,35669.96000000,335.35652000,2022-01-23 11:44:59.999,11961399.41394630,12034,163.49213000,5831127.25873640
2022-01-23 11:45:00,35669.96000000,35726.80000000,35616.80000000,35686.29000000,228.33142000,2022-01-23 11:59:59.999,8149100.38279370,8619,119.32872000,4258911.44797690
2022-01-23 12:00:00,35686.29000000,35733.67000000,35600.00000000,35604.99000000,330.42716000,2022-01-23 12:14:59.999,11780587.13054740,9568,154.41346000,5505798.44672290
2022-01-23 12:15:00,35604.99000000,35785.81000000,35557.92000000,35701.92000000,703.29926000,2022-01-23 12:29:59.999,25075955.87746000,13635,373.88338000,13329624.47800710
2022-01-23 12:30:00,35701.91000000,35735.51000000,35621.44000000,35635.82000000,191.67085000,2022-01-23 12:44:59.999,6836907.21168890,7469,94.22811000,3361140.49278440
2022-01-23 12:45:00,35635.82000000,35832.36000000,35612.52000000,35803.21000000,252.46792000,2022-01-23 12:59:59.999,9022473.57881160,8654,139.14689000,4973424.85190170
2022-01-23 13:00:00,35803.21000000,35807.74000000,35700.45000000,35769.44000000,230.20322000,2022-01-23 13:14:59.999,8232679.79783380,8475,110.45473000,3950249.73417140
2022-01-23 13:15:00,35769.43000000,35900.62000000,35761.01000000,35859.08000000,254.89279000,2022-01-23 13:29:59.999,9134529.29244660,8362,141.48853000,5070337.12162200
2022-01-23 13:30:00,35859.09000000,35887.41000000,35786.56000000,35837.41000000,139.88081000,2022-01-23 13:44:59.999,5011114.01742400,6746,65.20226000,2335741.39968620
2022-01-23 13:45:00,35837.41000000,36055.00000000,35837.22000000,35969.27000000,442.47914000,2022-01-23 13:59:59.999,15906620.19048910,12095,261.91007000,9415139.38575700
2022-01-23 14:00:00,35969.28000000,36080.50000000,35740.58000000,35779.45000000,492.90783000,2022-01-23 14:14:59.999,17698236.40402750,13027,230.98290000,8294950.25511500
2022-01-23 14:15:00,35779.45000000,35784.99000000,35460.32000000,35620.00000000,709.26106000,2022-01-23 14:29:59.999,25232560.81188360,16971,343.94513000,12234544.32912350
2022-01-23 14:30:00,35619.99000000,35620.00000000,35374.80000000,35435.93000000,464.10160000,2022-01-23 14:44:59.999,16474041.59443040,11710,203.75748000,7232310.32426400
2022-01-23 14:45:00,35435.93000000,35487.64000000,35050.40000000,35323.85000000,1149.56660000,2022-01-23 14:59:59.999,40481765.50152980,26165,531.74787000,18724171.63258860
2022-01-23 15:00:00,35323.85000000,35368.58000000,35181.02000000,35200.01000000,353.90784000,2022-01-23 15:14:59.999,12484548.89486650,11335,155.43620000,5483124.01981250
2022-01-23 15:15:00,35200.00000000,35374.31000000,35200.00000000,35268.59000000,295.19871000,2022-01-23 15:29:59.999,10418544.99350560,8141,153.76630000,5426720.62833900
2022-01-23 15:30:00,35268.58000000,35268.59000000,35128.00000000,35188.76000000,264.55932000,2022-01-23 15:44:59.999,9313851.58276500,8452,132.97485000,4681367.21620690
2022-01-23 15:45:00,35188.76000000,35349.90000000,35111.56000000,35287.58000000,306.50921000,2022-01-23 15:59:59.999,10791125.52863700,9348,172.45222000,6072210.04151640
2022-01-23 16:00:00,35282.66000000,35450.00000000,35236.17000000,35320.90000000,464.47641000,2022-01-23 16:14:59.999,16417666.43232840,12486,259.45756000,9170849.06332880
2022-01-23 16:15:00,35320.89000000,35399.98000000,35180.00000000,35180.01000000,247.37379000,2022-01-23 16:29:59.999,8730391.70066560,9838,107.04286000,3777038.10032400
2022-01-23 16:30:00,35180.00000000,35275.73000000,35156.00000000,35210.09000000,241.89860000,2022-01-23 16:44:59.999,8518912.30126310,7937,134.87906000,4750615.06329840
2022-01-23 16:45:00,35210.09000000,35310.97000000,35187.30000000,35228.45000000,138.31036000,2022-01-23 16:59:59.999,4876720.54189680,6430,66.24399000,2335566.60382800
2022-01-23 17:00:00,35228.44000000,35357.06000000,35189.99000000,35326.51000000,159.60233000,2022-01-23 17:14:59.999,5632038.74433200,6600,86.19589000,3041434.38687880
2022-01-23 17:15:00,35326.51000000,35350.00000000,35240.00000000,35317.31000000,208.39648000,2022-01-23 17:29:59.999,7357111.93458620,6376,91.78088000,3240025.85154450
2022-01-23 17:30:00,35317.31000000,35399.98000000,35290.00000000,35344.87000000,160.59782000,2022-01-23 17:44:59.999,5674686.55743190,5698,105.00175000,3709873.59781180
2022-01-23 17:45:00,35344.87000000,35445.49000000,35320.00000000,35332.60000000,151.34879000,2022-01-23 17:59:59.999,5356558.08838090,6799,77.19087000,2732098.95611890
2022-01-23 18:00:00,35332.59000000,35398.38000000,35239.28000000,35255.60000000,224.43512000,2022-01-23 18:14:59.999,7923696.85196460,8509,103.43852000,3652019.80188490
2022-01-23 18:15:00,35255.60000000,35293.88000000,35000.00000000,35124.35000000,586.85954000,2022-01-23 18:29:59.999,20619161.65022310,13217,275.53722000,9684984.39974230
2022-01-23 18:30:00,35124.36000000,35224.53000000,35020.01000000,35124.50000000,316.84993000,2022-01-23 18:44:59.999,11132259.90633940,8750,160.85623000,5650804.73849230
2022-01-23 18:45:00,35124.50000000,35158.45000000,34870.01000000,34956.27000000,552.24095000,2022-01-23 18:59:59.999,19314699.37946640,14617,249.89072000,8737494.45128580
2022-01-23 19:00:00,34956.28000000,35059.65000000,34891.00000000,34919.99000000,258.97958000,2022-01-23 19:14:59.999,9054752.19252170,10409,134.29488000,4694909.95120080
2022-01-23 19:15:00,34919.99000000,35134.52000000,34841.05000000,35098.26000000,481.24123000,2022-01-23 19:29:59.999,16837357.37772800,11653,220.14702000,7700770.79874670
2022-01-23 19:30:00,35098.25000000,35205.52000000,34655.18000000,34723.11000000,1015.21765000,2022-01-23 19:44:59.999,35404621.89689080,20045,454.42448000,15837804.94289490
2022-01-23 19:45:00,34723.11000000,34897.30000000,34601.01000000,34775.45000000,672.49323000,2022-01-23 19:59:59.999,23372831.68064260,15168,344.87080000,11987303.78325510
2022-01-23 20:00:00,34775.45000000,35374.54000000,34707.58000000,35284.44000000,612.71539000,2022-01-23 20:14:59.999,21473181.27934370,16060,333.76240000,11697566.40702850
2022-01-23 20:15:00,35280.76000000,35387.80000000,35064.17000000,35088.02000000,444.05586000,2022-01-23 20:29:59.999,15632175.02649720,11778,212.19804000,7469724.18748780
2022-01-23 20:30:00,35088.01000000,35238.09000000,35063.00000000,35180.46000000,157.54209000,2022-01-23 20:44:59.999,5539562.35253370,7016,80.16638000,2818952.37653510
2022-01-23 20:45:00,35180.47000000,35315.40000000,35157.03000000,35300.13000000,209.43131000,2022-01-23 20:59:59.999,7381077.60691340,7765,120.30658000,4240077.79077260
2022-01-23 21:00:00,35300.13000000,35329.80000000,35083.76000000,35192.16000000,311.51676000,2022-01-23 21:14:59.999,10965693.01042750,8844,129.88171000,4571512.57171490
2022-01-23 21:15:00,35192.16000000,35450.00000000,35169.78000000,35304.68000000,313.23891000,2022-01-23 21:29:59.999,11070768.69215600,8700,146.28083000,5169633.42927590
2022-01-23 21:30:00,35304.69000000,35536.58000000,35209.03000000,35498.27000000,328.14735000,2022-01-23 21:44:59.999,11610572.07597450,9892,191.44919000,6774372.29796640
2022-01-23 21:45:00,35498.27000000,35566.66000000,35325.00000000,35346.15000000,267.24272000,2022-01-23 21:59:59.999,9469547.61445590,9467,132.62738000,4700054.51181970
2022-01-23 22:00:00,35346.15000000,35449.99000000,35273.15000000,35322.22000000,240.18842000,2022-01-23 22:14:59.999,8493897.33328250,8737,98.93944000,3499094.60151260
2022-01-23 22:15:00,35319.05000000,35482.12000000,35278.40000000,35384.65000000,245.81616000,2022-01-23 22:29:59.999,8699895.31571180,7717,124.23255000,4396137.55463720
2022-01-23 22:30:00,35384.65000000,35411.00000000,35337.00000000,35368.99000000,126.36937000,2022-01-23 22:44:59.999,4471118.64754160,5557,59.27924000,2097623.17611090
2022-01-23 22:45:00,35368.99000000,35545.76000000,35319.26000000,35508.47000000,266.72313000,2022-01-23 22:59:59.999,9455372.60917130,6874,156.67125000,5554350.75818420
2022-01-23 23:00:00,35508.47000000,36424.00000000,35383.36000000,36365.03000000,2267.80185000,2022-01-23 23:14:59.999,81645762.19955960,38817,1499.61914000,54002874.14552640
2022-01-23 23:15:00,36365.04000000,36499.00000000,36190.18000000,36326.69000000,1422.47463000,2022-01-23 23:29:59.999,51730300.66732220,26430,844.90632000,30731566.79755810
2022-01-23 23:30:00,36326.69000000,36340.17000000,36108.67000000,36198.00000000,942.13492000,2022-01-23 23:44:59.999,34099791.72499740,20335,505.56693000,18299351.33960990
2022-01-23 23:45:00,36196.77000000,36320.47000000,36196.16000000,36244.55000000,781.29975000,2022-01-23 23:59:59.999,28328282.83242970,12559,369.71417000,13404097.40824330
2022-01-24 00:00:00,36244.55000000,36251.50000000,35920.00000000,35979.04000000,1098.88093000,2022-01-24 00:14:59.999,39620172.08597810,25274,614.01403000,22132287.66008490
2022-01-24 00:15:00,35979.03000000,36052.71000000,35770.00000000,35819.42000000,1001.72705000,2022-01-24 00:29:59.999,35958750.19521230,22385,613.99920000,22043073.63991420
2022-01-24 00:30:00,35819.41000000,35904.72000000,35744.18000000,35771.37000000,481.59798000,2022-01-24 00:44:59.999,17248349.77245100,13840,285.52653000,10227288.95163470
2022-01-24 00:45:00,35771.38000000,35941.51000000,35771.37000000,35840.29000000,258.54552000,2022-01-24 00:59:59.999,9275562.43052430,8451,135.82746000,4872513.38646170
2022-01-24 01:00:00,35840.30000000,35982.51000000,35806.53000000,35900.38000000,467.59570000,2022-01-24 01:14:59.999,16794251.12206300,9616,218.86117000,7861201.60949870
2022-01-24 01:15:00,35900.38000000,36042.21000000,35759.03000000,35800.02000000,348.97400000,2022-01-24 01:29:59.999,12528840.41375760,8808,131.17101000,4711038.38109010
2022-01-24 01:30:00,35800.03000000,35800.03000000,35636.02000000,35681.99000000,481.68657000,2022-01-24 01:44:59.999,17202232.39263510,10412,231.02182000,8251157.98679210
2022-01-24 01:45:00,35681.99000000,35716.32000000,35600.00000000,35652.22000000,470.49037000,2022-01-24 01:59:59.999,16772237.00563790,9125,211.67264000,7543777.79889320
2022-01-24 02:00:00,35650.01000000,35715.01000000,35567.72000000,35613.94000000,281.89483000,2022-01-24 02:14:59.999,10044921.70872970,8158,110.28806000,3928883.72779240
2022-01-24 02:15:00,35613.95000000,35666.26000000,35543.03000000,35578.76000000,267.17896000,2022-01-24 02:29:59.999,9507801.47057900,6738,124.97567000,4447089.98048110
2022-01-24 02:30:00,35578.77000000,35640.62000000,35330.00000000,35410.81000000,380.15331000,2022-01-24 02:44:59.999,13491910.35912870,10123,154.95458000,5500824.30207840
2022-01-24 02:45:00,35410.81000000,35481.99000000,35160.51000000,35201.17000000,449.22033000,2022-01-24 02:59:59.999,15858693.60254230,11121,236.12648000,8334200.30501040
2022-01-24 03:00:00,35201.17000000,35327.61000000,35169.00000000,35320.70000000,265.09183000,2022-01-24 03:14:59.999,9347114.09863060,8437,147.76925000,5210414.94174340
2022-01-24 03:15:00,35320.70000000,35354.25000000,35199.26000000,35208.65000000,321.78698000,2022-01-24 03:29:59.999,11351761.93414330,8586,157.84522000,5569736.20730520
2022-01-24 03:30:00,35208.65000000,35309.28000000,35208.65000000,35266.46000000,227.26317000,2022-01-24 03:44:59.999,8013366.82599600,7069,110.07308000,3881130.86124790
2022-01-24 03:45:00,35266.46000000,35399.99000000,35266.46000000,35338.26000000,363.33299000,2022-01-24 03:59:59.999,12843877.99413990,7231,170.31957000,6020343.54066060
2022-01-24 04:00:00,35338.25000000,35473.45000000,35310.01000000,35364.48000000,434.67676000,2022-01-24 04:14:59.999,15384402.06144690,9485,194.53884000,6884396.57878450
2022-01-24 04:15:00,35364.49000000,35425.04000000,35325.04000000,35358.24000000,173.78146000,2022-01-24 04:29:59.999,6146328.75244500,5856,77.07277000,2726069.32831350
2022-01-24 04:30:00,35358.25000000,35386.31000000,35206.48000000,35239.99000000,191.76017000,2022-01-24 04:44:59.999,6766729.51534860,6259,97.72814000,3447929.68134130
2022-01-24 04:45:00,35240.00000000,35264.77000000,35065.00000000,35123.56000000,325.72522000,2022-01-24 04:59:59.999,11439887.37998920,9264,132.29665000,4646427.43351290
2022-01-24 05:00:00,35123.57000000,35126.01000000,34991.75000000,35075.10000000,363.35089000,2022-01-24 05:14:59.999,12732233.12018930,10663,127.67862000,4473990.34926920
2022-01-24 05:15:00,35075.10000000,35149.99000000,35016.32000000,35038.52000000,313.05084000,2022-01-24 05:29:59.999,10985666.76112180,7721,94.05486000,3300679.82588750
2022-01-24 05:30:00,35038.94000000,35109.74000000,34936.37000000,35038.56000000,435.12803000,2022-01-24 05:44:59.999,15235366.75675900,9435,177.38535000,6210587.14113670
2022-01-24 05:45:00,35038.55000000,35249.27000000,35036.00000000,35184.06000000,335.20860000,2022-01-24 05:59:59.999,11780283.75528430,8298,183.22462000,6439126.37964110
2022-01-24 06:00:00,35184.06000000,35216.92000000,35054.01000000,35113.22000000,224.95864000,2022-01-24 06:14:59.999,7902854.16811720,7619,93.59855000,3287963.03454050
2022-01-24 06:15:00,35113.21000000,35351.82000000,35088.40000000,35322.35000000,257.22209000,2022-01-24 06:29:59.999,9070250.47164790,8487,141.22854000,4979553.40032000
2022-01-24 06:30:00,35322.34000000,35356.65000000,35252.39000000,35340.36000000,191.75738000,2022-01-24 06:44:59.999,6768544.93285870,6386,96.63102000,3410748.93371160
2022-01-24 06:45:00,35340.36000000,35340.36000000,35250.22000000,35265.37000000,192.16119000,2022-01-24 06:59:59.999,6780533.59920350,6577,65.05945000,2295471.53344490
2022-01-24 07:00:00,35265.14000000,35269.90000000,35115.54000000,35127.07000000,345.55157000,2022-01-24 07:14:59.999,12155048.08867250,10527,158.55051000,5577265.68889550
2022-01-24 07:15:00,35127.06000000,35314.95000000,35127.06000000,35238.79000000,256.96509000,2022-01-24 07:29:59.999,9051944.49478970,7990,126.57157000,4458285.94143670
2022-01-24 07:30:00,35238.78000000,35287.22000000,34988.92000000,34998.16000000,413.35777000,2022-01-24 07:44:59.999,14522196.16128970,10902,166.39870000,5847854.14055310
2022-01-24 07:45:00,34998.15000000,35064.88000000,34811.87000000,34888.81000000,523.15242000,2022-01-24 07:59:59.999,18276676.48581430,14293,228.19269000,7973672.94051000
2022-01-24 08:00:00,34887.90000000,35042.24000000,34850.00000000,35032.17000000,408.19888000,2022-01-24 08:14:59.999,14270607.33380980,11012,208.54549000,7290382.16706720
2022-01-24 08:15:00,35028.66000000,35160.73000000,35015.86000000,35136.46000000,330.82757000,2022-01-24 08:29:59.999,11609609.00630440,9073,169.95998000,5964242.22815220
2022-01-24 08:30:00,35136.47000000,35220.45000000,35100.00000000,35139.27000000,294.43143000,2022-01-24 08:44:59.999,10353103.26066470,8789,125.44076000,4411382.72339970
2022-01-24 08:45:00,35136.89000000,35562.15000000,34792.53000000,34959.79000000,1792.83798000,2022-01-24 08:59:59.999,62935371.22352690,34550,845.05201000,29676187.58832330
2022-01-24 09:00:00,34959.79000000,35093.13000000,34866.50000000,34903.26000000,599.70629000,2022-01-24 09:14:59.999,20979155.34014810,13774,303.41889000,10614501.07048490
2022-01-24 09:15:00,34903.25000000,34934.71000000,34401.50000000,34725.39000000,1634.14793000,2022-01-24 09:29:59.999,56613611.07384880,35065,775.03345000,26861654.95031490
2022-01-24 09:30:00,34729.00000000,34841.85000000,34477.00000000,34518.76000000,755.29310000,2022-01-24 09:44:59.999,26173489.88705490,21481,385.28460000,13353822.00884870
2022-01-24 09:45:00,34518.76000000,34681.49000000,34432.01000000,34512.20000000,1031.28615000,2022-01-24 09:59:59.999,35641643.62136660,17602,431.71824000,14920696.85096710
2022-01-24 10:00:00,34510.04000000,34600.00000000,33560.00000000,33856.85000000,3975.09870200,2022-01-24 10:14:59.999,135223830.54243498,70561,1614.85810200,54940473.22518486
2022-01-24 10:15:00,33856.84000000,33978.43000000,33500.00000000,33534.37000000,2533.05239100,2022-01-24 10:29:59.999,85254703.36354796,45308,1192.21044000,40137741.90131713
2022-01-24 10:30:00,33534.37000000,33772.00000000,33434.12000000,33600.00000000,1571.13708000,2022-01-24 10:44:59.999,52797134.00479794,31114,743.53166600,24987769.49147540
2022-01-24 10:45:00,33600.00000000,33748.94000000,33250.00000000,33276.59000000,1820.34888000,2022-01-24 10:59:59.999,60956124.78196628,35474,815.03684000,27301730.98694610
2022-01-24 11:00:00,33276.59000000,33912.30000000,33029.54000000,33874.63000000,3372.34296200,2022-01-24 11:14:59.999,112719515.91913818,53122,1655.24725000,55375481.60894800
2022-01-24 11:15:00,33874.64000000,34249.88000000,33682.24000000,33781.67000000,2139.29729000,2022-01-24 11:29:59.999,72513465.46167170,38351,886.89099000,30068414.78033050
2022-01-24 11:30:00,33781.66000000,33950.00000000,33607.38000000,33853.21000000,846.13318000,2022-01-24 11:44:59.999,28589338.33911270,18351,468.45220000,15826988.09177670
2022-01-24 11:45:00,33853.21000000,33985.48000000,33638.09000000,33697.11000000,697.97668000,2022-01-24 11:59:59.999,23606066.91768310,17208,346.99846000,11735317.05706560
2022-01-24 12:00:00,33697.12000000,33890.00000000,33488.88000000,33652.64000000,793.90843000,2022-01-24 12:14:59.999,26751456.07976980,18361,380.57743000,12832636.29718860
2022-01-24 12:15:00,33652.65000000,33674.51000000,33367.33000000,33587.04000000,788.74085000,2022-01-24 12:29:59.999,26446886.57410580,18027,345.94111000,11600219.07914480
2022-01-24 12:30:00,33587.05000000,33709.37000000,33300.00000000,33394.65000000,1278.60081000,2022-01-24 12:44:59.999,42811074.52379910,27853,569.85650000,19091072.81261910
2022-01-24 12:45:00,33394.65000000,33665.58000000,33036.44000000,33114.90000000,1815.58633000,2022-01-24 12:59:59.999,60473553.61313190,39004,846.77984000,28215611.79566510
2022-01-24 13:00:00,33114.89000000,33776.02000000,32917.17000000,33472.71000000,3291.56259600,2022-01-24 13:14:59.999,109680829.42599880,62722,1660.36939000,55378033.76192397
2022-01-24 13:15:00,33472.71000000,33763.70000000,33318.89000000,33521.79000000,1024.17035000,2022-01-24 13:29:59.999,34345602.60265600,23636,550.21578000,18455519.24916720
2022-01-24 13:30:00,33521.79000000,33624.99000000,33250.00000000,33342.00000000,874.25437000,2022-01-24 13:44:59.999,29207230.01890810,20102,442.44442000,14782226.84884040
2022-01-24 13:45:00,33341.99000000,33591.01000000,33328.51000000,33335.23000000,802.28432000,2022-01-24 13:59:59.999,26844653.94821530,19660,439.16383000,14695642.96504630
2022-01-24 14:00:00,33335.23000000,33383.88000000,33100.00000000,33361.97000000,1513.75985000,2022-01-24 14:14:59.999,50303378.69227550,28438,675.21609000,22441548.83604610
2022-01-24 14:15:00,33361.97000000,33668.70000000,33328.82000000,33603.99000000,1010.67108000,2022-01-24 14:29:59.999,33851898.84514570,23631,552.84894000,18518163.89448430
2022-01-24 14:30:00,33603.99000000,34138.16000000,33386.66000000,33709.57000000,2997.25355000,2022-01-24 14:44:59.999,101456467.68657220,52307,1589.76851000,53822222.61828700
2022-01-24 14:45:00,33709.58000000,33833.00000000,33460.20000000,33622.71000000,1214.67730000,2022-01-24 14:59:59.999,40876587.40263180,28751,589.44936000,19837493.15829040
2022-01-24 15:00:00,33622.70000000,33792.49000000,33222.74000000,33457.53000000,1354.92497000,2022-01-24 15:14:59.999,45401602.94650520,31724,693.08966000,23228720.70562820
2022-01-24 15:15:00,33457.52000000,34059.41000000,33333.00000000,33881.53000000,1334.36848000,2022-01-24 15:29:59.999,45041623.41657610,29735,786.37114000,26553580.25417080
2022-01-24 15:30:00,33881.52000000,34314.49000000,33867.00000000,34261.89000000,1565.61389000,2022-01-24 15:44:59.999,53473184.24044040,33414,876.82308000,29947765.21346820
2022-01-24 15:45:00,34261.90000000,34388.38000000,34007.59000000,34233.95000000,838.12074000,2022-01-24 15:59:59.999,28654014.87990190,20762,437.16847000,14950059.03594320
2022-01-24 16:00:00,34237.31000000,34238.40000000,33970.89000000,34191.47000000,983.00812000,2022-01-24 16:14:59.999,33520184.47833010,21077,487.04297000,16607745.02409150
2022-01-24 16:15:00,34184.76000000,34498.78000000,34157.59000000,34449.67000000,1463.73814000,2022-01-24 16:29:59.999,50267008.91382760,32939,881.05307000,30258630.42588090
2022-01-24 16:30:00,34445.20000000,34576.01000000,34040.00000000,34104.15000000,1290.53627000,2022-01-24 16:44:59.999,44230142.11167940,28045,706.93987000,24240609.23746070
2022-01-24 16:45:00,34102.96000000,34433.53000000,33803.13000000,34417.76000000,1354.91917000,2022-01-24 16:59:59.999,46246451.95582590,30853,742.40193000,25337788.78034230
2022-01-24 17:00:00,34417.75000000,34452.45000000,34183.59000000,34297.15000000,1360.37288000,2022-01-24 17:14:59.999,46698392.40883110,26845,727.42816000,24972785.01635750
2022-01-24 17:15:00,34296.90000000,34788.52000000,34164.58000000,34646.53000000,1204.86176000,2022-01-24 17:29:59.999,41560404.63204520,27318,682.97675000,23558216.31622920
2022-01-24 17:30:00,34646.53000000,35388.52000000,34567.18000000,35288.60000000,2464.44790000,2022-01-24 17:44:59.999,86195822.90638310,41749,1521.88725000,53226652.69526710
2022-01-24 17:45:00,35279.05000000,35535.69000000,35200.00000000,35363.10000000,1452.89749000,2022-01-24 17:59:59.999,51454383.60304080,31097,766.52524000,27150264.12587350
2022-01-24 18:00:00,35363.11000000,36000.00000000,35190.13000000,35895.52000000,2256.26852000,2022-01-24 18:14:59.999,80459186.32272360,41260,1393.50187000,49717969.67043320
2022-01-24 18:15:00,35891.91000000,36245.04000000,35731.62000000,35760.91000000,1819.91057000,2022-01-24 18:29:59.999,65502305.16031610,37221,956.58700000,34434956.43897340
2022-01-24 18:30:00,35760.91000000,36017.80000000,35750.00000000,35929.31000000,1049.05074000,2022-01-24 18:44:59.999,37683414.27634040,22840,589.14534000,21165854.14349860
2022-01-24 18:45:00,35927.09000000,36436.00000000,35923.41000000,36179.99000000,1773.63168000,2022-01-24 18:59:59.999,64264271.69584740,32113,924.94831000,33507218.73950230
2022-01-24 19:00:00,36179.99000000,36340.54000000,35918.34000000,35934.81000000,1065.80667000,2022-01-24 19:14:59.999,38479721.95133800,22836,560.06845000,20225800.58656080
2022-01-24 19:15:00,35934.81000000,36000.00000000,35747.00000000,35859.33000000,966.55715000,2022-01-24 19:29:59.999,34668804.00312980,20127,478.19260000,17153736.49474000
2022-01-24 19:30:00,35859.33000000,36034.84000000,35652.04000000,35774.16000000,595.70995000,2022-01-24 19:44:59.999,21336131.75076660,15697,322.49289000,11548760.03896530
2022-01-24 19:45:00,35774.16000000,36110.02000000,35667.12000000,36066.40000000,715.81503000,2022-01-24 19:59:59.999,25711425.97439940,16743,364.10731000,13075586.40410680
2022-01-24 20:00:00,36066.40000000,36258.37000000,35951.13000000,36220.07000000,732.14706000,2022-01-24 20:14:59.999,26446491.67485700,17281,400.14309000,14454198.13374770
2022-01-24 20:15:00,36220.07000000,36341.58000000,35982.32000000,36090.09000000,895.12671000,2022-01-24 20:29:59.999,32362831.95444520,21562,436.63017000,15789119.94795280
2022-01-24 20:30:00,36092.20000000,36631.21000000,35999.46000000,36392.32000000,1442.84707000,2022-01-24 20:44:59.999,52497624.89277290,30077,840.32308000,30589350.71775210
2022-01-24 20:45:00,36392.32000000,37550.00000000,36382.31000000,37220.05000000,2800.32998000,2022-01-24 20:59:59.999,103717669.56484640,58237,1578.79678000,58450912.82932600
2022-01-24 21:00:00,37218.56000000,37264.93000000,36798.07000000,36900.00000000,1100.22005000,2022-01-24 21:14:59.999,40677705.46185870,26903,570.09844000,21080450.66875840
2022-01-24 21:15:00,36900.01000000,37079.89000000,36819.99000000,36889.95000000,567.95461000,2022-01-24 21:29:59.999,20972069.12653690,14781,300.44550000,11096476.10976250
2022-01-24 21:30:00,36896.26000000,37072.31000000,36836.05000000,36875.04000000,492.84571000,2022-01-24 21:44:59.999,18216508.29013550,12953,199.83874000,7385417.63132620
2022-01-24 21:45:00,36875.05000000,36916.14000000,36711.00000000,36805.22000000,432.79269000,2022-01-24 21:59:59.999,15928386.89061620,13340,191.81881000,7060666.18478460
2022-01-24 22:00:00,36807.92000000,36815.68000000,36603.35000000,36787.07000000,497.05895000,2022-01-24 22:14:59.999,18245034.12135080,15531,232.14630000,8522394.21756960
2022-01-24 22:15:00,36783.43000000,36842.95000000,36485.00000000,36566.11000000,396.83230000,2022-01-24 22:29:59.999,14546013.17693540,14785,187.35882000,6868075.54904650
2022-01-24 22:30:00,36566.12000000,36579.49000000,36187.99000000,36476.88000000,607.70036000,2022-01-24 22:44:59.999,22120166.98895450,19869,323.82410000,11788444.18408810
2022-01-24 22:45:00,36476.94000000,36480.74000000,36335.57000000,36369.44000000,285.96426000,2022-01-24 22:59:59.999,10406106.44319260,9360,158.98717000,5785588.66908190
2022-01-24 23:00:00,36369.43000000,36568.75000000,36355.29000000,36529.00000000,378.43163000,2022-01-24 23:14:59.999,13803788.28545160,12717,218.69689000,7976112.11584810
2022-01-24 23:15:00,36529.00000000,36700.00000000,36486.66000000,36536.05000000,396.29900000,2022-01-24 23:29:59.999,14496391.83159770,10710,182.32581000,6668736.90683810
2022-01-24 23:30:00,36536.05000000,36741.54000000,36450.00000000,36682.77000000,304.17292000,2022-01-24 23:44:59.999,11142259.63997260,10221,170.48635000,6244355.70146760
2022-01-24 23:45:00,36682.78000000,36767.09000000,36616.24000000,36660.35000000,312.65482000,2022-01-24 23:59:59.999,11468880.72400440,8167,153.63431000,5635538.26836270
2022-01-25 00:00:00,36660.35000000,36691.87000000,36391.65000000,36496.76000000,671.00187000,2022-01-25 00:14:59.999,24510489.79703990,17793,320.51806000,11705510.22293280
2022-01-25 00:15:00,36496.75000000,36660.44000000,36207.05000000,36272.41000000,583.89086000,2022-01-25 00:29:59.999,21292803.48820230,15475,282.68639000,10314353.67524590
2022-01-25 00:30:00,36277.82000000,36379.24000000,36265.26000000,36337.97000000,408.14750000,2022-01-25 00:44:59.999,14822935.28871300,11383,207.56431000,7538377.73832270
2022-01-25 00:45:00,36337.96000000,36387.29000000,36012.01000000,36037.58000000,653.41498000,2022-01-25 00:59:59.999,23625491.90702050,14853,330.87444000,11962379.86531250
2022-01-25 01:00:00,36038.09000000,36170.45000000,35965.95000000,35995.61000000,530.61552000,2022-01-25 01:14:59.999,19152138.43890320,13699,241.62936000,8722802.76056000
2022-01-25 01:15:00,35995.61000000,36196.14000000,35955.43000000,36120.70000000,418.49686000,2022-01-25 01:29:59.999,15104296.52003040,11695,260.68884000,9409716.31939710
2022-01-25 01:30:00,36120.70000000,36174.65000000,36016.37000000,36023.00000000,296.54787000,2022-01-25 01:44:59.999,10703624.00156600,10068,160.42371000,5790570.46971090
2022-01-25 01:45:00,36023.01000000,36152.14000000,36016.37000000,36125.31000000,230.61600000,2022-01-25 01:59:59.999,8326710.77888760,8107,121.75112000,4395771.45469610
2022-01-25 02:00:00,36125.31000000,36256.04000000,36084.85000000,36187.56000000,370.55157000,2022-01-25 02:14:59.999,13398713.17227290,11911,220.20057000,7961980.61869630
2022-01-25 02:15:00,36187.56000000,36234.37000000,36085.20000000,36159.51000000,222.10953000,2022-01-25 02:29:59.999,8029254.00841690,7298,96.08506000,3473702.98728950
2022-01-25 02:30:00,36159.51000000,36232.93000000,36140.00000000,36165.38000000,369.46287000,2022-01-25 02:44:59.999,13371655.86760840,6428,247.78280000,8968286.52561530
2022-01-25 02:45:00,36165.39000000,36335.48000000,36165.38000000,36317.27000000,257.48104000,2022-01-25 02:59:59.999,9342154.89872460,7310,117.92719000,4278553.87913860
2022-01-25 03:00:00,36317.26000000,36328.00000000,36166.44000000,36198.40000000,259.95772000,2022-01-25 03:14:59.999,9418084.16474670,7313,100.90025000,3656155.13455310
2022-01-25 03:15:00,36198.40000000,36275.34000000,36181.22000000,36257.13000000,216.37025000,2022-01-25 03:29:59.999,7838329.17076200,6076,129.85871000,4704409.67028670
2022-01-25 03:30:00,36257.13000000,36436.11000000,36257.13000000,36334.99000000,530.08734000,2022-01-25 03:44:59.999,19266630.00556880,10058,263.16876000,9564898.63746190
2022-01-25 03:45:00,36338.65000000,36460.03000000,36270.00000000,36424.49000000,236.77041000,2022-01-25 03:59:59.999,8609017.96711540,7088,125.10801000,4548489.84123900
2022-01-25 04:00:00,36424.50000000,36496.62000000,36352.00000000,36373.20000000,266.05441000,2022-01-25 04:14:59.999,9684893.87230410,7332,129.03954000,4697263.49408860
2022-01-25 04:15:00,36374.01000000,36414.66000000,36331.00000000,36396.61000000,238.65924000,2022-01-25 04:29:59.999,8680115.72415480,6851,118.44879000,4308206.07881670
2022-01-25 04:30:00,36396.60000000,36409.06000000,36147.87000000,36195.64000000,312.89455000,2022-01-25 04:44:59.999,11339213.48293870,8830,135.03493000,4894529.59603470
2022-01-25 04:45:00,36195.64000000,36195.64000000,35869.39000000,35950.00000000,567.94945000,2022-01-25 04:59:59.999,20451286.32082750,11483,270.24487000,9730872.25553140
2022-01-25 05:00:00,35950.01000000,36110.81000000,35912.22000000,36090.21000000,277.35260000,2022-01-25 05:14:59.999,9991582.42191910,8388,159.96875000,5762415.88007920
2022-01-25 05:15:00,36090.21000000,36096.69000000,35829.21000000,35857.31000000,380.00324000,2022-01-25 05:29:59.999,13658095.82252260,9944,159.42456000,5729176.77044290
2022-01-25 05:30:00,35857.32000000,36029.99000000,35828.56000000,36021.91000000,257.19723000,2022-01-25 05:44:59.999,9242968.39798830,6690,136.39897000,4900384.10043820
2022-01-25 05:45:00,36021.91000000,36090.02000000,35962.43000000,36054.81000000,159.89705000,2022-01-25 05:59:59.999,5760384.03591370,5892,78.97788000,2845538.31240710
2022-01-25 06:00:00,36054.81000000,36150.92000000,36000.15000000,36008.44000000,321.23248000,2022-01-25 06:14:59.999,11586399.01189090,7975,158.48510000,5716513.18841350
2022-01-25 06:15:00,36008.44000000,36055.29000000,35944.13000000,35986.08000000,211.99602000,2022-01-25 06:29:59.999,7630919.04994190,7662,85.15713000,3065385.57101220
2022-01-25 06:30:00,35986.08000000,36118.05000000,35913.00000000,35913.01000000,337.71500000,2022-01-25 06:44:59.999,12164890.53684850,8726,169.74568000,6114097.10515960
2022-01-25 06:45:00,35913.01000000,35970.42000000,35835.01000000,35843.89000000,308.03123000,2022-01-25 06:59:59.999,11061034.76043800,7841,160.89233000,5776910.73735340
2022-01-25 07:00:00,35843.89000000,35934.70000000,35703.00000000,35724.95000000,423.34358000,2022-01-25 07:14:59.999,15155333.76271230,11276,215.01936000,7697019.21963650
2022-01-25 07:15:00,35724.94000000,35893.78000000,35701.00000000,35871.37000000,531.04174000,2022-01-25 07:29:59.999,19001364.43401280,8901,248.39717000,8886610.54905000
2022-01-25 07:30:00,35871.38000000,36062.26000000,35864.38000000,36061.80000000,1024.97484000,2022-01-25 07:44:59.999,36896174.07432540,11796,644.63392000,23204606.13484470
2022-01-25 07:45:00,36059.98000000,36106.00000000,35963.61000000,36044.01000000,324.75596000,2022-01-25 07:59:59.999,11703323.20177400,7231,150.29372000,5415999.80045360
2022-01-25 08:00:00,36044.01000000,36339.78000000,36003.30000000,36330.95000000,858.92779000,2022-01-25 08:14:59.999,31065347.35822180,16422,516.46105000,18678392.74775460
2022-01-25 08:15:00,36330.95000000,36564.07000000,36144.41000000,36172.59000000,819.02160000,2022-01-25 08:29:59.999,29773262.39156100,19265,389.23569000,14152187.02416550
2022-01-25 08:30:00,36172.59000000,36244.18000000,36032.05000000,36226.21000000,523.44640000,2022-01-25 08:44:59.999,18914677.39112380,13550,242.03573000,8745279.14549880
2022-01-25 08:45:00,36226.21000000,36320.73000000,36050.00000000,36070.55000000,385.31578000,2022-01-25 08:59:59.999,13948816.90466810,9558,147.08303000,5325322.76017170
2022-01-25 09:00:00,36070.55000000,36247.32000000,36040.01000000,36192.57000000,380.41843000,2022-01-25 09:14:59.999,13751717.09797330,10059,185.49123000,6704187.93375720
2022-01-25 09:15:00,36192.57000000,36409.51000000,36175.58000000,36383.18000000,490.74933000,2022-01-25 09:29:59.999,17819962.84606500,12099,216.61031000,7862523.94427430
2022-01-25 09:30:00,36383.18000000,36435.46000000,36271.84000000,36311.53000000,461.64985000,2022-01-25 09:44:59.999,16785526.99110200,13061,229.48649000,8345122.96759360
2022-01-25 09:45:00,36311.53000000,36510.00000000,36304.10000000,36409.42000000,400.12746000,2022-01-25 09:59:59.999,14566392.99773650,11097,218.24573000,7945479.23838330
2022-01-25 10:00:00,36409.42000000,36653.83000000,36336.67000000,36560.24000000,635.66362000,2022-01-25 10:14:59.999,23190261.12001200,16108,335.62888000,12243534.82461820
2022-01-25 10:15:00,36560.23000000,36800.00000000,36448.99000000,36484.49000000,698.81808000,2022-01-25 10:29:59.999,25565444.43209140,18669,335.90982000,12290614.46645330
2022-01-25 10:30:00,36484.48000000,36515.00000000,36304.53000000,36316.50000000,463.23415000,2022-01-25 10:44:59.999,16856614.73007070,13301,184.09809000,6699541.26364960
2022-01-25 10:45:00,36316.51000000,36448.82000000,36287.89000000,36430.39000000,321.33453000,2022-01-25 10:59:59.999,11691260.37450770,10512,164.05881000,5968848.66614300
2022-01-25 11:00:00,36430.38000000,36580.01000000,36348.35000000,36550.61000000,481.98610000,2022-01-25 11:14:59.999,17595235.32019600,14894,241.23536000,8806902.27178900
2022-01-25 11:15:00,36550.61000000,36600.44000000,36227.52000000,36271.21000000,502.10880000,2022-01-25 11:29:59.999,18264693.00550380,13133,249.99582000,9092741.01683600
2022-01-25 11:30:00,36271.20000000,36396.00000000,36231.81000000,36334.90000000,321.13273000,2022-01-25 11:44:59.999,11661111.88309930,10418,150.48681000,5464285.84992340
2022-01-25 11:45:00,36334.90000000,36479.19000000,36300.86000000,36406.00000000,366.63353000,2022-01-25 11:59:59.999,13343576.12248120,11528,187.65721000,6830081.29747470
2022-01-25 12:00:00,36406.00000000,36457.00000000,36244.56000000,36304.88000000,497.38351000,2022-01-25 12:14:59.999,18065792.66266810,14087,238.96698000,8678781.80830770
2022-01-25 12:15:00,36304.87000000,36469.00000000,36201.68000000,36443.87000000,420.19666000,2022-01-25 12:29:59.999,15285470.40495670,11948,221.93306000,8072557.90329280
2022-01-25 12:30:00,36443.87000000,36777.77000000,36396.02000000,36656.09000000,967.94001000,2022-01-25 12:44:59.999,35406685.08494950,20712,563.90814000,20630725.71615620
2022-01-25 12:45:00,36656.09000000,36673.14000000,36500.00000000,36519.13000000,354.00569000,2022-01-25 12:59:59.999,12944431.92594120,11585,178.49412000,6526279.87136900
2022-01-25 13:00:00,36519.12000000,36579.99000000,36334.27000000,36423.78000000,464.46817000,2022-01-25 13:14:59.999,16923698.16643810,13311,247.65462000,9023340.63253070
2022-01-25 13:15:00,36425.84000000,36546.92000000,36266.14000000,36303.64000000,655.62217000,2022-01-25 13:29:59.999,23878163.90782590,18660,287.14302000,10458192.31150060
2022-01-25 13:30:00,36303.63000000,36444.00000000,36259.10000000,36421.57000000,464.13785000,2022-01-25 13:44:59.999,16877020.71067710,18645,220.02561000,8000753.26424440
2022-01-25 13:45:00,36423.52000000,36531.60000000,36346.08000000,36498.00000000,423.94756000,2022-01-25 13:59:59.999,15439185.03462500,12693,245.70229000,8947216.79743830
2022-01-25 14:00:00,36497.39000000,36631.37000000,36380.00000000,36612.41000000,469.86537000,2022-01-25 14:14:59.999,17165405.91861090,14952,250.46186000,9149844.64291820
2022-01-25 14:15:00,36611.86000000,36888.00000000,36560.74000000,36590.29000000,1031.18834000,2022-01-25 14:29:59.999,37868287.15232640,29998,526.01094000,19319954.32128190
2022-01-25 14:30:00,36590.27000000,37149.42000000,36461.38000000,36820.31000000,2171.65916000,2022-01-25 14:44:59.999,80006731.61772440,51804,1135.94074000,41850208.54888210
2022-01-25 14:45:00,36820.30000000,36835.40000000,36252.00000000,36299.99000000,1820.55237000,2022-01-25 14:59:59.999,66447754.96464830,33385,975.71221000,35618055.99762620
2022-01-25 15:00:00,36299.99000000,36456.95000000,35967.33000000,36439.93000000,1683.19632000,2022-01-25 15:14:59.999,60880108.78244320,32394,854.45199000,30908662.37419860
2022-01-25 15:15:00,36437.47000000,36680.00000000,36272.07000000,36655.26000000,774.28229000,2022-01-25 15:29:59.999,28220295.94596780,20388,392.73412000,14315333.63065700
2022-01-25 15:30:00,36655.26000000,36707.51000000,36347.28000000,36707.51000000,782.29144000,2022-01-25 15:44:59.999,28571455.84390530,17204,366.31356000,13378022.94780130
2022-01-25 15:45:00,36707.51000000,36780.00000000,36483.46000000,36530.00000000,703.43289000,2022-01-25 15:59:59.999,25787441.72394370,16676,340.86968000,12494384.82091850
2022-01-25 16:00:00,36530.00000000,36747.08000000,36492.48000000,36596.74000000,564.88288000,2022-01-25 16:14:59.999,20672958.42409300,13329,319.54989000,11692976.18778760
2022-01-25 16:15:00,36593.47000000,36931.90000000,36559.99000000,36775.75000000,669.85857000,2022-01-25 16:29:59.999,24646217.46589540,17269,355.84778000,13092814.00360890
2022-01-25 16:30:00,36779.75000000,36880.74000000,36652.54000000,36869.86000000,574.02688000,2022-01-25 16:44:59.999,21106221.19036640,12433,252.98254000,9301124.39461640
2022-01-25 16:45:00,36869.85000000,37086.64000000,36816.13000000,36837.70000000,804.30998000,2022-01-25 16:59:59.999,29718987.92349950,17645,385.91107000,14258557.51040680
2022-01-25 17:00:00,36837.70000000,37220.00000000,36800.00000000,37201.97000000,830.90185000,2022-01-25 17:14:59.999,30790906.08410970,19628,439.07837000,16271795.57962120
2022-01-25 17:15:00,37201.97000000,37481.75000000,37103.19000000,37330.87000000,1190.94571000,2022-01-25 17:29:59.999,44437391.73924220,26299,579.50835000,21625277.19506860
2022-01-25 17:30:00,37330.87000000,37442.35000000,37139.75000000,37425.30000000,523.02086000,2022-01-25 17:44:59.999,19475819.52254550,14296,275.23853000,10250663.50498210
2022-01-25 17:45:00,37425.31000000,37456.99000000,37054.61000000,37273.33000000,754.20996000,2022-01-25 17:59:59.999,28060582.00596950,17406,334.43830000,12444889.81878590
2022-01-25 18:00:00,37273.32000000,37296.27000000,37120.00000000,37265.26000000,435.87254000,2022-01-25 18:14:59.999,16209925.95952660,12183,214.46478000,7976731.31553360
2022-01-25 18:15:00,37265.25000000,37545.14000000,37240.00000000,37421.34000000,592.33104000,2022-01-25 18:29:59.999,22159781.19441230,15753,338.51293000,12666816.57090380
2022-01-25 18:30:00,37421.33000000,37499.77000000,37258.04000000,37282.35000000,565.78879000,2022-01-25 18:44:59.999,21148677.12762190,14963,274.75093000,10270683.54976810
2022-01-25 18:45:00,37282.34000000,37377.78000000,37252.74000000,37320.08000000,509.99355000,2022-01-25 18:59:59.999,19031184.73171030,12918,244.91267000,9139298.96481520
2022-01-25 19:00:00,37320.08000000,37371.26000000,37159.77000000,37354.95000000,440.69741000,2022-01-25 19:14:59.999,16409566.35368470,12962,228.94572000,8524593.21187940
2022-01-25 19:15:00,37353.22000000,37421.00000000,37137.84000000,37164.70000000,475.80441000,2022-01-25 19:29:59.999,17740016.70316370,11695,246.36540000,9184955.58498600
2022-01-25 19:30:00,37164.71000000,37226.44000000,36920.01000000,37202.34000000,677.27582000,2022-01-25 19:44:59.999,25114985.07491720,16065,309.07034000,11460683.66073390
2022-01-25 19:45:00,37200.95000000,37276.43000000,37063.25000000,37067.13000000,345.61911000,2022-01-25 19:59:59.999,12851913.38020300,9998,184.83901000,6874560.58870290
2022-01-25 20:00:00,37067.13000000,37084.21000000,36810.06000000,36838.01000000,581.56695000,2022-01-25 20:14:59.999,21465639.61654000,13998,298.59710000,11021565.94850310
2022-01-25 20:15:00,36838.00000000,36990.00000000,36757.63000000,36778.57000000,406.37025000,2022-01-25 20:29:59.999,14980635.83518770,10187,224.50224000,8277130.37612920
2022-01-25 20:30:00,36778.57000000,37103.15000000,36616.35000000,37004.51000000,740.29676000,2022-01-25 20:44:59.999,27269494.66841000,15820,402.49583000,14827358.62180360
2022-01-25 20:45:00,37004.52000000,37100.00000000,36798.40000000,36859.79000000,431.80065000,2022-01-25 20:59:59.999,15951988.83510410,10916,216.37584000,7993361.91938400
2022-01-25 21:00:00,36859.80000000,36905.87000000,36608.00000000,36721.14000000,347.78104000,2022-01-25 21:14:59.999,12771378.92364750,10383,170.81479000,6271612.87375940
2022-01-25 21:15:00,36721.14000000,36736.43000000,36500.00000000,36545.45000000,470.76570000,2022-01-25 21:29:59.999,17222312.16367330,11094,219.05387000,8013981.21868130
2022-01-25 21:30:00,36545.44000000,36626.86000000,36421.56000000,36520.01000000,398.26434000,2022-01-25 21:44:59.999,14551126.77979880,9776,211.69414000,7736664.45360700
2022-01-25 21:45:00,36520.00000000,36654.99000000,36444.43000000,36556.04000000,290.63165000,2022-01-25 21:59:59.999,10629355.60497800,7920,143.20786000,5238213.32297430
2022-01-25 22:00:00,36556.04000000,36683.01000000,36553.80000000,36622.70000000,176.46457000,2022-01-25 22:14:59.999,6462907.44770480,7076,107.80483000,3948137.30719380
2022-01-25 22:15:00,36622.70000000,36653.98000000,36432.73000000,36593.15000000,192.53373000,2022-01-25 22:29:59.999,7036078.87841090,7868,96.00307000,3508659.56457210
2022-01-25 22:30:00,36596.97000000,36787.20000000,36539.25000000,36612.26000000,213.57173000,2022-01-25 22:44:59.999,7831376.52067000,7625,107.45258000,3939378.99548090
2022-01-25 22:45:00,36612.26000000,36791.16000000,36609.33000000,36791.16000000,138.62560000,2022-01-25 22:59:59.999,5087166.82308760,5603,72.50723000,2660691.00626110
2022-01-25 23:00:00,36791.16000000,36858.32000000,36707.34000000,36763.36000000,222.41128000,2022-01-25 23:14:59.999,8178945.08978360,7047,106.10144000,3901345.31475220
2022-01-25 23:15:00,36763.36000000,36972.49000000,36761.33000000,36927.12000000,280.51084000,2022-01-25 23:29:59.999,10352473.38077840,8933,152.90470000,5642345.30048430
2022-01-25 23:30:00,36929.28000000,36973.57000000,36832.71000000,36925.29000000,186.82549000,2022-01-25 23:44:59.999,6895965.65438830,6641,83.59214000,3085501.93674470
2022-01-25 23:45:00,36925.29000000,37042.53000000,36866.48000000,36958.32000000,205.08310000,2022-01-25 23:59:59.999,7580094.19645890,7028,103.53121000,3826916.19932130
2022-01-26 00:00:00,36958.32000000,37000.00000000,36783.39000000,36815.81000000,290.62725000,2022-01-26 00:14:59.999,10716894.44895820,10585,156.88016000,5784870.86180870
2022-01-26 00:15:00,36815.82000000,36900.00000000,36728.30000000,36848.54000000,243.00937000,2022-01-26 00:29:59.999,8945584.97865520,9099,120.34282000,4430259.53192960
2022-01-26 00:30:00,36848.68000000,36910.07000000,36783.56000000,36813.57000000,237.20125000,2022-01-26 00:44:59.999,8741405.13123660,8082,105.76953000,3898012.89188230
2022-01-26 00:45:00,36813.58000000,36843.25000000,36560.16000000,36638.50000000,365.02835000,2022-01-26 00:59:59.999,13380455.17130440,11466,188.17824000,6898403.41199960
2022-01-26 01:00:00,36638.55000000,36742.32000000,36550.20000000,36570.32000000,672.09320000,2022-01-26 01:14:59.999,24618729.73567220,11609,382.69653000,14016643.93648820
2022-01-26 01:15:00,36570.32000000,36745.66000000,36560.52000000,36723.79000000,450.78016000,2022-01-26 01:29:59.999,16524789.91587950,9468,225.33342000,8258167.98670030
2022-01-26 01:30:00,36723.79000000,36724.01000000,36582.76000000,36699.73000000,177.79298000,2022-01-26 01:44:59.999,6519290.97889680,6687,81.18294000,2976582.33000780
2022-01-26 01:45:00,36699.74000000,36916.23000000,36692.76000000,36851.85000000,320.87313000,2022-01-26 01:59:59.999,11818258.79859490,7232,156.42144000,5761747.24180760
2022-01-26 02:00:00,36851.85000000,37047.83000000,36838.00000000,37012.71000000,255.06383000,2022-01-26 02:14:59.999,9420098.95807270,7967,135.63109000,5009119.64805420
2022-01-26 02:15:00,37012.71000000,37021.61000000,36885.21000000,36896.45000000,203.20543000,2022-01-26 02:29:59.999,7504669.14248670,6881,88.87997000,3282065.62223290
2022-01-26 02:30:00,36896.44000000,36968.66000000,36835.24000000,36865.92000000,253.54521000,2022-01-26 02:44:59.999,9356072.13712230,7663,121.32764000,4477296.40770130
2022-01-26 02:45:00,36866.01000000,36899.01000000,36784.70000000,36812.89000000,323.06759000,2022-01-26 02:59:59.999,11896301.84108290,8088,132.69394000,4886653.50141770
2022-01-26 03:00:00,36812.90000000,37050.00000000,36790.81000000,37016.67000000,531.97174000,2022-01-26 03:14:59.999,19650939.38712010,11587,312.45096000,11542101.83146850
2022-01-26 03:15:00,37016.67000000,37234.48000000,36965.20000000,37153.99000000,767.94232000,2022-01-26 03:29:59.999,28495149.81556240,14245,345.46340000,12817482.34446670
2022-01-26 03:30:00,37153.98000000,37437.14000000,37153.98000000,37386.25000000,805.32533000,2022-01-26 03:44:59.999,30076513.70863270,15752,350.64149000,13089949.29175830
2022-01-26 03:45:00,37386.25000000,37522.24000000,37344.84000000,37389.76000000,944.51054000,2022-01-26 03:59:59.999,35384397.49624020,17181,382.15428000,14312221.69820540
2022-01-26 04:00:00,37389.77000000,37444.00000000,37293.80000000,37328.14000000,372.99339000,2022-01-26 04:14:59.999,13932590.42744740,11144,181.06512000,6762498.89095490
2022-01-26 04:15:00,37328.13000000,37356.99000000,37248.87000000,37320.01000000,407.79227000,2022-01-26 04:29:59.999,15205164.17985390,9512,188.98634000,7046403.87999780
2022-01-26 04:30:00,37320.01000000,37380.00000000,37272.80000000,37358.10000000,280.93845000,2022-01-26 04:44:59.999,10488086.44945660,8170,147.26561000,5497214.35280200
2022-01-26 04:45:00,37358.10000000,37876.80000000,37358.09000000,37789.73000000,1580.26254000,2022-01-26 04:59:59.999,59563223.98018170,27839,823.73648000,31049827.80834580
2022-01-26 05:00:00,37789.73000000,37890.00000000,37600.00000000,37600.00000000,574.92808000,2022-01-26 05:14:59.999,21697179.43930030,13577,243.89421000,9205916.35153550
2022-01-26 05:15:00,37600.00000000,37732.72000000,37590.01000000,37707.87000000,351.06360000,2022-01-26 05:29:59.999,13223830.32754320,9470,192.49483000,7251107.62528290
2022-01-26 05:30:00,37707.88000000,37870.74000000,37650.00000000,37858.34000000,272.54485000,2022-01-26 05:44:59.999,10283596.26001530,9357,152.78276000,5765429.58585690
2022-01-26 05:45:00,37858.34000000,37974.43000000,37600.00000000,37600.00000000,685.69388000,2022-01-26 05:59:59.999,25897359.22274740,15865,343.86047000,12990118.48167810
2022-01-26 06:00:00,37600.01000000,37677.23000000,37583.68000000,37618.53000000,326.50434000,2022-01-26 06:14:59.999,12287128.71188490,10214,177.66421000,6686137.83793780
2022-01-26 06:15:00,37618.53000000,37798.46000000,37440.85000000,37467.40000000,581.77134000,2022-01-26 06:29:59.999,21885298.96657340,13920,287.35547000,10810098.33352720
2022-01-26 06:30:00,37467.40000000,37521.11000000,37250.00000000,37448.43000000,797.03022000,2022-01-26 06:44:59.999,29786842.79541130,13456,513.61212000,19188852.81272520
2022-01-26 06:45:00,37448.44000000,37450.00000000,37202.47000000,37288.56000000,545.09177000,2022-01-26 06:59:59.999,20334998.81416130,13009,270.15298000,10078330.29183770
2022-01-26 07:00:00,37288.56000000,37333.86000000,37109.37000000,37169.76000000,503.64044000,2022-01-26 07:14:59.999,18739135.43078270,11808,225.71412000,8398519.80540990
2022-01-26 07:15:00,37169.76000000,37280.00000000,37132.16000000,37199.08000000,436.16380000,2022-01-26 07:29:59.999,16224812.50438370,11089,246.38638000,9165244.40324020
2022-01-26 07:30:00,37199.08000000,37400.00000000,37172.81000000,37336.65000000,348.91067000,2022-01-26 07:44:59.999,13010346.14636190,8134,206.40369000,7695152.89705920
2022-01-26 07:45:00,37336.65000000,37347.51000000,37233.10000000,37338.59000000,309.26858000,2022-01-26 07:59:59.999,11534766.08650010,8059,153.60081000,5728570.04247750
2022-01-26 08:00:00,37338.60000000,37524.74000000,37324.58000000,37488.16000000,632.39037000,2022-01-26 08:14:59.999,23678345.11708110,12529,327.48871000,12263706.29148220
2022-01-26 08:15:00,37488.16000000,37600.06000000,37437.24000000,37524.62000000,358.69418000,2022-01-26 08:29:59.999,13460135.74951690,8814,204.49984000,7673465.45611480
2022-01-26 08:30:00,37524.62000000,37700.17000000,37519.65000000,37604.49000000,466.79770000,2022-01-26 08:44:59.999,17558884.78897100,10502,215.24855000,8096981.23068360
2022-01-26 08:45:00,37602.41000000,37650.01000000,37496.68000000,37591.42000000,360.03682000,2022-01-26 08:59:59.999,13523877.81725970,9279,197.29329000,7410147.76778810
2022-01-26 09:00:00,37591.42000000,37736.25000000,37574.24000000,37691.82000000,381.28831000,2022-01-26 09:14:59.999,14364606.78903190,9756,232.56634000,8760637.86059000
2022-01-26 09:15:00,37691.83000000,37975.57000000,37674.12000000,37770.28000000,946.95188000,2022-01-26 09:29:59.999,35831381.89698850,17758,474.37615000,17955314.66127430
2022-01-26 09:30:00,37770.28000000,37844.39000000,37657.92000000,37802.97000000,484.05818000,2022-01-26 09:44:59.999,18271849.62096340,11970,261.71992000,9877784.67855450
2022-01-26 09:45:00,37802.96000000,37902.52000000,37563.47000000,37650.00000000,606.57687000,2022-01-26 09:59:59.999,22890363.34500180,13098,259.62935000,9796507.72849750
2022-01-26 10:00:00,37650.01000000,37777.65000000,37550.00000000,37688.41000000,391.37543000,2022-01-26 10:14:59.999,14739943.33682780,10713,192.16339000,7237454.78084030
2022-01-26 10:15:00,37688.42000000,37737.99000000,37600.44000000,37716.11000000,357.46536000,2022-01-26 10:29:59.999,13470636.85496400,8575,170.42796000,6422825.62104380
2022-01-26 10:30:00,37716.11000000,37863.68000000,37713.04000000,37817.90000000,335.17301000,2022-01-26 10:44:59.999,12663014.53118530,9287,181.80420000,6869837.43266630
2022-01-26 10:45:00,37817.91000000,38173.20000000,37783.13000000,37940.46000000,1012.39353000,2022-01-26 10:59:59.999,38443024.03998270,20007,658.02107000,24995293.86537470
2022-01-26 11:00:00,37940.46000000,38248.92000000,37786.43000000,37836.99000000,1361.78741000,2022-01-26 11:14:59.999,51763474.42474200,22475,606.79287000,23063342.69934650
2022-01-26 11:15:00,37837.00000000,37900.00000000,37778.18000000,37843.85000000,476.34863000,2022-01-26 11:29:59.999,18017317.18877490,11004,222.67046000,8422272.64677770
2022-01-26 11:30:00,37843.85000000,38043.31000000,37822.00000000,37957.88000000,598.70510000,2022-01-26 11:44:59.999,22712156.33110790,12545,355.12186000,13471720.16451730
2022-01-26 11:45:00,37957.88000000,38075.00000000,37908.00000000,38072.77000000,537.89614000,2022-01-26 11:59:59.999,20437024.27352680,12818,280.32149000,10650973.38943550
2022-01-26 12:00:00,38072.77000000,38090.61000000,37868.66000000,37868.67000000,496.39267000,2022-01-26 12:14:59.999,18837378.39618920,13625,242.41946000,9199088.46154260
2022-01-26 12:15:00,37868.67000000,37892.92000000,37778.16000000,37819.91000000,432.73391000,2022-01-26 12:29:59.999,16370749.86959940,12503,201.16964000,7610325.54876220
2022-01-26 12:30:00,37819.90000000,37930.00000000,37749.16000000,37790.29000000,518.24958000,2022-01-26 12:44:59.999,19607034.96143720,12493,244.29481000,9243235.06357720
2022-01-26 12:45:00,37790.28000000,37835.20000000,37742.76000000,37749.20000000,488.59342000,2022-01-26 12:59:59.999,18463934.42202340,10795,288.63722000,10907845.29098990
2022-01-26 13:00:00,37749.68000000,37990.99000000,37475.01000000,37702.70000000,1319.92634000,2022-01-26 13:14:59.999,49780208.69473120,20914,594.70942000,22450801.21437010
2022-01-26 13:15:00,37702.69000000,38018.20000000,37651.45000000,37971.47000000,680.89829000,2022-01-26 13:29:59.999,25767733.16087010,14319,376.69786000,14252047.10526130
2022-01-26 13:30:00,37975.52000000,37993.76000000,37880.64000000,37933.15000000,518.03059000,2022-01-26 13:44:59.999,19652477.02976930,12071,263.67802000,10002423.18821440
2022-01-26 13:45:00,37933.14000000,38275.00000000,37925.00000000,38193.48000000,1026.79528000,2022-01-26 13:59:59.999,39149990.52091870,26030,575.66268000,21948241.37516940
2022-01-26 14:00:00,38193.48000000,38462.58000000,38124.54000000,38455.00000000,1375.20811000,2022-01-26 14:14:59.999,52709999.07115200,31496,756.28948000,28991920.08913300
2022-01-26 14:15:00,38455.00000000,38499.00000000,38320.31000000,38401.58000000,760.75725000,2022-01-26 14:29:59.999,29210169.14442650,20866,358.71358000,13773189.99850660
2022-01-26 14:30:00,38401.59000000,38445.24000000,38055.76000000,38073.32000000,975.67139000,2022-01-26 14:44:59.999,37287358.45239100,21712,462.23511000,17669229.66575660
2022-01-26 14:45:00,38073.32000000,38276.05000000,38069.81000000,38223.52000000,713.22682000,2022-01-26 14:59:59.999,27214719.28602220,13489,471.45792000,17983329.71687290
2022-01-26 15:00:00,38223.51000000,38369.03000000,38122.55000000,38164.60000000,783.04196000,2022-01-26 15:14:59.999,29958243.47000070,16407,458.07253000,17522292.97138480
2022-01-26 15:15:00,38162.90000000,38194.41000000,37819.97000000,37899.24000000,995.27321000,2022-01-26 15:29:59.999,37840202.19186590,21934,459.79665000,17482554.75666310
2022-01-26 15:30:00,37899.24000000,38050.00000000,37835.67000000,37954.91000000,849.51842000,2022-01-26 15:44:59.999,32250080.05879090,18396,467.20679000,17736308.57146170
2022-01-26 15:45:00,37954.90000000,38029.39000000,37822.65000000,37985.00000000,858.73217000,2022-01-26 15:59:59.999,32582860.60618120,17373,453.27692000,17200207.87090280
2022-01-26 16:00:00,37985.01000000,38146.10000000,37911.66000000,38134.65000000,568.46753000,2022-01-26 16:14:59.999,21617285.03171390,13415,302.96750000,11524023.81999240
2022-01-26 16:15:00,38134.64000000,38182.31000000,38060.00000000,38127.59000000,376.04307000,2022-01-26 16:29:59.999,14335009.45886430,9980,179.70464000,6850780.63634350
2022-01-26 16:30:00,38127.59000000,38229.70000000,38021.70000000,38170.68000000,415.87948000,2022-01-26 16:44:59.999,15858291.38562810,11129,222.83232000,8496503.54279990
2022-01-26 16:45:00,38170.68000000,38295.65000000,38125.74000000,38264.86000000,322.10313000,2022-01-26 16:59:59.999,12307947.95169180,9648,178.44373000,6818553.29166730
2022-01-26 17:00:00,38264.85000000,38380.01000000,38256.01000000,38284.15000000,553.88840000,2022-01-26 17:14:59.999,21220826.91728690,11660,317.10781000,12148157.10585830
2022-01-26 17:15:00,38284.76000000,38312.93000000,38172.57000000,38228.98000000,359.50847000,2022-01-26 17:29:59.999,13744335.18259660,10037,148.02238000,5659057.62736340
2022-01-26 17:30:00,38228.98000000,38229.58000000,38007.03000000,38115.12000000,686.62072000,2022-01-26 17:44:59.999,26166483.88806580,13607,309.54880000,11792987.02943290
2022-01-26 17:45:00,38115.12000000,38144.42000000,38013.57000000,38040.90000000,317.76713000,2022-01-26 17:59:59.999,12091808.26955750,10062,152.74446000,5812219.07847090
2022-01-26 18:00:00,38040.90000000,38067.73000000,37565.00000000,37812.00000000,1316.50060000,2022-01-26 18:14:59.999,49702154.33108430,27813,620.42817000,23420718.93910290
2022-01-26 18:15:00,37812.00000000,37909.94000000,37570.29000000,37794.95000000,716.64656000,2022-01-26 18:29:59.999,27048908.68887630,15534,336.77169000,12713351.67072730
2022-01-26 18:30:00,37794.96000000,37863.32000000,37683.02000000,37713.36000000,322.13156000,2022-01-26 18:44:59.999,12161922.93007680,12534,174.99909000,6607706.43873700
2022-01-26 18:45:00,37713.35000000,38300.00000000,37653.18000000,37961.15000000,1189.60806000,2022-01-26 18:59:59.999,45230051.21976590,28190,650.46195000,24731185.00203110
2022-01-26 19:00:00,37961.15000000,38919.98000000,37800.00000000,37886.78000000,5089.50170000,2022-01-26 19:14:59.999,196091807.56193710,101095,2569.45896000,99033312.25895990
2022-01-26 19:15:00,37886.78000000,38369.06000000,37311.58000000,38223.01000000,3495.73627000,2022-01-26 19:29:59.999,132542459.45411490,69339,1781.26999000,67564264.99055030
2022-01-26 19:30:00,38223.00000000,38350.00000000,37729.78000000,37821.45000000,2018.47100000,2022-01-26 19:44:59.999,76765780.44809940,48120,986.35807000,37523013.51405820
2022-01-26 19:45:00,37821.45000000,37965.53000000,37496.56000000,37579.90000000,1640.11771000,2022-01-26 19:59:59.999,61751390.06600730,40886,730.49124000,27507840.46715230
2022-01-26 20:00:00,37576.67000000,37580.03000000,37056.00000000,37086.86000000,2170.30845000,2022-01-26 20:14:59.999,80786779.76610000,43010,1094.56623000,40741299.55195710
2022-01-26 20:15:00,37086.86000000,37280.96000000,36668.23000000,37188.75000000,2205.80611000,2022-01-26 20:29:59.999,81422398.18594010,45239,1057.27553000,39033502.51418510
2022-01-26 20:30:00,37194.58000000,37282.06000000,36700.00000000,37070.71000000,1072.34017000,2022-01-26 20:44:59.999,39716612.33218690,26438,568.59461000,21059221.83507680
2022-01-26 20:45:00,37070.72000000,37149.05000000,36847.14000000,37015.05000000,733.88308000,2022-01-26 20:59:59.999,27159353.43010730,18906,357.12248000,13218414.99576740
2022-01-26 21:00:00,37015.05000000,37181.85000000,36964.30000000,37028.97000000,436.40488000,2022-01-26 21:14:59.999,16178835.03288930,13038,229.07559000,8493288.45375810
2022-01-26 21:15:00,37028.96000000,37062.45000000,36700.00000000,36872.09000000,914.91110000,2022-01-26 21:29:59.999,33694040.72884160,18489,527.95495000,19445916.05711770
2022-01-26 21:30:00,36872.08000000,36899.64000000,36501.00000000,36519.45000000,924.21863000,2022-01-26 21:44:59.999,33842253.77954800,21003,380.67217000,13939418.71230120
2022-01-26 21:45:00,36524.20000000,36564.20000000,36322.54000000,36323.08000000,929.37585000,2022-01-26 21:59:59.999,33848508.58050490,23271,432.28835000,15743925.96851680
2022-01-26 22:00:00,36327.35000000,36466.07000000,36249.75000000,36315.54000000,638.21357000,2022-01-26 22:14:59.999,23189868.72040810,17285,326.61235000,11869237.33513710
2022-01-26 22:15:00,36315.54000000,36429.91000000,36273.81000000,36332.93000000,445.26789000,2022-01-26 22:29:59.999,16193685.02931610,13487,227.60465000,8277596.49920690
2022-01-26 22:30:00,36326.36000000,36583.80000000,36234.63000000,36460.03000000,614.22939000,2022-01-26 22:44:59.999,22377713.00287480,15969,254.21401000,9267382.73288780
2022-01-26 22:45:00,36460.04000000,36541.82000000,36386.31000000,36509.40000000,352.91509000,2022-01-26 22:59:59.999,12875720.53075600,8407,192.65284000,7029157.42976570
2022-01-26 23:00:00,36509.41000000,36799.90000000,36439.02000000,36693.74000000,648.94733000,2022-01-26 23:14:59.999,23789381.76547430,14658,312.07402000,11440278.21360910
2022-01-26 23:15:00,36693.74000000,36818.84000000,36608.85000000,36811.58000000,375.71046000,2022-01-26 23:29:59.999,13795659.51376820,9505,166.87385000,6128134.96310900
2022-01-26 23:30:00,36811.59000000,36883.05000000,36746.99000000,36811.40000000,334.00669000,2022-01-26 23:44:59.999,12295923.75439860,9678,163.37802000,6014977.70861360
2022-01-26 23:45:00,36811.39000000,36886.68000000,36726.00000000,36809.34000000,327.00605000,2022-01-26 23:59:59.999,12035692.92195880,9268,132.25798000,4867210.97681370
2022-01-27 00:00:00,36807.24000000,36953.54000000,36655.79000000,36921.30000000,580.30750000,2022-01-27 00:14:59.999,21383624.23332480,14766,264.35112000,9741574.71132080
2022-01-27 00:15:00,36921.30000000,37076.51000000,36884.80000000,37016.22000000,638.57722000,2022-01-27 00:29:59.999,23621381.27454880,12815,289.82507000,10720557.10307460
2022-01-27 00:30:00,37016.21000000,37059.72000000,36899.69000000,37012.01000000,458.93218000,2022-01-27 00:44:59.999,16973739.21543030,9478,176.29614000,6520113.23920160
2022-01-27 00:45:00,37012.01000000,37080.00000000,36929.78000000,37004.43000000,396.47328000,2022-01-27 00:59:59.999,14669495.29513360,7586,202.96997000,7510907.00931190
2022-01-27 01:00:00,37004.43000000,37005.84000000,36817.78000000,36849.17000000,475.15093000,2022-01-27 01:14:59.999,17532002.63549980,10912,141.35564000,5215277.64893680
2022-01-27 01:15:00,36849.16000000,36866.19000000,36585.39000000,36658.32000000,490.48347000,2022-01-27 01:29:59.999,17999471.28889820,11034,210.97312000,7740650.23768710
2022-01-27 01:30:00,36658.33000000,36665.93000000,36122.84000000,36253.71000000,1055.95969000,2022-01-27 01:44:59.999,38340449.28343360,20778,435.66856000,15813138.67685430
2022-01-27 01:45:00,36253.72000000,36300.00000000,35833.56000000,35882.21000000,1354.43438000,2022-01-27 01:59:59.999,48792833.65061540,22559,544.69725000,19627694.50480710
2022-01-27 02:00:00,35882.21000000,35922.67000000,35758.48000000,35870.60000000,836.93369000,2022-01-27 02:14:59.999,29992996.78522690,17788,402.71236000,14434296.63273080
2022-01-27 02:15:00,35870.60000000,35973.39000000,35681.77000000,35850.18000000,734.29993000,2022-01-27 02:29:59.999,26308941.16104730,15890,334.50992000,11991806.37512200
2022-01-27 02:30:00,35850.18000000,35894.86000000,35688.33000000,35845.05000000,413.81804000,2022-01-27 02:44:59.999,14812816.32535590,11610,212.89097000,7621378.10667040
2022-01-27 02:45:00,35845.05000000,36041.84000000,35843.00000000,36008.69000000,690.38512000,2022-01-27 02:59:59.999,24844179.13645060,13047,436.89231000,15723928.41402160
2022-01-27 03:00:00,36008.69000000,36243.32000000,35983.92000000,36114.55000000,489.74302000,2022-01-27 03:14:59.999,17691904.30561330,12737,259.50588000,9374868.12033910
2022-01-27 03:15:00,36114.54000000,36214.52000000,36084.51000000,36195.15000000,321.59912000,2022-01-27 03:29:59.999,11631890.80101180,10343,160.08012000,5789828.11618740
2022-01-27 03:30:00,36195.16000000,36200.00000000,35522.54000000,35597.50000000,996.66454000,2022-01-27 03:44:59.999,35707747.15377550,23462,387.77832000,13898445.81867180
2022-01-27 03:45:00,35597.51000000,35767.61000000,35507.01000000,35745.70000000,842.82488000,2022-01-27 03:59:59.999,30017107.17427750,21865,463.51678000,16511162.25169630
2022-01-27 04:00:00,35745.70000000,35998.00000000,35692.61000000,35857.01000000,781.82303000,2022-01-27 04:14:59.999,28016455.91312150,20974,416.28980000,14918540.13270320
2022-01-27 04:15:00,35857.01000000,35918.17000000,35714.07000000,35781.93000000,941.37926000,2022-01-27 04:29:59.999,33703663.74909100,15238,606.69305000,21719405.34402140
2022-01-27 04:30:00,35781.93000000,35882.49000000,35740.94000000,35769.78000000,652.45139000,2022-01-27 04:44:59.999,23366398.31037510,10208,413.40032000,14804022.41767470
2022-01-27 04:45:00,35769.78000000,36000.00000000,35769.78000000,35930.80000000,470.50085000,2022-01-27 04:59:59.999,16899851.77787180,8949,303.64925000,10907781.36477120
2022-01-27 05:00:00,35930.80000000,36091.00000000,35825.00000000,35851.58000000,1146.41549000,2022-01-27 05:14:59.999,41269584.53610090,13183,819.53868000,29504884.68946960
2022-01-27 05:15:00,35851.59000000,36076.91000000,35820.44000000,35993.32000000,407.31798000,2022-01-27 05:29:59.999,14654019.15716730,8681,214.15020000,7704309.81775110
2022-01-27 05:30:00,35993.31000000,36069.57000000,35893.24000000,35943.12000000,352.86738000,2022-01-27 05:44:59.999,12693783.64007300,12236,139.86153000,5031128.85108220
2022-01-27 05:45:00,35943.12000000,36015.59000000,35921.29000000,35973.39000000,355.96892000,2022-01-27 05:59:59.999,12805104.49438980,11719,152.55551000,5487758.26061240
2022-01-27 06:00:00,35977.88000000,36009.53000000,35818.77000000,35918.99000000,542.48467000,2022-01-27 06:14:59.999,19479916.00871710,11261,226.61579000,8138863.34526280
2022-01-27 06:15:00,35919.00000000,36000.31000000,35882.13000000,35926.60000000,533.39217000,2022-01-27 06:29:59.999,19177325.55358660,8447,275.22380000,9895018.58906020
2022-01-27 06:30:00,35926.60000000,36141.20000000,35901.61000000,36093.87000000,476.44139000,2022-01-27 06:44:59.999,17168705.95992520,9699,253.39169000,9131982.39148090
2022-01-27 06:45:00,36093.87000000,36175.64000000,36043.71000000,36139.09000000,319.82648000,2022-01-27 06:59:59.999,11554313.86791450,8338,143.60374000,5188168.32952850
2022-01-27 07:00:00,36139.09000000,36154.17000000,35915.00000000,35997.88000000,410.02333000,2022-01-27 07:14:59.999,14787073.04322720,9331,134.60115000,4855730.17953080
2022-01-27 07:15:00,35997.87000000,36303.80000000,35997.87000000,36239.11000000,600.19828000,2022-01-27 07:29:59.999,21730515.50408720,11794,360.11469000,13039657.04557940
2022-01-27 07:30:00,36238.36000000,36284.76000000,36141.44000000,36210.87000000,414.91524000,2022-01-27 07:44:59.999,15028657.62882860,8379,128.06193000,4638965.26994980
2022-01-27 07:45:00,36211.31000000,36229.29000000,36126.40000000,36173.87000000,435.20429000,2022-01-27 07:59:59.999,15744233.41117550,9638,167.56283000,6062227.25051700
2022-01-27 08:00:00,36177.17000000,36248.21000000,36091.47000000,36214.21000000,344.45172000,2022-01-27 08:14:59.999,12451114.15902780,9412,198.02197000,7158914.07984040
2022-01-27 08:15:00,36214.21000000,36219.64000000,36079.57000000,36134.52000000,280.46299000,2022-01-27 08:29:59.999,10137853.08539610,8611,145.70306000,5266556.90313050
2022-01-27 08:30:00,36134.52000000,36206.03000000,35815.80000000,36196.45000000,657.70841000,2022-01-27 08:44:59.999,23689311.11740310,15945,317.92073000,11451588.35603020
2022-01-27 08:45:00,36196.46000000,36500.00000000,36179.53000000,36450.00000000,830.13291000,2022-01-27 08:59:59.999,30193618.80560340,16821,491.76810000,17887962.60148060
2022-01-27 09:00:00,36449.99000000,36497.42000000,36333.00000000,36425.84000000,543.13348000,2022-01-27 09:14:59.999,19781587.41411480,12881,259.32044000,9444086.73876200
2022-01-27 09:15:00,36425.85000000,36588.70000000,36360.29000000,36545.09000000,713.06517000,2022-01-27 09:29:59.999,26014480.42075800,15700,401.83307000,14660486.89779760
2022-01-27 09:30:00,36545.10000000,36588.77000000,36460.60000000,36575.43000000,625.64773000,2022-01-27 09:44:59.999,22852669.98340490,14563,340.76534000,12447363.46924620
2022-01-27 09:45:00,36575.42000000,36611.21000000,36488.85000000,36525.85000000,412.47727000,2022-01-27 09:59:59.999,15084291.30081110,16573,172.05656000,6292527.48362520
2022-01-27 10:00:00,36525.84000000,36649.61000000,36488.50000000,36594.59000000,437.11047000,2022-01-27 10:14:59.999,15997532.18076850,13644,243.81690000,8925336.08732940
2022-01-27 10:15:00,36594.59000000,36622.00000000,36516.16000000,36545.03000000,268.90434000,2022-01-27 10:29:59.999,9835805.48489210,12403,118.82623000,4346733.22721510
2022-01-27 10:30:00,36545.02000000,36545.03000000,36420.71000000,36420.71000000,296.63362000,2022-01-27 10:44:59.999,10817839.26393520,10558,133.26176000,4859404.10474430
2022-01-27 10:45:00,36420.71000000,36449.49000000,36290.31000000,36318.22000000,382.87251000,2022-01-27 10:59:59.999,13926317.76665370,10528,147.01741000,5346727.16876530
2022-01-27 11:00:00,36318.22000000,36479.40000000,36290.01000000,36472.33000000,308.93676000,2022-01-27 11:14:59.999,11245151.87400400,11026,149.26229000,5433652.83851000
2022-01-27 11:15:00,36472.34000000,36613.74000000,36405.05000000,36591.63000000,406.52817000,2022-01-27 11:29:59.999,14837655.31056390,11187,199.69084000,7288921.96764580
2022-01-27 11:30:00,36591.63000000,36781.79000000,36576.00000000,36700.00000000,638.29484000,2022-01-27 11:44:59.999,23417006.14516630,16884,348.64175000,12790742.85271490
2022-01-27 11:45:00,36700.00000000,36705.39000000,36576.06000000,36679.98000000,353.43682000,2022-01-27 11:59:59.999,12950489.21631800,12508,170.33759000,6240967.56099780
2022-01-27 12:00:00,36679.98000000,36784.27000000,36623.23000000,36742.56000000,392.39825000,2022-01-27 12:14:59.999,14405540.11881750,16192,197.60912000,7254768.59966510
2022-01-27 12:15:00,36742.57000000,36778.12000000,36601.01000000,36620.71000000,342.26155000,2022-01-27 12:29:59.999,12553852.39415070,14280,151.58516000,5559987.12426470
2022-01-27 12:30:00,36620.70000000,36680.44000000,36423.46000000,36531.73000000,835.27579000,2022-01-27 12:44:59.999,30514264.20753460,15378,469.04197000,17132069.44332930
2022-01-27 12:45:00,36531.73000000,36746.77000000,36523.16000000,36668.23000000,276.12731000,2022-01-27 12:59:59.999,10125031.18801470,10282,140.67025000,5158041.35153280
2022-01-27 13:00:00,36668.23000000,36818.71000000,36605.59000000,36724.11000000,491.79412000,2022-01-27 13:14:59.999,18064469.51479000,12718,241.38158000,8866856.20229060
2022-01-27 13:15:00,36724.12000000,36799.91000000,36668.93000000,36701.98000000,355.06750000,2022-01-27 13:29:59.999,13045696.80610660,12840,174.91665000,6426496.62244780
2022-01-27 13:30:00,36701.99000000,36725.32000000,36543.16000000,36673.99000000,491.08023000,2022-01-27 13:44:59.999,17978974.14927050,12783,236.44430000,8656984.81405620
2022-01-27 13:45:00,36673.98000000,36849.37000000,36673.94000000,36830.89000000,514.91104000,2022-01-27 13:59:59.999,18940994.11001620,12155,344.68015000,12679468.02071440
2022-01-27 14:00:00,36830.88000000,36965.37000000,36758.08000000,36943.74000000,463.28026000,2022-01-27 14:14:59.999,17071650.44051890,13433,255.77666000,9426587.04236240
2022-01-27 14:15:00,36943.74000000,37005.47000000,36813.62000000,36896.20000000,562.08041000,2022-01-27 14:29:59.999,20747827.38838940,14823,312.76177000,11544619.50595020
2022-01-27 14:30:00,36896.20000000,37199.00000000,36679.99000000,36997.67000000,1213.43909000,2022-01-27 14:44:59.999,44839338.03678540,25671,694.76545000,25692039.58436350
2022-01-27 14:45:00,36997.66000000,37099.64000000,36777.00000000,36882.03000000,587.37807000,2022-01-27 14:59:59.999,21689178.23763180,16244,256.12493000,9460962.14388960
2022-01-27 15:00:00,36882.02000000,37030.00000000,36740.17000000,37005.82000000,575.67496000,2022-01-27 15:14:59.999,21245711.07671570,17016,290.25770000,10714108.72325120
2022-01-27 15:15:00,37005.42000000,37029.72000000,36670.36000000,36685.05000000,519.93766000,2022-01-27 15:29:59.999,19142520.50214400,15761,229.82969000,8462011.61837750
2022-01-27 15:30:00,36685.05000000,36766.53000000,36565.29000000,36732.32000000,665.53619000,2022-01-27 15:44:59.999,24391044.07674400,18421,332.49168000,12184497.06445380
2022-01-27 15:45:00,36732.31000000,36750.00000000,36510.00000000,36639.43000000,378.81881000,2022-01-27 15:59:59.999,13863491.39675620,13288,171.43310000,6274207.52011510
2022-01-27 16:00:00,36639.43000000,36678.46000000,36424.86000000,36516.18000000,419.94064000,2022-01-27 16:14:59.999,15340776.29088390,12159,194.96610000,7123268.46884930
2022-01-27 16:15:00,36516.17000000,36525.69000000,36327.13000000,36431.74000000,493.55604000,2022-01-27 16:29:59.999,17975844.52615400,12637,247.04864000,8998361.91130660
2022-01-27 16:30:00,36431.73000000,36787.77000000,36392.01000000,36591.75000000,663.79219000,2022-01-27 16:44:59.999,24311676.55687420,15575,347.68695000,12733203.17350550
2022-01-27 16:45:00,36591.75000000,36639.94000000,36463.03000000,36528.86000000,266.33990000,2022-01-27 16:59:59.999,9731474.95877820,8991,106.14765000,3877397.27490290
2022-01-27 17:00:00,36528.85000000,36600.00000000,36222.00000000,36301.71000000,401.17650000,2022-01-27 17:14:59.999,14609879.57270190,11871,192.94772000,7028671.95663350
2022-01-27 17:15:00,36301.72000000,36384.06000000,36184.57000000,36334.06000000,428.45246000,2022-01-27 17:29:59.999,15541999.29828710,12475,233.58808000,8473885.24853590
2022-01-27 17:30:00,36332.15000000,36372.00000000,36161.41000000,36230.92000000,367.12065000,2022-01-27 17:44:59.999,13303727.57399670,10352,184.12327000,6671871.57426710
2022-01-27 17:45:00,36230.92000000,36385.09000000,36175.30000000,36282.03000000,297.13318000,2022-01-27 17:59:59.999,10779449.87471210,9324,143.15090000,5194223.51314340
2022-01-27 18:00:00,36282.02000000,36345.76000000,36058.94000000,36165.30000000,416.53923000,2022-01-27 18:14:59.999,15056081.24938160,12939,189.87141000,6861985.83766530
2022-01-27 18:15:00,36165.30000000,36280.44000000,36029.40000000,36040.04000000,532.93479000,2022-01-27 18:29:59.999,19236526.65919550,11791,253.40509000,9148401.99905300
2022-01-27 18:30:00,36040.04000000,36186.76000000,36022.07000000,36103.62000000,306.51560000,2022-01-27 18:44:59.999,11062142.72869370,9407,154.65158000,5580874.14780580
2022-01-27 18:45:00,36103.62000000,36320.00000000,36041.42000000,36215.49000000,350.53240000,2022-01-27 18:59:59.999,12681686.72712980,9738,187.82078000,6795557.72078310
2022-01-27 19:00:00,36215.49000000,36327.72000000,36202.88000000,36232.01000000,306.56154000,2022-01-27 19:14:59.999,11119864.42923870,8899,156.73042000,5685724.03730770
2022-01-27 19:15:00,36232.02000000,36275.35000000,36092.75000000,36130.08000000,246.10100000,2022-01-27 19:29:59.999,8904044.86577780,8732,120.17176000,4348438.39739940
2022-01-27 19:30:00,36127.12000000,36262.66000000,35883.82000000,36252.14000000,813.56131000,2022-01-27 19:44:59.999,29306492.40376590,19416,394.92684000,14232244.19726780
2022-01-27 19:45:00,36252.15000000,36299.17000000,36156.60000000,36209.20000000,604.80558000,2022-01-27 19:59:59.999,21916288.78695100,13414,334.23587000,12112040.66117500
2022-01-27 20:00:00,36209.19000000,36435.70000000,36153.40000000,36178.73000000,546.78745000,2022-01-27 20:14:59.999,19851192.21828200,13486,277.77165000,10086683.50623710
2022-01-27 20:15:00,36178.73000000,36200.00000000,35969.50000000,36043.11000000,589.19104000,2022-01-27 20:29:59.999,21246658.88911660,14224,240.05454000,8658013.49023290
2022-01-27 20:30:00,36043.11000000,36067.95000000,35748.37000000,35904.56000000,741.72754000,2022-01-27 20:44:59.999,26604972.63921250,16125,297.73609000,10678623.06873350
2022-01-27 20:45:00,35905.62000000,36004.66000000,35557.96000000,35583.50000000,583.92181000,2022-01-27 20:59:59.999,20895067.20247490,14777,257.92578000,9233031.58303770
2022-01-27 21:00:00,35583.50000000,35741.35000000,35538.75000000,35588.72000000,651.75011000,2022-01-27 21:14:59.999,23227222.00122490,16523,316.10548000,11265420.63376480
2022-01-27 21:15:00,35588.72000000,35836.68000000,35581.67000000,35680.01000000,425.33160000,2022-01-27 21:29:59.999,15195041.41885660,12040,219.46802000,7841831.60660620
2022-01-27 21:30:00,35680.00000000,35899.00000000,35630.23000000,35898.99000000,365.87865000,2022-01-27 21:44:59.999,13088149.73418200,9861,204.44591000,7314268.02699520
2022-01-27 21:45:00,35898.99000000,36330.83000000,35878.05000000,36187.01000000,861.15746000,2022-01-27 21:59:59.999,31124305.52814180,19361,484.93361000,17524887.28678700
2022-01-27 22:00:00,36187.01000000,36194.69000000,35895.42000000,35895.42000000,977.31540000,2022-01-27 22:14:59.999,35230533.34503890,20847,424.13813000,15287102.20263850
2022-01-27 22:15:00,35896.46000000,36223.00000000,35890.02000000,36113.98000000,542.57002000,2022-01-27 22:29:59.999,19582810.67194700,17164,267.07133000,9638952.02986280
2022-01-27 22:30:00,36113.98000000,36792.25000000,36004.75000000,36655.02000000,645.24064000,2022-01-27 22:44:59.999,23518007.85737900,26471,405.95063000,14794755.89073500
2022-01-27 22:45:00,36655.83000000,37000.00000000,36655.02000000,36705.27000000,1129.53171000,2022-01-27 22:59:59.999,41614668.11749550,23949,704.90949000,25978345.38490980
2022-01-27 23:00:00,36704.68000000,37030.35000000,36693.22000000,37005.45000000,849.33643000,2022-01-27 23:14:59.999,31342673.48309270,16947,456.78336000,16859190.11386230
2022-01-27 23:15:00,37005.45000000,37025.07000000,36789.42000000,36856.47000000,420.34380000,2022-01-27 23:29:59.999,15504136.13797690,10707,201.68842000,7440449.02879860
2022-01-27 23:30:00,36856.47000000,37070.81000000,36792.35000000,36999.22000000,519.27744000,2022-01-27 23:44:59.999,19181451.19127340,10367,226.47073000,8368332.77341580
2022-01-27 23:45:00,36999.21000000,37234.47000000,36960.37000000,37160.10000000,473.79964000,2022-01-27 23:59:59.999,17582791.95694080,12565,306.66802000,11380157.56000870
2022-01-28 00:00:00,37160.11000000,37467.98000000,37060.02000000,37369.95000000,918.07460000,2022-01-28 00:14:59.999,34248858.20737460,22421,459.15660000,17125239.74476210
2022-01-28 00:15:00,37369.95000000,37388.00000000,37139.05000000,37204.40000000,498.74394000,2022-01-28 00:29:59.999,18575771.58784610,11069,258.28414000,9619760.78253390
2022-01-28 00:30:00,37207.20000000,37260.72000000,37046.15000000,37114.05000000,440.08107000,2022-01-28 00:44:59.999,16351004.59646680,10232,195.77070000,7275473.56223780
2022-01-28 00:45:00,37113.60000000,37210.00000000,37086.91000000,37157.27000000,347.96590000,2022-01-28 00:59:59.999,12924947.70368070,9264,172.84332000,6420318.54319270
2022-01-28 01:00:00,37157.26000000,37222.73000000,37091.44000000,37175.00000000,389.34192000,2022-01-28 01:14:59.999,14463501.35634960,11266,220.55638000,8193175.47124420
2022-01-28 01:15:00,37175.00000000,37206.07000000,36938.16000000,36950.86000000,476.56075000,2022-01-28 01:29:59.999,17654166.53581670,11389,223.92974000,8291940.27277610
2022-01-28 01:30:00,36950.85000000,36965.14000000,36720.01000000,36832.20000000,603.84946000,2022-01-28 01:44:59.999,22221259.89697640,14819,284.05297000,10453255.59644860
2022-01-28 01:45:00,36832.20000000,36946.00000000,36814.67000000,36880.80000000,358.61753000,2022-01-28 01:59:59.999,13231050.43441110,7998,161.39642000,5954157.02134920
2022-01-28 02:00:00,36880.79000000,36922.54000000,36500.00000000,36739.27000000,710.83078000,2022-01-28 02:14:59.999,26100404.61162900,14376,255.28121000,9375319.81855300
2022-01-28 02:15:00,36737.22000000,36817.53000000,36670.89000000,36787.70000000,405.25788000,2022-01-28 02:29:59.999,14892212.95855650,8151,181.08980000,6655519.89366360
2022-01-28 02:30:00,36787.71000000,36839.28000000,36743.00000000,36800.32000000,404.51009000,2022-01-28 02:44:59.999,14887182.30581550,7185,198.61305000,7308813.51001390
2022-01-28 02:45:00,36800.32000000,36973.56000000,36791.67000000,36935.62000000,417.54054000,2022-01-28 02:59:59.999,15404565.97429970,9280,217.09276000,8009546.89933780
2022-01-28 03:00:00,36936.33000000,37440.87000000,36901.45000000,37422.64000000,966.42896000,2022-01-28 03:14:59.999,35910924.25643520,17568,585.69866000,21761424.05771190
2022-01-28 03:15:00,37424.47000000,37450.00000000,37222.11000000,37295.56000000,430.64472000,2022-01-28 03:29:59.999,16076910.52637410,11432,232.22931000,8671113.02507720
2022-01-28 03:30:00,37295.53000000,37368.01000000,37199.99000000,37358.18000000,408.71142000,2022-01-28 03:44:59.999,15246186.05864550,9118,153.86891000,5740501.56776530
2022-01-28 03:45:00,37358.17000000,37386.23000000,37270.13000000,37351.83000000,340.47906000,2022-01-28 03:59:59.999,12708132.22148860,8971,188.87804000,7049718.84490900
2022-01-28 04:00:00,37351.83000000,37449.98000000,37258.45000000,37330.69000000,438.07875000,2022-01-28 04:14:59.999,16373022.11415430,9488,169.93788000,6352133.40861740
2022-01-28 04:15:00,37330.69000000,37356.21000000,37230.77000000,37241.41000000,276.27445000,2022-01-28 04:29:59.999,10300548.89654000,7571,121.66609000,4536555.27512750
2022-01-28 04:30:00,37241.41000000,37316.00000000,37133.12000000,37189.35000000,423.14944000,2022-01-28 04:44:59.999,15752228.76203310,9192,174.03360000,6480154.37923500
2022-01-28 04:45:00,37191.09000000,37247.50000000,36986.43000000,37223.18000000,455.71687000,2022-01-28 04:59:59.999,16912911.97370100,10937,194.88695000,7233696.97334030
2022-01-28 05:00:00,37223.19000000,37241.38000000,37091.20000000,37119.15000000,338.41611000,2022-01-28 05:14:59.999,12576619.61779880,7682,153.63010000,5709347.25996620
2022-01-28 05:15:00,37119.15000000,37277.69000000,37119.15000000,37276.02000000,385.48994000,2022-01-28 05:29:59.999,14330045.37858150,8329,189.39429000,7041294.84224850
2022-01-28 05:30:00,37276.02000000,37328.87000000,37216.17000000,37307.68000000,308.87342000,2022-01-28 05:44:59.999,11511977.88172360,8256,154.94761000,5775315.60167710
2022-01-28 05:45:00,37307.68000000,37312.82000000,37155.23000000,37205.60000000,193.48417000,2022-01-28 05:59:59.999,7201812.67170690,5989,86.76583000,3229592.21172120
2022-01-28 06:00:00,37206.17000000,37435.00000000,37170.13000000,37391.55000000,438.82938000,2022-01-28 06:14:59.999,16388146.36237350,9948,256.04598000,9562365.11440260
2022-01-28 06:15:00,37392.59000000,37400.00000000,37286.99000000,37346.57000000,157.44852000,2022-01-28 06:29:59.999,5879101.03090360,5818,77.79849000,2905062.34425240
2022-01-28 06:30:00,37346.58000000,37500.00000000,37159.50000000,37177.68000000,492.15236000,2022-01-28 06:44:59.999,18377990.47117130,10637,252.86896000,9442199.68283370
2022-01-28 06:45:00,37177.67000000,37211.74000000,36907.02000000,36907.14000000,736.04488000,2022-01-28 06:59:59.999,27287737.58019240,15362,352.79593000,13080937.05436600
2022-01-28 07:00:00,36907.14000000,37015.52000000,36845.23000000,36943.71000000,618.60189000,2022-01-28 07:14:59.999,22842868.56447540,13110,322.20142000,11895742.12913960
2022-01-28 07:15:00,36943.71000000,37099.09000000,36899.01000000,36923.63000000,388.25960000,2022-01-28 07:29:59.999,14372068.88937250,10337,183.03929000,6776218.14558690
2022-01-28 07:30:00,36923.62000000,37030.13000000,36797.00000000,37008.96000000,529.46557000,2022-01-28 07:44:59.999,19533912.98320330,12738,306.00144000,11290093.05036270
2022-01-28 07:45:00,37008.97000000,37028.02000000,36777.77000000,36799.82000000,394.66044000,2022-01-28 07:59:59.999,14572654.67986220,10189,227.21505000,8389155.07139650
2022-01-28 08:00:00,36799.82000000,36882.22000000,36661.00000000,36678.00000000,514.58666000,2022-01-28 08:14:59.999,18912670.24937760,13687,227.54998000,8363879.59096410
2022-01-28 08:15:00,36678.01000000,36706.15000000,36429.62000000,36613.26000000,583.99066000,2022-01-28 08:29:59.999,21358542.31281990,14990,293.87567000,10751422.45620200
2022-01-28 08:30:00,36613.26000000,36676.59000000,36500.01000000,36522.44000000,367.86160000,2022-01-28 08:44:59.999,13463053.98624330,9202,180.34023000,6600240.59247200
2022-01-28 08:45:00,36522.44000000,36675.82000000,36430.01000000,36658.47000000,362.88925000,2022-01-28 08:59:59.999,13271745.03844380,11033,191.62547000,7009869.94870460
2022-01-28 09:00:00,36658.46000000,36712.38000000,36528.14000000,36712.37000000,356.17786000,2022-01-28 09:14:59.999,13042129.99032900,9345,209.60349000,7676055.82439750
2022-01-28 09:15:00,36712.37000000,36853.09000000,36634.86000000,36677.01000000,439.40229000,2022-01-28 09:29:59.999,16141930.14612350,10230,211.78934000,7779856.80585390
2022-01-28 09:30:00,36677.01000000,36707.38000000,36401.44000000,36487.13000000,494.58065000,2022-01-28 09:44:59.999,18062561.98349970,10126,212.07400000,7743873.46564550
2022-01-28 09:45:00,36487.14000000,36596.73000000,36467.45000000,36486.09000000,371.98630000,2022-01-28 09:59:59.999,13591083.70131940,9979,179.68746000,6565295.70289640
2022-01-28 10:00:00,36486.10000000,36564.72000000,36325.33000000,36500.73000000,624.18202000,2022-01-28 10:14:59.999,22754516.34227970,17716,335.04343000,12215771.53595080
2022-01-28 10:15:00,36500.73000000,36634.44000000,36463.91000000,36575.53000000,333.25790000,2022-01-28 10:29:59.999,12185334.70907140,9533,167.35114000,6119571.78641900
2022-01-28 10:30:00,36575.52000000,36676.71000000,36541.66000000,36625.60000000,334.99314000,2022-01-28 10:44:59.999,12264764.37963670,8801,143.41721000,5252240.33893920
2022-01-28 10:45:00,36625.60000000,36678.19000000,36500.00000000,36615.35000000,250.65866000,2022-01-28 10:59:59.999,9170978.60586500,8041,117.80455000,4310006.45783570
2022-01-28 11:00:00,36615.35000000,36650.00000000,36462.42000000,36548.64000000,314.96165000,2022-01-28 11:14:59.999,11511340.22900690,9749,133.14183000,4866711.77853810
2022-01-28 11:15:00,36548.63000000,36582.86000000,36287.03000000,36390.56000000,563.10308000,2022-01-28 11:29:59.999,20495167.27093010,14482,238.54232000,8682051.57883180
2022-01-28 11:30:00,36390.56000000,36473.68000000,36340.59000000,36395.61000000,329.39008000,2022-01-28 11:44:59.999,11990643.86240310,10953,159.39669000,5802419.88907200
2022-01-28 11:45:00,36395.61000000,36489.33000000,36375.06000000,36448.28000000,386.43346000,2022-01-28 11:59:59.999,14075006.87861790,10527,267.98989000,9760016.92641150
2022-01-28 12:00:00,36447.67000000,36594.59000000,36368.20000000,36501.66000000,387.10365000,2022-01-28 12:14:59.999,14136616.05042410,10148,183.68925000,6709424.47610670
2022-01-28 12:15:00,36501.66000000,36574.33000000,36213.86000000,36331.43000000,449.56200000,2022-01-28 12:29:59.999,16343318.03370820,12173,218.53781000,7944979.32722240
2022-01-28 12:30:00,36331.43000000,36421.77000000,36166.66000000,36190.34000000,502.38756000,2022-01-28 12:44:59.999,18226311.73833000,14002,229.51318000,8326550.74722550
2022-01-28 12:45:00,36190.34000000,36293.56000000,36155.01000000,36278.60000000,383.23463000,2022-01-28 12:59:59.999,13880458.44779920,12226,204.75317000,7416718.00798130
2022-01-28 13:00:00,36278.60000000,36371.31000000,36213.24000000,36335.84000000,331.89425000,2022-01-28 13:14:59.999,12049631.73798940,9478,163.47908000,5935657.68635620
2022-01-28 13:15:00,36335.84000000,36513.20000000,36324.32000000,36343.66000000,475.65842000,2022-01-28 13:29:59.999,17325782.79617980,11561,234.78042000,8553745.87054080
2022-01-28 13:30:00,36343.67000000,36989.92000000,36343.66000000,36791.28000000,1261.74913000,2022-01-28 13:44:59.999,46391067.35791840,25710,682.71847000,25093930.48928760
2022-01-28 13:45:00,36791.27000000,36948.51000000,36720.00000000,36910.46000000,566.02164000,2022-01-28 13:59:59.999,20842746.01592880,12051,346.75918000,12768812.40162330
2022-01-28 14:00:00,36906.58000000,37096.08000000,36825.60000000,36919.89000000,800.93955000,2022-01-28 14:14:59.999,29592949.70257900,16810,451.67227000,16686622.91219470
2022-01-28 14:15:00,36919.89000000,37065.98000000,36918.60000000,37054.80000000,323.07331000,2022-01-28 14:29:59.999,11957846.53764330,9208,177.55447000,6571586.62287210
2022-01-28 14:30:00,37054.80000000,37080.00000000,36661.86000000,36689.47000000,1056.23553000,2022-01-28 14:44:59.999,38881292.59615620,19207,619.06988000,22792092.65339560
2022-01-28 14:45:00,36684.11000000,36828.38000000,36600.00000000,36759.65000000,560.00776000,2022-01-28 14:59:59.999,20568494.33053020,12670,289.89303000,10647871.32985080
2022-01-28 15:00:00,36759.65000000,37198.00000000,36682.24000000,37149.99000000,649.31778000,2022-01-28 15:14:59.999,24015847.21560960,16418,369.13822000,13656828.38641130
2022-01-28 15:15:00,37150.00000000,37300.00000000,36925.89000000,36988.91000000,1061.11392000,2022-01-28 15:29:59.999,39387897.14482540,19702,573.84209000,21308788.27960090
2022-01-28 15:30:00,36985.43000000,37115.32000000,36874.46000000,37022.42000000,452.42095000,2022-01-28 15:44:59.999,16742268.40168810,11168,207.90433000,7693681.82253680
2022-01-28 15:45:00,37023.86000000,37271.54000000,37000.34000000,37188.98000000,564.35948000,2022-01-28 15:59:59.999,20983052.67215110,17661,287.41734000,10686988.38828960
2022-01-28 16:00:00,37188.99000000,37335.38000000,37091.81000000,37230.27000000,498.48611000,2022-01-28 16:14:59.999,18555728.71031270,13933,264.24389000,9836796.84535110
2022-01-28 16:15:00,37230.28000000,37376.70000000,37134.61000000,37149.97000000,496.74460000,2022-01-28 16:29:59.999,18510821.91098480,16023,256.86542000,9573679.60484960
2022-01-28 16:30:00,37149.97000000,37275.01000000,37058.00000000,37194.58000000,338.04063000,2022-01-28 16:44:59.999,12568028.71456340,11568,172.20289000,6402963.98997750
2022-01-28 16:45:00,37193.88000000,37217.02000000,37000.01000000,37103.62000000,333.36977000,2022-01-28 16:59:59.999,12369731.28434060,11401,159.12852000,5904242.00738400
2022-01-28 17:00:00,37103.63000000,37193.42000000,37007.94000000,37059.04000000,346.41948000,2022-01-28 17:14:59.999,12850630.08881300,9637,175.92116000,6526574.30297580
2022-01-28 17:15:00,37059.05000000,37117.35000000,36891.87000000,36930.83000000,423.24684000,2022-01-28 17:29:59.999,15647489.46987620,10606,163.47544000,6045442.86234330
2022-01-28 17:30:00,36930.83000000,37000.00000000,36911.33000000,36996.29000000,228.62337000,2022-01-28 17:44:59.999,8451058.93074520,6859,147.85013000,5465890.64335820
2022-01-28 17:45:00,36996.30000000,37037.48000000,36774.43000000,36843.60000000,324.02215000,2022-01-28 17:59:59.999,11946439.37352930,9514,143.02176000,5274652.34463690
2022-01-28 18:00:00,36843.59000000,36936.93000000,36806.22000000,36893.34000000,226.61667000,2022-01-28 18:14:59.999,8356918.85312410,7010,122.43188000,4515546.44811350
2022-01-28 18:15:00,36893.34000000,36992.59000000,36785.80000000,36899.98000000,356.52106000,2022-01-28 18:29:59.999,13154387.59661250,8720,187.21843000,6908282.66978480
2022-01-28 18:30:00,36899.99000000,37137.09000000,36899.98000000,37000.45000000,391.89993000,2022-01-28 18:44:59.999,14512642.76686270,10995,215.84005000,7992198.79435840
2022-01-28 18:45:00,36996.19000000,37107.14000000,36955.36000000,37050.57000000,242.11804000,2022-01-28 18:59:59.999,8965973.33339680,7113,119.23649000,4416468.21129450
2022-01-28 19:00:00,37050.56000000,37131.47000000,36856.95000000,36885.31000000,273.93318000,2022-01-28 19:14:59.999,10127155.88558810,7063,102.50005000,3790669.97248410
2022-01-28 19:15:00,36885.31000000,36916.30000000,36834.39000000,36870.00000000,162.71180000,2022-01-28 19:29:59.999,5999508.57464070,5736,72.88087000,2687254.32351620
2022-01-28 19:30:00,36870.00000000,37181.34000000,36765.05000000,37076.80000000,457.19326000,2022-01-28 19:44:59.999,16915569.92502210,11373,258.26394000,9556986.33812560
2022-01-28 19:45:00,37071.58000000,37238.11000000,37045.01000000,37222.86000000,239.31587000,2022-01-28 19:59:59.999,8888308.38538450,7787,135.34223000,5026632.04664920
2022-01-28 20:00:00,37222.85000000,37303.80000000,37134.65000000,37176.04000000,390.61730000,2022-01-28 20:14:59.999,14542491.53227250,10331,194.98255000,7260001.68119710
2022-01-28 20:15:00,37176.05000000,37349.63000000,37176.04000000,37279.96000000,340.68679000,2022-01-28 20:29:59.999,12707841.19874520,8108,149.38148000,5571112.21752400
2022-01-28 20:30:00,37275.80000000,37710.80000000,37240.00000000,37631.98000000,923.68507000,2022-01-28 20:44:59.999,34662148.56313650,19887,579.18255000,21733738.84682360
2022-01-28 20:45:00,37631.97000000,37858.19000000,37567.54000000,37758.01000000,695.30801000,2022-01-28 20:59:59.999,26234822.58323120,17133,363.62899000,13719537.37771330
2022-01-28 21:00:00,37758.00000000,37813.20000000,37660.88000000,37743.26000000,405.51006000,2022-01-28 21:14:59.999,15299213.98441900,11092,240.98304000,9092185.22121090
2022-01-28 21:15:00,37743.25000000,37922.61000000,37738.12000000,37863.73000000,387.68032000,2022-01-28 21:29:59.999,14673466.71505490,11077,198.52681000,7514207.94219410
2022-01-28 21:30:00,37863.74000000,37937.00000000,37776.00000000,37902.38000000,281.57092000,2022-01-28 21:44:59.999,10662320.40773810,9857,151.13178000,5723222.29913580
2022-01-28 21:45:00,37902.39000000,38000.00000000,37766.60000000,37788.87000000,627.05689000,2022-01-28 21:59:59.999,23771426.07054930,13905,339.75490000,12887676.59653570
2022-01-28 22:00:00,37788.87000000,37942.41000000,37788.86000000,37917.40000000,265.04520000,2022-01-28 22:14:59.999,10033302.98785650,8706,139.55794000,5282910.36189940
2022-01-28 22:15:00,37917.40000000,37943.55000000,37808.00000000,37808.00000000,291.76344000,2022-01-28 22:29:59.999,11047779.54694290,9790,156.20661000,5916099.61259510
2022-01-28 22:30:00,37808.00000000,37900.00000000,37808.00000000,37851.21000000,146.18991000,2022-01-28 22:44:59.999,5535195.61402410,6554,76.32031000,2889775.66290710
2022-01-28 22:45:00,37851.21000000,37869.21000000,37653.36000000,37655.01000000,248.05324000,2022-01-28 22:59:59.999,9365424.35592420,7712,91.52891000,3456604.36728030
2022-01-28 23:00:00,37655.01000000,37760.73000000,37642.05000000,37694.01000000,199.48847000,2022-01-28 23:14:59.999,7520588.52464520,6486,127.01793000,4788393.13709530
2022-01-28 23:15:00,37694.01000000,37758.96000000,37692.41000000,37741.99000000,154.78252000,2022-01-28 23:29:59.999,5838878.14251330,5444,93.73536000,3535972.96824770
2022-01-28 23:30:00,37741.99000000,37850.00000000,37690.02000000,37751.83000000,190.13649000,2022-01-28 23:44:59.999,7178915.29904580,6130,107.95787000,4076521.73692650
2022-01-28 23:45:00,37751.83000000,37818.20000000,37716.56000000,37716.56000000,121.31294000,2022-01-28 23:59:59.999,4581944.33484540,4842,68.22952000,2576900.84137400
2022-01-29 00:00:00,37716.57000000,37983.41000000,37647.01000000,37901.58000000,450.46084000,2022-01-29 00:14:59.999,17039373.19965540,10757,233.71027000,8840058.84000070
2022-01-29 00:15:00,37901.57000000,37977.97000000,37829.66000000,37887.15000000,329.19888000,2022-01-29 00:29:59.999,12478926.86933060,9614,147.40686000,5588530.07350030
2022-01-29 00:30:00,37887.16000000,37887.16000000,37723.59000000,37797.92000000,238.31901000,2022-01-29 00:44:59.999,9004882.26871710,7429,121.46338000,4589712.57296850
2022-01-29 00:45:00,37797.93000000,37800.00000000,37743.25000000,37788.27000000,174.06167000,2022-01-29 00:59:59.999,6574537.10697640,5975,84.01483000,3173152.67146800
2022-01-29 01:00:00,37788.27000000,37899.99000000,37740.84000000,37824.25000000,290.01438000,2022-01-29 01:14:59.999,10961126.68724690,7760,119.70475000,4524114.23873440
2022-01-29 01:15:00,37824.25000000,37880.34000000,37578.73000000,37613.80000000,396.07019000,2022-01-29 01:29:59.999,14928121.49225500,9596,205.42445000,7742595.62198990
2022-01-29 01:30:00,37613.80000000,37642.91000000,37473.07000000,37483.49000000,250.83246000,2022-01-29 01:44:59.999,9426865.29906700,7753,96.12699000,3614539.17709860
2022-01-29 01:45:00,37483.48000000,37576.09000000,37483.48000000,37535.77000000,244.39204000,2022-01-29 01:59:59.999,9174455.79517700,6205,124.34200000,4668212.52155440
2022-01-29 02:00:00,37535.76000000,37635.93000000,37518.09000000,37624.38000000,83.99233000,2022-01-29 02:14:59.999,3156409.26113450,4912,43.15725000,1621929.96802460
2022-01-29 02:15:00,37624.39000000,37624.39000000,37527.25000000,37561.08000000,157.29556000,2022-01-29 02:29:59.999,5912296.99727000,5570,59.40720000,2232759.64223030
2022-01-29 02:30:00,37561.09000000,37587.03000000,37466.93000000,37486.15000000,276.39852000,2022-01-29 02:44:59.999,10367323.16921800,6793,122.29992000,4586788.73890410
2022-01-29 02:45:00,37486.15000000,37539.19000000,37448.58000000,37530.75000000,387.09976000,2022-01-29 02:59:59.999,14516186.63114050,7946,217.67049000,8162630.83629500
2022-01-29 03:00:00,37530.74000000,37587.22000000,37490.10000000,37587.22000000,218.58054000,2022-01-29 03:14:59.999,8201169.50419490,7102,125.37962000,4704611.12425720
2022-01-29 03:15:00,37587.21000000,37691.82000000,37569.21000000,37690.47000000,196.92053000,2022-01-29 03:29:59.999,7411320.91488690,7225,133.78107000,5035245.65631620
2022-01-29 03:30:00,37690.47000000,37750.00000000,37656.42000000,37673.97000000,230.55128000,2022-01-29 03:44:59.999,8693462.23935920,7569,124.59994000,4697785.96702790
2022-01-29 03:45:00,37673.97000000,37737.75000000,37648.92000000,37737.73000000,190.97084000,2022-01-29 03:59:59.999,7198362.11629930,6063,109.48315000,4126815.31420180
2022-01-29 04:00:00,37737.72000000,37871.12000000,37726.32000000,37832.74000000,227.44574000,2022-01-29 04:14:59.999,8594869.44432990,7842,123.45478000,4665058.73385920
2022-01-29 04:15:00,37832.74000000,37890.92000000,37815.09000000,37870.22000000,151.27712000,2022-01-29 04:29:59.999,5726641.02264650,6004,70.65860000,2674769.85695240
2022-01-29 04:30:00,37870.21000000,37896.84000000,37785.38000000,37874.96000000,179.48580000,2022-01-29 04:44:59.999,6790930.90355790,6397,97.83968000,3701861.48119840
2022-01-29 04:45:00,37874.94000000,37916.08000000,37792.04000000,37814.46000000,161.00324000,2022-01-29 04:59:59.999,6092121.66431280,5527,78.93025000,2986834.90420210
2022-01-29 05:00:00,37814.47000000,37834.99000000,37778.40000000,37778.40000000,138.25727000,2022-01-29 05:14:59.999,5227134.65241680,5389,65.94748000,2493246.47195350
2022-01-29 05:15:00,37778.40000000,37787.70000000,37676.28000000,37715.48000000,159.76228000,2022-01-29 05:29:59.999,6026387.10327880,6316,68.12937000,2569911.90008720
2022-01-29 05:30:00,37715.49000000,37754.00000000,37616.00000000,37616.00000000,177.41164000,2022-01-29 05:44:59.999,6687663.58786850,6239,74.38217000,2804644.61339650
2022-01-29 05:45:00,37616.01000000,37660.96000000,37613.01000000,37653.72000000,252.90930000,2022-01-29 05:59:59.999,9519213.43370390,6239,114.50533000,4309840.81520250
2022-01-29 06:00:00,37653.71000000,37750.91000000,37589.44000000,37699.02000000,299.61279000,2022-01-29 06:14:59.999,11283748.53208480,7262,134.56697000,5068590.07596760
2022-01-29 06:15:00,37699.01000000,37763.12000000,37654.16000000,37761.31000000,243.21157000,2022-01-29 06:29:59.999,9167820.52837410,7077,102.35679000,3858472.29790090
2022-01-29 06:30:00,37761.30000000,37835.00000000,37656.00000000,37664.89000000,271.04516000,2022-01-29 06:44:59.999,10230227.15826120,8251,130.10966000,4911262.97438690
2022-01-29 06:45:00,37664.89000000,37759.29000000,37649.99000000,37739.78000000,198.62528000,2022-01-29 06:59:59.999,7488403.06823420,6031,114.43413000,4313940.92773490
2022-01-29 07:00:00,37739.78000000,37758.37000000,37695.08000000,37729.91000000,118.33745000,2022-01-29 07:14:59.999,4464885.01677410,6290,64.33772000,2427438.33908190
2022-01-29 07:15:00,37729.91000000,37870.00000000,37656.57000000,37869.32000000,188.22569000,2022-01-29 07:29:59.999,7105949.98196000,7776,108.99723000,4116220.19559580
2022-01-29 07:30:00,37870.00000000,37887.54000000,37787.01000000,37836.06000000,312.95000000,2022-01-29 07:44:59.999,11838673.99568990,7712,143.33484000,5422728.64818340
2022-01-29 07:45:00,37836.05000000,37925.00000000,37755.75000000,37836.99000000,348.42768000,2022-01-29 07:59:59.999,13180304.25214090,8413,165.28949000,6252129.33218390
2022-01-29 08:00:00,37836.98000000,37893.15000000,37753.00000000,37753.01000000,236.17502000,2022-01-29 08:14:59.999,8931682.95155340,7435,112.02022000,4236804.56537300
2022-01-29 08:15:00,37753.01000000,37923.00000000,37750.00000000,37859.77000000,334.65513000,2022-01-29 08:29:59.999,12654946.72582840,7799,199.67986000,7551636.54813450
2022-01-29 08:30:00,37859.77000000,37893.34000000,37787.49000000,37817.00000000,228.06533000,2022-01-29 08:44:59.999,8628625.18824200,7030,117.38539000,4441300.28463940
2022-01-29 08:45:00,37816.99000000,37850.94000000,37770.03000000,37785.82000000,205.54112000,2022-01-29 08:59:59.999,7769864.98448010,6619,108.60636000,4105724.68145270
2022-01-29 09:00:00,37785.82000000,37786.85000000,37569.39000000,37643.58000000,281.20020000,2022-01-29 09:14:59.999,10587705.80104930,10130,123.56728000,4652071.55510540
2022-01-29 09:15:00,37643.59000000,37672.74000000,37544.94000000,37663.10000000,199.83512000,2022-01-29 09:29:59.999,7518395.88205990,7469,93.86685000,3531909.17647210
2022-01-29 09:30:00,37663.10000000,37710.77000000,37650.00000000,37695.67000000,112.90296000,2022-01-29 09:44:59.999,4254081.49591740,5603,66.85398000,2518996.65963990
2022-01-29 09:45:00,37695.66000000,37716.08000000,37667.84000000,37703.24000000,115.61955000,2022-01-29 09:59:59.999,4357948.60326520,5300,45.42549000,1712080.99286040
2022-01-29 10:00:00,37703.25000000,37703.27000000,37612.22000000,37650.44000000,164.83767000,2022-01-29 10:14:59.999,6205715.54723930,6463,72.68330000,2736276.33697410
2022-01-29 10:15:00,37650.44000000,37703.09000000,37597.11000000,37698.30000000,166.92337000,2022-01-29 10:29:59.999,6283930.83414160,6570,76.77526000,2890282.56978760
2022-01-29 10:30:00,37698.30000000,37809.83000000,37649.06000000,37767.58000000,165.88220000,2022-01-29 10:44:59.999,6256971.54345250,6296,93.63038000,3531958.17642130
2022-01-29 10:45:00,37767.59000000,37792.28000000,37730.12000000,37756.19000000,181.72419000,2022-01-29 10:59:59.999,6861809.52072370,5521,94.71688000,3576448.30405890
2022-01-29 11:00:00,37756.20000000,37758.38000000,37674.54000000,37751.03000000,96.30124000,2022-01-29 11:14:59.999,3632851.52585760,5376,40.07515000,1511806.69496270
2022-01-29 11:15:00,37751.02000000,37788.24000000,37710.20000000,37746.57000000,146.96620000,2022-01-29 11:29:59.999,5546895.50590840,5479,85.61048000,3231280.62009770
2022-01-29 11:30:00,37746.58000000,37751.76000000,37662.44000000,37709.82000000,93.68947000,2022-01-29 11:44:59.999,3532221.97101910,5077,39.73880000,1498097.60662190
2022-01-29 11:45:00,37709.82000000,37748.64000000,37681.40000000,37736.07000000,89.55338000,2022-01-29 11:59:59.999,3378377.99372350,4523,40.73510000,1536626.47545660
2022-01-29 12:00:00,37736.06000000,37800.00000000,37623.01000000,37662.99000000,196.15711000,2022-01-29 12:14:59.999,7401006.57263590,7905,103.13979000,3892348.05168950
2022-01-29 12:15:00,37662.98000000,37851.68000000,37638.13000000,37829.49000000,219.88646000,2022-01-29 12:29:59.999,8304040.55829690,7397,118.10070000,4460300.31160710
2022-01-29 12:30:00,37829.49000000,37916.99000000,37790.50000000,37855.51000000,211.56194000,2022-01-29 12:44:59.999,8009986.73585150,7485,123.44489000,4673804.51583550
2022-01-29 12:45:00,37855.50000000,37864.52000000,37784.25000000,37847.57000000,127.43201000,2022-01-29 12:59:59.999,4819335.76031820,5878,73.92811000,2795763.86345460
2022-01-29 13:00:00,37847.57000000,37851.33000000,37781.52000000,37781.53000000,136.79153000,2022-01-29 13:14:59.999,5172077.61356850,6383,72.27352000,2732709.13967440
2022-01-29 13:15:00,37781.53000000,37819.82000000,37733.04000000,37814.02000000,111.64963000,2022-01-29 13:29:59.999,4217565.83029150,6259,53.28403000,2012804.02144410
2022-01-29 13:30:00,37814.02000000,38142.28000000,37814.02000000,38073.09000000,857.66005000,2022-01-29 13:44:59.999,32618225.21866460,20787,503.90873000,19162154.02709270
2022-01-29 13:45:00,38073.09000000,38186.11000000,38039.12000000,38161.69000000,676.51696000,2022-01-29 13:59:59.999,25794404.42427480,18563,327.67366000,12495395.58850580
2022-01-29 14:00:00,38161.69000000,38198.82000000,38060.11000000,38065.26000000,524.95997000,2022-01-29 14:14:59.999,20015747.08022730,19163,244.15955000,9309577.29599730
2022-01-29 14:15:00,38065.26000000,38150.00000000,38043.46000000,38109.76000000,225.05565000,2022-01-29 14:29:59.999,8574260.87131450,9275,113.59224000,4327731.78470860
2022-01-29 14:30:00,38113.58000000,38120.00000000,38000.24000000,38028.58000000,286.45028000,2022-01-29 14:44:59.999,10897292.68124160,10182,138.75234000,5278847.69384220
2022-01-29 14:45:00,38028.58000000,38047.09000000,37507.72000000,37620.04000000,949.12952000,2022-01-29 14:59:59.999,35831011.43995650,23394,425.98073000,16079698.14222700
2022-01-29 15:00:00,37620.04000000,37694.80000000,37462.62000000,37692.75000000,688.60220000,2022-01-29 15:14:59.999,25867361.97164660,19062,327.29244000,12297889.59232670
2022-01-29 15:15:00,37692.76000000,37735.67000000,37580.00000000,37631.00000000,309.30768000,2022-01-29 15:29:59.999,11644878.54234360,8563,139.89281000,5265957.57772370
2022-01-29 15:30:00,37631.01000000,37675.13000000,37500.00000000,37558.36000000,260.79257000,2022-01-29 15:44:59.999,9800250.17233650,8236,131.31646000,4935302.78071000
2022-01-29 15:45:00,37558.37000000,37626.00000000,37268.44000000,37566.82000000,622.96964000,2022-01-29 15:59:59.999,23325478.80796630,15893,290.81725000,10889972.86351130
2022-01-29 16:00:00,37567.98000000,37603.57000000,37361.20000000,37389.25000000,316.05876000,2022-01-29 16:14:59.999,11846884.34476020,9657,149.09684000,5590152.76263720
2022-01-29 16:15:00,37389.24000000,37543.72000000,37317.37000000,37504.68000000,390.13410000,2022-01-29 16:29:59.999,14609672.15966290,10127,206.52559000,7733446.87118390
2022-01-29 16:30:00,37506.31000000,37541.81000000,37420.02000000,37496.13000000,218.68241000,2022-01-29 16:44:59.999,8196522.37392450,6700,98.32342000,3685306.96060270
2022-01-29 16:45:00,37496.13000000,37580.16000000,37451.76000000,37538.19000000,177.86691000,2022-01-29 16:59:59.999,6670312.06054020,5960,96.54105000,3620677.92150820
2022-01-29 17:00:00,37538.19000000,37657.20000000,37532.15000000,37632.66000000,336.94636000,2022-01-29 17:14:59.999,12674318.03580440,9250,152.46926000,5735200.33187150
2022-01-29 17:15:00,37632.66000000,37645.00000000,37544.58000000,37635.11000000,124.44869000,2022-01-29 17:29:59.999,4679090.87633120,5953,57.77341000,2172362.14447560
2022-01-29 17:30:00,37635.11000000,37720.77000000,37612.01000000,37692.71000000,161.87330000,2022-01-29 17:44:59.999,6097730.12748020,5816,77.03530000,2901865.02102370
2022-01-29 17:45:00,37692.70000000,37714.99000000,37561.60000000,37646.31000000,161.20349000,2022-01-29 17:59:59.999,6071005.23808600,6711,62.01235000,2335251.83692290
2022-01-29 18:00:00,37646.31000000,37698.76000000,37620.33000000,37620.34000000,108.51181000,2022-01-29 18:14:59.999,4086299.28051420,5948,52.25657000,1967935.89869000
2022-01-29 18:15:00,37620.33000000,37692.73000000,37620.33000000,37637.28000000,130.09846000,2022-01-29 18:29:59.999,4899639.64191110,6454,75.75293000,2852810.97489810
2022-01-29 18:30:00,37637.28000000,37644.51000000,37556.56000000,37594.66000000,86.26555000,2022-01-29 18:44:59.999,3243758.80604950,6160,36.15075000,1359441.88129000
2022-01-29 18:45:00,37594.66000000,37904.19000000,37584.81000000,37806.23000000,447.19111000,2022-01-29 18:59:59.999,16908697.76322860,12827,264.65953000,10006913.71203040
2022-01-29 19:00:00,37806.24000000,37888.68000000,37781.49000000,37870.08000000,168.71580000,2022-01-29 19:14:59.999,6382020.50366940,6969,94.80113000,3586101.19676710
2022-01-29 19:15:00,37870.09000000,37940.19000000,37824.24000000,37887.89000000,171.26518000,2022-01-29 19:29:59.999,6487716.65333580,6916,93.48551000,3541365.94066320
2022-01-29 19:30:00,37887.89000000,37950.00000000,37846.37000000,37875.76000000,159.46280000,2022-01-29 19:44:59.999,6045183.22190430,6149,66.99866000,2539873.01074270
2022-01-29 19:45:00,37875.75000000,37918.00000000,37835.79000000,37853.00000000,172.10596000,2022-01-29 19:59:59.999,6518663.14511120,5993,85.99330000,3256851.60735520
2022-01-29 20:00:00,37853.00000000,37899.98000000,37816.21000000,37882.53000000,123.41996000,2022-01-29 20:14:59.999,4672545.96138250,5052,61.96531000,2346058.25785720
2022-01-29 20:15:00,37882.53000000,38079.71000000,37835.79000000,38015.66000000,256.95477000,2022-01-29 20:29:59.999,9751323.18351000,8591,172.29941000,6540440.16141840
2022-01-29 20:30:00,38015.65000000,38650.00000000,38015.65000000,38501.65000000,1715.03030000,2022-01-29 20:44:59.999,65963882.55116190,38080,1021.85058000,39283812.17718340
2022-01-29 20:45:00,38501.65000000,38523.77000000,38105.00000000,38340.03000000,753.17276000,2022-01-29 20:59:59.999,28829654.16962090,18595,335.64192000,12841383.59206580
2022-01-29 21:00:00,38340.03000000,38720.74000000,38279.99000000,38560.51000000,667.70099000,2022-01-29 21:14:59.999,25742729.77473260,17342,410.36085000,15820559.48904960
2022-01-29 21:15:00,38560.50000000,38650.00000000,38461.72000000,38549.75000000,209.30875000,2022-01-29 21:29:59.999,8069040.25097350,8002,119.02191000,4588814.05106410
2022-01-29 21:30:00,38546.66000000,38614.99000000,38381.08000000,38397.87000000,341.11248000,2022-01-29 21:44:59.999,13121825.68047280,9179,152.38453000,5860577.19499010
2022-01-29 21:45:00,38397.87000000,38482.85000000,38357.14000000,38358.32000000,159.99186000,2022-01-29 21:59:59.999,6149980.23391240,6653,89.74905000,3449874.54947740
2022-01-29 22:00:00,38358.32000000,38411.72000000,38162.99000000,38171.67000000,347.96544000,2022-01-29 22:14:59.999,13313976.96294680,11709,155.31915000,5944639.06802940
2022-01-29 22:15:00,38171.67000000,38216.02000000,38081.21000000,38091.83000000,261.58578000,2022-01-29 22:29:59.999,9982174.99318380,10971,109.61007000,4183124.54257980
2022-01-29 22:30:00,38091.83000000,38186.62000000,38045.27000000,38179.87000000,201.30992000,2022-01-29 22:44:59.999,7671774.35190860,9019,127.30877000,4852313.45064540
2022-01-29 22:45:00,38179.87000000,38186.60000000,38095.01000000,38140.00000000,197.59227000,2022-01-29 22:59:59.999,7535580.40480770,5859,137.64752000,5249472.43545210
2022-01-29 23:00:00,38140.00000000,38140.01000000,37979.16000000,38080.64000000,224.43243000,2022-01-29 23:14:59.999,8538793.66024370,7732,97.65958000,3716418.34761960
2022-01-29 23:15:00,38080.65000000,38091.51000000,37906.26000000,37936.39000000,238.46630000,2022-01-29 23:29:59.999,9060249.46770490,7454,107.12436000,4070623.60897530
2022-01-29 23:30:00,37936.38000000,38075.87000000,37931.23000000,38044.64000000,156.22705000,2022-01-29 23:44:59.999,5940889.94321560,4917,90.42714000,3438146.82259170
2022-01-29 23:45:00,38044.64000000,38185.80000000,38038.88000000,38166.84000000,176.45288000,2022-01-29 23:59:59.999,6725706.92159880,5707,110.00112000,4192668.80692360
2022-01-30 00:00:00,38166.83000000,38281.24000000,38107.76000000,38246.94000000,283.51821000,2022-01-30 00:14:59.999,10823480.73421000,7574,148.83877000,5681917.28444040
2022-01-30 00:15:00,38246.93000000,38250.53000000,38063.94000000,38071.65000000,161.91811000,2022-01-30 00:29:59.999,6179704.48266230,6274,63.95347000,2440854.13125250
2022-01-30 00:30:00,38073.22000000,38094.72000000,37737.49000000,37826.81000000,466.15606000,2022-01-30 00:44:59.999,17672616.80068870,12604,210.32410000,7975395.09522020
2022-01-30 00:45:00,37827.50000000,37930.79000000,37769.52000000,37816.45000000,272.41539000,2022-01-30 00:59:59.999,10311840.27020410,8235,138.49885000,5242186.50748480
2022-01-30 01:00:00,37816.46000000,37893.76000000,37788.87000000,37884.42000000,263.58667000,2022-01-30 01:14:59.999,9973931.53025470,7145,133.78528000,5062166.81231650
2022-01-30 01:15:00,37884.41000000,37953.82000000,37850.00000000,37953.81000000,194.53828000,2022-01-30 01:29:59.999,7372339.19767300,5587,93.87649000,3557668.67586670
2022-01-30 01:30:00,37953.81000000,37976.29000000,37824.35000000,37857.99000000,153.00305000,2022-01-30 01:44:59.999,5800752.72512060,5201,55.82306000,2116330.22012360
2022-01-30 01:45:00,37857.99000000,37940.60000000,37850.30000000,37931.75000000,105.86750000,2022-01-30 01:59:59.999,4013169.51317070,5480,65.70682000,2490904.56272910
2022-01-30 02:00:00,37931.75000000,37986.99000000,37873.59000000,37919.40000000,188.06221000,2022-01-30 02:14:59.999,7131848.24773750,6034,71.17372000,2699166.68211800
2022-01-30 02:15:00,37919.40000000,38024.98000000,37919.40000000,38014.50000000,165.84301000,2022-01-30 02:29:59.999,6297556.00348660,5444,114.55474000,4350744.32193350
2022-01-30 02:30:00,38014.49000000,38054.18000000,38004.10000000,38025.00000000,189.46779000,2022-01-30 02:44:59.999,7204751.97676740,5847,81.46739000,3097873.86361940
2022-01-30 02:45:00,38025.00000000,38025.01000000,37916.88000000,37951.80000000,283.77457000,2022-01-30 02:59:59.999,10769559.16315600,6568,103.89107000,3942716.07757370
2022-01-30 03:00:00,37951.79000000,38009.71000000,37942.67000000,37954.05000000,262.39728000,2022-01-30 03:14:59.999,9964661.62284120,7367,124.75208000,4737315.53090580
2022-01-30 03:15:00,37954.06000000,38044.24000000,37947.24000000,38020.87000000,159.32874000,2022-01-30 03:29:59.999,6056181.51292130,5443,77.04463000,2928541.95448270
2022-01-30 03:30:00,38020.87000000,38038.17000000,37959.34000000,37973.81000000,97.12121000,2022-01-30 03:44:59.999,3690145.53545150,4683,38.70566000,1470779.62944810
2022-01-30 03:45:00,37973.81000000,37977.24000000,37881.55000000,37917.13000000,130.97113000,2022-01-30 03:59:59.999,4966092.59089250,5507,64.56982000,2447930.74292900
2022-01-30 04:00:00,37917.13000000,37950.00000000,37901.17000000,37904.98000000,82.78371000,2022-01-30 04:14:59.999,3139518.36041190,4434,33.63937000,1275772.54954520
2022-01-30 04:15:00,37904.99000000,37995.99000000,37904.98000000,37968.92000000,86.26438000,2022-01-30 04:29:59.999,3274772.24832140,3950,52.62542000,1997817.29603320
2022-01-30 04:30:00,37968.93000000,38063.24000000,37968.92000000,38041.46000000,136.92937000,2022-01-30 04:44:59.999,5205357.09367710,4577,83.16186000,3161793.29443590
2022-01-30 04:45:00,38041.46000000,38183.86000000,38003.78000000,38099.34000000,191.09674000,2022-01-30 04:59:59.999,7281366.11485820,5529,111.92366000,4264161.30229710
2022-01-30 05:00:00,38100.02000000,38300.00000000,38087.02000000,38293.68000000,386.69848000,2022-01-30 05:14:59.999,14782931.43270430,8828,209.08951000,7992163.57580450
2022-01-30 05:15:00,38293.67000000,38293.68000000,38168.46000000,38186.23000000,158.89039000,2022-01-30 05:29:59.999,6075577.68116930,5628,65.06096000,2487704.88293650
2022-01-30 05:30:00,38186.23000000,38193.37000000,38116.88000000,38181.61000000,101.81778000,2022-01-30 05:44:59.999,3884417.96706180,4994,47.75939000,1822094.27446300
2022-01-30 05:45:00,38181.61000000,38223.51000000,38123.32000000,38139.39000000,133.94770000,2022-01-30 05:59:59.999,5113375.23615000,5628,74.21631000,2832939.30657430
2022-01-30 06:00:00,38139.38000000,38150.00000000,38099.38000000,38109.13000000,126.94970000,2022-01-30 06:14:59.999,4839956.77893500,6087,60.30756000,2299323.80405080
2022-01-30 06:15:00,38109.13000000,38152.79000000,38098.02000000,38127.61000000,121.39435000,2022-01-30 06:29:59.999,4628657.16430710,5389,58.32409000,2223884.73249290
2022-01-30 06:30:00,38127.84000000,38147.08000000,38101.43000000,38111.89000000,122.53056000,2022-01-30 06:44:59.999,4670121.20366540,4687,80.50124000,3068059.56732280
2022-01-30 06:45:00,38111.92000000,38120.00000000,38038.95000000,38098.51000000,444.38729000,2022-01-30 06:59:59.999,16917615.47229240,7500,280.70291000,10685384.20771940
2022-01-30 07:00:00,38098.51000000,38248.69000000,38098.51000000,38211.96000000,208.03247000,2022-01-30 07:14:59.999,7941167.73841280,7287,114.94892000,4387786.67339510
2022-01-30 07:15:00,38211.96000000,38213.20000000,38142.38000000,38160.29000000,82.93684000,2022-01-30 07:29:59.999,3165926.87616170,4927,39.04783000,1490475.07344840
2022-01-30 07:30:00,38160.28000000,38230.00000000,38122.30000000,38125.28000000,131.16088000,2022-01-30 07:44:59.999,5008614.98754360,5575,64.78174000,2473749.95334900
2022-01-30 07:45:00,38125.29000000,38290.00000000,38125.28000000,38244.98000000,163.16978000,2022-01-30 07:59:59.999,6234891.20616880,6075,100.47764000,3838955.44487430
2022-01-30 08:00:00,38244.98000000,38359.26000000,38150.00000000,38196.03000000,313.61446000,2022-01-30 08:14:59.999,11997457.71966690,8563,176.76685000,6763795.50093760
2022-01-30 08:15:00,38196.03000000,38238.66000000,38094.14000000,38115.14000000,224.42886000,2022-01-30 08:29:59.999,8564430.00000740,6817,94.51460000,3606429.76817080
2022-01-30 08:30:00,38115.13000000,38115.14000000,37966.15000000,37983.11000000,307.29779000,2022-01-30 08:44:59.999,11684438.87229300,8387,108.83899000,4138697.94547730
2022-01-30 08:45:00,37983.11000000,38080.86000000,37981.91000000,38000.00000000,310.74584000,2022-01-30 08:59:59.999,11817513.55911140,8882,167.62304000,6374313.79310980
2022-01-30 09:00:00,37999.99000000,38066.50000000,37988.00000000,38040.00000000,448.22485000,2022-01-30 09:14:59.999,17044341.76276270,10123,301.94250000,11482087.05225010
2022-01-30 09:15:00,38039.99000000,38073.45000000,37795.00000000,37869.47000000,639.70167000,2022-01-30 09:29:59.999,24238905.94440280,12421,292.66401000,11090028.88634960
2022-01-30 09:30:00,37869.48000000,37963.71000000,37849.99000000,37942.07000000,214.47498000,2022-01-30 09:44:59.999,8131741.55050200,7608,131.39848000,4981969.45619880
2022-01-30 09:45:00,37942.07000000,37961.99000000,37880.65000000,37889.48000000,216.29165000,2022-01-30 09:59:59.999,8203738.53820270,7955,110.11692000,4176864.85754360
2022-01-30 10:00:00,37889.49000000,37968.12000000,37829.00000000,37937.88000000,378.88264000,2022-01-30 10:14:59.999,14364012.56224550,7946,223.28309000,8466377.47254350
2022-01-30 10:15:00,37937.88000000,38176.38000000,37937.88000000,38066.80000000,388.86474000,2022-01-30 10:29:59.999,14784278.75922720,8308,193.89517000,7374256.93959160
2022-01-30 10:30:00,38066.80000000,38175.00000000,38058.64000000,38134.28000000,258.25056000,2022-01-30 10:44:59.999,9841597.12813200,6869,139.40381000,5311193.32472130
2022-01-30 10:45:00,38134.29000000,38189.19000000,38091.39000000,38184.74000000,208.86577000,2022-01-30 10:59:59.999,7963680.72609250,6474,112.64869000,4295334.61977600
2022-01-30 11:00:00,38184.74000000,38185.00000000,38092.37000000,38118.65000000,199.50634000,2022-01-30 11:14:59.999,7608276.02144190,5800,80.78238000,3080122.84150660
2022-01-30 11:15:00,38118.66000000,38259.14000000,38040.09000000,38065.48000000,228.35182000,2022-01-30 11:29:59.999,8711422.06313710,7440,135.51878000,5169398.89014400
2022-01-30 11:30:00,38065.48000000,38100.00000000,37985.25000000,38031.76000000,248.28756000,2022-01-30 11:44:59.999,9446073.38070880,7450,113.70417000,4325855.65593830
2022-01-30 11:45:00,38031.95000000,38128.27000000,37958.13000000,38110.02000000,127.08421000,2022-01-30 11:59:59.999,4834709.69391560,6086,59.67321000,2270043.24586570
2022-01-30 12:00:00,38110.03000000,38117.00000000,37883.91000000,37966.14000000,210.67386000,2022-01-30 12:14:59.999,8006994.47855050,8002,80.47637000,3060355.33349770
2022-01-30 12:15:00,37966.14000000,38036.47000000,37961.96000000,38025.11000000,112.95078000,2022-01-30 12:29:59.999,4292593.38149640,6533,55.84543000,2122394.51930380
2022-01-30 12:30:00,38025.11000000,38153.82000000,37936.20000000,37965.19000000,170.07877000,2022-01-30 12:44:59.999,6473494.99694500,7261,81.22557000,3092486.02906130
2022-01-30 12:45:00,37965.20000000,37984.10000000,37849.53000000,37938.47000000,225.34537000,2022-01-30 12:59:59.999,8542185.27734980,8808,110.18547000,4176695.87035640
2022-01-30 13:00:00,37937.21000000,37944.06000000,37823.08000000,37916.44000000,176.44141000,2022-01-30 13:14:59.999,6684360.24873420,7482,95.99249000,3636694.36435430
2022-01-30 13:15:00,37916.44000000,37983.21000000,37879.43000000,37970.49000000,156.37566000,2022-01-30 13:29:59.999,5932110.18436920,6864,73.47367000,2787229.46053030
2022-01-30 13:30:00,37970.49000000,37998.99000000,37880.00000000,37934.04000000,133.05365000,2022-01-30 13:44:59.999,5047867.34962190,6806,67.60516000,2565154.78589740
2022-01-30 13:45:00,37934.03000000,37991.99000000,37927.07000000,37963.22000000,83.88300000,2022-01-30 13:59:59.999,3184564.18643160,6131,42.50080000,1613526.80982110
2022-01-30 14:00:00,37963.21000000,37999.90000000,37876.66000000,37876.74000000,184.04697000,2022-01-30 14:14:59.999,6984696.87316050,7534,116.82113000,4433079.95210950
2022-01-30 14:15:00,37876.66000000,37906.61000000,37712.05000000,37793.24000000,383.28354000,2022-01-30 14:29:59.999,14481608.42909820,13315,181.75030000,6865643.89702510
2022-01-30 14:30:00,37793.24000000,37849.46000000,37734.89000000,37819.97000000,164.12882000,2022-01-30 14:44:59.999,6201786.95982050,8146,82.77246000,3127984.46812010
2022-01-30 14:45:00,37819.96000000,37864.40000000,37740.80000000,37838.99000000,194.20087000,2022-01-30 14:59:59.999,7339935.46451180,7967,98.52457000,3724000.15387230
2022-01-30 15:00:00,37839.00000000,37928.73000000,37832.02000000,37885.61000000,169.33240000,2022-01-30 15:14:59.999,6415538.49826020,7710,93.30714000,3535093.51091970
2022-01-30 15:15:00,37885.61000000,38041.32000000,37778.20000000,37983.77000000,288.52382000,2022-01-30 15:29:59.999,10947821.51933370,9753,155.55747000,5903824.27229250
2022-01-30 15:30:00,37983.78000000,38026.54000000,37924.56000000,37993.66000000,156.61316000,2022-01-30 15:44:59.999,5949010.53347470,6881,77.00262000,2925230.40181610
2022-01-30 15:45:00,37993.66000000,38026.31000000,37935.22000000,37980.09000000,125.19772000,2022-01-30 15:59:59.999,4755687.25535950,6058,61.25592000,2326905.75116750
2022-01-30 16:00:00,37977.47000000,38074.76000000,37888.66000000,38005.99000000,194.70883000,2022-01-30 16:14:59.999,7394804.15977440,7416,100.71831000,3825865.91279020
2022-01-30 16:15:00,38006.00000000,38006.00000000,37885.63000000,37914.47000000,124.68122000,2022-01-30 16:29:59.999,4730973.41094920,5715,49.05189000,1861352.49685620
2022-01-30 16:30:00,37914.47000000,37920.01000000,37818.00000000,37822.81000000,160.21834000,2022-01-30 16:44:59.999,6066776.71589720,6768,64.00832000,2424076.55710080
2022-01-30 16:45:00,37822.80000000,37879.08000000,37800.00000000,37832.44000000,106.72048000,2022-01-30 16:59:59.999,4037678.44724960,5100,47.49426000,1797150.30053210
2022-01-30 17:00:00,37832.45000000,37850.00000000,37751.72000000,37846.30000000,172.74355000,2022-01-30 17:14:59.999,6530024.36357140,7121,86.76302000,3279749.77233870
2022-01-30 17:15:00,37846.29000000,37960.00000000,37834.30000000,37950.00000000,179.23185000,2022-01-30 17:29:59.999,6792362.82772480,6161,99.63619000,3776298.53824240
2022-01-30 17:30:00,37950.00000000,37966.28000000,37912.00000000,37951.58000000,101.33432000,2022-01-30 17:44:59.999,3844276.13910740,4654,47.60351000,1806007.55031440
2022-01-30 17:45:00,37951.58000000,37994.87000000,37925.78000000,37991.00000000,101.45349000,2022-01-30 17:59:59.999,3851849.74164250,5132,53.27950000,2022981.15137260
2022-01-30 18:00:00,37991.00000000,38020.39000000,37962.94000000,38009.43000000,153.69053000,2022-01-30 18:14:59.999,5840414.45870600,6322,81.08934000,3081660.74225380
2022-01-30 18:15:00,38009.43000000,38017.68000000,37884.42000000,37930.83000000,114.17488000,2022-01-30 18:29:59.999,4332588.05236420,5706,58.67116000,2226228.51588760
2022-01-30 18:30:00,37930.84000000,37935.14000000,37850.00000000,37866.77000000,110.30317000,2022-01-30 18:44:59.999,4178248.06369800,5546,54.21930000,2053714.25171860
2022-01-30 18:45:00,37866.78000000,37890.63000000,37813.79000000,37820.95000000,113.17597000,2022-01-30 18:59:59.999,4283707.33760550,5620,46.67156000,1766355.34477540
2022-01-30 19:00:00,37820.96000000,37827.14000000,37511.01000000,37543.69000000,808.20353000,2022-01-30 19:14:59.999,30424804.29757710,19296,337.08370000,12680895.85302770
2022-01-30 19:15:00,37543.69000000,37641.26000000,37442.52000000,37530.99000000,459.36724000,2022-01-30 19:29:59.999,17239177.84557830,13702,173.88295000,6527102.02299080
2022-01-30 19:30:00,37530.99000000,37590.90000000,37457.33000000,37539.93000000,250.46168000,2022-01-30 19:44:59.999,9396260.95225320,9386,142.10555000,5331114.56724890
2022-01-30 19:45:00,37539.94000000,37607.59000000,37456.98000000,37512.37000000,200.77959000,2022-01-30 19:59:59.999,7532680.51433620,7873,105.41530000,3955296.99418610
2022-01-30 20:00:00,37512.37000000,37675.24000000,37351.63000000,37616.94000000,528.67678000,2022-01-30 20:14:59.999,19808991.96829160,14580,250.94084000,9403940.74318220
2022-01-30 20:15:00,37616.94000000,37740.00000000,37582.24000000,37656.74000000,273.66666000,2022-01-30 20:29:59.999,10311461.21300560,8406,128.98641000,4860089.58967060
2022-01-30 20:30:00,37656.73000000,37710.65000000,37586.71000000,37620.39000000,123.74337000,2022-01-30 20:44:59.999,4661086.78141510,5959,64.67486000,2435733.97128160
2022-01-30 20:45:00,37620.39000000,37732.96000000,37586.71000000,37684.45000000,111.83575000,2022-01-30 20:59:59.999,4212252.85711320,4906,57.83443000,2178237.00684880
2022-01-30 21:00:00,37684.45000000,37718.99000000,37619.39000000,37626.35000000,104.31616000,2022-01-30 21:14:59.999,3929928.65644940,5691,43.31965000,1631949.25640190
2022-01-30 21:15:00,37626.35000000,37679.87000000,37492.25000000,37524.36000000,217.04169000,2022-01-30 21:29:59.999,8150503.92099570,6995,103.27313000,3877990.98111060
2022-01-30 21:30:00,37524.36000000,37726.55000000,37500.00000000,37721.10000000,267.30557000,2022-01-30 21:44:59.999,10052686.45503630,6754,125.37441000,4713807.41371450
2022-01-30 21:45:00,37721.10000000,37762.60000000,37685.36000000,37729.00000000,285.39710000,2022-01-30 21:59:59.999,10767530.30864020,6999,115.37309000,4353209.97444160
2022-01-30 22:00:00,37729.00000000,37799.99000000,37633.55000000,37697.14000000,210.46803000,2022-01-30 22:14:59.999,7942378.54796430,8425,100.19826000,3781508.04473270
2022-01-30 22:15:00,37697.15000000,37788.17000000,37659.04000000,37684.68000000,135.65734000,2022-01-30 22:29:59.999,5115394.68014660,6487,77.73712000,2931145.30009060
2022-01-30 22:30:00,37684.69000000,37709.14000000,37625.41000000,37633.33000000,96.63907000,2022-01-30 22:44:59.999,3641829.60924760,5207,40.83559000,1538852.63825640
2022-01-30 22:45:00,37633.33000000,37855.54000000,37630.30000000,37785.78000000,291.89411000,2022-01-30 22:59:59.999,11020142.47282480,6839,206.12530000,7782190.15752470
2022-01-30 23:00:00,37785.78000000,38230.00000000,37778.46000000,38183.74000000,847.16064000,2022-01-30 23:14:59.999,32274664.89634410,18081,540.48591000,20595668.25025760
2022-01-30 23:15:00,38183.75000000,38215.14000000,37979.66000000,38060.25000000,421.24811000,2022-01-30 23:29:59.999,16042973.53813950,9757,186.20049000,7092113.48730080
2022-01-30 23:30:00,38060.24000000,38088.44000000,37875.58000000,37959.87000000,288.10441000,2022-01-30 23:44:59.999,10941048.56062120,7392,159.12966000,6042800.76277890
2022-01-30 23:45:00,37959.87000000,37959.88000000,37870.00000000,37881.76000000,172.29864000,2022-01-30 23:59:59.999,6530941.41931560,6129,69.59597000,2638028.00625850
2022-01-31 00:00:00,37881.75000000,37951.07000000,37656.89000000,37707.47000000,483.56460000,2022-01-31 00:14:59.999,18265574.18246460,11900,234.22417000,8844790.16079910
2022-01-31 00:15:00,37707.46000000,37770.71000000,37640.98000000,37676.00000000,215.04370000,2022-01-31 00:29:59.999,8104068.87352060,6914,90.71466000,3418833.85372730
2022-01-31 00:30:00,37676.00000000,37704.68000000,37101.00000000,37154.15000000,1026.96714000,2022-01-31 00:44:59.999,38385153.44070160,21038,433.82047000,16208666.41538180
2022-01-31 00:45:00,37154.15000000,37177.94000000,36828.32000000,36829.30000000,1182.13552000,2022-01-31 00:59:59.999,43692128.84485960,25390,555.80375000,20539600.22290310
2022-01-31 01:00:00,36829.30000000,36960.67000000,36786.73000000,36821.06000000,549.46182000,2022-01-31 01:14:59.999,20256013.94687330,12382,265.99035000,9806282.68665410
2022-01-31 01:15:00,36821.06000000,36889.99000000,36760.87000000,36888.60000000,365.43735000,2022-01-31 01:29:59.999,13454658.87977200,9395,208.30730000,7669354.09866680
2022-01-31 01:30:00,36888.60000000,36921.20000000,36804.92000000,36869.13000000,268.53138000,2022-01-31 01:44:59.999,9904087.45619210,8058,127.26300000,4693912.25807380
2022-01-31 01:45:00,36869.13000000,36902.12000000,36786.49000000,36821.05000000,239.83689000,2022-01-31 01:59:59.999,8837484.69195520,8118,112.36051000,4140819.56447870
2022-01-31 02:00:00,36823.19000000,36878.76000000,36632.61000000,36874.34000000,790.84251000,2022-01-31 02:14:59.999,29042362.51123960,15736,396.07947000,14546638.95534720
2022-01-31 02:15:00,36874.34000000,36966.80000000,36853.96000000,36880.01000000,372.31214000,2022-01-31 02:29:59.999,13738098.72578590,8361,166.18788000,6132463.53573810
2022-01-31 02:30:00,36880.02000000,37000.12000000,36861.06000000,36986.34000000,336.11342000,2022-01-31 02:44:59.999,12420045.67021350,10644,182.40896000,6740641.02072430
2022-01-31 02:45:00,36986.35000000,37004.55000000,36944.48000000,36993.58000000,346.83556000,2022-01-31 02:59:59.999,12824464.49351820,10048,192.83292000,7130076.09632210
2022-01-31 03:00:00,36994.69000000,37054.87000000,36925.27000000,37036.85000000,323.83375000,2022-01-31 03:14:59.999,11979381.98603820,10318,189.70800000,7017874.15964660
2022-01-31 03:15:00,37036.86000000,37058.82000000,36969.01000000,37003.05000000,263.76546000,2022-01-31 03:29:59.999,9764341.86899760,8353,119.70924000,4431481.60665820
2022-01-31 03:30:00,37003.05000000,37029.82000000,36941.54000000,37003.05000000,196.49180000,2022-01-31 03:44:59.999,7266976.27883070,7149,98.58990000,3646189.71188570
2022-01-31 03:45:00,37003.05000000,37041.85000000,36996.64000000,37025.68000000,177.19603000,2022-01-31 03:59:59.999,6559813.89170110,5905,85.68788000,3172146.64831410
2022-01-31 04:00:00,37025.68000000,37026.29000000,36917.71000000,36970.48000000,183.55557000,2022-01-31 04:14:59.999,6785798.93469760,7141,90.45981000,3344122.28273060
2022-01-31 04:15:00,36970.49000000,37003.73000000,36845.06000000,36866.85000000,233.34193000,2022-01-31 04:29:59.999,8613242.42152260,7615,110.79706000,4090163.97150290
2022-01-31 04:30:00,36866.84000000,36950.00000000,36811.48000000,36943.06000000,195.76825000,2022-01-31 04:44:59.999,7220424.11283050,6622,105.72075000,3899335.81449160
2022-01-31 04:45:00,36943.07000000,36975.66000000,36898.05000000,36912.84000000,132.14781000,2022-01-31 04:59:59.999,4879866.53806170,4987,60.56305000,2236464.06490570
2022-01-31 05:00:00,36912.84000000,36952.66000000,36850.00000000,36867.13000000,206.26908000,2022-01-31 05:14:59.999,7612083.72433300,5534,81.22679000,2997429.60228550
2022-01-31 05:15:00,36867.13000000,36946.40000000,36863.38000000,36911.85000000,127.78620000,2022-01-31 05:29:59.999,4715288.59841480,4776,61.55776000,2271404.51345190
2022-01-31 05:30:00,36911.85000000,37004.24000000,36907.23000000,36999.99000000,221.24995000,2022-01-31 05:44:59.999,8178514.10404250,6221,133.08031000,4919362.94375220
2022-01-31 05:45:00,37000.00000000,37019.76000000,36980.79000000,37001.65000000,189.49752000,2022-01-31 05:59:59.999,7011986.19067770,5686,85.24332000,3154311.00538700
2022-01-31 06:00:00,37001.66000000,37047.10000000,36959.01000000,37024.88000000,251.43679000,2022-01-31 06:14:59.999,9306603.23115810,6786,145.99241000,5404001.90984770
2022-01-31 06:15:00,37024.88000000,37077.46000000,37005.25000000,37063.03000000,234.42757000,2022-01-31 06:29:59.999,8682500.81961970,6201,134.60232000,4985460.92472700
2022-01-31 06:30:00,37059.33000000,37065.91000000,36958.37000000,36998.82000000,176.28353000,2022-01-31 06:44:59.999,6520824.24614430,6204,82.94140000,3067914.20199590
2022-01-31 06:45:00,36998.82000000,37041.87000000,36916.78000000,36916.78000000,168.91556000,2022-01-31 06:59:59.999,6247214.80525720,6086,79.67216000,2947007.45844270
2022-01-31 07:00:00,36916.79000000,37015.76000000,36880.60000000,36976.60000000,248.94805000,2022-01-31 07:14:59.999,9200682.33806260,7381,131.02844000,4843067.98301250
2022-01-31 07:15:00,36976.60000000,37056.08000000,36966.45000000,37026.17000000,166.55116000,2022-01-31 07:29:59.999,6166595.67100340,5739,81.90229000,3032423.00853040
2022-01-31 07:30:00,37026.16000000,37166.57000000,37017.01000000,37166.54000000,208.65377000,2022-01-31 07:44:59.999,7743678.30055710,6991,106.79464000,3962407.10692490
2022-01-31 07:45:00,37166.55000000,37196.91000000,37085.99000000,37121.83000000,203.52644000,2022-01-31 07:59:59.999,7559244.92572510,6846,98.04088000,3641401.67627680
2022-01-31 08:00:00,37121.84000000,37187.53000000,37105.10000000,37167.47000000,191.71334000,2022-01-31 08:14:59.999,7123074.01390620,6664,96.38584000,3581105.39150680
2022-01-31 08:15:00,37167.47000000,37211.12000000,37110.00000000,37176.65000000,226.64279000,2022-01-31 08:29:59.999,8421386.59577420,7374,108.34984000,4026043.89177690
2022-01-31 08:30:00,37176.64000000,37198.93000000,37136.68000000,37183.00000000,321.47307000,2022-01-31 08:44:59.999,11950798.46077820,9526,172.91156000,6428083.37309860
2022-01-31 08:45:00,37182.99000000,37194.18000000,37100.71000000,37145.63000000,293.08544000,2022-01-31 08:59:59.999,10887185.53320480,8400,127.27508000,4727854.37962730
2022-01-31 09:00:00,37144.71000000,37170.00000000,37085.23000000,37117.95000000,224.10356000,2022-01-31 09:14:59.999,8320905.84584940,5860,92.69225000,3441900.78930270
2022-01-31 09:15:00,37117.66000000,37165.72000000,37093.12000000,37144.25000000,143.59450000,2022-01-31 09:29:59.999,5331653.31177350,4505,67.21564000,2495513.41188230
2022-01-31 09:30:00,37144.26000000,37256.14000000,37106.85000000,37206.20000000,233.43127000,2022-01-31 09:44:59.999,8679187.98035980,6934,111.92437000,4162167.05855870
2022-01-31 09:45:00,37206.19000000,37236.77000000,37187.47000000,37212.53000000,113.44800000,2022-01-31 09:59:59.999,4221881.59770870,4584,52.32888000,1947365.99597990
2022-01-31 10:00:00,37212.53000000,37228.16000000,37176.50000000,37181.88000000,131.98844000,2022-01-31 10:14:59.999,4909713.25279360,4643,76.88642000,2859900.53529670
2022-01-31 10:15:00,37181.88000000,37200.00000000,37156.80000000,37199.99000000,158.56746000,2022-01-31 10:29:59.999,5894799.87781290,4849,76.45295000,2842274.24777060
2022-01-31 10:30:00,37200.00000000,37228.61000000,37161.12000000,37209.50000000,165.45554000,2022-01-31 10:44:59.999,6154112.25261580,5211,111.72663000,4155665.02599390
2022-01-31 10:45:00,37209.51000000,37350.00000000,37206.82000000,37300.31000000,356.92797000,2022-01-31 10:59:59.999,13309491.42252800,10176,209.86059000,7826297.28478290
2022-01-31 11:00:00,37300.31000000,37333.00000000,37205.14000000,37206.19000000,214.33961000,2022-01-31 11:14:59.999,7985159.52324380,6401,104.34577000,3886666.27365480
2022-01-31 11:15:00,37206.19000000,37249.14000000,37136.92000000,37160.14000000,183.48508000,2022-01-31 11:29:59.999,6823095.94437480,5114,74.01563000,2752570.49913630
2022-01-31 11:30:00,37160.15000000,37169.69000000,36970.53000000,36985.24000000,273.19618000,2022-01-31 11:44:59.999,10128391.38611770,7194,100.01408000,3707966.87049800
2022-01-31 11:45:00,36985.24000000,37399.93000000,36880.00000000,37265.16000000,789.24822000,2022-01-31 11:59:59.999,29285429.95736750,14829,405.31930000,15045323.18969210
2022-01-31 12:00:00,37265.15000000,37421.30000000,36939.51000000,36985.01000000,745.58873000,2022-01-31 12:14:59.999,27695476.06944920,14653,340.99735000,12666350.21988390
2022-01-31 12:15:00,36985.01000000,36994.80000000,36828.52000000,36987.31000000,345.37800000,2022-01-31 12:29:59.999,12749424.22517780,9375,157.34556000,5808488.84933680
2022-01-31 12:30:00,36987.32000000,37131.41000000,36914.42000000,36977.98000000,419.12720000,2022-01-31 12:44:59.999,15507068.84194630,9263,218.20700000,8074088.30629980
2022-01-31 12:45:00,36977.98000000,37088.85000000,36958.63000000,37081.15000000,155.76357000,2022-01-31 12:59:59.999,5769683.44521030,5141,73.83239000,2735039.30854890
2022-01-31 13:00:00,37084.17000000,37100.00000000,36724.00000000,37027.43000000,487.75545000,2022-01-31 13:14:59.999,18019376.99816780,11267,202.50525000,7485710.54848270
2022-01-31 13:15:00,37027.43000000,37154.09000000,36901.00000000,37135.54000000,445.90619000,2022-01-31 13:29:59.999,16525444.70738520,8193,197.80758000,7331354.96189090
2022-01-31 13:30:00,37135.55000000,37317.75000000,37131.24000000,37306.25000000,490.37680000,2022-01-31 13:44:59.999,18255411.42077660,11749,246.68599000,9183234.46761300
2022-01-31 13:45:00,37306.25000000,37347.83000000,37239.35000000,37251.08000000,281.98489000,2022-01-31 13:59:59.999,10513595.78124900,9188,132.86467000,4953714.16454080
2022-01-31 14:00:00,37251.07000000,37359.52000000,37213.26000000,37327.99000000,270.23020000,2022-01-31 14:14:59.999,10078369.08784280,7170,138.12922000,5150954.78976200
2022-01-31 14:15:00,37327.99000000,37372.46000000,37283.92000000,37352.41000000,372.80465000,2022-01-31 14:29:59.999,13914096.92059190,7119,195.38192000,7292223.62890870
2022-01-31 14:30:00,37354.20000000,37493.75000000,37193.77000000,37405.10000000,756.28725000,2022-01-31 14:44:59.999,28266743.49221600,17291,419.65175000,15685377.10033020
2022-01-31 14:45:00,37405.09000000,37524.78000000,37238.64000000,37510.84000000,625.45493000,2022-01-31 14:59:59.999,23390512.12943350,13167,383.57614000,14346257.49693800
2022-01-31 15:00:00,37510.85000000,37837.78000000,37510.84000000,37704.60000000,1908.67964000,2022-01-31 15:14:59.999,71991591.92191100,35558,896.66773000,33816616.45395290
2022-01-31 15:15:00,37704.60000000,37884.18000000,37673.69000000,37716.00000000,799.91866000,2022-01-31 15:29:59.999,30236888.21968030,23458,391.00615000,14780763.90911720
2022-01-31 15:30:00,37716.00000000,37840.00000000,37638.26000000,37832.33000000,530.41934000,2022-01-31 15:44:59.999,20018172.28010690,13522,268.27409000,10126330.60476530
2022-01-31 15:45:00,37832.32000000,37900.00000000,37674.36000000,37722.91000000,355.13744000,2022-01-31 15:59:59.999,13416705.14175580,10350,177.42978000,6703986.51337100
2022-01-31 16:00:00,37722.91000000,38041.31000000,37671.46000000,37930.00000000,892.16815000,2022-01-31 16:14:59.999,33807382.90701710,21981,514.73223000,19508091.84134240
2022-01-31 16:15:00,37930.52000000,37966.23000000,37801.86000000,37827.51000000,360.82694000,2022-01-31 16:29:59.999,13666980.65763960,10635,161.16256000,6103887.58325230
2022-01-31 16:30:00,37827.50000000,38003.85000000,37802.00000000,37961.40000000,400.13342000,2022-01-31 16:44:59.999,15182057.25452660,10983,209.56188000,7952175.33392610
2022-01-31 16:45:00,37961.41000000,38414.00000000,37959.49000000,38341.99000000,1517.95972000,2022-01-31 16:59:59.999,58022522.44549620,30699,800.88640000,30610180.85295040
2022-01-31 17:00:00,38341.99000000,38516.64000000,38122.83000000,38447.83000000,1299.10587000,2022-01-31 17:14:59.999,49787834.27884520,27483,691.79021000,26519420.11477120
2022-01-31 17:15:00,38447.83000000,38600.00000000,38311.95000000,38347.00000000,1006.07713000,2022-01-31 17:29:59.999,38710548.68774540,20122,578.04225000,22249548.34089390
2022-01-31 17:30:00,38347.00000000,38442.67000000,38272.20000000,38415.96000000,405.62292000,2022-01-31 17:44:59.999,15551537.09543320,10543,192.27306000,7371882.90201430
2022-01-31 17:45:00,38415.95000000,38543.95000000,38415.95000000,38473.03000000,344.65851000,2022-01-31 17:59:59.999,13263978.94446960,9426,201.43870000,7751897.23572890
2022-01-31 18:00:00,38473.03000000,38538.07000000,38354.67000000,38382.49000000,338.91593000,2022-01-31 18:14:59.999,13031785.48625710,10763,150.99710000,5805468.17819220
2022-01-31 18:15:00,38382.49000000,38500.00000000,38365.02000000,38370.01000000,291.65688000,2022-01-31 18:29:59.999,11214895.42206440,8481,140.18864000,5390681.62548800
2022-01-31 18:30:00,38370.01000000,38500.00000000,38342.89000000,38449.32000000,290.58862000,2022-01-31 18:44:59.999,11162519.82754400,8765,145.60097000,5592813.57397690
2022-01-31 18:45:00,38449.32000000,38600.00000000,38433.65000000,38468.29000000,398.54095000,2022-01-31 18:59:59.999,15354242.99995650,10457,204.53392000,7880570.55177320
2022-01-31 19:00:00,38468.29000000,38600.00000000,38396.23000000,38595.97000000,506.45377000,2022-01-31 19:14:59.999,19514750.26123460,11123,280.88030000,10824107.93633280
2022-01-31 19:15:00,38595.98000000,38744.00000000,38543.67000000,38563.06000000,564.40360000,2022-01-31 19:29:59.999,21815008.85627930,15077,295.09671000,11406331.29826530
2022-01-31 19:30:00,38563.07000000,38572.80000000,38396.96000000,38465.94000000,493.07690000,2022-01-31 19:44:59.999,18967312.13742220,11193,233.68816000,8988763.98608080
2022-01-31 19:45:00,38465.95000000,38538.61000000,38383.91000000,38415.79000000,380.91530000,2022-01-31 19:59:59.999,14648474.58848780,9104,207.52104000,7981091.82208240
2022-01-31 20:00:00,38415.79000000,38500.00000000,38263.54000000,38279.98000000,691.65602000,2022-01-31 20:14:59.999,26565170.02722400,11426,234.38168000,9001162.98233570
2022-01-31 20:15:00,38279.98000000,38418.29000000,38236.69000000,38379.27000000,271.78831000,2022-01-31 20:29:59.999,10418917.64401830,7775,137.78894000,5281417.08230950
2022-01-31 20:30:00,38379.28000000,38527.70000000,38318.32000000,38455.70000000,348.03054000,2022-01-31 20:44:59.999,13385376.41530570,7834,190.17748000,7313672.63389080
2022-01-31 20:45:00,38455.71000000,38563.37000000,38430.03000000,38450.62000000,328.22140000,2022-01-31 20:59:59.999,12639678.08442860,8158,141.05216000,5430826.58218890
2022-01-31 21:00:00,38450.62000000,38531.53000000,38393.97000000,38440.95000000,359.35386000,2022-01-31 21:14:59.999,13818520.82019620,7159,217.79050000,8374737.98401190
2022-01-31 21:15:00,38440.95000000,38441.79000000,38335.00000000,38393.87000000,267.44351000,2022-01-31 21:29:59.999,10263443.87389200,6158,151.57149000,5816584.04134570
2022-01-31 21:30:00,38393.88000000,38451.28000000,38351.96000000,38371.46000000,151.31645000,2022-01-31 21:44:59.999,5809353.66551640,5035,62.99994000,2418797.00916850
2022-01-31 21:45:00,38371.47000000,38459.61000000,38367.78000000,38410.09000000,145.63856000,2022-01-31 21:59:59.999,5592490.77188780,4891,68.00015000,2611152.91237180
2022-01-31 22:00:00,38410.09000000,38512.77000000,38398.58000000,38474.87000000,161.72173000,2022-01-31 22:14:59.999,6219547.77392710,6014,88.45695000,3401812.16213580
2022-01-31 22:15:00,38474.88000000,38629.99000000,38447.58000000,38547.30000000,233.10535000,2022-01-31 22:29:59.999,8984880.34094650,8090,120.64541000,4650832.53022930
2022-01-31 22:30:00,38547.30000000,38737.99000000,38484.13000000,38590.01000000,344.44219000,2022-01-31 22:44:59.999,13303200.01327510,10531,166.82747000,6442331.50389350
2022-01-31 22:45:00,38590.00000000,38590.01000000,38400.57000000,38412.46000000,188.57753000,2022-01-31 22:59:59.999,7253196.69601580,6330,78.79040000,3030560.31711330
2022-01-31 23:00:00,38412.45000000,38498.73000000,38376.69000000,38451.36000000,173.02205000,2022-01-31 23:14:59.999,6652022.83406600,6002,69.86636000,2686156.95626420
2022-01-31 23:15:00,38451.36000000,38487.93000000,38390.00000000,38412.23000000,92.29072000,2022-01-31 23:29:59.999,3547188.21729990,4550,45.52034000,1749488.61851120
2022-01-31 23:30:00,38412.23000000,38467.26000000,38368.77000000,38369.11000000,119.11637000,2022-01-31 23:44:59.999,4577076.27907160,4375,62.28654000,2393621.25490560
2022-01-31 23:45:00,38369.12000000,38510.28000000,38336.04000000,38466.90000000,190.17494000,2022-01-31 23:59:59.999,7308601.37817380,5598,100.34035000,3856716.57801820
2022-02-01 00:00:00,38466.90000000,38627.35000000,38310.61000000,38497.68000000,407.90399000,2022-02-01 00:14:59.999,15695384.75629240,10436,202.32392000,7786109.33563330
2022-02-01 00:15:00,38497.69000000,38516.72000000,38300.69000000,38439.57000000,261.31544000,2022-02-01 00:29:59.999,10031812.34548770,7532,114.46998000,4394398.88987310
2022-02-01 00:30:00,38437.50000000,38469.99000000,38291.71000000,38306.87000000,186.60986000,2022-02-01 00:44:59.999,7158039.64177190,5990,79.15031000,3036488.37481040
2022-02-01 00:45:00,38306.86000000,38370.58000000,38276.43000000,38342.36000000,202.59670000,2022-02-01 00:59:59.999,7763901.50544230,5700,111.23638000,4262798.02285680
2022-02-01 01:00:00,38342.37000000,38407.00000000,38304.01000000,38373.96000000,188.72317000,2022-02-01 01:14:59.999,7237965.11195590,5868,99.51328000,3816335.94801580
2022-02-01 01:15:00,38369.02000000,38385.68000000,38277.14000000,38305.21000000,150.99445000,2022-02-01 01:29:59.999,5787110.44324480,5098,61.35936000,2351538.63535180
2022-02-01 01:30:00,38305.21000000,38330.47000000,38275.67000000,38283.37000000,155.61359000,2022-02-01 01:44:59.999,5959805.34206330,5772,75.79314000,2902823.51237830
2022-02-01 01:45:00,38283.36000000,38300.00000000,38175.86000000,38238.19000000,282.53189000,2022-02-01 01:59:59.999,10798859.96693670,7888,140.65235000,5375692.73878440
2022-02-01 02:00:00,38238.18000000,38310.99000000,38196.61000000,38294.99000000,264.90034000,2022-02-01 02:14:59.999,10135711.62285590,9154,158.92317000,6081019.59581300
2022-02-01 02:15:00,38294.99000000,38426.92000000,38294.99000000,38365.57000000,196.87443000,2022-02-01 02:29:59.999,7551959.89735450,5809,122.06833000,4682363.35990420
2022-02-01 02:30:00,38367.74000000,38506.18000000,38353.96000000,38452.00000000,198.53417000,2022-02-01 02:44:59.999,7631699.70521980,6581,106.47584000,4092665.36482840
2022-02-01 02:45:00,38449.09000000,38500.00000000,38413.02000000,38480.90000000,106.52953000,2022-02-01 02:59:59.999,4096183.09074750,4765,57.38054000,2206214.94624890
2022-02-01 03:00:00,38480.90000000,38552.10000000,38384.99000000,38543.86000000,204.03503000,2022-02-01 03:14:59.999,7852534.20752060,8174,103.09379000,3968295.69132230
2022-02-01 03:15:00,38543.85000000,38592.43000000,38476.45000000,38510.58000000,188.37092000,2022-02-01 03:29:59.999,7259851.46092570,7371,84.48083000,3255883.17447310
2022-02-01 03:30:00,38508.13000000,38521.89000000,38455.55000000,38510.13000000,210.18006000,2022-02-01 03:44:59.999,8088629.40881360,7664,85.25049000,3280892.48045090
2022-02-01 03:45:00,38510.13000000,38649.90000000,38486.20000000,38596.82000000,343.87048000,2022-02-01 03:59:59.999,13264962.03189150,8719,163.72183000,6316146.24173730
2022-02-01 04:00:00,38596.82000000,38644.57000000,38565.00000000,38600.00000000,243.71252000,2022-02-01 04:14:59.999,9407583.45330330,7568,126.53728000,4884351.82727420
2022-02-01 04:15:00,38600.01000000,38600.01000000,38499.99000000,38540.71000000,221.02476000,2022-02-01 04:29:59.999,8522362.91638300,6926,86.37807000,3329919.18434550
2022-02-01 04:30:00,38540.72000000,38548.53000000,38470.37000000,38548.50000000,191.25906000,2022-02-01 04:44:59.999,7366022.66790520,6464,98.08825000,3777601.97820810
2022-02-01 04:45:00,38548.51000000,38570.64000000,38490.00000000,38556.82000000,102.93148000,2022-02-01 04:59:59.999,3965866.23520780,4752,46.76807000,1802016.48560020
2022-02-01 05:00:00,38556.83000000,38580.99000000,38475.39000000,38545.99000000,178.94121000,2022-02-01 05:14:59.999,6894187.28459700,5922,83.10477000,3201811.60211370
2022-02-01 05:15:00,38546.00000000,38566.85000000,38488.49000000,38496.37000000,89.87336000,2022-02-01 05:29:59.999,3462691.69288400,4745,48.67204000,1875323.07668430
2022-02-01 05:30:00,38496.37000000,38609.88000000,38491.17000000,38592.24000000,140.67378000,2022-02-01 05:44:59.999,5424170.24170560,4722,84.82777000,3270794.68544600
2022-02-01 05:45:00,38592.25000000,38618.67000000,38444.26000000,38452.90000000,293.52621000,2022-02-01 05:59:59.999,11314720.31252980,6379,104.55449000,4030133.11999230
2022-02-01 06:00:00,38452.89000000,38482.91000000,38277.00000000,38287.57000000,385.31208000,2022-02-01 06:14:59.999,14788438.44947590,9976,209.50887000,8041131.64358170
2022-02-01 06:15:00,38287.57000000,38340.00000000,38240.02000000,38280.01000000,362.07706000,2022-02-01 06:29:59.999,13864691.57848550,8215,215.58686000,8255253.94497480
2022-02-01 06:30:00,38280.00000000,38341.46000000,38240.00000000,38276.60000000,372.69164000,2022-02-01 06:44:59.999,14270301.85279970,7937,123.34676000,4723899.50323460
2022-02-01 06:45:00,38276.60000000,38337.00000000,38261.23000000,38285.02000000,126.81459000,2022-02-01 06:59:59.999,4856308.93329430,5824,74.49871000,2852946.55529440
2022-02-01 07:00:00,38285.01000000,38383.70000000,38281.16000000,38376.97000000,221.54942000,2022-02-01 07:14:59.999,8492376.21401000,6434,128.00250000,4906608.18866730
2022-02-01 07:15:00,38376.98000000,38459.12000000,38352.05000000,38413.18000000,218.92622000,2022-02-01 07:29:59.999,8407301.62795840,7762,138.51124000,5319213.93102820
2022-02-01 07:30:00,38413.18000000,38462.69000000,38378.82000000,38385.63000000,130.47911000,2022-02-01 07:44:59.999,5011658.89011670,6313,66.96671000,2572173.21276950
2022-02-01 07:45:00,38385.63000000,38449.12000000,38361.24000000,38440.77000000,137.11555000,2022-02-01 07:59:59.999,5267156.39911890,6107,87.21849000,3350299.88912510
2022-02-01 08:00:00,38440.76000000,38549.55000000,38398.54000000,38544.01000000,196.74909000,2022-02-01 08:14:59.999,7573006.55887290,6830,93.72868000,3607666.08335950
2022-02-01 08:15:00,38544.00000000,38570.00000000,38500.28000000,38569.99000000,191.99695000,2022-02-01 08:29:59.999,7399584.16520170,6859,98.51152000,3796523.57111460
2022-02-01 08:30:00,38569.99000000,38582.60000000,38470.00000000,38505.00000000,164.17581000,2022-02-01 08:44:59.999,6323693.45563380,6352,68.83339000,2651378.15026840
2022-02-01 08:45:00,38505.00000000,38624.24000000,38489.52000000,38597.53000000,240.10359000,2022-02-01 08:59:59.999,9259211.79851580,7709,154.38191000,5954161.16572490
2022-02-01 09:00:00,38597.54000000,39100.00000000,38537.45000000,38944.27000000,1683.29683000,2022-02-01 09:14:59.999,65514578.23657720,38586,1079.90315000,42021281.01286940
2022-02-01 09:15:00,38944.28000000,38992.23000000,38330.00000000,38476.52000000,1130.44068000,2022-02-01 09:29:59.999,43720552.06594060,25246,522.93474000,20220353.39883590
2022-02-01 09:30:00,38476.53000000,38510.28000000,38243.00000000,38301.89000000,954.17354000,2022-02-01 09:44:59.999,36609030.06823010,20017,475.14605000,18231284.07388030
2022-02-01 09:45:00,38301.90000000,38340.00000000,38224.41000000,38256.12000000,502.89282000,2022-02-01 09:59:59.999,19254944.21959570,11447,267.75074000,10252194.76604300
2022-02-01 10:00:00,38256.12000000,38367.16000000,38190.24000000,38251.44000000,683.17336000,2022-02-01 10:14:59.999,26139860.30302200,13847,355.11325000,13588218.21973610
2022-02-01 10:15:00,38251.43000000,38268.69000000,38000.00000000,38152.04000000,881.51128000,2022-02-01 10:29:59.999,33584004.29403930,17171,405.30425000,15440686.92637720
2022-02-01 10:30:00,38152.04000000,38262.49000000,38099.01000000,38230.59000000,255.58566000,2022-02-01 10:44:59.999,9763262.22362920,8233,139.12995000,5314854.78803210
2022-02-01 10:45:00,38230.59000000,38300.00000000,38179.41000000,38253.57000000,284.84568000,2022-02-01 10:59:59.999,10891859.90752010,7702,162.21999000,6203158.62761610
2022-02-01 11:00:00,38255.46000000,38297.61000000,38204.79000000,38294.90000000,220.45166000,2022-02-01 11:14:59.999,8433273.51227620,7119,116.66922000,4463182.04101080
2022-02-01 11:15:00,38294.91000000,38471.43000000,38266.51000000,38388.08000000,427.09835000,2022-02-01 11:29:59.999,16386742.05684550,9551,203.26232000,7799634.66910940
2022-02-01 11:30:00,38386.72000000,38410.45000000,38300.00000000,38330.95000000,215.20601000,2022-02-01 11:44:59.999,8255698.79021660,6560,104.21380000,3997684.55598450
2022-02-01 11:45:00,38330.96000000,38468.33000000,38330.95000000,38425.06000000,169.30734000,2022-02-01 11:59:59.999,6500916.57489170,6409,97.34185000,3737598.95436670
2022-02-01 12:00:00,38425.05000000,38490.00000000,38372.00000000,38470.98000000,280.47450000,2022-02-01 12:14:59.999,10784142.38479620,7603,115.81622000,4452736.87086350
2022-02-01 12:15:00,38470.98000000,38596.19000000,38433.16000000,38584.66000000,325.00294000,2022-02-01 12:29:59.999,12519584.54605320,10411,199.45757000,7682695.77856640
2022-02-01 12:30:00,38584.65000000,38800.00000000,38538.48000000,38669.10000000,510.31063000,2022-02-01 12:44:59.999,19731376.12709440,13948,280.84485000,10860643.00896160
2022-02-01 12:45:00,38669.11000000,38700.00000000,38574.17000000,38650.00000000,340.75160000,2022-02-01 12:59:59.999,13160535.52505720,8152,212.70782000,8214351.86584250
2022-02-01 13:00:00,38650.01000000,38711.58000000,38589.98000000,38625.08000000,277.11889000,2022-02-01 13:14:59.999,10713369.26452140,8331,132.28751000,5113797.70226980
2022-02-01 13:15:00,38625.08000000,38875.12000000,38606.72000000,38648.60000000,470.93446000,2022-02-01 13:29:59.999,18241809.64003750,11777,264.85891000,10261569.30317430
2022-02-01 13:30:00,38648.59000000,38875.04000000,38454.00000000,38813.21000000,598.77402000,2022-02-01 13:44:59.999,23136214.16918610,15514,297.95425000,11513556.86601150
2022-02-01 13:45:00,38813.20000000,38965.99000000,38708.21000000,38872.21000000,604.32816000,2022-02-01 13:59:59.999,23494659.70877860,14021,342.52719000,13318713.98169200
2022-02-01 14:00:00,38872.20000000,38967.27000000,38788.70000000,38926.56000000,607.10851000,2022-02-01 14:14:59.999,23619720.96447440,14512,290.41552000,11299361.50048820
