open_time,open,high,low,close,volume,close_time,quote_asset_volume,number_of_trades,taker_buy_base_asset_volume,taker_buy_quote_asset_volume
2022-01-01 14:00:00,47023.24000000,47066.89000000,46950.00000000,46969.74000000,103.67317000,2022-01-01 14:14:59.999,4873457.64063850,5650,39.96746000,1878757.63254300
2022-01-01 14:15:00,46969.73000000,47100.00000000,46967.54000000,47024.10000000,113.55795000,2022-01-01 14:29:59.999,5341804.17253120,5418,46.30329000,2178019.87980550
2022-01-01 14:30:00,47024.11000000,47031.90000000,46850.18000000,46904.67000000,124.59323000,2022-01-01 14:44:59.999,5846221.84987400,6631,64.19106000,3012006.19748940
2022-01-01 14:45:00,46904.67000000,46965.50000000,46877.04000000,46926.22000000,161.83785000,2022-01-01 14:59:59.999,7595366.84535340,5321,50.82692000,2385199.95832290
2022-01-01 15:00:00,46920.01000000,47009.74000000,46871.69000000,46953.79000000,121.57924000,2022-01-01 15:14:59.999,5708653.52304330,6895,64.03025000,3006836.49114100
2022-01-01 15:15:00,46953.79000000,47030.00000000,46920.80000000,47026.82000000,82.47188000,2022-01-01 15:29:59.999,3875025.22591070,5128,40.66316000,1910598.05647020
2022-01-01 15:30:00,47026.83000000,47491.14000000,46996.75000000,47342.13000000,861.85823000,2022-01-01 15:44:59.999,40762122.35624950,15212,489.25080000,23131918.10557340
2022-01-01 15:45:00,47342.12000000,47408.04000000,47117.09000000,47219.04000000,450.04370000,2022-01-01 15:59:59.999,21259442.60938960,10176,233.69304000,11039419.28233400
2022-01-01 16:00:00,47219.04000000,47461.29000000,47186.07000000,47428.34000000,320.37946000,2022-01-01 16:14:59.999,15165422.90040340,9876,164.95586000,7807731.62347810
2022-01-01 16:15:00,47428.34000000,47527.24000000,47342.42000000,47480.45000000,296.91076000,2022-01-01 16:29:59.999,14077645.53121420,9498,145.40116000,6894728.17827430
2022-01-01 16:30:00,47480.46000000,47497.19000000,47375.65000000,47421.77000000,219.15048000,2022-01-01 16:44:59.999,10394587.20188190,8522,94.09941000,4462696.64037720
2022-01-01 16:45:00,47421.78000000,47476.99000000,47253.40000000,47268.62000000,213.13849000,2022-01-01 16:59:59.999,10089490.60760450,8220,94.85877000,4490707.39760150
2022-01-01 17:00:00,47268.61000000,47369.00000000,47238.81000000,47246.04000000,149.26952000,2022-01-01 17:14:59.999,7061692.89187380,8191,73.27002000,3466584.38318510
2022-01-01 17:15:00,47246.04000000,47350.00000000,47241.28000000,47330.45000000,108.91746000,2022-01-01 17:29:59.999,5150338.72078160,7171,55.76222000,2636959.49192090
2022-01-01 17:30:00,47330.45000000,47900.00000000,47325.71000000,47846.04000000,697.35462000,2022-01-01 17:44:59.999,33247453.58885490,21486,385.31015000,18368735.70707890
2022-01-01 17:45:00,47846.03000000,47954.63000000,47672.01000000,47754.48000000,365.12417000,2022-01-01 17:59:59.999,17457895.45047520,13159,151.14684000,7226647.26027030
2022-01-01 18:00:00,47754.47000000,47844.97000000,47660.85000000,47742.16000000,226.83378000,2022-01-01 18:14:59.999,10831060.38536500,9602,110.56500000,5279255.49929670
2022-01-01 18:15:00,47742.16000000,47780.74000000,47601.01000000,47637.43000000,175.79179000,2022-01-01 18:29:59.999,8381571.06829000,7455,92.69994000,4419160.50007090
2022-01-01 18:30:00,47637.43000000,47658.64000000,47420.00000000,47468.81000000,290.65106000,2022-01-01 18:44:59.999,13812880.86655030,9395,138.26611000,6570832.10335190
2022-01-01 18:45:00,47468.81000000,47628.39000000,47430.00000000,47560.55000000,167.48362000,2022-01-01 18:59:59.999,7961278.26499630,7019,98.27464000,4671256.56470700
2022-01-01 19:00:00,47560.54000000,47611.84000000,47489.76000000,47508.60000000,160.74950000,2022-01-01 19:14:59.999,7644149.58133050,8273,73.55131000,3498008.91652400
2022-01-01 19:15:00,47508.61000000,47508.61000000,47338.53000000,47388.85000000,194.58520000,2022-01-01 19:29:59.999,9226425.40627720,9331,95.11996000,4510662.45884620
2022-01-01 19:30:00,47388.84000000,47414.27000000,47300.00000000,47321.34000000,319.37226000,2022-01-01 19:44:59.999,15120577.45107870,9728,163.83579000,7757113.48919190
2022-01-01 19:45:00,47321.34000000,47355.79000000,47292.72000000,47329.78000000,155.96464000,2022-01-01 19:59:59.999,7380341.63641550,7570,113.56296000,5373768.74013510
2022-01-01 20:00:00,47329.79000000,47358.21000000,47301.01000000,47322.14000000,132.71010000,2022-01-01 20:14:59.999,6281183.35358660,6313,95.79856000,4534124.55486190
2022-01-01 20:15:00,47322.15000000,47452.55000000,47250.18000000,47412.36000000,150.26913000,2022-01-01 20:29:59.999,7115267.44803690,6647,100.09631000,4740132.41124640
2022-01-01 20:30:00,47412.36000000,47559.03000000,47384.60000000,47393.79000000,228.20570000,2022-01-01 20:44:59.999,10834903.21398740,7689,118.24808000,5614272.28794750
2022-01-01 20:45:00,47393.78000000,47468.01000000,47347.01000000,47391.82000000,206.02299000,2022-01-01 20:59:59.999,9766601.12469210,6096,104.47348000,4952457.24058330
2022-01-01 21:00:00,47391.82000000,47573.05000000,47363.97000000,47509.55000000,277.01086000,2022-01-01 21:14:59.999,13140805.50891150,6863,211.05036000,10012585.11219280
2022-01-01 21:15:00,47509.55000000,47539.20000000,47340.00000000,47366.34000000,150.71611000,2022-01-01 21:29:59.999,7149356.37506460,5912,70.69313000,3353244.77616490
2022-01-01 21:30:00,47366.33000000,47491.03000000,47343.42000000,47445.58000000,229.45233000,2022-01-01 21:44:59.999,10882550.80287720,6859,101.92837000,4834004.94529740
2022-01-01 21:45:00,47445.59000000,47472.61000000,47268.79000000,47319.67000000,152.03997000,2022-01-01 21:59:59.999,7194485.93173440,6528,84.46455000,3996520.38907270
2022-01-01 22:00:00,47319.66000000,47370.00000000,47222.22000000,47262.69000000,167.09944000,2022-01-01 22:14:59.999,7904559.68966400,7893,86.93296000,4112146.61350540
2022-01-01 22:15:00,47262.70000000,47422.39000000,47255.00000000,47388.27000000,103.20575000,2022-01-01 22:29:59.999,4884933.03895580,6413,43.10191000,2039705.32414550
2022-01-01 22:30:00,47388.26000000,47489.83000000,47376.72000000,47448.29000000,105.17114000,2022-01-01 22:44:59.999,4989819.91210930,6831,54.31471000,2577009.32529010
2022-01-01 22:45:00,47448.29000000,47490.98000000,47369.75000000,47440.74000000,91.00228000,2022-01-01 22:59:59.999,4317340.89770090,5232,45.09490000,2139590.75311450
2022-01-01 23:00:00,47440.74000000,47455.29000000,47277.77000000,47334.34000000,126.07666000,2022-01-01 23:14:59.999,5971545.64202600,7650,57.75117000,2735020.56276390
2022-01-01 23:15:00,47334.33000000,47488.00000000,47328.24000000,47428.83000000,104.14312000,2022-01-01 23:29:59.999,4937933.05413930,6759,48.70891000,2309298.37423320
2022-01-01 23:30:00,47428.91000000,47585.93000000,47370.58000000,47498.17000000,118.01271000,2022-01-01 23:44:59.999,5606037.32701090,7401,66.04370000,3136976.08392300
2022-01-01 23:45:00,47498.17000000,47814.00000000,47492.69000000,47722.65000000,398.05705000,2022-01-01 23:59:59.999,18982912.50154490,10927,224.03265000,10683896.29972720
2022-01-02 00:00:00,47722.66000000,47750.00000000,47463.63000000,47517.62000000,294.05935000,2022-01-02 00:14:59.999,14004091.75597740,9837,141.79544000,6752542.09587570
2022-01-02 00:15:00,47517.63000000,47578.79000000,47381.12000000,47544.70000000,324.85868000,2022-01-02 00:29:59.999,15427777.18885210,8682,162.61344000,7724293.16725160
2022-01-02 00:30:00,47544.70000000,47699.39000000,47491.43000000,47638.95000000,266.91970000,2022-01-02 00:44:59.999,12709861.80531630,8173,125.08876000,5955309.78968790
2022-01-02 00:45:00,47641.55000000,47700.00000000,47575.69000000,47625.30000000,196.67044000,2022-01-02 00:59:59.999,9368817.91000820,6229,115.32043000,5493878.53441610
2022-01-02 01:00:00,47625.29000000,47641.83000000,47425.65000000,47442.34000000,138.49194000,2022-01-02 01:14:59.999,6580935.21428970,6430,54.31392000,2580783.35222240
2022-01-02 01:15:00,47442.34000000,47504.92000000,47412.89000000,47455.23000000,121.11451000,2022-01-02 01:29:59.999,5748746.82040360,6359,74.19052000,3521440.11682310
2022-01-02 01:30:00,47455.22000000,47485.23000000,47315.53000000,47388.64000000,116.61685000,2022-01-02 01:44:59.999,5527022.17330830,5980,61.69591000,2923968.26589950
2022-01-02 01:45:00,47388.64000000,47404.17000000,47315.38000000,47377.97000000,89.53030000,2022-01-02 01:59:59.999,4239502.27464840,5624,42.19889000,1998315.05846480
2022-01-02 02:00:00,47377.97000000,47438.08000000,47325.81000000,47436.78000000,99.55940000,2022-01-02 02:14:59.999,4718198.78156040,6598,53.67455000,2543821.57307360
2022-01-02 02:15:00,47438.08000000,47449.56000000,47310.00000000,47326.09000000,110.00959000,2022-01-02 02:29:59.999,5212784.99897050,6285,46.94998000,2224828.74500990
2022-01-02 02:30:00,47326.08000000,47439.21000000,47275.50000000,47370.41000000,151.72986000,2022-01-02 02:44:59.999,7183460.69295960,6613,74.25021000,3515686.89674260
2022-01-02 02:45:00,47370.40000000,47427.86000000,47357.06000000,47370.50000000,91.09360000,2022-01-02 02:59:59.999,4316761.30095000,6017,40.92999000,1939615.95595930
2022-01-02 03:00:00,47370.49000000,47393.45000000,47283.33000000,47295.80000000,83.40265000,2022-01-02 03:14:59.999,3950269.74432260,5014,42.78174000,2026503.17769260
2022-01-02 03:15:00,47295.81000000,47389.48000000,47269.47000000,47382.71000000,90.12151000,2022-01-02 03:29:59.999,4265277.23017390,4542,44.76239000,2118591.02617150
2022-01-02 03:30:00,47382.71000000,47467.11000000,47373.94000000,47406.18000000,93.06283000,2022-01-02 03:44:59.999,4413055.55614030,4376,49.38627000,2341888.49172430
2022-01-02 03:45:00,47406.18000000,47415.00000000,47282.82000000,47329.47000000,120.66603000,2022-01-02 03:59:59.999,5709720.79373860,5054,46.70739000,2210298.73683720
2022-01-02 04:00:00,47329.47000000,47415.73000000,47294.29000000,47381.63000000,117.25266000,2022-01-02 04:14:59.999,5552818.45407520,6137,45.12513000,2137206.66625990
2022-01-02 04:15:00,47381.64000000,47382.48000000,47289.00000000,47305.86000000,91.68911000,2022-01-02 04:29:59.999,4338291.77060230,4352,37.55330000,1776794.37944800
2022-01-02 04:30:00,47305.87000000,47387.95000000,47112.66000000,47159.47000000,366.01707000,2022-01-02 04:44:59.999,17289535.98216590,8434,189.70368000,8963415.75681370
2022-01-02 04:45:00,47159.47000000,47168.14000000,46770.23000000,46910.30000000,684.72936000,2022-01-02 04:59:59.999,32133719.65901840,17300,313.55388000,14713255.17295530
2022-01-02 05:00:00,46910.30000000,47006.40000000,46832.08000000,46882.49000000,238.54018000,2022-01-02 05:14:59.999,11191299.89450310,7821,106.94090000,5017775.40025420
2022-01-02 05:15:00,46882.49000000,46964.58000000,46850.00000000,46945.27000000,135.97000000,2022-01-02 05:29:59.999,6379966.08260870,5122,69.10364000,3242452.22027060
2022-01-02 05:30:00,46945.26000000,47071.32000000,46938.38000000,46969.69000000,138.54659000,2022-01-02 05:44:59.999,6511570.20562010,5251,75.51709000,3548961.83149670
2022-01-02 05:45:00,46968.65000000,47089.63000000,46912.95000000,47081.28000000,173.14700000,2022-01-02 05:59:59.999,8140074.52850910,5860,105.27768000,4948982.98773750
2022-01-02 06:00:00,47081.28000000,47159.99000000,47011.24000000,47035.39000000,137.59054000,2022-01-02 06:14:59.999,6474870.05105030,5285,82.98619000,3905363.08205920
2022-01-02 06:15:00,47035.38000000,47200.00000000,47028.21000000,47106.80000000,112.56420000,2022-01-02 06:29:59.999,5305253.98711610,5187,55.90512000,2634786.99473500
2022-01-02 06:30:00,47106.80000000,47236.66000000,47059.02000000,47184.84000000,209.50390000,2022-01-02 06:44:59.999,9878181.07027130,5485,128.46220000,6057691.38008770
2022-01-02 06:45:00,47184.84000000,47244.00000000,47113.22000000,47122.61000000,68.54333000,2022-01-02 06:59:59.999,3234029.01200330,3822,31.66485000,1494145.67458270
2022-01-02 07:00:00,47122.60000000,47182.58000000,47087.62000000,47135.88000000,133.33295000,2022-01-02 07:14:59.999,6285286.69550390,5077,68.09475000,3209887.52089400
2022-01-02 07:15:00,47135.88000000,47211.55000000,47133.00000000,47181.44000000,74.70170000,2022-01-02 07:29:59.999,3524613.48965340,4356,35.07906000,1655118.94344370
2022-01-02 07:30:00,47181.45000000,47300.00000000,47162.40000000,47178.61000000,192.91864000,2022-01-02 07:44:59.999,9112165.07098220,5892,100.35567000,4740209.17643550
2022-01-02 07:45:00,47174.19000000,47196.61000000,47090.18000000,47173.45000000,143.42104000,2022-01-02 07:59:59.999,6762017.88914480,5377,58.84694000,2774572.02873540
2022-01-02 08:00:00,47173.44000000,47178.95000000,46970.05000000,47060.74000000,173.36588000,2022-01-02 08:14:59.999,8157844.34064650,7846,74.62121000,3512003.37215530
2022-01-02 08:15:00,47060.74000000,47227.28000000,47048.98000000,47161.77000000,132.80846000,2022-01-02 08:29:59.999,6261972.94260850,6116,59.59632000,2809730.23866170
2022-01-02 08:30:00,47161.76000000,47192.31000000,47054.02000000,47161.01000000,135.76562000,2022-01-02 08:44:59.999,6398770.10658880,7221,58.42465000,2753543.39275200
2022-01-02 08:45:00,47161.01000000,47247.12000000,47141.77000000,47222.40000000,136.34607000,2022-01-02 08:59:59.999,6436352.40723440,7207,67.60259000,3191167.63253240
2022-01-02 09:00:00,47222.40000000,47236.89000000,47144.12000000,47215.05000000,124.65970000,2022-01-02 09:14:59.999,5883533.38361490,6387,56.93337000,2686901.96218410
2022-01-02 09:15:00,47215.05000000,47499.45000000,47177.94000000,47338.85000000,364.93981000,2022-01-02 09:29:59.999,17286834.01558350,10924,206.71672000,9790346.82222160
2022-01-02 09:30:00,47338.85000000,47391.32000000,47324.13000000,47380.00000000,194.74197000,2022-01-02 09:44:59.999,9222179.83708290,7234,96.81322000,4584752.80410950
2022-01-02 09:45:00,47380.01000000,47381.54000000,47250.11000000,47273.24000000,108.10220000,2022-01-02 09:59:59.999,5115564.04505050,5854,44.33706000,2097873.52432900
2022-01-02 10:00:00,47273.23000000,47348.34000000,47251.57000000,47348.33000000,89.38218000,2022-01-02 10:14:59.999,4228048.77716600,5427,49.08897000,2322060.26682150
2022-01-02 10:15:00,47348.34000000,47348.34000000,47251.01000000,47272.23000000,83.14342000,2022-01-02 10:29:59.999,3931731.58286590,5145,41.26698000,1951366.08893590
2022-01-02 10:30:00,47272.23000000,47322.07000000,47216.33000000,47265.00000000,89.74125000,2022-01-02 10:44:59.999,4241200.56460740,5163,46.51723000,2198305.53828380
2022-01-02 10:45:00,47265.00000000,47275.03000000,47140.30000000,47188.89000000,127.82216000,2022-01-02 10:59:59.999,6036680.88453920,5883,59.47945000,2809254.50276210
2022-01-02 11:00:00,47188.88000000,47283.01000000,47159.57000000,47272.11000000,98.53149000,2022-01-02 11:14:59.999,4654374.13645920,5605,57.50016000,2716338.46131180
2022-01-02 11:15:00,47272.11000000,47333.33000000,47252.62000000,47310.00000000,82.65229000,2022-01-02 11:29:59.999,3909601.00385760,5170,46.36239000,2193113.64203670
2022-01-02 11:30:00,47309.99000000,47400.00000000,47258.02000000,47261.36000000,101.30307000,2022-01-02 11:44:59.999,4794344.98397180,5547,51.62923000,2443647.09878100
2022-01-02 11:45:00,47261.36000000,47263.47000000,47195.00000000,47235.50000000,76.54308000,2022-01-02 11:59:59.999,3614833.52947070,5152,33.38404000,1576589.69910630
2022-01-02 12:00:00,47238.89000000,47253.19000000,47013.50000000,47108.37000000,267.15818000,2022-01-02 12:14:59.999,12589739.05764550,10219,111.68106000,5262153.93880780
2022-01-02 12:15:00,47108.38000000,47193.02000000,47080.02000000,47156.25000000,134.16166000,2022-01-02 12:29:59.999,6323565.83733860,6771,65.28676000,3077598.59001010
2022-01-02 12:30:00,47156.24000000,47447.00000000,47137.85000000,47310.45000000,244.59474000,2022-01-02 12:44:59.999,11574164.76202510,8673,112.48053000,5321508.54969350
2022-01-02 12:45:00,47310.45000000,47374.28000000,47274.72000000,47292.95000000,152.14315000,2022-01-02 12:59:59.999,7200320.23414360,6584,72.31911000,3422668.23235540
2022-01-02 13:00:00,47289.67000000,47300.86000000,47130.00000000,47130.61000000,131.33530000,2022-01-02 13:14:59.999,6203928.82684470,6456,66.71398000,3151054.80577350
2022-01-02 13:15:00,47130.00000000,47255.30000000,47093.95000000,47248.78000000,204.91976000,2022-01-02 13:29:59.999,9660777.20429940,6754,125.68879000,5925004.67658800
2022-01-02 13:30:00,47248.78000000,47251.48000000,47135.01000000,47178.85000000,120.80715000,2022-01-02 13:44:59.999,5698271.61102030,5615,61.16262000,2884695.73214660
2022-01-02 13:45:00,47178.87000000,47179.78000000,47090.00000000,47137.35000000,123.37900000,2022-01-02 13:59:59.999,5816378.94691030,6981,59.32824000,2796959.86308090
2022-01-02 14:00:00,47137.35000000,47191.07000000,47100.00000000,47175.00000000,152.00904000,2022-01-02 14:14:59.999,7166419.46491700,8309,79.28873000,3737726.45408560
2022-01-02 14:15:00,47174.99000000,47202.39000000,47020.00000000,47056.24000000,220.68957000,2022-01-02 14:29:59.999,10395449.98719410,9010,112.64223000,5306730.97235550
2022-01-02 14:30:00,47056.24000000,47170.00000000,47055.26000000,47140.98000000,127.91204000,2022-01-02 14:44:59.999,6027478.99639790,6974,75.40384000,3553158.64111590
2022-01-02 14:45:00,47140.98000000,47163.13000000,47093.61000000,47112.55000000,117.05546000,2022-01-02 14:59:59.999,5516583.49296210,7617,61.70554000,2907947.14554460
2022-01-02 15:00:00,47112.54000000,47336.64000000,47071.27000000,47287.14000000,207.92148000,2022-01-02 15:14:59.999,9807361.65202340,10306,107.69239000,5080960.63142050
2022-01-02 15:15:00,47287.13000000,47320.24000000,47179.01000000,47185.97000000,180.33290000,2022-01-02 15:29:59.999,8520828.56966450,8449,87.48559000,4133863.75636460
2022-01-02 15:30:00,47185.97000000,47213.93000000,47105.13000000,47203.88000000,170.65358000,2022-01-02 15:44:59.999,8047873.20235310,7484,68.99173000,3253492.10336970
2022-01-02 15:45:00,47203.87000000,47390.00000000,47202.52000000,47340.47000000,225.25573000,2022-01-02 15:59:59.999,10658305.62175830,9046,133.14652000,6299967.72677660
2022-01-02 16:00:00,47340.47000000,47486.61000000,47273.64000000,47431.11000000,298.39696000,2022-01-02 16:14:59.999,14137573.25825920,9578,178.93078000,8477651.01399280
2022-01-02 16:15:00,47431.11000000,47473.59000000,47356.94000000,47419.57000000,147.42647000,2022-01-02 16:29:59.999,6990765.70054670,7497,59.95373000,2843059.28605440
2022-01-02 16:30:00,47420.64000000,47664.95000000,47419.57000000,47546.55000000,373.52978000,2022-01-02 16:44:59.999,17766129.46444680,12874,215.10381000,10229821.99003740
2022-01-02 16:45:00,47546.50000000,47886.00000000,47546.50000000,47792.30000000,548.21629000,2022-01-02 16:59:59.999,26164573.14705240,16503,335.73264000,16022105.37044800
2022-01-02 17:00:00,47792.29000000,47990.00000000,47520.89000000,47549.71000000,692.67062000,2022-01-02 17:14:59.999,33108411.52546000,20831,331.55646000,15851320.62272850
2022-01-02 17:15:00,47549.71000000,47694.00000000,47482.57000000,47646.39000000,258.30986000,2022-01-02 17:29:59.999,12286857.39164140,10086,121.85061000,5796410.63672900
2022-01-02 17:30:00,47646.39000000,47671.70000000,47514.24000000,47590.98000000,164.72832000,2022-01-02 17:44:59.999,7839745.56117050,7624,61.28090000,2916143.95320560
2022-01-02 17:45:00,47590.98000000,47600.00000000,47317.46000000,47401.14000000,324.88357000,2022-01-02 17:59:59.999,15407912.78747870,11113,145.90149000,6918883.84793270
2022-01-02 18:00:00,47401.14000000,47401.14000000,47221.20000000,47254.01000000,334.15265000,2022-01-02 18:14:59.999,15803824.73213000,10555,168.94396000,7990373.09758280
2022-01-02 18:15:00,47254.01000000,47299.92000000,46856.28000000,46949.01000000,573.46339000,2022-01-02 18:29:59.999,26994968.74371120,16112,227.37990000,10706192.85076960
2022-01-02 18:30:00,46949.02000000,47007.87000000,46654.00000000,46909.07000000,677.51064000,2022-01-02 18:44:59.999,31723146.62668510,19015,357.49185000,16740301.38561200
2022-01-02 18:45:00,46909.06000000,47082.30000000,46866.14000000,47058.12000000,267.21131000,2022-01-02 18:59:59.999,12552248.06043770,8899,147.28088000,6918994.77417160
2022-01-02 19:00:00,47056.43000000,47217.10000000,46965.39000000,47065.19000000,335.77038000,2022-01-02 19:14:59.999,15811625.25479700,10161,167.93170000,7908596.62704230
2022-01-02 19:15:00,47065.19000000,47114.72000000,46854.01000000,46915.69000000,280.55964000,2022-01-02 19:29:59.999,13169353.72640800,7889,119.23991000,5597710.29574250
2022-01-02 19:30:00,46915.69000000,47006.70000000,46851.51000000,46942.10000000,205.02034000,2022-01-02 19:44:59.999,9623303.04489880,7272,90.93081000,4267783.46036990
2022-01-02 19:45:00,46942.09000000,46987.89000000,46900.38000000,46907.68000000,116.03571000,2022-01-02 19:59:59.999,5446150.67481300,5961,58.58087000,2749471.44561180
2022-01-02 20:00:00,46907.67000000,47050.00000000,46815.17000000,47035.48000000,261.56729000,2022-01-02 20:14:59.999,12275108.46988780,9474,108.94996000,5112965.83365480
2022-01-02 20:15:00,47035.47000000,47050.00000000,46951.51000000,47033.17000000,109.28714000,2022-01-02 20:29:59.999,5136523.95753650,5507,56.39250000,2650424.40317640
2022-01-02 20:30:00,47033.18000000,47033.19000000,46899.46000000,46956.18000000,109.21628000,2022-01-02 20:44:59.999,5125256.65226830,5678,39.63182000,1859988.77590450
2022-01-02 20:45:00,46956.18000000,47035.00000000,46920.00000000,47007.14000000,90.15186000,2022-01-02 20:59:59.999,4236822.63344370,4678,44.05655000,2070479.32714950
2022-01-02 21:00:00,47007.14000000,47187.98000000,46913.27000000,47156.46000000,160.74984000,2022-01-02 21:14:59.999,7558009.86635310,7485,80.86569000,3802092.58050220
2022-01-02 21:15:00,47156.45000000,47159.30000000,47038.24000000,47060.00000000,83.38568000,2022-01-02 21:29:59.999,3927129.87813050,5189,42.77088000,2014253.34606210
2022-01-02 21:30:00,47060.00000000,47162.83000000,47050.94000000,47063.55000000,100.82494000,2022-01-02 21:44:59.999,4748339.03423040,4629,51.73625000,2436464.47567760
2022-01-02 21:45:00,47063.54000000,47063.55000000,46990.00000000,47018.03000000,87.63522000,2022-01-02 21:59:59.999,4119736.22306730,4408,41.21286000,1937394.03940440
2022-01-02 22:00:00,47017.98000000,47195.00000000,47014.84000000,47191.32000000,124.08847000,2022-01-02 22:14:59.999,5845827.44756400,5562,58.25133000,2744456.22302170
2022-01-02 22:15:00,47191.31000000,47191.32000000,47108.52000000,47156.30000000,99.06626000,2022-01-02 22:29:59.999,4670977.77334410,5167,57.05643000,2690298.47515090
2022-01-02 22:30:00,47155.98000000,47398.99000000,47155.31000000,47380.98000000,371.53311000,2022-01-02 22:44:59.999,17570496.75321240,11309,253.96848000,12009166.21552620
2022-01-02 22:45:00,47380.98000000,47380.99000000,47230.00000000,47255.38000000,89.03412000,2022-01-02 22:59:59.999,4210790.85905230,4875,35.97382000,1701290.97133200
2022-01-02 23:00:00,47255.39000000,47428.52000000,47255.38000000,47316.86000000,190.19099000,2022-01-02 23:14:59.999,9004320.01107030,7407,97.18393000,4600956.41662090
2022-01-02 23:15:00,47316.86000000,47405.01000000,47266.60000000,47394.62000000,254.05109000,2022-01-02 23:29:59.999,12024133.18971340,6171,139.68408000,6610615.87011220
2022-01-02 23:30:00,47394.62000000,47469.34000000,47303.97000000,47346.04000000,181.25780000,2022-01-02 23:44:59.999,8590795.37736250,5633,84.41793000,4000796.30233460
2022-01-02 23:45:00,47346.04000000,47383.80000000,47283.71000000,47286.18000000,123.98148000,2022-01-02 23:59:59.999,5868845.64389140,4782,54.10557000,2561057.30175100
2022-01-03 00:00:00,47286.18000000,47289.11000000,47139.19000000,47139.19000000,265.91351000,2022-01-03 00:14:59.999,12556495.00790480,9719,143.32381000,6767889.63094790
2022-01-03 00:15:00,47139.20000000,47252.77000000,47139.19000000,47174.43000000,170.25227000,2022-01-03 00:29:59.999,8034730.10465580,7277,84.61652000,3993450.78098450
2022-01-03 00:30:00,47174.44000000,47181.31000000,47062.11000000,47150.01000000,166.62155000,2022-01-03 00:44:59.999,7849733.13940030,6520,89.49662000,4216187.61791890
2022-01-03 00:45:00,47150.02000000,47211.46000000,47050.00000000,47050.08000000,131.33061000,2022-01-03 00:59:59.999,6190466.23387720,5516,63.75740000,3005665.01663820
2022-01-03 01:00:00,47050.09000000,47087.64000000,47024.38000000,47041.13000000,200.47880000,2022-01-03 01:14:59.999,9432484.63454030,6939,96.13078000,4522872.60793510
2022-01-03 01:15:00,47041.12000000,47087.95000000,46950.00000000,47035.77000000,196.95862000,2022-01-03 01:29:59.999,9263432.24331730,7272,99.20862000,4666239.60438230
2022-01-03 01:30:00,47035.77000000,47086.20000000,46976.46000000,46976.46000000,105.33698000,2022-01-03 01:44:59.999,4954068.66663130,4931,45.34971000,2132651.60462690
2022-01-03 01:45:00,46976.46000000,47138.78000000,46964.71000000,47116.71000000,125.28140000,2022-01-03 01:59:59.999,5895337.14019820,5089,72.99805000,3434986.21884900
2022-01-03 02:00:00,47116.22000000,47116.71000000,46900.04000000,46925.90000000,213.88573000,2022-01-03 02:14:59.999,10050841.68844890,7733,80.24952000,3769624.30146080
2022-01-03 02:15:00,46925.90000000,47008.59000000,46870.00000000,46997.37000000,135.66735000,2022-01-03 02:29:59.999,6369204.46505170,5978,60.65081000,2847262.52666280
2022-01-03 02:30:00,46997.36000000,47051.89000000,46955.01000000,46980.49000000,176.70711000,2022-01-03 02:44:59.999,8306021.42084290,7152,94.75663000,4453840.87435400
2022-01-03 02:45:00,46980.49000000,47031.24000000,46858.44000000,46999.98000000,255.44695000,2022-01-03 02:59:59.999,11987869.50831470,7611,128.61809000,6035712.18413480
2022-01-03 03:00:00,46999.98000000,47084.80000000,46950.62000000,46950.62000000,157.76338000,2022-01-03 03:14:59.999,7419135.95339140,6372,70.68779000,3324623.81847410
2022-01-03 03:15:00,46950.62000000,46971.29000000,46871.09000000,46958.64000000,169.84288000,2022-01-03 03:29:59.999,7966849.82787290,6078,85.35720000,4003845.01133530
2022-01-03 03:30:00,46958.64000000,46981.41000000,46740.00000000,46787.72000000,301.60166000,2022-01-03 03:44:59.999,14123277.71389760,8747,153.91614000,7207200.45106590
2022-01-03 03:45:00,46787.72000000,46847.13000000,46722.39000000,46793.26000000,221.23062000,2022-01-03 03:59:59.999,10349582.23164220,7050,122.53058000,5731505.05150430
2022-01-03 04:00:00,46793.27000000,46888.87000000,46750.00000000,46853.70000000,175.80674000,2022-01-03 04:14:59.999,8230676.58831830,6634,97.70957000,4574228.94710190
2022-01-03 04:15:00,46853.70000000,46910.23000000,46818.43000000,46841.99000000,201.80369000,2022-01-03 04:29:59.999,9457992.20151990,5510,128.07896000,6003041.15522620
2022-01-03 04:30:00,46841.97000000,46944.77000000,46821.79000000,46928.72000000,171.80101000,2022-01-03 04:44:59.999,8053835.29562970,5447,94.32466000,4422100.71325080
2022-01-03 04:45:00,46928.73000000,46935.85000000,46800.00000000,46822.26000000,139.08731000,2022-01-03 04:59:59.999,6516544.48301390,5608,59.71972000,2797607.46898490
2022-01-03 05:00:00,46822.26000000,46884.69000000,46750.13000000,46770.46000000,204.10872000,2022-01-03 05:14:59.999,9556760.26171160,6500,80.10861000,3750777.29337050
2022-01-03 05:15:00,46770.46000000,47027.84000000,46770.09000000,46965.38000000,244.70845000,2022-01-03 05:29:59.999,11474209.65884620,6800,147.23039000,6903768.50373980
2022-01-03 05:30:00,46965.38000000,47211.09000000,46960.48000000,47149.09000000,350.06660000,2022-01-03 05:44:59.999,16483664.05720160,8415,184.60611000,8691751.30665970
2022-01-03 05:45:00,47149.09000000,47178.82000000,47035.24000000,47078.64000000,119.73796000,2022-01-03 05:59:59.999,5637239.21701890,5058,49.71750000,2340812.32217390
2022-01-03 06:00:00,47078.64000000,47100.00000000,47017.20000000,47017.21000000,140.88882000,2022-01-03 06:14:59.999,6629134.57272610,5668,49.81920000,2343999.88698400
2022-01-03 06:15:00,47017.22000000,47048.00000000,46946.22000000,46968.17000000,133.34102000,2022-01-03 06:29:59.999,6266452.58138050,5480,72.08820000,3387719.14753950
2022-01-03 06:30:00,46968.16000000,47061.37000000,46930.86000000,47049.21000000,169.03983000,2022-01-03 06:44:59.999,7943083.22367620,5655,103.01798000,4841111.93355130
2022-01-03 06:45:00,47049.22000000,47055.37000000,46877.84000000,46923.75000000,153.36102000,2022-01-03 06:59:59.999,7202100.81662140,6270,71.05040000,3336747.70988510
2022-01-03 07:00:00,46923.75000000,46937.97000000,46852.38000000,46928.09000000,167.39998000,2022-01-03 07:14:59.999,7849507.34476190,7289,91.32836000,4282551.95435440
2022-01-03 07:15:00,46934.20000000,46967.95000000,46888.08000000,46957.80000000,127.61840000,2022-01-03 07:29:59.999,5988327.70348100,5719,60.42253000,2835303.75798650
2022-01-03 07:30:00,46957.81000000,47021.84000000,46951.29000000,46989.30000000,153.65956000,2022-01-03 07:44:59.999,7220546.93194850,5508,85.17035000,4002207.68925940
2022-01-03 07:45:00,46989.30000000,47080.00000000,46956.68000000,47051.37000000,186.54792000,2022-01-03 07:59:59.999,8771508.69762300,6426,81.91722000,3851609.74223780
2022-01-03 08:00:00,47051.36000000,47135.97000000,47018.00000000,47060.01000000,247.92114000,2022-01-03 08:14:59.999,11670619.80853030,9465,113.80558000,5357222.79997460
2022-01-03 08:15:00,47060.00000000,47062.70000000,46983.55000000,46994.37000000,171.60948000,2022-01-03 08:29:59.999,8067579.09346590,7327,77.02820000,3620873.10581540
2022-01-03 08:30:00,46994.38000000,47026.21000000,46936.43000000,46956.94000000,131.03690000,2022-01-03 08:44:59.999,6155888.78189400,6044,60.34895000,2834982.08747920
2022-01-03 08:45:00,46956.93000000,46999.80000000,46922.27000000,46978.82000000,134.07362000,2022-01-03 08:59:59.999,6296154.96802610,5600,62.96735000,2957077.06418310
2022-01-03 09:00:00,46978.81000000,47109.25000000,46963.85000000,46966.86000000,198.24751000,2022-01-03 09:14:59.999,9328479.88603970,7490,99.01704000,4659405.32535900
2022-01-03 09:15:00,46964.02000000,46973.07000000,46787.00000000,46820.00000000,319.14890000,2022-01-03 09:29:59.999,14951622.38509710,9834,149.32906000,6995730.25188620
2022-01-03 09:30:00,46819.66000000,46910.26000000,46778.00000000,46884.99000000,208.43622000,2022-01-03 09:44:59.999,9763006.71976320,8324,94.39622000,4422321.82963600
2022-01-03 09:45:00,46884.99000000,47000.00000000,46870.00000000,46984.55000000,261.23854000,2022-01-03 09:59:59.999,12263800.12620720,8185,145.11085000,6812040.61949760
2022-01-03 10:00:00,46984.56000000,47251.19000000,46981.84000000,47191.06000000,447.38493000,2022-01-03 10:14:59.999,21082836.42475210,12179,235.81519000,11110672.23900540
2022-01-03 10:15:00,47191.06000000,47213.19000000,47065.51000000,47080.98000000,305.73939000,2022-01-03 10:29:59.999,14417554.32266760,9220,139.56973000,6581410.75926670
2022-01-03 10:30:00,47080.99000000,47199.99000000,47031.00000000,47169.49000000,152.91012000,2022-01-03 10:44:59.999,7205092.69291610,7113,82.59392000,3892265.30654570
2022-01-03 10:45:00,47169.49000000,47238.80000000,47110.05000000,47126.02000000,232.95488000,2022-01-03 10:59:59.999,10988513.18882790,7679,91.48445000,4314798.57258100
2022-01-03 11:00:00,47126.02000000,47345.00000000,47125.48000000,47335.01000000,734.62881000,2022-01-03 11:14:59.999,34727442.54957170,14464,369.04551000,17445261.97147230
2022-01-03 11:15:00,47335.01000000,47392.99000000,47270.00000000,47336.37000000,304.71082000,2022-01-03 11:29:59.999,14423556.06738260,9175,178.65103000,8456906.04464030
2022-01-03 11:30:00,47336.38000000,47349.38000000,47237.76000000,47289.29000000,174.93074000,2022-01-03 11:44:59.999,8271725.20717020,7505,87.21523000,4124055.61496810
2022-01-03 11:45:00,47289.29000000,47431.67000000,47259.55000000,47378.00000000,237.41873000,2022-01-03 11:59:59.999,11242074.73021560,7810,124.33534000,5886907.43636520
2022-01-03 12:00:00,47378.00000000,47549.88000000,47243.84000000,47486.01000000,459.80341000,2022-01-03 12:14:59.999,21798452.14825000,14144,254.38811000,12062432.01088310
2022-01-03 12:15:00,47486.01000000,47570.00000000,47325.73000000,47394.16000000,317.77927000,2022-01-03 12:29:59.999,15076854.55988010,11819,154.93797000,7351687.28452220
2022-01-03 12:30:00,47394.17000000,47400.61000000,47223.84000000,47279.11000000,208.29880000,2022-01-03 12:44:59.999,9849798.11822380,9636,99.35629000,4698246.23868690
2022-01-03 12:45:00,47279.11000000,47305.31000000,47175.01000000,47194.39000000,197.75397000,2022-01-03 12:59:59.999,9340991.60655440,8629,69.33332000,3274702.97111240
2022-01-03 13:00:00,47194.39000000,47495.96000000,47192.80000000,47242.89000000,270.88274000,2022-01-03 13:14:59.999,12807303.87955260,8974,169.06814000,7995188.09016180
2022-01-03 13:15:00,47242.89000000,47370.08000000,47242.88000000,47304.97000000,168.89468000,2022-01-03 13:29:59.999,7990292.16719170,7523,77.84044000,3682695.27227290
2022-01-03 13:30:00,47304.97000000,47329.77000000,47209.10000000,47249.29000000,173.13220000,2022-01-03 13:44:59.999,8182399.62549060,8217,67.53773000,3191703.43363380
2022-01-03 13:45:00,47244.82000000,47275.68000000,47127.51000000,47153.50000000,200.92821000,2022-01-03 13:59:59.999,9487416.50874980,8184,90.51890000,4274246.50510230
2022-01-03 14:00:00,47153.50000000,47278.50000000,46940.00000000,47026.98000000,477.63524000,2022-01-03 14:14:59.999,22481512.13829490,12713,221.30720000,10418997.53561810
2022-01-03 14:15:00,47026.98000000,47107.18000000,46964.03000000,47083.72000000,212.47098000,2022-01-03 14:29:59.999,9998571.19425770,8313,93.63941000,4407046.01362990
2022-01-03 14:30:00,47083.72000000,47285.39000000,47081.87000000,47156.19000000,232.88163000,2022-01-03 14:44:59.999,10990350.12748280,9969,129.16795000,6095344.54185140
2022-01-03 14:45:00,47156.20000000,47172.56000000,46765.00000000,46874.53000000,788.44215000,2022-01-03 14:59:59.999,36971222.03152470,19680,313.56472000,14704621.32317030
2022-01-03 15:00:00,46874.53000000,46989.48000000,46780.65000000,46977.51000000,403.43537000,2022-01-03 15:14:59.999,18913615.51353860,13254,209.20287000,9809233.05517790
2022-01-03 15:15:00,46977.51000000,47018.00000000,46833.96000000,46939.37000000,255.56084000,2022-01-03 15:29:59.999,11994078.36634900,10494,130.18947000,6110217.15311870
2022-01-03 15:30:00,46939.37000000,46944.32000000,46838.32000000,46895.98000000,177.02701000,2022-01-03 15:44:59.999,8301238.41195700,8972,86.94669000,4077091.87532240
2022-01-03 15:45:00,46895.99000000,46958.83000000,46575.25000000,46693.45000000,918.79401000,2022-01-03 15:59:59.999,42915559.85826560,19578,451.53506000,21089469.56228160
2022-01-03 16:00:00,46693.44000000,46780.00000000,46570.00000000,46625.78000000,588.42963000,2022-01-03 16:14:59.999,27460977.50214560,15615,313.78999000,14645225.40122210
2022-01-03 16:15:00,46625.77000000,46640.05000000,46263.29000000,46383.05000000,1963.85739000,2022-01-03 16:29:59.999,91096437.45003640,37228,988.75514000,45843887.89510790
2022-01-03 16:30:00,46385.82000000,46529.43000000,46287.93000000,46429.99000000,545.74699000,2022-01-03 16:44:59.999,25335471.02272310,16265,260.30798000,12083105.27956110
2022-01-03 16:45:00,46429.98000000,46498.56000000,46310.62000000,46482.34000000,317.71901000,2022-01-03 16:59:59.999,14744840.54144920,10969,158.57327000,7359011.35818310
2022-01-03 17:00:00,46482.34000000,46636.83000000,46425.84000000,46437.62000000,340.11022000,2022-01-03 17:14:59.999,15830260.81620610,12191,165.20342000,7690442.36443050
2022-01-03 17:15:00,46437.62000000,46788.80000000,46411.78000000,46696.39000000,330.91624000,2022-01-03 17:29:59.999,15419902.89263960,10920,194.52796000,9064848.24609850
2022-01-03 17:30:00,46696.40000000,46790.00000000,46563.29000000,46587.35000000,296.52730000,2022-01-03 17:44:59.999,13844764.60396810,9198,124.83902000,5828610.60112260
2022-01-03 17:45:00,46587.34000000,46700.00000000,46575.63000000,46577.15000000,154.19851000,2022-01-03 17:59:59.999,7193428.98043520,6972,83.22709000,3882618.25771480
2022-01-03 18:00:00,46577.16000000,46740.96000000,46541.65000000,46610.51000000,189.93037000,2022-01-03 18:14:59.999,8857254.86435350,9003,83.59242000,3898797.45355440
2022-01-03 18:15:00,46610.51000000,46684.26000000,46580.00000000,46617.41000000,152.09208000,2022-01-03 18:29:59.999,7092000.57068750,7343,60.54011000,2822779.84672820
2022-01-03 18:30:00,46617.42000000,46649.91000000,46456.01000000,46465.36000000,125.08997000,2022-01-03 18:44:59.999,5822387.05699880,8104,57.92270000,2695928.80258080
2022-01-03 18:45:00,46465.37000000,46526.52000000,46412.99000000,46472.73000000,195.13758000,2022-01-03 18:59:59.999,9066552.78462650,7553,103.42190000,4805393.47105830
2022-01-03 19:00:00,46475.60000000,46556.24000000,46361.21000000,46495.90000000,214.90490000,2022-01-03 19:14:59.999,9989529.49324040,8633,105.53673000,4905619.60563190
2022-01-03 19:15:00,46495.90000000,46644.20000000,46462.27000000,46612.05000000,137.51126000,2022-01-03 19:29:59.999,6405646.89710910,6693,63.06824000,2937528.11477850
2022-01-03 19:30:00,46612.04000000,46645.34000000,46552.69000000,46586.41000000,90.20660000,2022-01-03 19:44:59.999,4203318.96870590,5732,45.57206000,2123466.22480600
2022-01-03 19:45:00,46586.42000000,46618.95000000,46360.00000000,46360.01000000,219.08384000,2022-01-03 19:59:59.999,10182807.75489330,6871,123.81219000,5754344.01249620
2022-01-03 20:00:00,46360.01000000,46413.47000000,46200.00000000,46295.34000000,458.70926000,2022-01-03 20:14:59.999,21235943.93451420,13529,187.16350000,8666328.70982660
2022-01-03 20:15:00,46295.33000000,46337.00000000,45730.58000000,45781.20000000,1742.60076000,2022-01-03 20:29:59.999,80103957.36348420,34719,818.03702000,37589457.36536240
2022-01-03 20:30:00,45781.19000000,45969.53000000,45696.00000000,45788.42000000,621.06884000,2022-01-03 20:44:59.999,28450060.91737580,16548,281.71300000,12908687.08683990
2022-01-03 20:45:00,45788.42000000,45970.27000000,45784.70000000,45922.00000000,305.12495000,2022-01-03 20:59:59.999,13997494.50425300,10263,163.77591000,7513241.47738920
2022-01-03 21:00:00,45922.01000000,46012.13000000,45818.89000000,45820.01000000,266.23755000,2022-01-03 21:14:59.999,12227655.10867590,9593,121.40878000,5577130.54061230
2022-01-03 21:15:00,45820.02000000,46059.94000000,45811.87000000,46023.51000000,230.72296000,2022-01-03 21:29:59.999,10600671.18928800,8756,107.81005000,4952952.26269600
2022-01-03 21:30:00,46023.51000000,46260.44000000,46018.29000000,46046.94000000,314.64670000,2022-01-03 21:44:59.999,14518616.37927810,9813,161.61433000,7457891.09174590
2022-01-03 21:45:00,46046.95000000,46150.91000000,45962.28000000,45979.01000000,244.06026000,2022-01-03 21:59:59.999,11244277.79053490,8530,87.52393000,4033062.88103010
2022-01-03 22:00:00,45979.01000000,46158.37000000,45961.59000000,46113.93000000,197.56683000,2022-01-03 22:14:59.999,9099955.04440400,8275,94.53458000,4353720.22505520
2022-01-03 22:15:00,46113.94000000,46318.41000000,46068.37000000,46266.14000000,252.43230000,2022-01-03 22:29:59.999,11664038.99865790,11314,138.26181000,6389286.64106190
2022-01-03 22:30:00,46266.14000000,46439.97000000,46151.65000000,46245.01000000,273.40197000,2022-01-03 22:44:59.999,12659059.32899380,11938,112.48190000,5209435.01883710
2022-01-03 22:45:00,46245.01000000,46298.23000000,46110.00000000,46217.90000000,279.29939000,2022-01-03 22:59:59.999,12901168.68285910,8147,137.01776000,6328577.80187490
2022-01-03 23:00:00,46217.91000000,46454.01000000,46170.64000000,46376.01000000,413.88926000,2022-01-03 23:14:59.999,19172493.80617190,8978,186.88564000,8658574.29761450
2022-01-03 23:15:00,46378.50000000,46474.63000000,46336.24000000,46410.00000000,188.07266000,2022-01-03 23:29:59.999,8725742.16044820,6159,99.50751000,4616656.65792380
2022-01-03 23:30:00,46409.99000000,46576.94000000,46365.87000000,46522.16000000,280.13915000,2022-01-03 23:44:59.999,13022869.85433960,8195,134.14998000,6234900.79571850
2022-01-03 23:45:00,46522.16000000,46553.77000000,46407.44000000,46446.10000000,173.23468000,2022-01-03 23:59:59.999,8047204.23860120,6093,82.97858000,3854169.59681480
2022-01-04 00:00:00,46446.10000000,46527.30000000,46340.02000000,46408.47000000,274.11710000,2022-01-04 00:14:59.999,12730027.09893610,9831,133.46044000,6197811.91208280
2022-01-04 00:15:00,46408.47000000,46549.19000000,46232.04000000,46484.81000000,371.62254000,2022-01-04 00:29:59.999,17219880.93418130,11205,203.55141000,9432127.31342530
2022-01-04 00:30:00,46484.81000000,46499.94000000,46268.04000000,46276.97000000,164.38091000,2022-01-04 00:44:59.999,7625013.11786750,8040,77.09601000,3576180.29170850
2022-01-04 00:45:00,46276.98000000,46334.87000000,46150.00000000,46244.37000000,245.63280000,2022-01-04 00:59:59.999,11357272.38487540,10008,111.65653000,5162585.02653720
2022-01-04 01:00:00,46244.37000000,46293.00000000,46152.97000000,46292.45000000,221.04363000,2022-01-04 01:14:59.999,10212557.38996900,8230,119.63469000,5526815.91395000
2022-01-04 01:15:00,46292.46000000,46404.94000000,46253.97000000,46341.56000000,223.14322000,2022-01-04 01:29:59.999,10336330.02500130,7546,111.34427000,5157376.12228950
2022-01-04 01:30:00,46341.57000000,46341.57000000,46085.01000000,46128.63000000,170.29652000,2022-01-04 01:44:59.999,7868633.94273330,7339,69.72757000,3220418.58961840
2022-01-04 01:45:00,46128.63000000,46200.00000000,46040.79000000,46054.99000000,157.17091000,2022-01-04 01:59:59.999,7245058.96992460,7483,80.17687000,3695898.44293620
2022-01-04 02:00:00,46054.99000000,46154.51000000,45934.50000000,45982.58000000,389.38797000,2022-01-04 02:14:59.999,17926778.97331900,12824,195.85375000,9016963.66032160
2022-01-04 02:15:00,45982.59000000,46150.00000000,45942.13000000,46129.53000000,226.36351000,2022-01-04 02:29:59.999,10424121.80992850,8380,113.73075000,5237372.23500250
2022-01-04 02:30:00,46129.54000000,46268.72000000,46070.54000000,46202.96000000,228.00085000,2022-01-04 02:44:59.999,10524577.87845930,7166,108.27423000,4998574.96726400
2022-01-04 02:45:00,46202.97000000,46238.68000000,46088.00000000,46103.36000000,177.71684000,2022-01-04 02:59:59.999,8201722.43830510,6296,86.36851000,3985722.73266000
2022-01-04 03:00:00,46103.36000000,46150.44000000,46017.24000000,46037.81000000,145.01774000,2022-01-04 03:14:59.999,6679544.23390450,6430,74.08066000,3411996.25883430
2022-01-04 03:15:00,46037.82000000,46209.64000000,46001.23000000,46192.33000000,176.79443000,2022-01-04 03:29:59.999,8155332.81087190,6607,99.04569000,4568932.91000740
2022-01-04 03:30:00,46192.33000000,46344.69000000,46179.04000000,46344.62000000,252.91746000,2022-01-04 03:44:59.999,11701720.65498710,7112,156.78046000,7253386.48126630
2022-01-04 03:45:00,46344.62000000,46383.77000000,46300.00000000,46313.97000000,181.15624000,2022-01-04 03:59:59.999,8393947.10279850,6331,86.35541000,4001171.50455580
2022-01-04 04:00:00,46313.96000000,46393.44000000,46179.01000000,46248.16000000,211.13536000,2022-01-04 04:14:59.999,9773187.29139510,6974,116.53262000,5395077.13337470
2022-01-04 04:15:00,46248.17000000,46339.34000000,46226.79000000,46335.66000000,111.32277000,2022-01-04 04:29:59.999,5152797.99637860,5144,57.80490000,2675613.40919220
2022-01-04 04:30:00,46335.66000000,46411.12000000,45996.26000000,46139.07000000,1410.28064000,2022-01-04 04:44:59.999,65048470.61984710,22102,1057.83630000,48778837.66875230
2022-01-04 04:45:00,46142.79000000,46199.35000000,46045.42000000,46100.14000000,337.92013000,2022-01-04 04:59:59.999,15576170.75273810,8518,201.63056000,9292505.65063820
2022-01-04 05:00:00,46100.14000000,46150.00000000,46033.72000000,46131.01000000,191.10427000,2022-01-04 05:14:59.999,8811327.53148040,7325,108.61376000,5008789.19857510
2022-01-04 05:15:00,46131.01000000,46292.15000000,46127.18000000,46268.82000000,282.29360000,2022-01-04 05:29:59.999,13038324.35456450,6798,195.43028000,9024753.82694730
2022-01-04 05:30:00,46268.81000000,46275.28000000,46050.00000000,46084.04000000,198.91139000,2022-01-04 05:44:59.999,9176077.63840210,6640,107.99143000,4981035.30652370
2022-01-04 05:45:00,46084.04000000,46155.65000000,46016.24000000,46151.66000000,197.29243000,2022-01-04 05:59:59.999,9092759.72425800,6214,96.06067000,4426902.68905550
2022-01-04 06:00:00,46148.23000000,46246.36000000,46058.51000000,46196.64000000,241.20924000,2022-01-04 06:14:59.999,11140483.76283560,7274,111.49879000,5149991.10600280
2022-01-04 06:15:00,46196.64000000,46288.94000000,46096.31000000,46276.20000000,298.16489000,2022-01-04 06:29:59.999,13770902.67118470,6249,129.49022000,5978824.66606300
2022-01-04 06:30:00,46274.00000000,46341.65000000,46251.46000000,46312.69000000,408.69116000,2022-01-04 06:44:59.999,18919938.85047890,8502,170.92470000,7912452.89855580
2022-01-04 06:45:00,46312.70000000,46390.04000000,46274.88000000,46367.53000000,291.98774000,2022-01-04 06:59:59.999,13526329.99538530,7478,103.45092000,4792469.25142190
2022-01-04 07:00:00,46367.53000000,46473.24000000,46324.03000000,46348.09000000,307.46759000,2022-01-04 07:14:59.999,14263750.28766330,8916,107.90917000,5006345.02605490
2022-01-04 07:15:00,46348.09000000,46518.00000000,46322.09000000,46470.38000000,618.74451000,2022-01-04 07:29:59.999,28744983.15027540,11035,346.71137000,16107781.95980420
2022-01-04 07:30:00,46470.37000000,46550.00000000,46450.00000000,46519.05000000,317.10694000,2022-01-04 07:44:59.999,14746715.66710150,8756,148.83088000,6921463.44247710
2022-01-04 07:45:00,46519.06000000,46600.21000000,46459.61000000,46550.00000000,310.71906000,2022-01-04 07:59:59.999,14452090.14925830,8972,144.28313000,6712109.01159310
2022-01-04 08:00:00,46549.99000000,46682.06000000,46436.66000000,46614.26000000,523.88904000,2022-01-04 08:14:59.999,24406235.58380410,12550,245.28236000,11429165.83983020
2022-01-04 08:15:00,46614.25000000,46661.27000000,46515.41000000,46530.93000000,300.69831000,2022-01-04 08:29:59.999,14005281.64378900,8473,141.31207000,6582567.33885530
2022-01-04 08:30:00,46530.94000000,46600.00000000,46481.13000000,46484.65000000,238.18385000,2022-01-04 08:44:59.999,11086292.51792460,8148,94.93107000,4418425.86320460
2022-01-04 08:45:00,46484.66000000,46503.60000000,46385.61000000,46489.73000000,253.53943000,2022-01-04 08:59:59.999,11777364.12916170,8504,105.23764000,4888442.63697170
2022-01-04 09:00:00,46489.72000000,46599.53000000,46465.71000000,46517.86000000,212.36704000,2022-01-04 09:14:59.999,9885135.93366970,7468,122.06641000,5681874.43517020
2022-01-04 09:15:00,46517.87000000,46571.93000000,46415.74000000,46464.59000000,213.66571000,2022-01-04 09:29:59.999,9933091.04447910,7214,89.81737000,4175411.92600280
2022-01-04 09:30:00,46464.59000000,46468.27000000,46303.08000000,46372.23000000,201.50992000,2022-01-04 09:44:59.999,9347522.47147710,7375,86.21436000,3998908.94013040
2022-01-04 09:45:00,46372.23000000,46429.27000000,46300.00000000,46356.21000000,228.64535000,2022-01-04 09:59:59.999,10598576.83586650,7424,80.85539000,3747944.41625450
2022-01-04 10:00:00,46356.21000000,46398.74000000,46300.00000000,46360.90000000,189.14368000,2022-01-04 10:14:59.999,8767427.06520480,6946,112.30665000,5206119.21148040
2022-01-04 10:15:00,46360.89000000,46551.72000000,46360.89000000,46516.99000000,205.16276000,2022-01-04 10:29:59.999,9531729.44586290,7153,107.26689000,4983261.05522810
2022-01-04 10:30:00,46517.00000000,46632.45000000,46423.56000000,46600.01000000,371.83879000,2022-01-04 10:44:59.999,17303991.53169730,9128,183.14896000,8523940.10115050
2022-01-04 10:45:00,46600.01000000,46772.41000000,46568.83000000,46625.37000000,396.24008000,2022-01-04 10:59:59.999,18492368.66461270,10934,214.69300000,10018539.52829270
2022-01-04 11:00:00,46625.37000000,46765.05000000,46616.46000000,46705.16000000,556.15435000,2022-01-04 11:14:59.999,25970445.61858660,15162,259.08554000,12098144.96533170
2022-01-04 11:15:00,46705.16000000,46753.95000000,46622.32000000,46677.53000000,292.43782000,2022-01-04 11:29:59.999,13654880.20495570,9855,148.26358000,6922607.94161980
2022-01-04 11:30:00,46677.53000000,46750.00000000,46630.11000000,46726.88000000,287.47945000,2022-01-04 11:44:59.999,13426272.12289270,8303,144.99991000,6772740.37028250
2022-01-04 11:45:00,46726.87000000,46750.00000000,46670.29000000,46733.77000000,215.57662000,2022-01-04 11:59:59.999,10071003.44668890,7422,113.52694000,5303462.14803230
2022-01-04 12:00:00,46733.78000000,46763.00000000,46600.00000000,46619.55000000,222.76977000,2022-01-04 12:14:59.999,10395487.95558700,8686,100.47483000,4689680.62831400
2022-01-04 12:15:00,46619.56000000,46655.35000000,46516.06000000,46533.85000000,243.15690000,2022-01-04 12:29:59.999,11326061.61574060,8655,115.52915000,5380070.65044080
2022-01-04 12:30:00,46533.85000000,46589.28000000,46479.25000000,46527.85000000,220.22653000,2022-01-04 12:44:59.999,10247430.32960010,8389,117.33934000,5459948.54613540
2022-01-04 12:45:00,46527.84000000,46660.89000000,46500.00000000,46641.53000000,211.16963000,2022-01-04 12:59:59.999,9830845.82052340,9364,113.85467000,5300944.50832770
2022-01-04 13:00:00,46641.52000000,46671.10000000,46475.30000000,46478.62000000,181.14806000,2022-01-04 13:14:59.999,8433483.65318710,9264,86.56022000,4030111.51840220
2022-01-04 13:15:00,46480.94000000,46900.00000000,46410.00000000,46880.00000000,406.98342000,2022-01-04 13:29:59.999,18996865.19409910,14323,214.67062000,10019092.78505470
2022-01-04 13:30:00,46879.99000000,46898.38000000,46727.38000000,46819.76000000,377.77632000,2022-01-04 13:44:59.999,17689633.40729010,12368,165.81911000,7764696.35090860
2022-01-04 13:45:00,46819.77000000,47069.01000000,46807.16000000,46955.22000000,545.97007000,2022-01-04 13:59:59.999,25635570.12417240,16314,315.87509000,14833530.40867280
2022-01-04 14:00:00,46955.22000000,47034.11000000,46805.54000000,46884.22000000,327.70763000,2022-01-04 14:14:59.999,15370104.32777590,11961,148.48201000,6964829.38009970
2022-01-04 14:15:00,46884.21000000,46961.48000000,46826.08000000,46905.54000000,288.53316000,2022-01-04 14:29:59.999,13528362.78893570,11712,148.69317000,6971830.79898930
2022-01-04 14:30:00,46905.53000000,47074.77000000,46900.66000000,47074.76000000,368.58358000,2022-01-04 14:44:59.999,17317179.34643720,11763,205.89494000,9674127.95449140
2022-01-04 14:45:00,47074.77000000,47500.10000000,47072.76000000,47333.38000000,2066.61331000,2022-01-04 14:59:59.999,97904498.33804750,36595,923.82753000,43742321.35627450
2022-01-04 15:00:00,47336.98000000,47557.54000000,47320.66000000,47398.75000000,1233.43991000,2022-01-04 15:14:59.999,58525489.84597920,23941,576.44255000,27350885.17396000
2022-01-04 15:15:00,47395.99000000,47446.13000000,47246.00000000,47350.58000000,404.89010000,2022-01-04 15:29:59.999,19158753.00594420,13113,203.22339000,9615901.81890040
2022-01-04 15:30:00,47350.57000000,47363.96000000,47027.20000000,47027.21000000,504.80878000,2022-01-04 15:44:59.999,23817007.99699620,16033,222.69596000,10505617.28320950
2022-01-04 15:45:00,47027.20000000,47161.59000000,46850.05000000,46925.35000000,462.12617000,2022-01-04 15:59:59.999,21724006.31119350,14451,214.71680000,10095534.41432800
2022-01-04 16:00:00,46925.34000000,46925.35000000,46740.00000000,46770.55000000,651.93366000,2022-01-04 16:14:59.999,30522775.97758810,17439,309.85700000,14506200.21088360
2022-01-04 16:15:00,46770.55000000,46832.87000000,46650.00000000,46698.37000000,454.56868000,2022-01-04 16:29:59.999,21245197.94105080,15203,260.16502000,12158433.60098960
2022-01-04 16:30:00,46698.38000000,46871.61000000,46661.03000000,46815.60000000,399.88072000,2022-01-04 16:44:59.999,18704304.99662600,12403,201.10793000,9405979.18490090
2022-01-04 16:45:00,46815.59000000,46875.38000000,46740.00000000,46767.27000000,268.32991000,2022-01-04 16:59:59.999,12563205.97098200,8943,159.01296000,7444826.34363180
2022-01-04 17:00:00,46767.28000000,46824.89000000,46705.36000000,46810.87000000,162.53773000,2022-01-04 17:14:59.999,7601820.15970410,8335,79.52881000,3719907.96160930
2022-01-04 17:15:00,46810.87000000,46984.99000000,46790.23000000,46820.47000000,201.87903000,2022-01-04 17:29:59.999,9465897.02725890,9289,108.51343000,5088389.65310530
2022-01-04 17:30:00,46820.47000000,46921.20000000,46764.44000000,46870.66000000,172.27176000,2022-01-04 17:44:59.999,8073815.60491780,8458,90.52603000,4242109.42057830
2022-01-04 17:45:00,46870.66000000,46877.81000000,46522.91000000,46555.01000000,245.84851000,2022-01-04 17:59:59.999,11478315.80608200,10682,102.77109000,4799452.73871920
2022-01-04 18:00:00,46555.00000000,46719.78000000,46522.14000000,46651.42000000,277.57318000,2022-01-04 18:14:59.999,12942601.68501490,9892,131.67931000,6138692.64504010
2022-01-04 18:15:00,46651.42000000,46698.40000000,46466.00000000,46470.42000000,277.68311000,2022-01-04 18:29:59.999,12937020.30637240,9082,108.19554000,5041334.76719840
2022-01-04 18:30:00,46470.43000000,46484.82000000,45870.00000000,45990.21000000,1937.54864000,2022-01-04 18:44:59.999,89259277.03535410,34064,857.84115000,39510039.55996820
2022-01-04 18:45:00,45990.20000000,45999.40000000,45500.00000000,45750.00000000,2087.60548000,2022-01-04 18:59:59.999,95508831.91931390,38389,1010.47916000,46240307.53250650
2022-01-04 19:00:00,45750.01000000,46454.86000000,45580.99000000,46327.61000000,1330.69553000,2022-01-04 19:14:59.999,61354307.97055900,31639,717.14140000,33062463.91067030
2022-01-04 19:15:00,46327.60000000,46443.53000000,46127.51000000,46185.47000000,678.90442000,2022-01-04 19:29:59.999,31420477.79907030,14893,351.20997000,16259123.24024930
2022-01-04 19:30:00,46185.46000000,46295.58000000,46054.77000000,46123.45000000,256.48758000,2022-01-04 19:44:59.999,11836995.17834930,9752,116.86581000,5393211.76453850
2022-01-04 19:45:00,46123.45000000,46194.32000000,45941.86000000,46052.36000000,451.70855000,2022-01-04 19:59:59.999,20793376.69339790,13242,182.92187000,8420620.35833590
2022-01-04 20:00:00,46052.35000000,46227.14000000,45957.52000000,46194.99000000,399.67939000,2022-01-04 20:14:59.999,18415751.19264650,11717,212.80620000,9805346.45669670
2022-01-04 20:15:00,46194.99000000,46428.27000000,46189.31000000,46403.21000000,312.33648000,2022-01-04 20:29:59.999,14461128.23122600,10099,179.48165000,8309577.26645410
2022-01-04 20:30:00,46403.20000000,46403.21000000,46268.92000000,46309.09000000,212.56322000,2022-01-04 20:44:59.999,9852612.34109900,7631,74.94375000,3473497.98932740
2022-01-04 20:45:00,46309.09000000,46370.77000000,46227.30000000,46264.92000000,186.74449000,2022-01-04 20:59:59.999,8649692.55095940,7088,101.82203000,4716555.87018580
2022-01-04 21:00:00,46264.92000000,46270.00000000,46158.83000000,46205.34000000,135.46721000,2022-01-04 21:14:59.999,6262367.49312370,6725,63.62780000,2941247.71918460
2022-01-04 21:15:00,46205.34000000,46215.01000000,46026.75000000,46125.72000000,259.19192000,2022-01-04 21:29:59.999,11954968.46828150,9231,100.11423000,4616175.15626330
2022-01-04 21:30:00,46125.73000000,46282.29000000,46108.75000000,46247.12000000,125.97930000,2022-01-04 21:44:59.999,5818546.77199930,6827,60.16524000,2778893.61876270
2022-01-04 21:45:00,46247.20000000,46322.89000000,46172.48000000,46221.89000000,192.87712000,2022-01-04 21:59:59.999,8915741.27513520,7258,92.92588000,4295241.45839020
2022-01-04 22:00:00,46221.89000000,46221.92000000,46100.00000000,46100.00000000,143.18827000,2022-01-04 22:14:59.999,6604824.71758530,7359,57.28919000,2642789.93074510
2022-01-04 22:15:00,46100.01000000,46175.85000000,45977.78000000,46140.46000000,195.93770000,2022-01-04 22:29:59.999,9028175.94581870,8820,88.07347000,4058369.30785940
2022-01-04 22:30:00,46140.45000000,46262.39000000,46131.99000000,46241.28000000,156.28116000,2022-01-04 22:44:59.999,7222747.84785650,8252,97.44823000,4503870.09150720
2022-01-04 22:45:00,46241.28000000,46247.31000000,46061.76000000,46159.91000000,175.90787000,2022-01-04 22:59:59.999,8119272.56182620,6718,105.22252000,4855790.15559490
2022-01-04 23:00:00,46159.91000000,46159.91000000,45900.84000000,45931.16000000,208.81697000,2022-01-04 23:14:59.999,9613252.10681710,7766,86.43857000,3979824.93682390
2022-01-04 23:15:00,45931.17000000,46099.16000000,45856.62000000,46040.00000000,363.26324000,2022-01-04 23:29:59.999,16694815.28595180,9710,205.64959000,9452093.91905140
2022-01-04 23:30:00,46039.99000000,46040.40000000,45760.05000000,45811.54000000,263.29701000,2022-01-04 23:44:59.999,12082487.43716840,9989,118.55796000,5440578.63372260
2022-01-04 23:45:00,45813.62000000,46011.49000000,45779.25000000,45832.01000000,212.87583000,2022-01-04 23:59:59.999,9770589.29698540,8204,101.64082000,4665550.77547470
2022-01-05 00:00:00,45832.01000000,46045.27000000,45722.21000000,46001.65000000,377.99155000,2022-01-05 00:14:59.999,17340898.99633880,12865,199.46064000,9152389.84894460
2022-01-05 00:15:00,46001.66000000,46111.60000000,45973.36000000,46036.18000000,196.77559000,2022-01-05 00:29:59.999,9062601.22369330,8390,85.11957000,3920172.52130470
2022-01-05 00:30:00,46036.18000000,46235.70000000,46022.37000000,46174.36000000,223.01295000,2022-01-05 00:44:59.999,10296164.12278370,8379,128.78498000,5945318.90638870
2022-01-05 00:45:00,46174.36000000,46298.56000000,46144.70000000,46271.57000000,209.01612000,2022-01-05 00:59:59.999,9659643.65446580,6798,94.43721000,4364426.19871670
2022-01-05 01:00:00,46271.56000000,46319.67000000,46199.49000000,46311.76000000,193.75309000,2022-01-05 01:14:59.999,8963515.31658850,7492,79.95879000,3698803.86710440
2022-01-05 01:15:00,46311.76000000,46333.22000000,46175.02000000,46227.81000000,172.51126000,2022-01-05 01:29:59.999,7982046.11886360,6798,84.12903000,3892206.37310170
2022-01-05 01:30:00,46227.80000000,46278.92000000,46157.32000000,46265.37000000,143.43049000,2022-01-05 01:44:59.999,6628331.70481250,5971,74.92933000,3462493.17996860
2022-01-05 01:45:00,46265.37000000,46294.16000000,46111.50000000,46111.50000000,216.51441000,2022-01-05 01:59:59.999,9999494.43562170,6588,106.32559000,4910826.08830250
2022-01-05 02:00:00,46111.50000000,46264.11000000,46111.50000000,46245.84000000,216.33528000,2022-01-05 02:14:59.999,9994038.85362290,6716,126.62605000,5848882.01688930
2022-01-05 02:15:00,46245.84000000,46390.15000000,46241.12000000,46282.41000000,190.88870000,2022-01-05 02:29:59.999,8838467.21111760,7453,107.77749000,4990239.54576980
2022-01-05 02:30:00,46282.42000000,46380.95000000,46277.01000000,46371.07000000,99.04975000,2022-01-05 02:44:59.999,4588911.76026930,5481,55.22969000,2558796.31758210
2022-01-05 02:45:00,46371.07000000,46380.00000000,46294.01000000,46296.95000000,132.96059000,2022-01-05 02:59:59.999,6161578.16466440,5064,54.85754000,2542118.02022140
2022-01-05 03:00:00,46296.96000000,46479.70000000,46296.95000000,46445.54000000,185.60020000,2022-01-05 03:14:59.999,8611337.12736670,7516,99.77192000,4629292.39182660
2022-01-05 03:15:00,46445.55000000,46549.00000000,46404.02000000,46411.33000000,259.98370000,2022-01-05 03:29:59.999,12084255.17720500,8846,150.52425000,6996753.90740900
2022-01-05 03:30:00,46411.34000000,46449.68000000,46384.10000000,46405.92000000,115.48828000,2022-01-05 03:44:59.999,5359368.17420790,5328,65.68382000,3048031.76906100
2022-01-05 03:45:00,46405.93000000,46497.62000000,46401.57000000,46422.55000000,101.32873000,2022-01-05 03:59:59.999,4706582.78078360,5462,50.26123000,2334403.76232020
2022-01-05 04:00:00,46422.56000000,46498.00000000,46381.01000000,46498.00000000,174.40332000,2022-01-05 04:14:59.999,8096329.56944290,6083,110.89469000,5148334.93448790
2022-01-05 04:15:00,46498.00000000,46527.39000000,46451.39000000,46490.39000000,122.79441000,2022-01-05 04:29:59.999,5708522.23355710,5234,67.70815000,3147630.42782470
2022-01-05 04:30:00,46490.39000000,46496.04000000,46350.65000000,46368.04000000,87.25243000,2022-01-05 04:44:59.999,4048946.50532950,4346,37.26155000,1729021.53355000
2022-01-05 04:45:00,46368.03000000,46458.01000000,46350.93000000,46414.47000000,124.27026000,2022-01-05 04:59:59.999,5766327.80354140,4891,75.75774000,3515311.75138310
2022-01-05 05:00:00,46419.00000000,46419.00000000,46298.84000000,46307.33000000,151.64862000,2022-01-05 05:14:59.999,7029911.22034390,5712,48.71420000,2257805.47210580
2022-01-05 05:15:00,46307.32000000,46329.06000000,46257.62000000,46312.81000000,132.62877000,2022-01-05 05:29:59.999,6139327.15763840,5864,65.86505000,3048974.23267750
2022-01-05 05:30:00,46312.81000000,46324.58000000,46246.21000000,46260.22000000,96.99050000,2022-01-05 05:44:59.999,4488772.64788450,4853,48.87822000,2261969.96891690
2022-01-05 05:45:00,46260.23000000,46340.14000000,46246.01000000,46302.80000000,113.37503000,2022-01-05 05:59:59.999,5249972.25956260,5262,50.06830000,2318404.17336260
2022-01-05 06:00:00,46302.79000000,46393.06000000,46251.10000000,46363.00000000,232.34224000,2022-01-05 06:14:59.999,10755889.93901970,7045,79.02498000,3658784.14917530
2022-01-05 06:15:00,46363.00000000,46381.43000000,46300.34000000,46307.02000000,111.19185000,2022-01-05 06:29:59.999,5151065.96877030,6067,59.64165000,2762790.69438620
2022-01-05 06:30:00,46307.03000000,46434.99000000,46306.52000000,46369.28000000,145.79288000,2022-01-05 06:44:59.999,6761470.03342800,6682,73.97210000,3430028.78074750
2022-01-05 06:45:00,46369.27000000,46466.65000000,46362.71000000,46450.00000000,119.50821000,2022-01-05 06:59:59.999,5547607.05059720,6355,64.08037000,2974565.98464440
2022-01-05 07:00:00,46450.00000000,46490.20000000,46402.10000000,46469.28000000,148.05337000,2022-01-05 07:14:59.999,6876334.64837960,6927,69.30856000,3219174.25340790
2022-01-05 07:15:00,46470.24000000,46471.70000000,46363.46000000,46420.23000000,129.36170000,2022-01-05 07:29:59.999,6003608.25433070,6414,67.62789000,3138390.11432910
2022-01-05 07:30:00,46420.23000000,46434.57000000,46344.56000000,46348.12000000,146.18225000,2022-01-05 07:44:59.999,6779700.43532840,5727,57.54536000,2668772.87008100
2022-01-05 07:45:00,46348.12000000,46420.34000000,46333.78000000,46407.51000000,149.23848000,2022-01-05 07:59:59.999,6921524.17546580,6038,70.20886000,3256462.71969060
2022-01-05 08:00:00,46407.50000000,46433.87000000,46301.81000000,46317.26000000,149.34454000,2022-01-05 08:14:59.999,6922952.03528550,6277,70.87477000,3285386.76969060
2022-01-05 08:15:00,46317.25000000,46368.92000000,46250.49000000,46350.16000000,161.67643000,2022-01-05 08:29:59.999,7488628.08650120,6018,68.46687000,3171638.47172530
2022-01-05 08:30:00,46350.17000000,46533.46000000,46326.80000000,46519.93000000,155.59242000,2022-01-05 08:44:59.999,7220437.47487140,6282,91.91461000,4266353.96039020
2022-01-05 08:45:00,46519.93000000,46681.61000000,46519.91000000,46642.07000000,494.83095000,2022-01-05 08:59:59.999,23065732.98287200,10908,247.78139000,11550160.52665780
2022-01-05 09:00:00,46636.78000000,46696.92000000,46575.01000000,46639.03000000,350.58613000,2022-01-05 09:14:59.999,16348707.38192320,9287,159.91090000,7456085.66468460
2022-01-05 09:15:00,46639.02000000,46855.34000000,46621.57000000,46800.03000000,455.35260000,2022-01-05 09:29:59.999,21294435.63657510,12139,217.43283000,10166871.60830250
2022-01-05 09:30:00,46800.04000000,46934.99000000,46750.00000000,46902.38000000,443.23858000,2022-01-05 09:44:59.999,20758673.20147600,11010,171.03628000,8010545.77560250
2022-01-05 09:45:00,46902.39000000,46949.00000000,46776.74000000,46858.94000000,287.47116000,2022-01-05 09:59:59.999,13468123.22466690,9412,148.35055000,6950027.45914570
2022-01-05 10:00:00,46858.93000000,47070.00000000,46858.93000000,46953.33000000,738.94350000,2022-01-05 10:14:59.999,34713990.21283100,16715,430.21890000,20210370.71473870
2022-01-05 10:15:00,46953.32000000,46955.00000000,46763.07000000,46793.09000000,260.96811000,2022-01-05 10:29:59.999,12220876.38783060,9216,116.36508000,5448377.84195440
2022-01-05 10:30:00,46793.08000000,46834.89000000,46697.79000000,46721.14000000,338.18199000,2022-01-05 10:44:59.999,15811227.18521040,10074,182.58802000,8536062.66448200
2022-01-05 10:45:00,46717.31000000,46836.93000000,46713.35000000,46818.50000000,291.68209000,2022-01-05 10:59:59.999,13644615.95124450,6813,152.78913000,7146888.97418300
2022-01-05 11:00:00,46818.50000000,46869.25000000,46606.01000000,46636.19000000,321.79313000,2022-01-05 11:14:59.999,15032033.18398170,9174,139.75432000,6529492.62840590
2022-01-05 11:15:00,46636.18000000,46670.05000000,46461.75000000,46546.17000000,279.20672000,2022-01-05 11:29:59.999,13002660.17035830,9875,124.90341000,5818261.03761840
2022-01-05 11:30:00,46546.18000000,46548.05000000,46151.54000000,46203.94000000,616.18922000,2022-01-05 11:44:59.999,28549710.59515380,16673,273.36621000,12662346.09671910
2022-01-05 11:45:00,46203.95000000,46299.20000000,46110.00000000,46270.99000000,278.74770000,2022-01-05 11:59:59.999,12885486.60647970,11731,134.81013000,6232559.03116540
2022-01-05 12:00:00,46271.00000000,46348.20000000,46113.29000000,46187.09000000,428.91084000,2022-01-05 12:14:59.999,19838640.55394140,12275,222.96302000,10313831.43376010
2022-01-05 12:15:00,46187.09000000,46250.00000000,45953.63000000,46154.94000000,527.06041000,2022-01-05 12:29:59.999,24290510.83856180,15084,221.17770000,10199040.05352900
2022-01-05 12:30:00,46154.93000000,46178.95000000,45803.67000000,46060.67000000,560.36824000,2022-01-05 12:44:59.999,25780994.61283030,14925,238.91678000,10995153.38404440
2022-01-05 12:45:00,46060.66000000,46258.09000000,45925.61000000,46229.99000000,365.72296000,2022-01-05 12:59:59.999,16858626.38013670,11572,190.12431000,8765878.54528510
2022-01-05 13:00:00,46229.99000000,46280.11000000,46112.59000000,46156.32000000,242.58265000,2022-01-05 13:14:59.999,11206434.54349920,8947,106.35616000,4913170.54213840
2022-01-05 13:15:00,46156.33000000,46390.00000000,46131.00000000,46364.23000000,316.38214000,2022-01-05 13:29:59.999,14646034.39952190,10431,151.96382000,7033384.20225800
2022-01-05 13:30:00,46364.24000000,46466.66000000,46315.68000000,46363.41000000,243.37058000,2022-01-05 13:44:59.999,11290925.27715510,10297,111.69935000,5182248.13124510
2022-01-05 13:45:00,46363.40000000,46440.12000000,46265.52000000,46440.01000000,219.48338000,2022-01-05 13:59:59.999,10172978.82272180,8956,107.45405000,4981050.81262930
2022-01-05 14:00:00,46440.00000000,46517.23000000,46368.37000000,46415.51000000,216.24504000,2022-01-05 14:14:59.999,10041593.03688460,8765,116.08375000,5390862.05036570
2022-01-05 14:15:00,46415.51000000,46420.40000000,46298.13000000,46402.91000000,196.82400000,2022-01-05 14:29:59.999,9122554.25477250,7855,102.81187000,4765239.48227930
2022-01-05 14:30:00,46402.91000000,46769.00000000,46236.79000000,46325.16000000,712.05773000,2022-01-05 14:44:59.999,33073232.19910820,18343,354.22599000,16457366.53212850
2022-01-05 14:45:00,46325.17000000,46822.17000000,46150.35000000,46689.52000000,798.86040000,2022-01-05 14:59:59.999,37153904.35263900,19726,447.64238000,20826225.88875960
2022-01-05 15:00:00,46689.52000000,46822.16000000,46545.45000000,46552.18000000,393.97272000,2022-01-05 15:14:59.999,18399031.47114400,13223,171.59562000,8014288.66904370
2022-01-05 15:15:00,46552.18000000,46788.86000000,46500.00000000,46752.46000000,292.45818000,2022-01-05 15:29:59.999,13640118.23326670,10773,161.00980000,7510059.80450720
2022-01-05 15:30:00,46752.46000000,46752.46000000,46450.00000000,46539.03000000,311.93355000,2022-01-05 15:44:59.999,14524808.37249680,11179,139.76209000,6507688.28907560
2022-01-05 15:45:00,46539.04000000,46645.74000000,46368.63000000,46622.53000000,230.02975000,2022-01-05 15:59:59.999,10699753.45756680,10113,108.83131000,5061615.90144130
2022-01-05 16:00:00,46622.53000000,46665.64000000,46352.00000000,46464.42000000,265.00347000,2022-01-05 16:14:59.999,12319649.31940300,9995,121.04857000,5627196.52315520
2022-01-05 16:15:00,46464.41000000,46673.19000000,46449.86000000,46673.19000000,244.20181000,2022-01-05 16:29:59.999,11371686.89616110,8400,148.00576000,6891689.54412500
2022-01-05 16:30:00,46673.18000000,46674.37000000,46367.23000000,46397.25000000,278.05775000,2022-01-05 16:44:59.999,12929418.30531990,8260,120.68246000,5611074.15707160
2022-01-05 16:45:00,46397.25000000,46403.26000000,46282.05000000,46301.62000000,226.87398000,2022-01-05 16:59:59.999,10513974.48094570,8537,90.90522000,4212322.71298640
2022-01-05 17:00:00,46301.62000000,46469.66000000,46283.71000000,46357.07000000,166.12324000,2022-01-05 17:14:59.999,7708951.24363140,8151,83.29140000,3864984.85716410
2022-01-05 17:15:00,46357.07000000,46392.79000000,46244.12000000,46370.42000000,257.14043000,2022-01-05 17:29:59.999,11906117.37669330,9482,127.53944000,5905567.14676180
2022-01-05 17:30:00,46370.41000000,46376.43000000,46013.24000000,46157.99000000,428.68927000,2022-01-05 17:44:59.999,19793850.30137980,14468,153.38369000,7081840.44857300
2022-01-05 17:45:00,46157.99000000,46217.33000000,46001.00000000,46010.72000000,340.50309000,2022-01-05 17:59:59.999,15702165.05601420,13203,137.49670000,6340686.94031140
2022-01-05 18:00:00,46010.72000000,46014.71000000,45550.00000000,45781.08000000,2032.99122000,2022-01-05 18:14:59.999,92975098.19443850,37367,808.37177000,36953706.81510820
2022-01-05 18:15:00,45781.09000000,45969.29000000,45576.96000000,45859.60000000,663.54394000,2022-01-05 18:29:59.999,30384594.97643460,17296,326.32046000,14949025.27224070
2022-01-05 18:30:00,45859.60000000,46365.68000000,45809.00000000,46000.00000000,704.54091000,2022-01-05 18:44:59.999,32443030.73132520,18740,365.78835000,16846866.38462580
2022-01-05 18:45:00,46000.00000000,46136.02000000,45909.74000000,45919.92000000,267.42498000,2022-01-05 18:59:59.999,12304165.95500200,9273,131.34723000,6043439.17477210
2022-01-05 19:00:00,45919.93000000,46118.85000000,45652.05000000,45695.68000000,720.05562000,2022-01-05 19:14:59.999,33006298.24735480,20097,352.61673000,16164662.38764320
2022-01-05 19:15:00,45695.68000000,46000.00000000,45573.62000000,45903.12000000,731.28894000,2022-01-05 19:29:59.999,33463435.96716610,20487,366.17358000,16758302.41290170
2022-01-05 19:30:00,45903.12000000,45997.42000000,45560.00000000,45564.65000000,554.34161000,2022-01-05 19:44:59.999,25356241.79234990,16605,268.34963000,12277491.36448330
2022-01-05 19:45:00,45564.66000000,45582.98000000,44500.00000000,44685.93000000,5377.97908000,2022-01-05 19:59:59.999,241875883.63011630,119453,2033.41039000,91407587.20837200
2022-01-05 20:00:00,44685.93000000,44847.99000000,43722.54000000,44240.95000000,4368.18531000,2022-01-05 20:14:59.999,193120346.65784430,87419,1807.20270000,79944777.03959820
2022-01-05 20:15:00,44234.52000000,44438.73000000,44008.09000000,44134.68000000,1586.49924000,2022-01-05 20:29:59.999,70173183.03766370,35461,785.17501000,34733341.49994480
2022-01-05 20:30:00,44134.68000000,44400.00000000,44023.99000000,44194.26000000,841.58023000,2022-01-05 20:44:59.999,37210794.48764110,23573,426.55190000,18860749.36612700
2022-01-05 20:45:00,44194.26000000,44281.74000000,43888.00000000,43967.01000000,1258.54638000,2022-01-05 20:59:59.999,55446755.14717310,26701,650.81798000,28669206.12708390
2022-01-05 21:00:00,43967.01000000,44331.42000000,43900.70000000,44185.54000000,568.00112000,2022-01-05 21:14:59.999,25088498.55973210,19867,295.64341000,13057247.27088510
2022-01-05 21:15:00,44185.54000000,44206.10000000,43806.00000000,43968.13000000,733.73001000,2022-01-05 21:29:59.999,32282557.21263100,21168,321.58008000,14152623.58190480
2022-01-05 21:30:00,43968.13000000,43983.97000000,43422.54000000,43672.91000000,1717.72281000,2022-01-05 21:44:59.999,74943215.69823450,42122,679.14192000,29640041.08600480
2022-01-05 21:45:00,43672.92000000,44017.74000000,43599.94000000,43606.37000000,824.74561000,2022-01-05 21:59:59.999,36126105.67099000,22441,443.83626000,19446411.22509990
2022-01-05 22:00:00,43602.49000000,43815.20000000,43260.85000000,43359.46000000,1006.71543000,2022-01-05 22:14:59.999,43832740.66981340,31812,465.14921000,20263908.70506170
2022-01-05 22:15:00,43359.46000000,43500.00000000,43000.00000000,43000.01000000,1675.30985000,2022-01-05 22:29:59.999,72341766.18168430,53215,576.27149000,24923405.91632350
2022-01-05 22:30:00,43000.00000000,43553.65000000,42500.00000000,43454.30000000,2764.81573000,2022-01-05 22:44:59.999,118807405.10228020,99158,1152.57114000,49603191.41566520
2022-01-05 22:45:00,43454.30000000,43647.00000000,43130.56000000,43437.05000000,1409.79969000,2022-01-05 22:59:59.999,61222110.04830030,35061,685.59462000,29778445.04251910
2022-01-05 23:00:00,43437.04000000,43574.15000000,43212.00000000,43533.72000000,861.19414000,2022-01-05 23:14:59.999,37381102.24714030,23525,414.96205000,18012649.87653900
2022-01-05 23:15:00,43533.72000000,43709.12000000,43455.30000000,43636.28000000,793.88029000,2022-01-05 23:29:59.999,34600016.49844170,21889,393.15190000,17133797.78320860
2022-01-05 23:30:00,43636.28000000,43662.27000000,43402.58000000,43611.11000000,632.08357000,2022-01-05 23:44:59.999,27509052.76363220,17363,280.35515000,12201145.09390710
2022-01-05 23:45:00,43611.10000000,43670.00000000,43400.00000000,43451.13000000,582.80697000,2022-01-05 23:59:59.999,25377356.33997700,15228,246.64220000,10739732.25333500
2022-01-06 00:00:00,43451.14000000,43568.13000000,43261.62000000,43507.22000000,780.67382000,2022-01-06 00:14:59.999,33889677.20767010,19478,388.28166000,16856748.61670610
2022-01-06 00:15:00,43507.23000000,43615.71000000,43368.57000000,43526.13000000,546.75418000,2022-01-06 00:29:59.999,23778040.15771150,13617,256.99714000,11174946.55123090
2022-01-06 00:30:00,43526.13000000,43772.41000000,43482.46000000,43686.21000000,563.72298000,2022-01-06 00:44:59.999,24615779.88019120,13877,292.59820000,12776650.30204390
2022-01-06 00:45:00,43686.21000000,43727.83000000,43544.38000000,43680.94000000,330.09813000,2022-01-06 00:59:59.999,14403691.17829390,10178,164.98030000,7199419.73505200
2022-01-06 01:00:00,43680.94000000,43700.00000000,43526.12000000,43653.47000000,453.38116000,2022-01-06 01:14:59.999,19769761.97340750,11837,194.64134000,8486201.45756030
2022-01-06 01:15:00,43653.48000000,43816.00000000,43565.28000000,43601.29000000,557.95093000,2022-01-06 01:29:59.999,24391907.82002780,13545,244.26662000,10678460.04740740
2022-01-06 01:30:00,43601.29000000,43661.56000000,43503.40000000,43658.36000000,401.22313000,2022-01-06 01:44:59.999,17488201.29299580,11387,187.81739000,8186749.36502370
2022-01-06 01:45:00,43658.36000000,43661.58000000,43306.48000000,43542.69000000,495.60922000,2022-01-06 01:59:59.999,21548647.13123970,15440,219.76821000,9554018.10821940
2022-01-06 02:00:00,43542.69000000,43618.34000000,43353.27000000,43353.49000000,323.30829000,2022-01-06 02:14:59.999,14064136.27930440,11033,140.76682000,6124709.21230780
2022-01-06 02:15:00,43353.49000000,43425.88000000,43150.05000000,43237.75000000,494.58134000,2022-01-06 02:29:59.999,21416496.02822950,13579,216.41522000,9373935.45784930
2022-01-06 02:30:00,43237.75000000,43399.99000000,43204.13000000,43399.99000000,382.90017000,2022-01-06 02:44:59.999,16585683.13675600,10219,221.45260000,9592391.28647210
2022-01-06 02:45:00,43399.99000000,43443.08000000,43215.92000000,43259.54000000,249.24567000,2022-01-06 02:59:59.999,10799782.43873380,9663,121.36014000,5257871.35476330
2022-01-06 03:00:00,43259.55000000,43310.69000000,43081.23000000,43239.05000000,490.74020000,2022-01-06 03:14:59.999,21194991.20265880,13257,223.57784000,9657368.77256550
2022-01-06 03:15:00,43239.05000000,43260.33000000,43077.92000000,43092.15000000,422.08669000,2022-01-06 03:29:59.999,18221357.18225500,11006,192.57089000,8313802.92175710
2022-01-06 03:30:00,43092.16000000,43210.00000000,43000.00000000,43092.23000000,467.07994000,2022-01-06 03:44:59.999,20137273.07888280,14836,230.45182000,9937178.82546410
2022-01-06 03:45:00,43092.24000000,43137.04000000,42803.37000000,42835.00000000,947.94038000,2022-01-06 03:59:59.999,40710125.77984360,21333,450.73961000,19358664.27477920
2022-01-06 04:00:00,42835.00000000,43063.55000000,42762.34000000,43026.14000000,962.77098000,2022-01-06 04:14:59.999,41310026.79250200,18273,469.10335000,20122208.24061890
2022-01-06 04:15:00,43026.13000000,43159.17000000,42821.22000000,42821.23000000,585.60939000,2022-01-06 04:29:59.999,25180733.66934530,13665,245.16270000,10547791.88342240
2022-01-06 04:30:00,42821.22000000,42995.26000000,42600.05000000,42772.18000000,929.68917000,2022-01-06 04:44:59.999,39768973.37353150,19456,495.21472000,21189373.80395890
2022-01-06 04:45:00,42772.18000000,43147.87000000,42670.18000000,43029.73000000,579.20886000,2022-01-06 04:59:59.999,24871785.28857340,15328,325.45378000,13974592.55597300
2022-01-06 05:00:00,43029.73000000,43201.39000000,42800.00000000,43133.29000000,558.43463000,2022-01-06 05:14:59.999,24032323.45908330,14984,261.85611000,11271310.12888520
2022-01-06 05:15:00,43133.30000000,43246.37000000,43064.77000000,43159.55000000,326.10559000,2022-01-06 05:29:59.999,14074931.90686940,10660,181.15200000,7818601.21726540
2022-01-06 05:30:00,43159.56000000,43177.07000000,42853.32000000,42940.99000000,477.01017000,2022-01-06 05:44:59.999,20518445.58478750,13859,208.25724000,8958339.08132750
2022-01-06 05:45:00,42941.00000000,43153.96000000,42933.00000000,43050.01000000,287.60154000,2022-01-06 05:59:59.999,12379510.33199850,9227,158.90364000,6840578.41108200
2022-01-06 06:00:00,43050.00000000,43115.74000000,42912.25000000,43110.44000000,284.82428000,2022-01-06 06:14:59.999,12243878.15657460,10260,127.79100000,5493553.24104230
2022-01-06 06:15:00,43110.44000000,43231.85000000,43048.56000000,43110.39000000,289.40193000,2022-01-06 06:29:59.999,12490811.14518760,10169,138.50869000,5978588.24359670
2022-01-06 06:30:00,43110.39000000,43168.96000000,42902.65000000,42957.60000000,439.08204000,2022-01-06 06:44:59.999,18883496.21841400,11278,281.15569000,12090870.54857720
2022-01-06 06:45:00,42957.60000000,43125.23000000,42926.27000000,43102.28000000,252.23901000,2022-01-06 06:59:59.999,10854245.47769950,9282,128.96002000,5549261.08488020
2022-01-06 07:00:00,43102.28000000,43217.00000000,42987.73000000,43142.12000000,266.50869000,2022-01-06 07:14:59.999,11490817.63933840,10028,144.36178000,6224238.98625680
2022-01-06 07:15:00,43142.12000000,43211.79000000,43100.00000000,43197.69000000,253.15570000,2022-01-06 07:29:59.999,10928040.46823150,8426,142.33515000,6144657.93341160
2022-01-06 07:30:00,43197.68000000,43234.02000000,43037.49000000,43063.27000000,321.76480000,2022-01-06 07:44:59.999,13880849.16716010,9614,188.42097000,8128855.35363880
2022-01-06 07:45:00,43063.26000000,43275.80000000,43032.64000000,43245.25000000,334.98413000,2022-01-06 07:59:59.999,14466922.25560330,10655,205.57603000,8877466.71076180
2022-01-06 08:00:00,43245.26000000,43273.87000000,43081.77000000,43109.06000000,370.89870000,2022-01-06 08:14:59.999,16015540.55123180,11498,178.88970000,7724158.97342940
2022-01-06 08:15:00,43109.06000000,43239.83000000,42992.01000000,43090.00000000,378.32856000,2022-01-06 08:29:59.999,16307624.27274990,12661,162.16914000,6991560.64299590
2022-01-06 08:30:00,43090.00000000,43114.24000000,42900.00000000,42970.00000000,479.73548000,2022-01-06 08:44:59.999,20632042.94073120,14994,231.11100000,9939441.76419280
2022-01-06 08:45:00,42970.01000000,43090.68000000,42925.69000000,43055.41000000,298.56559000,2022-01-06 08:59:59.999,12841083.55942740,10435,140.79791000,6055727.37406950
2022-01-06 09:00:00,43055.42000000,43089.86000000,42863.30000000,42928.27000000,362.35120000,2022-01-06 09:14:59.999,15558116.82527320,13439,179.83195000,7721239.32455350
2022-01-06 09:15:00,42928.28000000,42990.00000000,42700.00000000,42749.42000000,607.79844000,2022-01-06 09:29:59.999,26047094.82730280,15395,276.88215000,11866857.05865980
2022-01-06 09:30:00,42753.61000000,42907.54000000,42500.00000000,42800.01000000,999.31346000,2022-01-06 09:44:59.999,42658965.43036170,24805,454.86618000,19423171.35388270
2022-01-06 09:45:00,42800.01000000,42870.00000000,42430.58000000,42597.87000000,938.20884000,2022-01-06 09:59:59.999,39983480.50101780,24875,440.93337000,18796663.46877470
2022-01-06 10:00:00,42597.87000000,42765.75000000,42588.96000000,42661.98000000,480.06628000,2022-01-06 10:14:59.999,20490760.50270980,15391,252.89937000,10795060.86873600
2022-01-06 10:15:00,42661.98000000,42850.00000000,42568.22000000,42822.00000000,438.77084000,2022-01-06 10:29:59.999,18743493.54551210,13534,230.36064000,9841987.22835820
2022-01-06 10:30:00,42822.00000000,42950.00000000,42700.00000000,42746.62000000,461.08410000,2022-01-06 10:44:59.999,19747414.21717890,13659,197.77339000,8472572.59821750
2022-01-06 10:45:00,42746.62000000,42960.00000000,42719.25000000,42878.88000000,589.54553000,2022-01-06 10:59:59.999,25271178.53692000,14629,236.90549000,10157825.95944480
2022-01-06 11:00:00,42878.87000000,42974.21000000,42809.08000000,42946.89000000,469.72133000,2022-01-06 11:14:59.999,20155524.81242190,11937,248.19650000,10651262.24016660
2022-01-06 11:15:00,42946.89000000,42961.77000000,42790.00000000,42796.60000000,269.01717000,2022-01-06 11:29:59.999,11531301.41705770,10146,111.19423000,4766349.07863050
2022-01-06 11:30:00,42796.60000000,42896.47000000,42677.28000000,42694.82000000,268.90056000,2022-01-06 11:44:59.999,11503890.17190480,11125,131.94948000,5645998.10857340
2022-01-06 11:45:00,42694.82000000,42944.47000000,42691.07000000,42878.34000000,339.48812000,2022-01-06 11:59:59.999,14548218.71475740,11988,198.19932000,8494023.83167890
2022-01-06 12:00:00,42878.33000000,42956.82000000,42751.51000000,42754.98000000,366.70119000,2022-01-06 12:14:59.999,15712491.90692370,11961,154.16719000,6605452.45011270
2022-01-06 12:15:00,42754.98000000,42855.97000000,42632.44000000,42664.89000000,380.76827000,2022-01-06 12:29:59.999,16269187.46811310,12454,207.27382000,8856696.13485160
2022-01-06 12:30:00,42664.89000000,42832.70000000,42650.15000000,42757.96000000,401.55584000,2022-01-06 12:44:59.999,17170491.79864880,13046,208.83660000,8929001.33397870
2022-01-06 12:45:00,42757.96000000,43077.00000000,42735.34000000,43062.76000000,493.30209000,2022-01-06 12:59:59.999,21173767.17393280,14051,251.96578000,10814935.76744750
2022-01-06 13:00:00,43062.77000000,43189.55000000,43009.31000000,43053.00000000,531.62064000,2022-01-06 13:14:59.999,22907840.38764360,16589,249.32300000,10743228.49680950
2022-01-06 13:15:00,43053.01000000,43200.00000000,42931.99000000,43009.45000000,509.41600000,2022-01-06 13:29:59.999,21913370.41692440,12780,274.06872000,11792184.80887320
2022-01-06 13:30:00,43009.45000000,43132.66000000,42900.00000000,42994.26000000,348.26505000,2022-01-06 13:44:59.999,14968166.03111020,11938,189.73043000,8155967.27850650
2022-01-06 13:45:00,42994.25000000,43194.00000000,42960.00000000,43150.01000000,496.84825000,2022-01-06 13:59:59.999,21423161.77943650,15885,221.45492000,9548529.96189190
2022-01-06 14:00:00,43150.00000000,43194.00000000,43012.72000000,43040.01000000,279.21957000,2022-01-06 14:14:59.999,12032276.45540370,11732,125.14358000,5393169.08260740
2022-01-06 14:15:00,43040.01000000,43050.04000000,42860.03000000,42882.96000000,409.74362000,2022-01-06 14:29:59.999,17600667.69017650,13533,196.99965000,8461920.53317180
2022-01-06 14:30:00,42882.96000000,43267.09000000,42882.96000000,43131.73000000,631.44862000,2022-01-06 14:44:59.999,27231709.19119090,17290,334.50903000,14425147.51654490
2022-01-06 14:45:00,43131.73000000,43149.53000000,42761.90000000,42805.50000000,855.54440000,2022-01-06 14:59:59.999,36720845.93360230,18987,399.69920000,17156644.04660210
2022-01-06 15:00:00,42805.50000000,42883.93000000,42666.00000000,42738.62000000,623.21281000,2022-01-06 15:14:59.999,26641757.18092830,16771,332.33941000,14206402.52424650
2022-01-06 15:15:00,42738.62000000,42940.22000000,42716.64000000,42866.47000000,386.20706000,2022-01-06 15:29:59.999,16545932.44924620,12220,203.64575000,8724555.47219880
2022-01-06 15:30:00,42866.47000000,43007.39000000,42825.95000000,42878.02000000,351.18943000,2022-01-06 15:44:59.999,15080177.73340810,10857,177.69986000,7629589.15834990
2022-01-06 15:45:00,42878.02000000,43019.71000000,42847.81000000,42950.01000000,349.19311000,2022-01-06 15:59:59.999,15000107.83083040,10529,159.53908000,6853138.33652760
2022-01-06 16:00:00,42950.02000000,43064.91000000,42884.00000000,43002.40000000,321.93639000,2022-01-06 16:14:59.999,13837130.80960530,10995,175.57025000,7546064.19153640
2022-01-06 16:15:00,43002.39000000,43131.76000000,42847.81000000,42863.02000000,586.32109000,2022-01-06 16:29:59.999,25213568.95207850,13649,315.60240000,13575049.34701130
2022-01-06 16:30:00,42863.01000000,42971.11000000,42725.09000000,42891.88000000,539.51450000,2022-01-06 16:44:59.999,23102168.45496940,12363,263.80171000,11297785.53790430
2022-01-06 16:45:00,42891.88000000,42924.31000000,42786.38000000,42882.22000000,236.71357000,2022-01-06 16:59:59.999,10146202.87801700,8550,115.77690000,4962814.22482260
2022-01-06 17:00:00,42882.23000000,43014.58000000,42847.89000000,42847.89000000,308.16293000,2022-01-06 17:14:59.999,13231599.66285190,9472,174.47133000,7491757.82936300
2022-01-06 17:15:00,42847.89000000,43046.00000000,42790.89000000,43045.51000000,315.92084000,2022-01-06 17:29:59.999,13561275.35127380,9465,180.51762000,7748587.33980360
2022-01-06 17:30:00,43045.51000000,43157.11000000,42980.27000000,43150.17000000,291.52839000,2022-01-06 17:44:59.999,12556539.40836190,9880,158.65300000,6833947.41671180
2022-01-06 17:45:00,43150.17000000,43175.66000000,42994.14000000,43005.29000000,302.46532000,2022-01-06 17:59:59.999,13028492.02581730,10123,132.96985000,5727229.95176410
2022-01-06 18:00:00,43005.30000000,43188.00000000,42982.05000000,43143.04000000,264.22180000,2022-01-06 18:14:59.999,11390498.08974430,9815,140.96534000,6077139.19353790
2022-01-06 18:15:00,43143.04000000,43160.00000000,43019.16000000,43059.03000000,198.08026000,2022-01-06 18:29:59.999,8537630.44833210,8484,90.99929000,3922234.09088640
2022-01-06 18:30:00,43058.34000000,43188.00000000,43027.88000000,43187.99000000,313.49409000,2022-01-06 18:44:59.999,13521959.14347540,9375,171.21416000,7384281.12885940
2022-01-06 18:45:00,43187.99000000,43400.00000000,43137.75000000,43369.04000000,491.22329000,2022-01-06 18:59:59.999,21266329.97493320,15257,286.92266000,12422127.78411560
2022-01-06 19:00:00,43369.04000000,43425.92000000,43224.73000000,43326.00000000,362.44426000,2022-01-06 19:14:59.999,15702561.02856130,12977,179.85239000,7792536.60356820
2022-01-06 19:15:00,43326.00000000,43461.04000000,43301.07000000,43379.45000000,287.34745000,2022-01-06 19:29:59.999,12461574.99397140,10288,163.47988000,7090662.98323540
2022-01-06 19:30:00,43379.44000000,43470.00000000,43320.08000000,43452.56000000,370.32544000,2022-01-06 19:44:59.999,16077345.06549640,11393,209.82116000,9109196.61011630
2022-01-06 19:45:00,43452.56000000,43508.78000000,43423.10000000,43438.10000000,310.83206000,2022-01-06 19:59:59.999,13512108.48140190,10232,173.48584000,7541913.23398550
2022-01-06 20:00:00,43438.11000000,43581.30000000,43386.83000000,43398.72000000,449.42704000,2022-01-06 20:14:59.999,19548803.00583680,12803,220.86211000,9606893.30504660
2022-01-06 20:15:00,43398.73000000,43403.74000000,43150.00000000,43318.30000000,381.43338000,2022-01-06 20:29:59.999,16502417.77690310,11619,212.43027000,9191588.02638950
2022-01-06 20:30:00,43318.30000000,43335.22000000,43119.71000000,43227.52000000,240.82132000,2022-01-06 20:44:59.999,10406308.92358180,8485,114.48595000,4946837.89414830
2022-01-06 20:45:00,43227.06000000,43251.19000000,43111.57000000,43221.50000000,220.72966000,2022-01-06 20:59:59.999,9533434.19254240,7754,101.35093000,4377619.21457970
2022-01-06 21:00:00,43221.50000000,43247.55000000,43115.11000000,43150.01000000,251.10807000,2022-01-06 21:14:59.999,10844303.71987490,7841,145.82525000,6297764.65236370
2022-01-06 21:15:00,43150.00000000,43246.08000000,43081.85000000,43189.59000000,233.89604000,2022-01-06 21:29:59.999,10096992.24301140,7647,104.69253000,4519128.09333560
2022-01-06 21:30:00,43189.59000000,43253.29000000,43112.15000000,43121.77000000,142.34739000,2022-01-06 21:44:59.999,6147824.48120380,6973,59.81892000,2583914.60582830
2022-01-06 21:45:00,43121.78000000,43188.95000000,43066.04000000,43120.64000000,152.47079000,2022-01-06 21:59:59.999,6575756.87426540,6257,71.77282000,3095585.90818680
2022-01-06 22:00:00,43120.63000000,43165.23000000,43021.37000000,43026.49000000,111.74368000,2022-01-06 22:14:59.999,4816746.73351580,6462,46.68475000,2012460.43825090
2022-01-06 22:15:00,43026.49000000,43178.13000000,43007.81000000,43141.99000000,149.22662000,2022-01-06 22:29:59.999,6431201.50270770,7610,70.47252000,3036951.51062040
2022-01-06 22:30:00,43142.00000000,43236.73000000,43096.23000000,43103.00000000,146.53065000,2022-01-06 22:44:59.999,6327747.34813100,6818,73.77129000,3185891.09886770
2022-01-06 22:45:00,43102.99000000,43200.00000000,43102.99000000,43180.97000000,120.69037000,2022-01-06 22:59:59.999,5208284.80328450,5217,53.99738000,2329958.45712100
2022-01-06 23:00:00,43180.96000000,43192.97000000,43100.00000000,43156.10000000,100.81804000,2022-01-06 23:14:59.999,4349383.98196360,5553,47.12420000,2032897.32880020
2022-01-06 23:15:00,43156.09000000,43156.10000000,43053.94000000,43155.00000000,153.02085000,2022-01-06 23:29:59.999,6595605.77466950,5605,72.52851000,3125788.65258160
2022-01-06 23:30:00,43155.00000000,43241.41000000,43101.91000000,43207.39000000,160.82589000,2022-01-06 23:44:59.999,6945379.53692860,5249,74.43160000,3214369.34758990
2022-01-06 23:45:00,43207.38000000,43225.67000000,43082.30000000,43082.31000000,143.03429000,2022-01-06 23:59:59.999,6169953.81384200,5913,56.21930000,2425719.33422770
2022-01-07 00:00:00,43082.30000000,43145.83000000,42892.01000000,42922.88000000,435.89024000,2022-01-07 00:14:59.999,18746891.52390860,12565,189.59965000,8154546.02369490
2022-01-07 00:15:00,42922.88000000,43004.55000000,42828.00000000,42905.12000000,248.11367000,2022-01-07 00:29:59.999,10647240.78754210,8521,135.49354000,5814728.28830820
2022-01-07 00:30:00,42905.12000000,42935.28000000,42738.00000000,42765.76000000,477.84609000,2022-01-07 00:44:59.999,20456046.80076240,12102,209.65200000,8975074.59191040
2022-01-07 00:45:00,42765.76000000,42879.86000000,42754.60000000,42788.15000000,226.91561000,2022-01-07 00:59:59.999,9714618.96365570,7782,117.52220000,5031311.70938090
2022-01-07 01:00:00,42788.15000000,42994.25000000,42785.56000000,42929.42000000,212.63722000,2022-01-07 01:14:59.999,9124609.80458190,7853,117.96728000,5061391.64603360
2022-01-07 01:15:00,42929.41000000,42992.73000000,42800.00000000,42970.77000000,200.26566000,2022-01-07 01:29:59.999,8586001.16518390,8650,97.42818000,4177466.32724550
2022-01-07 01:30:00,42970.77000000,43030.50000000,42906.70000000,42950.00000000,183.01775000,2022-01-07 01:44:59.999,7864072.42601720,6565,89.01661000,3825236.85789930
2022-01-07 01:45:00,42950.00000000,43030.50000000,42927.28000000,43008.90000000,103.92875000,2022-01-07 01:59:59.999,4468761.12216630,5279,52.77540000,2269214.30329630
2022-01-07 02:00:00,43008.90000000,43030.00000000,42849.11000000,42871.62000000,242.78389000,2022-01-07 02:14:59.999,10426526.54252600,7208,98.52096000,4230281.59284210
2022-01-07 02:15:00,42871.62000000,42960.00000000,42864.65000000,42935.40000000,141.84576000,2022-01-07 02:29:59.999,6087793.39548480,5697,79.41543000,3408123.80294370
2022-01-07 02:30:00,42935.39000000,42967.43000000,42781.13000000,42815.75000000,232.35755000,2022-01-07 02:44:59.999,9958058.45794170,7356,103.12931000,4420289.38531400
2022-01-07 02:45:00,42815.75000000,42869.42000000,42771.59000000,42799.13000000,130.91437000,2022-01-07 02:59:59.999,5605218.83053260,6539,67.71574000,2899309.84642450
2022-01-07 03:00:00,42799.12000000,42827.07000000,42650.00000000,42766.11000000,381.38140000,2022-01-07 03:14:59.999,16300318.34615260,11756,198.19659000,8471370.65838690
2022-01-07 03:15:00,42767.27000000,42812.33000000,42115.00000000,42290.99000000,1831.79195000,2022-01-07 03:29:59.999,77607963.13518120,42663,719.18489000,30457506.16110770
2022-01-07 03:30:00,42290.99000000,42364.37000000,41577.77000000,41845.95000000,3115.59756000,2022-01-07 03:44:59.999,130737132.76050520,69844,1262.63815000,52999210.48310440
2022-01-07 03:45:00,41845.95000000,42005.01000000,41750.00000000,41803.11000000,945.07536000,2022-01-07 03:59:59.999,39583216.70524700,21483,439.07220000,18390059.34945230
2022-01-07 04:00:00,41803.11000000,41909.23000000,41620.72000000,41751.12000000,806.35455000,2022-01-07 04:14:59.999,33695764.47297950,19866,409.53449000,17114503.27939430
2022-01-07 04:15:00,41751.13000000,41761.79000000,41205.95000000,41452.24000000,2025.68950000,2022-01-07 04:29:59.999,83967777.22972170,40465,882.69944000,36587990.58441900
2022-01-07 04:30:00,41452.24000000,41460.00000000,41000.00000000,41428.01000000,2076.94230000,2022-01-07 04:44:59.999,85671125.80294990,40830,941.88431000,38884800.33860130
2022-01-07 04:45:00,41428.01000000,41801.04000000,41419.31000000,41700.33000000,1381.73902000,2022-01-07 04:59:59.999,57529258.50015430,25254,700.58372000,29162897.54060030
2022-01-07 05:00:00,41700.33000000,41760.02000000,41524.94000000,41736.61000000,670.05897000,2022-01-07 05:14:59.999,27905460.00314120,15371,325.73590000,13566117.70979190
2022-01-07 05:15:00,41730.03000000,41898.39000000,41724.12000000,41802.51000000,585.57617000,2022-01-07 05:29:59.999,24485141.71332040,15408,284.45052000,11893675.10453220
2022-01-07 05:30:00,41802.52000000,41950.00000000,41661.26000000,41728.28000000,587.56463000,2022-01-07 05:44:59.999,24575459.18626890,14760,282.45454000,11815573.26956470
2022-01-07 05:45:00,41728.29000000,41872.23000000,41633.65000000,41851.33000000,488.40764000,2022-01-07 05:59:59.999,20373567.35233110,11545,280.48565000,11701284.17088410
2022-01-07 06:00:00,41851.33000000,41853.19000000,41613.00000000,41658.20000000,303.11520000,2022-01-07 06:14:59.999,12651073.92259940,11078,136.19178000,5683124.60776910
2022-01-07 06:15:00,41658.20000000,41787.80000000,41535.23000000,41646.50000000,517.63325000,2022-01-07 06:29:59.999,21555488.72242530,13144,278.30670000,11591296.53392790
2022-01-07 06:30:00,41646.50000000,41729.03000000,41430.00000000,41532.41000000,618.90527000,2022-01-07 06:44:59.999,25721705.96406040,16413,282.60974000,11745493.20207410
2022-01-07 06:45:00,41532.41000000,41562.20000000,41409.95000000,41529.14000000,435.38324000,2022-01-07 06:59:59.999,18063269.08333840,13268,236.98026000,9832031.74479270
2022-01-07 07:00:00,41529.15000000,41554.03000000,41206.90000000,41261.02000000,772.52312000,2022-01-07 07:14:59.999,31925508.27601970,19001,366.38457000,15140044.52041330
2022-01-07 07:15:00,41261.03000000,41615.00000000,41255.13000000,41615.00000000,570.91317000,2022-01-07 07:29:59.999,23678595.00018680,14106,342.58870000,14209994.74550580
2022-01-07 07:30:00,41615.00000000,41700.00000000,41420.00000000,41468.06000000,493.27510000,2022-01-07 07:44:59.999,20495412.55235520,12707,211.10559000,8771023.10557840
2022-01-07 07:45:00,41468.06000000,41731.36000000,41456.45000000,41706.71000000,488.42327000,2022-01-07 07:59:59.999,20331823.43291590,12500,251.48024000,10465430.89486570
2022-01-07 08:00:00,41706.71000000,41800.00000000,41607.50000000,41754.17000000,468.13999000,2022-01-07 08:14:59.999,19531195.00849490,14073,226.30447000,9441842.70506120
2022-01-07 08:15:00,41754.17000000,42883.47000000,41655.94000000,42278.03000000,1772.79903000,2022-01-07 08:29:59.999,74957463.19004640,37345,1084.65203000,45867399.62231660
2022-01-07 08:30:00,42278.02000000,42598.30000000,42100.00000000,42195.97000000,1079.45100000,2022-01-07 08:44:59.999,45661752.09864000,24221,514.21133000,21757522.01408010
2022-01-07 08:45:00,42195.97000000,42245.29000000,42050.48000000,42088.61000000,399.54084000,2022-01-07 08:59:59.999,16842791.82233570,10821,168.19686000,7089880.77246740
2022-01-07 09:00:00,42088.61000000,42368.27000000,42060.00000000,42346.99000000,393.00810000,2022-01-07 09:14:59.999,16591828.41655820,11456,220.79079000,9320977.51142570
2022-01-07 09:15:00,42347.00000000,42539.77000000,42250.70000000,42413.12000000,468.17389000,2022-01-07 09:29:59.999,19854454.75166930,13184,229.89013000,9749318.87761780
2022-01-07 09:30:00,42413.12000000,42628.34000000,42400.05000000,42462.55000000,454.14013000,2022-01-07 09:44:59.999,19305340.55752440,13102,244.65001000,10400252.80621550
2022-01-07 09:45:00,42462.54000000,42524.31000000,42381.71000000,42422.56000000,276.66628000,2022-01-07 09:59:59.999,11749104.30423200,10163,124.22104000,5276092.61199250
2022-01-07 10:00:00,42422.57000000,42533.43000000,42367.74000000,42452.20000000,288.85908000,2022-01-07 10:14:59.999,12261234.90314600,9974,142.16293000,6034181.63756220
2022-01-07 10:15:00,42452.21000000,42470.26000000,42326.00000000,42329.80000000,278.18068000,2022-01-07 10:29:59.999,11788213.55898610,10369,147.94502000,6269381.49824600
2022-01-07 10:30:00,42329.80000000,42417.00000000,42278.00000000,42324.79000000,475.11257000,2022-01-07 10:44:59.999,20113137.83654250,11228,280.24292000,11863597.26146400
2022-01-07 10:45:00,42324.80000000,42360.59000000,42168.00000000,42172.83000000,236.41080000,2022-01-07 10:59:59.999,9994538.32073410,9646,122.01674000,5159926.19129310
2022-01-07 11:00:00,42172.84000000,42324.69000000,42161.00000000,42262.98000000,355.40560000,2022-01-07 11:14:59.999,15009145.94070770,10460,187.67432000,7926417.54026370
2022-01-07 11:15:00,42262.98000000,42350.73000000,42226.37000000,42254.00000000,182.13593000,2022-01-07 11:29:59.999,7700589.16024290,7593,93.50833000,3953865.89464680
2022-01-07 11:30:00,42254.00000000,42278.91000000,42180.93000000,42259.81000000,287.40137000,2022-01-07 11:44:59.999,12138249.18804390,9141,154.14943000,6510579.97877340
2022-01-07 11:45:00,42259.09000000,42311.32000000,42192.78000000,42258.62000000,211.78455000,2022-01-07 11:59:59.999,8946509.91253020,7887,122.70307000,5183315.29452540
2022-01-07 12:00:00,42258.62000000,42376.48000000,42258.62000000,42356.33000000,230.07853000,2022-01-07 12:14:59.999,9739482.52487070,9311,125.21428000,5300536.31645680
2022-01-07 12:15:00,42356.33000000,42468.19000000,42306.86000000,42440.00000000,236.10815000,2022-01-07 12:29:59.999,10004128.77614850,8223,128.84953000,5459711.72091880
2022-01-07 12:30:00,42439.99000000,42500.00000000,42382.70000000,42466.59000000,284.02801000,2022-01-07 12:44:59.999,12055858.84192830,8652,140.42792000,5960825.96190220
2022-01-07 12:45:00,42467.95000000,42489.78000000,42350.01000000,42400.00000000,225.30972000,2022-01-07 12:59:59.999,9558619.93423830,8332,103.71531000,4400006.22287640
2022-01-07 13:00:00,42400.00000000,42480.00000000,42171.32000000,42232.46000000,371.55178000,2022-01-07 13:14:59.999,15726240.77048450,11880,190.75424000,8075161.04014280
2022-01-07 13:15:00,42232.47000000,42342.50000000,42173.07000000,42291.00000000,323.29515000,2022-01-07 13:29:59.999,13659171.34035860,10234,153.21414000,6473335.25595460
2022-01-07 13:30:00,42292.01000000,42766.17000000,41200.00000000,41417.53000000,3402.15885000,2022-01-07 13:44:59.999,142463065.53156100,65857,1612.59052000,67630710.93931430
2022-01-07 13:45:00,41419.39000000,41740.00000000,41280.74000000,41489.22000000,1039.67853000,2022-01-07 13:59:59.999,43160563.21684430,24979,531.70881000,22075371.00123890
2022-01-07 14:00:00,41489.19000000,41735.78000000,41398.13000000,41720.72000000,608.31926000,2022-01-07 14:14:59.999,25295751.99881190,16798,275.78432000,11466042.14730520
2022-01-07 14:15:00,41720.73000000,41874.89000000,41654.05000000,41857.99000000,495.87499000,2022-01-07 14:29:59.999,20721986.84337460,13883,246.37812000,10295854.93523860
2022-01-07 14:30:00,41857.99000000,42020.04000000,41587.52000000,41980.01000000,803.30576000,2022-01-07 14:44:59.999,33555163.95353640,18342,390.34437000,16302870.14292540
2022-01-07 14:45:00,41980.01000000,42132.98000000,41874.39000000,41894.40000000,669.79370000,2022-01-07 14:59:59.999,28124556.11372770,17035,308.73758000,12966376.56044540
2022-01-07 15:00:00,41894.40000000,41915.36000000,41516.38000000,41576.89000000,632.98183000,2022-01-07 15:14:59.999,26385020.76899420,17038,287.75346000,11992909.04421910
2022-01-07 15:15:00,41576.89000000,41681.05000000,41425.12000000,41580.95000000,532.47715000,2022-01-07 15:29:59.999,22125744.75234160,14612,255.97023000,10637558.34340950
2022-01-07 15:30:00,41580.95000000,41662.82000000,41168.89000000,41232.27000000,915.83340000,2022-01-07 15:44:59.999,37889131.43938480,20353,406.61305000,16829469.10456700
2022-01-07 15:45:00,41237.28000000,41479.00000000,40610.00000000,41319.11000000,3175.25156000,2022-01-07 15:59:59.999,130356150.38956570,59335,1375.86707000,56553150.77137770
2022-01-07 16:00:00,41310.85000000,41568.23000000,41046.48000000,41193.78000000,1364.67719000,2022-01-07 16:14:59.999,56413121.99348360,25724,735.74069000,30422048.59706300
2022-01-07 16:15:00,41193.78000000,41842.10000000,40917.66000000,41696.34000000,1793.97339000,2022-01-07 16:29:59.999,74180009.11594840,34556,951.14120000,39331130.42602250
2022-01-07 16:30:00,41696.34000000,41780.99000000,41542.10000000,41718.02000000,755.29322000,2022-01-07 16:44:59.999,31483914.55633080,17748,402.00791000,16758021.17298340
2022-01-07 16:45:00,41718.02000000,42315.85000000,41648.17000000,42135.26000000,995.68295000,2022-01-07 16:59:59.999,41803259.87376870,24479,569.04980000,23900849.29804950
2022-01-07 17:00:00,42137.38000000,42166.86000000,41931.80000000,41987.54000000,443.37241000,2022-01-07 17:14:59.999,18632559.66393980,13397,206.39917000,8673696.06637680
2022-01-07 17:15:00,41987.54000000,42050.12000000,41788.00000000,41913.25000000,343.19998000,2022-01-07 17:29:59.999,14384453.32896990,10664,171.14262000,7173629.83892250
2022-01-07 17:30:00,41913.25000000,41917.38000000,41749.06000000,41878.54000000,221.60267000,2022-01-07 17:44:59.999,9271187.81391990,8315,93.55271000,3914233.62738810
2022-01-07 17:45:00,41878.53000000,42000.00000000,41858.58000000,41993.48000000,178.79479000,2022-01-07 17:59:59.999,7499639.55607960,8165,94.63009000,3969405.21832030
2022-01-07 18:00:00,41993.68000000,42000.00000000,41871.16000000,41917.19000000,186.42222000,2022-01-07 18:14:59.999,7817422.65852970,8617,90.67799000,3802460.56047750
2022-01-07 18:15:00,41917.19000000,41990.00000000,41650.52000000,41670.96000000,254.94461000,2022-01-07 18:29:59.999,10650693.20431400,9592,113.54159000,4744258.11271790
2022-01-07 18:30:00,41670.96000000,41839.97000000,41663.56000000,41676.93000000,185.82623000,2022-01-07 18:44:59.999,7758651.95425260,8007,105.37664000,4399644.19120790
2022-01-07 18:45:00,41676.94000000,41728.91000000,41520.00000000,41707.64000000,253.54155000,2022-01-07 18:59:59.999,10553734.80770530,9745,124.92297000,5200872.74276070
2022-01-07 19:00:00,41707.04000000,41768.46000000,41516.00000000,41541.77000000,286.31351000,2022-01-07 19:14:59.999,11915420.64681690,9551,145.58441000,6058623.22415380
2022-01-07 19:15:00,41541.77000000,41727.29000000,41541.77000000,41727.28000000,187.36930000,2022-01-07 19:29:59.999,7800048.65512640,7861,114.00814000,4745885.11578170
2022-01-07 19:30:00,41727.28000000,41826.11000000,41683.52000000,41793.91000000,218.79365000,2022-01-07 19:44:59.999,9139795.36910840,8349,123.69511000,5167026.78247130
2022-01-07 19:45:00,41793.90000000,41898.33000000,41718.69000000,41775.38000000,200.93504000,2022-01-07 19:59:59.999,8397987.36394590,8232,108.02885000,4514840.07065600
2022-01-07 20:00:00,41775.38000000,41950.00000000,41700.00000000,41714.89000000,303.92243000,2022-01-07 20:14:59.999,12724637.72710870,8803,120.76444000,5055253.84317170
2022-01-07 20:15:00,41714.90000000,41754.93000000,41597.15000000,41679.57000000,289.43779000,2022-01-07 20:29:59.999,12056528.84827100,8219,153.31984000,6385450.97189270
2022-01-07 20:30:00,41679.58000000,41900.48000000,41646.21000000,41846.06000000,185.91980000,2022-01-07 20:44:59.999,7771212.90152730,7350,91.21787000,3812385.62483780
2022-01-07 20:45:00,41846.06000000,42054.00000000,41793.13000000,41922.20000000,330.25466000,2022-01-07 20:59:59.999,13855765.49340690,9504,162.81119000,6831225.39311190
2022-01-07 21:00:00,41922.19000000,42035.00000000,41875.00000000,41881.02000000,224.49270000,2022-01-07 21:14:59.999,9420815.54258080,7559,105.18743000,4414256.10360200
2022-01-07 21:15:00,41881.03000000,41985.43000000,41849.66000000,41860.79000000,120.96485000,2022-01-07 21:29:59.999,5070476.96908620,5886,58.11440000,2436143.65293840
2022-01-07 21:30:00,41860.79000000,41970.72000000,41845.46000000,41921.77000000,136.14572000,2022-01-07 21:44:59.999,5706669.85319830,6315,65.19726000,2733054.00643500
2022-01-07 21:45:00,41921.76000000,41970.21000000,41863.16000000,41875.01000000,114.74730000,2022-01-07 21:59:59.999,4809535.33019530,4827,44.66161000,1871929.33668890
2022-01-07 22:00:00,41875.00000000,41879.42000000,41700.00000000,41700.00000000,200.80935000,2022-01-07 22:14:59.999,8391800.48469440,8500,75.73016000,3164707.49406130
2022-01-07 22:15:00,41700.00000000,41826.92000000,41671.97000000,41761.98000000,217.20347000,2022-01-07 22:29:59.999,9071976.51736770,8789,97.36982000,4066823.98014380
2022-01-07 22:30:00,41761.98000000,41771.38000000,41555.00000000,41566.24000000,195.99241000,2022-01-07 22:44:59.999,8166815.06148100,7895,67.28297000,2801798.07854620
2022-01-07 22:45:00,41566.24000000,41661.44000000,41350.00000000,41541.82000000,359.40217000,2022-01-07 22:59:59.999,14915927.64340170,10781,164.89190000,6842892.59847300
2022-01-07 23:00:00,41541.83000000,41599.92000000,41441.06000000,41473.54000000,192.10553000,2022-01-07 23:14:59.999,7976742.70036020,6859,92.87144000,3856288.83925550
2022-01-07 23:15:00,41473.53000000,41544.12000000,41336.82000000,41502.84000000,273.10762000,2022-01-07 23:29:59.999,11315820.90379590,7117,124.92778000,5175565.98266970
2022-01-07 23:30:00,41502.85000000,41593.07000000,41498.11000000,41569.82000000,141.58855000,2022-01-07 23:44:59.999,5882948.27126730,5962,72.66745000,3019130.50545830
2022-01-07 23:45:00,41569.09000000,41574.22000000,41425.69000000,41566.48000000,173.54768000,2022-01-07 23:59:59.999,7204352.50649160,6161,84.83051000,3521824.67577850
2022-01-08 00:00:00,41566.48000000,41749.18000000,41558.00000000,41713.27000000,336.15086000,2022-01-08 00:14:59.999,14002708.21678700,10835,175.93520000,7328492.76580620
2022-01-08 00:15:00,41713.27000000,41833.21000000,41700.00000000,41791.65000000,228.11773000,2022-01-08 00:29:59.999,9529829.01136460,8242,108.03788000,4513538.85142770
2022-01-08 00:30:00,41791.65000000,41829.25000000,41700.00000000,41803.68000000,165.54282000,2022-01-08 00:44:59.999,6913396.84421460,6618,81.99559000,3424125.11526130
2022-01-08 00:45:00,41803.67000000,42115.20000000,41787.31000000,41991.89000000,514.88058000,2022-01-08 00:59:59.999,21614284.16316210,12405,303.44859000,12739718.89942740
2022-01-08 01:00:00,41991.89000000,42246.37000000,41930.44000000,42186.56000000,535.35017000,2022-01-08 01:14:59.999,22544395.70030470,12198,275.96249000,11620783.67288630
2022-01-08 01:15:00,42186.57000000,42186.57000000,41934.60000000,42005.04000000,278.95768000,2022-01-08 01:29:59.999,11727695.48169490,7608,122.52794000,5149760.03304110
2022-01-08 01:30:00,42005.03000000,42050.00000000,41934.02000000,42015.06000000,204.97976000,2022-01-08 01:44:59.999,8605636.42157860,5608,112.59128000,4726374.43256360
2022-01-08 01:45:00,42015.06000000,42058.30000000,41847.48000000,41883.41000000,148.83182000,2022-01-08 01:59:59.999,6242702.44714790,6229,78.55182000,3294553.08875710
2022-01-08 02:00:00,41883.42000000,41944.44000000,41815.57000000,41866.01000000,167.56037000,2022-01-08 02:14:59.999,7015593.27757870,7631,83.45084000,3494289.73674690
2022-01-08 02:15:00,41866.02000000,41922.14000000,41800.00000000,41826.02000000,143.50793000,2022-01-08 02:29:59.999,6006862.07052150,5620,74.62332000,3123879.42077370
2022-01-08 02:30:00,41826.02000000,41829.85000000,41693.42000000,41727.60000000,152.38677000,2022-01-08 02:44:59.999,6361573.29532460,7068,69.36361000,2895650.22219620
2022-01-08 02:45:00,41727.61000000,41888.80000000,41727.60000000,41882.85000000,159.80951000,2022-01-08 02:59:59.999,6684340.18951620,5648,85.29935000,3567511.83624470
2022-01-08 03:00:00,41882.86000000,41911.86000000,41822.32000000,41833.68000000,97.57691000,2022-01-08 03:14:59.999,4084840.07781440,5675,48.63038000,2035843.38501740
2022-01-08 03:15:00,41833.67000000,41858.79000000,41641.27000000,41760.59000000,184.95507000,2022-01-08 03:29:59.999,7719747.70767820,7246,80.01902000,3339494.54335460
2022-01-08 03:30:00,41760.60000000,41855.77000000,41696.51000000,41804.05000000,115.32528000,2022-01-08 03:44:59.999,4818609.49929050,5621,62.08877000,2594352.01103280
2022-01-08 03:45:00,41804.04000000,41864.10000000,41702.91000000,41810.91000000,112.31192000,2022-01-08 03:59:59.999,4694162.56404290,5559,54.24780000,2267462.32990340
2022-01-08 04:00:00,41810.92000000,41908.96000000,41791.90000000,41820.01000000,101.36104000,2022-01-08 04:14:59.999,4241601.84649260,5287,55.13513000,2307329.71254860
2022-01-08 04:15:00,41820.01000000,41885.80000000,41785.19000000,41831.66000000,99.63421000,2022-01-08 04:29:59.999,4168206.62217220,5023,41.14609000,1721522.24008950
2022-01-08 04:30:00,41831.67000000,41991.20000000,41760.00000000,41946.54000000,154.66866000,2022-01-08 04:44:59.999,6475347.64251600,6190,81.97783000,3431653.33457130
2022-01-08 04:45:00,41946.55000000,41987.21000000,41890.66000000,41900.92000000,115.40654000,2022-01-08 04:59:59.999,4839618.42678080,5896,58.10039000,2436315.72376730
2022-01-08 05:00:00,41900.92000000,41934.56000000,41836.14000000,41923.53000000,87.52213000,2022-01-08 05:14:59.999,3665773.37734690,4842,40.83787000,1710412.64072600
2022-01-08 05:15:00,41923.53000000,41965.20000000,41884.50000000,41959.73000000,130.41464000,2022-01-08 05:29:59.999,5467994.29034910,5014,81.97183000,3436987.24427730
2022-01-08 05:30:00,41959.73000000,41965.04000000,41841.32000000,41880.01000000,140.79895000,2022-01-08 05:44:59.999,5899513.62047600,5638,59.34600000,2486157.92293770
2022-01-08 05:45:00,41880.01000000,41999.99000000,41837.59000000,41971.70000000,158.90454000,2022-01-08 05:59:59.999,6664999.07488450,5935,80.90248000,3393232.46030570
2022-01-08 06:00:00,41971.70000000,41994.66000000,41869.40000000,41893.19000000,129.00336000,2022-01-08 06:14:59.999,5409044.69393640,6403,59.62978000,2500277.77019520
2022-01-08 06:15:00,41893.20000000,41968.34000000,41862.57000000,41870.34000000,140.23127000,2022-01-08 06:29:59.999,5877556.45093260,5283,59.74847000,2504704.53586790
2022-01-08 06:30:00,41870.35000000,41872.19000000,41740.00000000,41839.09000000,203.37710000,2022-01-08 06:44:59.999,8501566.10936690,6356,102.06734000,4267185.91326770
2022-01-08 06:45:00,41839.09000000,41943.56000000,41739.00000000,41922.23000000,152.69490000,2022-01-08 06:59:59.999,6391276.65578040,6364,80.47467000,3368583.40647100
2022-01-08 07:00:00,41922.22000000,41975.44000000,41888.13000000,41922.71000000,172.14105000,2022-01-08 07:14:59.999,7219827.33298040,6921,66.23804000,2778186.81352400
2022-01-08 07:15:00,41922.72000000,41940.90000000,41841.20000000,41910.37000000,115.69421000,2022-01-08 07:29:59.999,4846446.86594400,5808,54.15459000,2268495.25488210
2022-01-08 07:30:00,41910.37000000,41972.76000000,41843.16000000,41866.13000000,134.39235000,2022-01-08 07:44:59.999,5632931.70089580,6338,59.33510000,2486984.21460390
2022-01-08 07:45:00,41866.12000000,41958.35000000,41841.04000000,41913.58000000,99.24518000,2022-01-08 07:59:59.999,4157091.05962110,5719,51.07879000,2139396.44401520
2022-01-08 08:00:00,41913.59000000,42177.94000000,41913.58000000,42131.47000000,337.11471000,2022-01-08 08:14:59.999,14174888.07232290,10437,195.45381000,8217532.85563350
2022-01-08 08:15:00,42127.99000000,42131.77000000,41982.77000000,41994.09000000,197.07620000,2022-01-08 08:29:59.999,8291708.75857260,7923,86.57856000,3642259.65751170
2022-01-08 08:30:00,41994.08000000,42040.27000000,41882.19000000,41938.98000000,252.34248000,2022-01-08 08:44:59.999,10583857.30309000,8174,116.29296000,4877551.53605470
2022-01-08 08:45:00,41939.63000000,42027.35000000,41922.64000000,41964.88000000,160.62701000,2022-01-08 08:59:59.999,6743508.36871740,6586,78.13254000,3280152.00913500
2022-01-08 09:00:00,41964.87000000,42102.00000000,41961.47000000,42101.10000000,195.79686000,2022-01-08 09:14:59.999,8231859.96449700,6866,106.93211000,4496370.61244360
2022-01-08 09:15:00,42101.99000000,42102.00000000,41966.85000000,42003.97000000,200.17481000,2022-01-08 09:29:59.999,8414733.09829960,6485,99.45016000,4180476.15149830
2022-01-08 09:30:00,42003.98000000,42153.09000000,41954.70000000,42101.74000000,180.86120000,2022-01-08 09:44:59.999,7606553.08518100,6860,88.08252000,3704174.17263620
2022-01-08 09:45:00,42101.73000000,42187.20000000,42067.66000000,42163.71000000,283.51610000,2022-01-08 09:59:59.999,11944620.01377270,7178,199.50785000,8405972.09147840
2022-01-08 10:00:00,42163.71000000,42200.00000000,42056.69000000,42109.73000000,183.12369000,2022-01-08 10:14:59.999,7713237.49143420,6933,82.92092000,3493075.05147480
2022-01-08 10:15:00,42109.02000000,42109.73000000,42009.23000000,42094.49000000,119.34428000,2022-01-08 10:29:59.999,5018493.94309810,6144,52.33903000,2200924.92406020
2022-01-08 10:30:00,42094.49000000,42155.24000000,41976.52000000,42019.85000000,230.67071000,2022-01-08 10:44:59.999,9704264.49905760,8705,108.63565000,4571205.54641030
2022-01-08 10:45:00,42019.85000000,42024.42000000,41790.70000000,41918.66000000,305.97650000,2022-01-08 10:59:59.999,12820259.84080060,9894,121.04237000,5071335.75937910
2022-01-08 11:00:00,41918.66000000,41930.00000000,41784.11000000,41822.40000000,219.73695000,2022-01-08 11:14:59.999,9192702.37351770,8660,95.33906000,3988472.40648020
2022-01-08 11:15:00,41822.40000000,41883.29000000,41780.38000000,41837.69000000,164.75684000,2022-01-08 11:29:59.999,6893778.94293510,7171,78.57312000,3287475.76332740
2022-01-08 11:30:00,41837.78000000,41906.00000000,41767.16000000,41895.92000000,174.70127000,2022-01-08 11:44:59.999,7308485.51066760,7495,82.53331000,3452501.88965430
2022-01-08 11:45:00,41895.93000000,41972.00000000,41870.30000000,41940.22000000,115.48231000,2022-01-08 11:59:59.999,4841758.58351080,5753,43.13622000,1808315.81889880
2022-01-08 12:00:00,41940.22000000,42063.23000000,41882.57000000,41996.69000000,168.09764000,2022-01-08 12:14:59.999,7056599.01716460,7420,79.94197000,3356440.43722810
2022-01-08 12:15:00,41996.69000000,41999.32000000,41850.00000000,41912.85000000,229.51486000,2022-01-08 12:29:59.999,9617559.11845430,8632,122.31193000,5125255.26891550
2022-01-08 12:30:00,41912.85000000,41925.53000000,41773.47000000,41777.00000000,197.16104000,2022-01-08 12:44:59.999,8249698.65515320,8568,73.82397000,3088826.53524330
2022-01-08 12:45:00,41777.00000000,41906.19000000,41775.94000000,41876.31000000,150.19511000,2022-01-08 12:59:59.999,6284158.26550850,6939,76.89647000,3217723.70625520
2022-01-08 13:00:00,41876.32000000,41935.03000000,41767.10000000,41844.21000000,233.60963000,2022-01-08 13:14:59.999,9781134.63646220,7696,78.86891000,3302936.07937280
2022-01-08 13:15:00,41844.21000000,41917.84000000,41610.00000000,41896.88000000,313.11326000,2022-01-08 13:29:59.999,13068715.00070920,10826,136.87284000,5713662.82788050
2022-01-08 13:30:00,41896.89000000,41949.89000000,41815.70000000,41913.03000000,151.99089000,2022-01-08 13:44:59.999,6366853.19843680,6625,72.77734000,3048643.40687520
2022-01-08 13:45:00,41913.02000000,42037.75000000,41852.00000000,41905.00000000,305.27249000,2022-01-08 13:59:59.999,12810061.59051260,9101,173.11649000,7264340.54774710
2022-01-08 14:00:00,41904.99000000,41988.50000000,41882.04000000,41970.46000000,143.39682000,2022-01-08 14:14:59.999,6015211.91387970,7320,73.09187000,3066256.62608010
2022-01-08 14:15:00,41970.45000000,41997.71000000,41850.00000000,41886.75000000,190.03590000,2022-01-08 14:29:59.999,7963433.87919070,9130,84.34796000,3534011.61903700
2022-01-08 14:30:00,41886.76000000,41913.62000000,41788.20000000,41845.14000000,171.98579000,2022-01-08 14:44:59.999,7197433.03177530,8146,70.91512000,2967767.32381180
2022-01-08 14:45:00,41845.14000000,41894.29000000,41715.00000000,41741.27000000,203.79331000,2022-01-08 14:59:59.999,8520674.24587840,8607,91.42171000,3822988.96250710
2022-01-08 15:00:00,41746.29000000,41799.04000000,41400.00000000,41579.51000000,908.09720000,2022-01-08 15:14:59.999,37743121.05578330,26653,413.27369000,17177414.83888040
2022-01-08 15:15:00,41579.50000000,41722.13000000,41575.84000000,41635.29000000,314.82709000,2022-01-08 15:29:59.999,13109766.89534610,10590,182.03710000,7580545.73339210
2022-01-08 15:30:00,41637.79000000,41695.15000000,41511.64000000,41680.00000000,254.49588000,2022-01-08 15:44:59.999,10587399.21396660,10892,131.83027000,5484089.87630090
2022-01-08 15:45:00,41680.01000000,41729.50000000,41572.91000000,41613.33000000,235.59194000,2022-01-08 15:59:59.999,9812756.26713620,9172,113.31558000,4719381.45538550
2022-01-08 16:00:00,41609.60000000,41733.52000000,41511.32000000,41711.30000000,269.43823000,2022-01-08 16:14:59.999,11219654.63381370,10365,155.16301000,6461927.06690610
2022-01-08 16:15:00,41711.29000000,41740.53000000,41492.27000000,41532.41000000,213.81607000,2022-01-08 16:29:59.999,8896762.77260680,9258,93.47555000,3889234.47640200
2022-01-08 16:30:00,41528.71000000,41548.61000000,41300.00000000,41438.08000000,563.28765000,2022-01-08 16:44:59.999,23347558.96948610,17040,244.47469000,10134118.63415980
2022-01-08 16:45:00,41438.09000000,41538.29000000,41238.08000000,41346.01000000,668.52868000,2022-01-08 16:59:59.999,27669128.73356520,17113,315.74475000,13071219.39834830
2022-01-08 17:00:00,41346.02000000,41398.45000000,41108.00000000,41170.42000000,778.57054000,2022-01-08 17:14:59.999,32115629.12393430,21757,378.76370000,15627101.73880890
2022-01-08 17:15:00,41170.41000000,41371.25000000,41170.00000000,41266.77000000,455.37974000,2022-01-08 17:29:59.999,18795721.17355980,12687,284.37749000,11734721.15666250
2022-01-08 17:30:00,41266.77000000,41266.77000000,40952.59000000,41113.73000000,1037.56769000,2022-01-08 17:44:59.999,42620322.48391340,28588,439.43785000,18055072.66268200
2022-01-08 17:45:00,41113.73000000,41312.03000000,40801.00000000,40842.12000000,1144.72829000,2022-01-08 17:59:59.999,46948642.52128330,28461,538.82498000,22107815.34877780
2022-01-08 18:00:00,40842.11000000,41091.19000000,40501.00000000,40800.00000000,2006.30357000,2022-01-08 18:14:59.999,81731867.82967810,43659,903.31188000,36817104.92141620
2022-01-08 18:15:00,40799.99000000,41314.11000000,40730.87000000,41110.87000000,1142.20142000,2022-01-08 18:29:59.999,46880530.03201630,27383,658.54309000,27024673.39243610
2022-01-08 18:30:00,41110.87000000,41229.59000000,40966.90000000,40992.09000000,518.77139000,2022-01-08 18:44:59.999,21313622.76104820,15374,271.01313000,11131007.77313420
2022-01-08 18:45:00,40992.09000000,41080.00000000,40622.01000000,40679.82000000,706.03799000,2022-01-08 18:59:59.999,28845424.52766400,18894,309.56157000,12650447.75765130
2022-01-08 19:00:00,40679.82000000,41100.00000000,40520.00000000,41017.80000000,1290.92886000,2022-01-08 19:14:59.999,52703725.51332260,25182,724.40752000,29577304.29460130
2022-01-08 19:15:00,41017.80000000,41049.54000000,40650.00000000,40800.65000000,670.26745000,2022-01-08 19:29:59.999,27345321.80911650,17008,342.55100000,13975453.89180270
2022-01-08 19:30:00,40800.66000000,40991.50000000,40733.25000000,40757.92000000,489.64187000,2022-01-08 19:44:59.999,20014368.12366150,13518,217.95500000,8910469.25329340
2022-01-08 19:45:00,40757.93000000,40946.60000000,40692.81000000,40831.07000000,594.27660000,2022-01-08 19:59:59.999,24242088.83748350,16152,313.03479000,12770056.29369450
2022-01-08 20:00:00,40831.06000000,40975.89000000,40730.52000000,40780.78000000,406.90713000,2022-01-08 20:14:59.999,16627097.82614360,12500,211.01126000,8622104.60984600
2022-01-08 20:15:00,40780.79000000,41047.52000000,40720.00000000,41003.63000000,379.24610000,2022-01-08 20:29:59.999,15499837.73151770,11209,217.25598000,8881249.99871720
2022-01-08 20:30:00,41003.64000000,41175.32000000,40939.31000000,41015.99000000,403.03876000,2022-01-08 20:44:59.999,16543312.79388490,12316,199.98159000,8209743.59914070
2022-01-08 20:45:00,41015.98000000,41049.67000000,40900.00000000,40975.37000000,235.61535000,2022-01-08 20:59:59.999,9652022.61606660,9511,110.50080000,4526600.11038470
2022-01-08 21:00:00,40975.36000000,41171.99000000,40923.39000000,41156.98000000,307.89251000,2022-01-08 21:14:59.999,12650090.17769690,9602,159.61740000,6557002.98881280
2022-01-08 21:15:00,41156.98000000,41464.89000000,41100.00000000,41419.21000000,588.15055000,2022-01-08 21:29:59.999,24294547.26747620,15405,312.19240000,12896166.69744620
2022-01-08 21:30:00,41419.20000000,42061.32000000,41384.89000000,41942.07000000,1175.89896000,2022-01-08 21:44:59.999,49060699.34769000,25470,696.44837000,29070522.12903810
2022-01-08 21:45:00,41942.07000000,42029.55000000,41730.04000000,41769.03000000,730.34712000,2022-01-08 21:59:59.999,30556319.91150570,18135,360.36413000,15078887.71071810
2022-01-08 22:00:00,41769.03000000,42090.00000000,41740.31000000,41966.27000000,628.92196000,2022-01-08 22:14:59.999,26347684.28055570,16781,391.38910000,16398755.78040700
2022-01-08 22:15:00,41966.27000000,42300.00000000,41920.90000000,42290.08000000,642.58396000,2022-01-08 22:29:59.999,27072687.15682790,20689,352.13676000,14838467.57615520
2022-01-08 22:30:00,42286.69000000,42291.49000000,42046.66000000,42168.36000000,382.82144000,2022-01-08 22:44:59.999,16133648.23887870,13530,166.10334000,7000114.65758980
2022-01-08 22:45:00,42168.36000000,42191.85000000,41860.02000000,41911.11000000,352.22217000,2022-01-08 22:59:59.999,14790527.33843150,10800,168.16463000,7060535.86669360
2022-01-08 23:00:00,41911.10000000,41948.94000000,41812.71000000,41871.60000000,306.29442000,2022-01-08 23:14:59.999,12826379.78261710,10224,135.05392000,5656126.81309810
2022-01-08 23:15:00,41871.60000000,41937.39000000,41772.00000000,41781.25000000,218.71264000,2022-01-08 23:29:59.999,9151597.46238480,7680,112.93458000,4726260.68695770
2022-01-08 23:30:00,41781.25000000,41895.51000000,41762.10000000,41860.01000000,186.19781000,2022-01-08 23:44:59.999,7789041.91327730,7157,102.44794000,4285692.20273940
2022-01-08 23:45:00,41860.01000000,41875.00000000,41656.02000000,41679.74000000,283.91811000,2022-01-08 23:59:59.999,11853172.56332900,8051,117.58358000,4908238.46553320
2022-01-09 00:00:00,41679.74000000,41698.47000000,41388.13000000,41593.42000000,616.93165000,2022-01-09 00:14:59.999,25623730.77427910,16295,327.63666000,13608694.33796870
2022-01-09 00:15:00,41593.43000000,41686.93000000,41456.84000000,41474.37000000,231.75108000,2022-01-09 00:29:59.999,9629985.26283010,8038,96.72313000,4019929.00581070
2022-01-09 00:30:00,41474.37000000,41633.29000000,41459.49000000,41585.50000000,233.38767000,2022-01-09 00:44:59.999,9703093.39823480,7340,134.32726000,5584950.57989390
2022-01-09 00:45:00,41585.50000000,41831.25000000,41580.28000000,41773.24000000,403.75186000,2022-01-09 00:59:59.999,16852350.13008750,9897,206.57973000,8621845.20604750
2022-01-09 01:00:00,41773.24000000,41924.57000000,41682.27000000,41767.97000000,243.35354000,2022-01-09 01:14:59.999,10178408.22957060,8787,119.28737000,4990070.55178290
2022-01-09 01:15:00,41771.90000000,41791.26000000,41608.00000000,41624.73000000,184.60446000,2022-01-09 01:29:59.999,7698433.59523640,7683,90.53339000,3775713.76937940
2022-01-09 01:30:00,41624.73000000,41769.64000000,41596.43000000,41633.94000000,220.17497000,2022-01-09 01:44:59.999,9178934.76103400,7118,120.68910000,5032031.16311820
2022-01-09 01:45:00,41633.94000000,41865.67000000,41617.35000000,41809.67000000,235.52379000,2022-01-09 01:59:59.999,9830409.33456000,6819,122.29407000,5104070.16966240
2022-01-09 02:00:00,41809.66000000,41939.17000000,41775.90000000,41853.50000000,217.66222000,2022-01-09 02:14:59.999,9107995.49793150,6859,122.73011000,5135588.03497780
2022-01-09 02:15:00,41853.50000000,42020.76000000,41835.12000000,42008.42000000,314.22574000,2022-01-09 02:29:59.999,13178573.29975400,8167,168.41711000,7063363.60462450
2022-01-09 02:30:00,42008.43000000,42144.12000000,41943.99000000,42096.08000000,289.46916000,2022-01-09 02:44:59.999,12165820.81063860,8657,157.85271000,6634087.09373750
2022-01-09 02:45:00,42096.09000000,42170.11000000,42042.59000000,42098.99000000,318.79789000,2022-01-09 02:59:59.999,13424030.59098090,8652,144.91431000,6101551.81670830
2022-01-09 03:00:00,42098.99000000,42105.62000000,41937.72000000,41966.47000000,237.39638000,2022-01-09 03:14:59.999,9970566.72420210,8000,102.96730000,4324273.60535030
2022-01-09 03:15:00,41966.47000000,42048.07000000,41902.28000000,41995.33000000,170.10584000,2022-01-09 03:29:59.999,7141774.05418750,6546,87.16839000,3659824.31385800
2022-01-09 03:30:00,41995.33000000,41996.90000000,41831.62000000,41856.53000000,210.30575000,2022-01-09 03:44:59.999,8815293.28119200,6199,85.48034000,3582725.48106450
2022-01-09 03:45:00,41856.53000000,41889.72000000,41792.00000000,41833.89000000,128.28758000,2022-01-09 03:59:59.999,5367185.65212340,5227,65.85340000,2755088.26009780
2022-01-09 04:00:00,41833.90000000,41936.56000000,41800.78000000,41909.86000000,176.53006000,2022-01-09 04:14:59.999,7391433.61241470,6190,99.12086000,4150692.00466140
2022-01-09 04:15:00,41909.87000000,42005.00000000,41877.05000000,41968.42000000,215.85847000,2022-01-09 04:29:59.999,9054535.90143740,5963,104.72044000,4393004.12820530
2022-01-09 04:30:00,41968.43000000,42044.00000000,41947.67000000,41952.60000000,236.17489000,2022-01-09 04:44:59.999,9919573.20353800,8214,128.95804000,5416445.21336960
2022-01-09 04:45:00,41952.60000000,42103.31000000,41947.44000000,42079.41000000,255.91621000,2022-01-09 04:59:59.999,10759942.92909750,8532,153.74802000,6463956.77107820
2022-01-09 05:00:00,42079.40000000,42097.44000000,41973.12000000,41991.24000000,146.61776000,2022-01-09 05:14:59.999,6163337.43177030,6031,60.52106000,2544087.39688800
2022-01-09 05:15:00,41991.23000000,41991.24000000,41797.01000000,41855.27000000,212.93697000,2022-01-09 05:29:59.999,8913502.99290150,6711,80.64009000,3375575.65514600
2022-01-09 05:30:00,41855.26000000,41909.36000000,41808.64000000,41875.63000000,76.99905000,2022-01-09 05:44:59.999,3222931.89897510,4055,37.20367000,1557172.58693720
2022-01-09 05:45:00,41875.63000000,41889.59000000,41715.44000000,41765.90000000,157.66148000,2022-01-09 05:59:59.999,6585923.38460720,6608,69.49975000,2902960.34547380
2022-01-09 06:00:00,41765.89000000,41819.81000000,41681.17000000,41804.79000000,183.39580000,2022-01-09 06:14:59.999,7657133.79096400,6175,85.10242000,3552638.91472200
2022-01-09 06:15:00,41805.72000000,41824.74000000,41722.77000000,41791.30000000,92.48603000,2022-01-09 06:29:59.999,3863297.37030220,5458,40.97031000,1711267.88417430
2022-01-09 06:30:00,41791.31000000,41941.25000000,41760.06000000,41905.77000000,147.58960000,2022-01-09 06:44:59.999,6179126.06568970,5471,88.98576000,3725557.01540390
2022-01-09 06:45:00,41905.77000000,41948.40000000,41842.13000000,41873.62000000,142.92012000,2022-01-09 06:59:59.999,5986798.25037530,5311,63.12762000,2644014.53017360
2022-01-09 07:00:00,41873.62000000,41908.55000000,41820.36000000,41889.99000000,104.68406000,2022-01-09 07:14:59.999,4382592.21367950,5537,51.99732000,2177030.27054480
2022-01-09 07:15:00,41889.99000000,41898.18000000,41833.07000000,41870.14000000,94.50337000,2022-01-09 07:29:59.999,3956511.18515150,5246,48.04999000,2011702.95440050
2022-01-09 07:30:00,41870.14000000,41874.87000000,41778.95000000,41780.01000000,141.15478000,2022-01-09 07:44:59.999,5902441.40826460,6536,69.17909000,2892739.33129370
2022-01-09 07:45:00,41780.01000000,41850.00000000,41780.00000000,41791.51000000,75.34255000,2022-01-09 07:59:59.999,3150823.83926300,5066,39.63445000,1657522.02852440
2022-01-09 08:00:00,41791.50000000,41949.99000000,41791.50000000,41836.11000000,174.15386000,2022-01-09 08:14:59.999,7289895.67740080,6962,92.50177000,3872581.31862330
2022-01-09 08:15:00,41836.11000000,41851.53000000,41633.04000000,41641.23000000,266.23002000,2022-01-09 08:29:59.999,11106913.12574530,9457,93.92898000,3917351.18427450
2022-01-09 08:30:00,41641.23000000,41764.18000000,41615.32000000,41724.42000000,173.97552000,2022-01-09 08:44:59.999,7254788.75298940,7096,97.41980000,4062678.74628530
2022-01-09 08:45:00,41724.43000000,41788.41000000,41642.65000000,41666.67000000,175.57629000,2022-01-09 08:59:59.999,7325134.53839420,5992,81.05194000,3381614.53611360
2022-01-09 09:00:00,41666.66000000,41766.80000000,41632.34000000,41661.10000000,162.35731000,2022-01-09 09:14:59.999,6772361.76751920,5714,84.31572000,3517075.95049230
2022-01-09 09:15:00,41661.10000000,41684.12000000,41470.44000000,41556.14000000,344.99926000,2022-01-09 09:29:59.999,14339105.53988790,9325,162.12629000,6738932.75658920
2022-01-09 09:30:00,41556.14000000,41683.31000000,41530.43000000,41595.27000000,134.36062000,2022-01-09 09:44:59.999,5591112.61821920,6890,70.97410000,2953065.22453720
2022-01-09 09:45:00,41595.26000000,41672.24000000,41470.34000000,41510.01000000,216.48777000,2022-01-09 09:59:59.999,9000219.46536180,7042,95.97660000,3990389.60360870
2022-01-09 10:00:00,41510.00000000,41589.98000000,41421.24000000,41476.55000000,170.65219000,2022-01-09 10:14:59.999,7085116.89889210,7290,80.51112000,3342667.71168290
2022-01-09 10:15:00,41476.54000000,41557.96000000,41410.00000000,41542.75000000,176.93681000,2022-01-09 10:29:59.999,7336072.99511800,7158,89.05310000,3692502.22700120
2022-01-09 10:30:00,41542.75000000,41728.65000000,41503.01000000,41707.27000000,234.20807000,2022-01-09 10:44:59.999,9741079.57819220,7787,114.08509000,4745884.06794770
2022-01-09 10:45:00,41701.08000000,41708.53000000,41600.90000000,41644.70000000,123.93758000,2022-01-09 10:59:59.999,5162966.70994060,5397,45.50482000,1895597.89512830
2022-01-09 11:00:00,41644.70000000,41990.00000000,41642.54000000,41888.01000000,343.08773000,2022-01-09 11:14:59.999,14354899.47530490,10317,200.25075000,8378090.77185110
2022-01-09 11:15:00,41888.01000000,41930.22000000,41766.64000000,41812.08000000,189.79873000,2022-01-09 11:29:59.999,7941818.98742840,6971,102.54036000,4290473.93069960
2022-01-09 11:30:00,41812.08000000,41896.42000000,41766.00000000,41804.89000000,144.83143000,2022-01-09 11:44:59.999,6059793.90743270,5030,85.32781000,3570693.82028820
2022-01-09 11:45:00,41804.89000000,41870.00000000,41785.67000000,41857.62000000,105.88806000,2022-01-09 11:59:59.999,4428716.32511100,5635,55.30374000,2313057.01747740
2022-01-09 12:00:00,41857.62000000,41923.39000000,41701.00000000,41739.68000000,186.04672000,2022-01-09 12:14:59.999,7776727.23984160,7626,65.24113000,2726951.99878630
2022-01-09 12:15:00,41739.68000000,41766.00000000,41665.46000000,41753.28000000,156.68426000,2022-01-09 12:29:59.999,6536858.19603700,5837,63.48294000,2648606.85653390
2022-01-09 12:30:00,41753.28000000,41850.00000000,41707.14000000,41802.64000000,107.51214000,2022-01-09 12:44:59.999,4491069.73902200,5323,56.40432000,2356292.25563450
2022-01-09 12:45:00,41802.63000000,41846.80000000,41736.23000000,41746.98000000,103.73405000,2022-01-09 12:59:59.999,4336094.89202020,5095,48.05471000,2008606.57506380
2022-01-09 13:00:00,41746.98000000,41816.32000000,41692.16000000,41798.65000000,109.53748000,2022-01-09 13:14:59.999,4572264.27983170,5227,60.68306000,2532962.73620520
2022-01-09 13:15:00,41798.65000000,41894.01000000,41570.87000000,41578.03000000,302.30895000,2022-01-09 13:29:59.999,12627532.42131880,8184,115.54777000,4826143.97551780
2022-01-09 13:30:00,41573.87000000,41716.03000000,41526.31000000,41630.46000000,215.00593000,2022-01-09 13:44:59.999,8949565.01863770,7570,103.42806000,4305060.77969720
2022-01-09 13:45:00,41630.46000000,41679.18000000,41469.48000000,41470.00000000,296.06100000,2022-01-09 13:59:59.999,12304678.80597100,8102,103.78844000,4314194.57424170
2022-01-09 14:00:00,41470.00000000,41660.67000000,41469.99000000,41638.33000000,222.51550000,2022-01-09 14:14:59.999,9247707.45133450,7126,121.23976000,5038047.48433590
2022-01-09 14:15:00,41638.33000000,41699.00000000,41563.82000000,41595.22000000,115.49705000,2022-01-09 14:29:59.999,4808763.95938520,5246,56.91274000,2369520.80685100
2022-01-09 14:30:00,41595.22000000,41743.26000000,41567.94000000,41719.71000000,131.78039000,2022-01-09 14:44:59.999,5491279.85397240,5567,77.13395000,3214485.99003510
2022-01-09 14:45:00,41719.72000000,41734.39000000,41530.39000000,41535.93000000,158.94319000,2022-01-09 14:59:59.999,6614882.07685700,5884,80.26993000,3340545.68885680
2022-01-09 15:00:00,41535.93000000,41602.69000000,41430.00000000,41447.92000000,215.50220000,2022-01-09 15:14:59.999,8947348.84521810,7507,96.15790000,3992432.84465020
2022-01-09 15:15:00,41447.93000000,41566.31000000,41200.02000000,41493.35000000,621.27357000,2022-01-09 15:29:59.999,25701797.82420370,15250,315.83955000,13070215.51706530
2022-01-09 15:30:00,41493.36000000,41681.89000000,41490.00000000,41527.37000000,248.88035000,2022-01-09 15:44:59.999,10356001.28108650,7783,121.00820000,5035328.73227610
2022-01-09 15:45:00,41527.37000000,41644.15000000,41474.42000000,41621.11000000,176.54545000,2022-01-09 15:59:59.999,7335864.82589580,6657,93.42623000,3882034.64435770
2022-01-09 16:00:00,41621.11000000,41682.57000000,41556.49000000,41570.01000000,183.46654000,2022-01-09 16:14:59.999,7639078.07458280,7425,90.88945000,3784915.31459160
2022-01-09 16:15:00,41570.01000000,41769.50000000,41560.63000000,41736.01000000,198.72858000,2022-01-09 16:29:59.999,8286660.61602470,7007,129.54230000,5402217.99945820
2022-01-09 16:30:00,41736.00000000,41851.89000000,41726.48000000,41774.96000000,273.41369000,2022-01-09 16:44:59.999,11426149.28298770,8700,175.31480000,7326666.53886960
2022-01-09 16:45:00,41774.97000000,42146.25000000,41758.39000000,42143.04000000,669.73887000,2022-01-09 16:59:59.999,28126390.97215950,16608,421.87591000,17716807.05562380
2022-01-09 17:00:00,42143.05000000,42200.00000000,41955.04000000,41987.98000000,472.33936000,2022-01-09 17:14:59.999,19883501.25739760,14639,219.15273000,9225378.62632170
2022-01-09 17:15:00,41987.99000000,42146.38000000,41982.03000000,42038.11000000,289.06345000,2022-01-09 17:29:59.999,12160017.00929940,9680,137.04384000,5764781.19002590
2022-01-09 17:30:00,42038.45000000,42122.10000000,41925.02000000,41969.99000000,256.59617000,2022-01-09 17:44:59.999,10778722.72360420,9184,136.72295000,5743555.90386940
2022-01-09 17:45:00,41970.00000000,42105.00000000,41880.01000000,42094.59000000,180.07378000,2022-01-09 17:59:59.999,7560650.02182520,7378,90.25236000,3789501.22460700
2022-01-09 18:00:00,42094.48000000,42134.99000000,42030.00000000,42036.84000000,268.68809000,2022-01-09 18:14:59.999,11308539.84102970,8069,119.90369000,5046058.47125430
2022-01-09 18:15:00,42036.83000000,42279.00000000,42011.85000000,42234.81000000,302.68030000,2022-01-09 18:29:59.999,12758461.19924680,10232,167.02393000,7041657.14607190
2022-01-09 18:30:00,42234.81000000,42262.24000000,42032.00000000,42065.29000000,401.09787000,2022-01-09 18:44:59.999,16903548.37680980,9843,188.60526000,7948958.70191060
2022-01-09 18:45:00,42065.28000000,42123.70000000,41861.94000000,41966.99000000,299.42893000,2022-01-09 18:59:59.999,12584173.60327380,9616,105.17059000,4420410.88934330
2022-01-09 19:00:00,41966.99000000,42126.97000000,41928.01000000,42081.18000000,292.84770000,2022-01-09 19:14:59.999,12310600.82883240,8022,150.19794000,6314632.93675300
2022-01-09 19:15:00,42081.17000000,42665.28000000,42050.38000000,42602.70000000,837.32281000,2022-01-09 19:29:59.999,35486760.12156820,23160,496.56996000,21044937.22989700
2022-01-09 19:30:00,42602.69000000,42680.00000000,42470.16000000,42515.70000000,572.23897000,2022-01-09 19:44:59.999,24358945.69122320,14358,256.47888000,10917031.10978610
2022-01-09 19:45:00,42515.71000000,42740.00000000,42470.00000000,42695.26000000,304.92576000,2022-01-09 19:59:59.999,12989946.69593300,10423,157.22240000,6698348.64826790
2022-01-09 20:00:00,42695.27000000,42786.70000000,42550.56000000,42596.92000000,497.99908000,2022-01-09 20:14:59.999,21240363.39816050,13696,256.68079000,10948436.02610720
2022-01-09 20:15:00,42596.92000000,42667.51000000,42473.39000000,42490.03000000,249.66170000,2022-01-09 20:29:59.999,10624799.38493320,8999,112.44528000,4785742.93197490
2022-01-09 20:30:00,42490.03000000,42519.24000000,42380.00000000,42380.01000000,168.44517000,2022-01-09 20:44:59.999,7148496.93467010,7292,84.56034000,3588446.79574450
2022-01-09 20:45:00,42380.01000000,42516.26000000,42368.00000000,42439.38000000,240.68948000,2022-01-09 20:59:59.999,10219306.47798940,8545,135.53327000,5754058.50584300
2022-01-09 21:00:00,42439.38000000,42557.36000000,42418.86000000,42452.59000000,147.89780000,2022-01-09 21:14:59.999,6283293.53324990,6172,88.59468000,3764201.80196820
2022-01-09 21:15:00,42452.58000000,42519.90000000,42386.01000000,42409.00000000,137.83005000,2022-01-09 21:29:59.999,5851138.69742560,5409,58.95568000,2502691.68432160
2022-01-09 21:30:00,42409.00000000,42416.97000000,42307.43000000,42319.94000000,129.66181000,2022-01-09 21:44:59.999,5492856.33111140,5552,56.41896000,2390463.52120190
2022-01-09 21:45:00,42319.94000000,42376.00000000,42286.67000000,42300.00000000,153.50517000,2022-01-09 21:59:59.999,6496872.83976070,6079,73.50971000,3111556.79312180
2022-01-09 22:00:00,42300.01000000,42450.00000000,42280.00000000,42441.26000000,238.97055000,2022-01-09 22:14:59.999,10119662.92532500,7450,151.93418000,6433538.84317660
2022-01-09 22:15:00,42441.27000000,42497.26000000,42408.12000000,42437.36000000,131.32058000,2022-01-09 22:29:59.999,5574351.00508850,5486,66.44130000,2820553.14998780
2022-01-09 22:30:00,42434.73000000,42440.00000000,42316.01000000,42397.18000000,106.67381000,2022-01-09 22:44:59.999,4520071.23697130,5975,52.91712000,2242226.80178010
2022-01-09 22:45:00,42397.23000000,42400.00000000,42080.01000000,42205.37000000,272.11049000,2022-01-09 22:59:59.999,11486431.80848990,8291,125.66756000,5303766.51212150
2022-01-09 23:00:00,42205.36000000,42282.30000000,41878.05000000,41990.99000000,403.43791000,2022-01-09 23:14:59.999,16960894.85516860,11145,169.22824000,7115147.57693340
2022-01-09 23:15:00,41991.00000000,41995.19000000,41766.43000000,41818.66000000,328.30932000,2022-01-09 23:29:59.999,13752449.46943790,8840,128.65882000,5390244.67364530
2022-01-09 23:30:00,41818.65000000,41930.81000000,41766.50000000,41921.62000000,321.74667000,2022-01-09 23:44:59.999,13462615.09705450,7949,210.68797000,8815904.62565390
2022-01-09 23:45:00,41921.61000000,41952.40000000,41826.73000000,41864.62000000,171.67354000,2022-01-09 23:59:59.999,7189390.25310550,6074,81.18495000,3399748.79913090
2022-01-10 00:00:00,41864.62000000,41950.60000000,41700.00000000,41942.87000000,327.65915000,2022-01-10 00:14:59.999,13709343.61976180,11472,157.03887000,6572053.60005880
2022-01-10 00:15:00,41942.86000000,42037.05000000,41873.77000000,41950.05000000,211.17299000,2022-01-10 00:29:59.999,8861460.46123130,8229,108.24060000,4542793.79167220
2022-01-10 00:30:00,41950.04000000,41953.22000000,41653.29000000,41698.33000000,291.61401000,2022-01-10 00:44:59.999,12182439.94783050,8748,142.10665000,5937004.65802190
2022-01-10 00:45:00,41698.33000000,41785.00000000,41623.67000000,41655.18000000,252.76895000,2022-01-10 00:59:59.999,10542520.33634730,7622,116.91739000,4876449.44935800
2022-01-10 01:00:00,41655.18000000,41792.71000000,41601.00000000,41733.32000000,205.38614000,2022-01-10 01:14:59.999,8562996.71626010,7658,110.27842000,4597730.87068330
2022-01-10 01:15:00,41733.32000000,41748.79000000,41650.79000000,41737.54000000,104.88516000,2022-01-10 01:29:59.999,4373213.95097460,4730,49.70075000,2072386.10736660
2022-01-10 01:30:00,41737.53000000,41818.00000000,41640.12000000,41659.45000000,179.16974000,2022-01-10 01:44:59.999,7477862.84847640,5588,77.88089000,3251105.95336840
2022-01-10 01:45:00,41659.45000000,41850.00000000,41659.45000000,41815.32000000,167.47263000,2022-01-10 01:59:59.999,6996978.04942240,6005,98.93756000,4133005.42866130
2022-01-10 02:00:00,41815.32000000,41857.92000000,41734.17000000,41764.21000000,180.42985000,2022-01-10 02:14:59.999,7542647.94924420,6676,80.62194000,3370450.09825230
2022-01-10 02:15:00,41764.21000000,41913.60000000,41711.95000000,41900.21000000,195.94725000,2022-01-10 02:29:59.999,8199149.50694180,6958,98.90092000,4138641.52916460
2022-01-10 02:30:00,41900.23000000,41973.60000000,41863.38000000,41950.95000000,183.43212000,2022-01-10 02:44:59.999,7689622.56250200,6607,81.71208000,3425498.54306110
2022-01-10 02:45:00,41950.94000000,41997.90000000,41919.48000000,41927.71000000,186.78707000,2022-01-10 02:59:59.999,7836991.27577040,6550,88.53524000,3714639.74563140
2022-01-10 03:00:00,41927.70000000,41927.71000000,41852.49000000,41910.31000000,228.99218000,2022-01-10 03:14:59.999,9593038.66803160,6581,91.59033000,3836804.98506000
2022-01-10 03:15:00,41910.31000000,41960.00000000,41856.57000000,41946.34000000,120.32722000,2022-01-10 03:29:59.999,5042740.99346340,4531,57.71378000,2418803.01776300
2022-01-10 03:30:00,41946.34000000,41990.99000000,41917.33000000,41937.95000000,127.35016000,2022-01-10 03:44:59.999,5343291.41846880,4527,65.01287000,2727754.31130020
2022-01-10 03:45:00,41937.95000000,41979.99000000,41904.56000000,41967.59000000,126.68170000,2022-01-10 03:59:59.999,5313261.64694460,4577,66.01942000,2768908.70903880
2022-01-10 04:00:00,41967.59000000,41995.00000000,41925.61000000,41995.00000000,111.47154000,2022-01-10 04:14:59.999,4676152.93359370,4476,40.59864000,1703097.13981550
2022-01-10 04:15:00,41995.00000000,42177.77000000,41994.99000000,42124.79000000,386.29049000,2022-01-10 04:29:59.999,16260359.48080370,9721,221.09029000,9307161.76040770
2022-01-10 04:30:00,42124.79000000,42208.32000000,42086.48000000,42096.73000000,333.72897000,2022-01-10 04:44:59.999,14073589.76473340,8768,142.48393000,6008614.87649290
2022-01-10 04:45:00,42096.73000000,42248.50000000,42089.92000000,42187.22000000,195.16793000,2022-01-10 04:59:59.999,8233648.13194800,6772,105.60861000,4455250.13780150
2022-01-10 05:00:00,42187.22000000,42230.84000000,42100.01000000,42118.29000000,203.65004000,2022-01-10 05:14:59.999,8586109.91372490,6967,88.37271000,3726226.88680850
2022-01-10 05:15:00,42118.29000000,42194.24000000,42106.73000000,42110.01000000,147.72271000,2022-01-10 05:29:59.999,6226103.48990770,5315,84.80941000,3574784.37840520
2022-01-10 05:30:00,42110.01000000,42117.60000000,41967.11000000,41977.69000000,175.93227000,2022-01-10 05:44:59.999,7396353.73173210,6122,78.69875000,3308655.91112400
2022-01-10 05:45:00,41977.69000000,42048.71000000,41975.27000000,42031.29000000,114.66049000,2022-01-10 05:59:59.999,4815947.20166060,4826,65.93367000,2769237.34509030
2022-01-10 06:00:00,42031.30000000,42036.00000000,41837.52000000,41893.95000000,239.04454000,2022-01-10 06:14:59.999,10024181.79884440,7082,91.75554000,3847597.33229300
2022-01-10 06:15:00,41893.96000000,41987.51000000,41811.70000000,41957.52000000,309.88453000,2022-01-10 06:29:59.999,12983237.27486070,7580,166.52937000,6976576.35468630
2022-01-10 06:30:00,41957.56000000,42048.63000000,41908.38000000,41917.99000000,170.49390000,2022-01-10 06:44:59.999,7157750.04547290,5925,81.87585000,3437399.83287110
2022-01-10 06:45:00,41918.00000000,41960.98000000,41902.00000000,41925.01000000,104.17689000,2022-01-10 06:59:59.999,4367793.13010620,5364,47.53220000,1992854.07942670
2022-01-10 07:00:00,41925.01000000,42149.31000000,41901.00000000,42069.79000000,319.14992000,2022-01-10 07:14:59.999,13423305.39945510,8795,174.66772000,7346113.72961550
2022-01-10 07:15:00,42069.80000000,42072.19000000,41901.00000000,42015.05000000,135.62931000,2022-01-10 07:29:59.999,5692743.78803770,6118,63.21883000,2653542.02223950
2022-01-10 07:30:00,42010.40000000,42054.99000000,41936.80000000,41951.70000000,127.61952000,2022-01-10 07:44:59.999,5358259.05918460,6200,75.81392000,3183313.34576200
2022-01-10 07:45:00,41951.71000000,42055.99000000,41908.83000000,42042.38000000,141.46215000,2022-01-10 07:59:59.999,5939767.55342630,6042,73.31763000,3078495.07967580
2022-01-10 08:00:00,42042.38000000,42116.61000000,41925.00000000,41933.18000000,204.88946000,2022-01-10 08:14:59.999,8610641.39341220,7703,116.79886000,4908437.44733920
2022-01-10 08:15:00,41933.18000000,41983.46000000,41818.66000000,41906.66000000,242.83129000,2022-01-10 08:29:59.999,10174941.92015300,8409,115.08209000,4822153.77136740
2022-01-10 08:30:00,41906.67000000,41929.24000000,41720.00000000,41752.55000000,310.06539000,2022-01-10 08:44:59.999,12959928.54627820,10415,137.03858000,5727861.83375390
2022-01-10 08:45:00,41758.90000000,41835.38000000,41712.99000000,41816.84000000,239.66071000,2022-01-10 08:59:59.999,10013764.68945060,8546,127.93152000,5345394.68303420
2022-01-10 09:00:00,41808.96000000,41849.79000000,41710.96000000,41785.01000000,241.04337000,2022-01-10 09:14:59.999,10069288.95126350,9138,99.25146000,4145608.45394720
2022-01-10 09:15:00,41785.00000000,41909.99000000,41780.00000000,41885.92000000,162.09898000,2022-01-10 09:29:59.999,6785569.02176210,8076,84.35382000,3531112.97572540
2022-01-10 09:30:00,41885.92000000,41937.41000000,41822.12000000,41851.27000000,149.39826000,2022-01-10 09:44:59.999,6256272.16804360,6444,74.26478000,3110331.52034780
2022-01-10 09:45:00,41851.27000000,41895.95000000,41782.89000000,41796.01000000,157.43739000,2022-01-10 09:59:59.999,6586956.33967600,8047,79.57487000,3329249.14493760
2022-01-10 10:00:00,41796.01000000,41908.74000000,41742.23000000,41896.49000000,144.16832000,2022-01-10 10:14:59.999,6029131.62912930,8480,73.43380000,3071097.64721690
2022-01-10 10:15:00,41896.49000000,41986.00000000,41867.19000000,41878.63000000,173.90028000,2022-01-10 10:29:59.999,7289372.81026940,7759,91.02602000,3815493.79403050
2022-01-10 10:30:00,41878.63000000,41974.36000000,41846.18000000,41857.02000000,130.37042000,2022-01-10 10:44:59.999,5465086.51245100,7201,64.16169000,2689810.55802100
2022-01-10 10:45:00,41857.02000000,41930.86000000,41769.61000000,41778.88000000,179.65535000,2022-01-10 10:59:59.999,7515586.33323310,8275,75.07059000,3140636.18524040
2022-01-10 11:00:00,41778.88000000,41793.85000000,41550.00000000,41628.10000000,573.55534000,2022-01-10 11:14:59.999,23890834.12135530,16058,266.45089000,11097910.46131290
2022-01-10 11:15:00,41628.10000000,41699.99000000,41506.79000000,41633.13000000,491.99289000,2022-01-10 11:29:59.999,20469031.54606240,12202,258.70937000,10763212.52445910
2022-01-10 11:30:00,41633.14000000,41680.23000000,41533.21000000,41574.99000000,315.13027000,2022-01-10 11:44:59.999,13111082.95879510,9970,142.51769000,5929530.04842580
2022-01-10 11:45:00,41575.00000000,41624.45000000,41455.00000000,41565.34000000,375.99639000,2022-01-10 11:59:59.999,15618362.09398830,12985,153.83704000,6391484.41271460
2022-01-10 12:00:00,41565.33000000,41616.72000000,41354.01000000,41372.61000000,600.77859000,2022-01-10 12:14:59.999,24908503.92764740,14710,274.52309000,11385700.17275320
2022-01-10 12:15:00,41372.61000000,41486.55000000,41300.00000000,41445.56000000,441.81188000,2022-01-10 12:29:59.999,18291186.05378850,12145,220.53369000,9129307.07999110
2022-01-10 12:30:00,41445.57000000,41476.06000000,41228.00000000,41235.01000000,449.30546000,2022-01-10 12:44:59.999,18560605.45714990,12095,189.49747000,7828322.82914560
2022-01-10 12:45:00,41235.06000000,41308.44000000,40916.98000000,40930.00000000,1731.78099000,2022-01-10 12:59:59.999,71086621.50750320,29062,907.24344000,37239842.00922380
2022-01-10 13:00:00,40930.01000000,41057.52000000,40863.13000000,40898.96000000,738.12616000,2022-01-10 13:14:59.999,30236737.34390260,18051,360.28926000,14760910.85836410
2022-01-10 13:15:00,40898.96000000,40966.27000000,40741.50000000,40854.46000000,827.74944000,2022-01-10 13:29:59.999,33820010.49064460,17428,371.07204000,15160409.30911490
2022-01-10 13:30:00,40854.45000000,41028.39000000,40827.17000000,40836.22000000,498.19839000,2022-01-10 13:44:59.999,20387097.67331340,14380,249.67855000,10218802.03680550
2022-01-10 13:45:00,40836.22000000,40875.44000000,40716.00000000,40774.00000000,614.27478000,2022-01-10 13:59:59.999,25065774.71650430,14436,281.22102000,11474228.23315700
2022-01-10 14:00:00,40774.01000000,40794.71000000,40565.00000000,40719.42000000,964.15356000,2022-01-10 14:14:59.999,39211280.48971480,23386,372.89387000,15166874.51400450
2022-01-10 14:15:00,40719.42000000,40737.54000000,39750.00000000,39903.03000000,5683.24058000,2022-01-10 14:29:59.999,227827552.02102440,108823,2036.30165000,81610496.18738400
2022-01-10 14:30:00,39900.28000000,41013.07000000,39650.00000000,40684.29000000,3492.81998000,2022-01-10 14:44:59.999,140375507.08158080,62898,1767.68738000,71100008.46760640
2022-01-10 14:45:00,40684.29000000,41275.92000000,40432.47000000,40786.57000000,2737.22030000,2022-01-10 14:59:59.999,111808351.91740370,48562,1370.93361000,56005421.05831980
2022-01-10 15:00:00,40786.57000000,40959.80000000,40555.87000000,40659.90000000,1244.77751000,2022-01-10 15:14:59.999,50704200.85436460,26432,601.11719000,24487034.78848850
2022-01-10 15:15:00,40659.90000000,40910.92000000,40573.56000000,40832.17000000,776.83836000,2022-01-10 15:29:59.999,31656123.82759270,18903,384.16977000,15655005.24382240
2022-01-10 15:30:00,40832.17000000,41200.00000000,40751.21000000,41006.96000000,1206.42032000,2022-01-10 15:44:59.999,49523660.95975640,23674,661.40721000,27154240.68473260
2022-01-10 15:45:00,41006.96000000,41030.00000000,40755.00000000,40984.33000000,652.89735000,2022-01-10 15:59:59.999,26685040.15854550,17608,333.17816000,13618969.47821790
2022-01-10 16:00:00,40984.34000000,41160.00000000,40850.03000000,41143.01000000,521.16332000,2022-01-10 16:14:59.999,21361598.23169160,14368,274.88667000,11269356.39114760
2022-01-10 16:15:00,41143.01000000,41940.78000000,41063.00000000,41725.56000000,2271.39080000,2022-01-10 16:29:59.999,94511505.51994010,43898,1387.02203000,57666987.19399310
2022-01-10 16:30:00,41725.56000000,41985.99000000,41549.26000000,41698.46000000,1153.00815000,2022-01-10 16:44:59.999,48098459.66272340,23336,597.83944000,24946032.24749230
2022-01-10 16:45:00,41698.46000000,41934.54000000,41605.27000000,41904.40000000,717.90931000,2022-01-10 16:59:59.999,29987188.07484500,13486,379.95982000,15876509.08541960
2022-01-10 17:00:00,41904.40000000,42121.63000000,41653.00000000,41665.26000000,1080.07866000,2022-01-10 17:14:59.999,45214660.36904070,21399,600.85081000,25166525.43047540
2022-01-10 17:15:00,41665.26000000,41731.35000000,40874.99000000,41136.01000000,1546.12555000,2022-01-10 17:29:59.999,63792904.97846570,32152,662.74991000,27344973.64712950
2022-01-10 17:30:00,41133.71000000,41138.15000000,40564.89000000,40687.42000000,1457.17679000,2022-01-10 17:44:59.999,59382753.17514660,30186,670.17073000,27311157.05490970
2022-01-10 17:45:00,40687.43000000,41507.69000000,40637.14000000,41184.45000000,1735.97957000,2022-01-10 17:59:59.999,71526669.09281580,35102,923.05042000,38023532.18134880
2022-01-10 18:00:00,41184.44000000,41326.22000000,41118.36000000,41249.96000000,435.48295000,2022-01-10 18:14:59.999,17946699.10469520,12251,221.67764000,9135368.65088840
2022-01-10 18:15:00,41249.96000000,41444.54000000,41163.88000000,41301.89000000,365.65841000,2022-01-10 18:29:59.999,15115718.81842020,10187,183.86577000,7601581.53265290
2022-01-10 18:30:00,41301.89000000,41691.86000000,41276.33000000,41595.15000000,670.93214000,2022-01-10 18:44:59.999,27862714.10187470,17265,383.30174000,15918002.27186350
2022-01-10 18:45:00,41595.15000000,41723.87000000,41467.02000000,41604.58000000,343.98106000,2022-01-10 18:59:59.999,14313450.17338170,10084,179.54224000,7470345.00652240
2022-01-10 19:00:00,41604.58000000,41698.07000000,41466.10000000,41562.49000000,409.70905000,2022-01-10 19:14:59.999,17030704.25443090,11662,218.09995000,9066641.77523420
2022-01-10 19:15:00,41562.49000000,41662.80000000,41412.45000000,41530.20000000,310.89950000,2022-01-10 19:29:59.999,12914961.25389730,8145,146.71620000,6094625.63766390
2022-01-10 19:30:00,41530.19000000,41652.30000000,41431.39000000,41514.66000000,230.19395000,2022-01-10 19:44:59.999,9568177.46765010,7332,112.48598000,4675054.63532690
2022-01-10 19:45:00,41514.67000000,41558.26000000,41205.65000000,41297.15000000,407.73867000,2022-01-10 19:59:59.999,16858206.32976160,10890,213.08041000,8808285.59110240
2022-01-10 20:00:00,41297.15000000,41477.77000000,41158.99000000,41239.10000000,365.20471000,2022-01-10 20:14:59.999,15087697.42236220,10239,193.07282000,7976767.31639740
2022-01-10 20:15:00,41239.09000000,41438.89000000,41183.03000000,41346.40000000,208.00489000,2022-01-10 20:29:59.999,8596919.61592290,7205,92.95542000,3841757.82487570
2022-01-10 20:30:00,41346.40000000,41632.31000000,41280.00000000,41462.93000000,272.04748000,2022-01-10 20:44:59.999,11288063.07589060,9312,147.15465000,6105481.75361610
2022-01-10 20:45:00,41462.93000000,41779.46000000,41400.42000000,41714.72000000,400.18341000,2022-01-10 20:59:59.999,16645281.86400700,11426,209.43673000,8712189.12004130
2022-01-10 21:00:00,41716.81000000,41985.00000000,41657.00000000,41863.93000000,655.33794000,2022-01-10 21:14:59.999,27425020.39003890,15615,349.29493000,14617165.44112400
2022-01-10 21:15:00,41863.94000000,41863.94000000,41644.37000000,41755.85000000,289.61113000,2022-01-10 21:29:59.999,12084050.01108670,7885,150.10244000,6262675.22143730
2022-01-10 21:30:00,41755.85000000,41794.71000000,41655.83000000,41675.84000000,182.09445000,2022-01-10 21:44:59.999,7601124.79930190,6185,98.12345000,4096380.05794320
2022-01-10 21:45:00,41675.84000000,41733.25000000,41562.38000000,41714.13000000,238.33913000,2022-01-10 21:59:59.999,9925172.43310790,6949,127.03685000,5290849.94867750
2022-01-10 22:00:00,41714.14000000,41849.45000000,41714.11000000,41825.41000000,166.97781000,2022-01-10 22:14:59.999,6978356.22036910,6874,96.46932000,4031422.92230220
2022-01-10 22:15:00,41825.41000000,41830.26000000,41500.00000000,41714.18000000,295.82408000,2022-01-10 22:29:59.999,12317399.84971720,9285,143.27569000,5964149.09995120
2022-01-10 22:30:00,41714.19000000,41746.69000000,41600.00000000,41700.00000000,141.26744000,2022-01-10 22:44:59.999,5888256.07228670,5702,40.90187000,1704615.56799320
2022-01-10 22:45:00,41700.00000000,41700.01000000,41536.25000000,41604.98000000,125.81396000,2022-01-10 22:59:59.999,5235208.83616650,5218,57.64109000,2398420.30358970
2022-01-10 23:00:00,41604.98000000,41757.57000000,41503.56000000,41721.46000000,185.65079000,2022-01-10 23:14:59.999,7732599.04153060,5943,108.48038000,4518156.71028810
2022-01-10 23:15:00,41721.45000000,41820.75000000,41673.69000000,41795.71000000,176.04430000,2022-01-10 23:29:59.999,7352982.73529010,5298,100.44621000,4195706.20037710
2022-01-10 23:30:00,41795.71000000,41892.87000000,41772.78000000,41858.11000000,136.34625000,2022-01-10 23:44:59.999,5704634.89656520,5344,62.64449000,2621062.95492950
2022-01-10 23:45:00,41858.11000000,41858.12000000,41749.10000000,41822.49000000,174.24526000,2022-01-10 23:59:59.999,7285233.46824930,5327,87.44676000,3655925.20206850
2022-01-11 00:00:00,41822.49000000,41878.78000000,41680.44000000,41745.49000000,238.58557000,2022-01-11 00:14:59.999,9968938.34202870,8330,114.33804000,4778576.65427850
2022-01-11 00:15:00,41745.49000000,41752.76000000,41659.66000000,41684.07000000,182.79139000,2022-01-11 00:29:59.999,7622619.08160840,5784,94.76640000,3951854.36482020
2022-01-11 00:30:00,41684.06000000,41757.89000000,41627.20000000,41703.42000000,247.19189000,2022-01-11 00:44:59.999,10304140.59056960,6136,115.36261000,4809319.64374310
2022-01-11 00:45:00,41703.42000000,41765.04000000,41583.43000000,41593.70000000,201.16798000,2022-01-11 00:59:59.999,8385516.06096600,6927,94.42280000,3935901.07983340
2022-01-11 01:00:00,41593.69000000,41707.62000000,41544.64000000,41622.35000000,195.76925000,2022-01-11 01:14:59.999,8149429.28127060,6855,91.79420000,3821171.35237610
2022-01-11 01:15:00,41622.35000000,41820.00000000,41574.43000000,41805.99000000,224.36997000,2022-01-11 01:29:59.999,9363407.49872820,6797,134.41171000,5610904.87219040
2022-01-11 01:30:00,41805.93000000,42062.91000000,41786.24000000,41882.98000000,601.82036000,2022-01-11 01:44:59.999,25250374.08164450,13783,355.02055000,14897469.12612940
2022-01-11 01:45:00,41882.99000000,41944.43000000,41826.71000000,41928.82000000,219.00232000,2022-01-11 01:59:59.999,9173493.56893450,6113,109.68463000,4593832.65798820
2022-01-11 02:00:00,41928.82000000,41948.41000000,41818.18000000,41867.01000000,167.78157000,2022-01-11 02:14:59.999,7025025.19490080,6093,82.44268000,3451700.00827740
2022-01-11 02:15:00,41867.00000000,42195.00000000,41857.21000000,42153.65000000,499.02688000,2022-01-11 02:29:59.999,20993335.90972660,11792,285.93043000,12030255.31774100
2022-01-11 02:30:00,42155.67000000,42265.72000000,42094.01000000,42189.07000000,506.46845000,2022-01-11 02:44:59.999,21365935.85290280,11970,279.86289000,11806226.23381200
2022-01-11 02:45:00,42189.07000000,42400.01000000,42147.87000000,42173.77000000,702.06147000,2022-01-11 02:59:59.999,29682112.91499600,15235,359.46800000,15199811.35316980
2022-01-11 03:00:00,42173.77000000,42208.78000000,42056.80000000,42081.52000000,367.70337000,2022-01-11 03:14:59.999,15487379.68992820,9495,177.46533000,7475381.01373710
2022-01-11 03:15:00,42081.52000000,42175.78000000,42062.33000000,42136.12000000,187.51587000,2022-01-11 03:29:59.999,7900243.95281330,6715,93.91729000,3956724.16793370
2022-01-11 03:30:00,42136.12000000,42227.03000000,42120.01000000,42188.65000000,187.90704000,2022-01-11 03:44:59.999,7926189.89664860,6392,97.91105000,4130108.57067950
2022-01-11 03:45:00,42189.15000000,42277.99000000,42188.01000000,42277.98000000,204.98381000,2022-01-11 03:59:59.999,8657736.63760320,7086,105.92199000,4473760.52374780
2022-01-11 04:00:00,42277.99000000,42350.00000000,42123.03000000,42150.37000000,308.57368000,2022-01-11 04:14:59.999,13037961.47819500,8784,124.71958000,5270584.23968490
2022-01-11 04:15:00,42150.38000000,42382.77000000,42127.85000000,42255.41000000,337.72745000,2022-01-11 04:29:59.999,14254966.94027260,8034,202.96385000,8568390.09837120
2022-01-11 04:30:00,42255.41000000,42368.17000000,42237.48000000,42245.52000000,221.67401000,2022-01-11 04:44:59.999,9376217.33346980,6541,103.60838000,4382425.30218580
2022-01-11 04:45:00,42245.52000000,42387.78000000,42138.23000000,42304.65000000,302.53160000,2022-01-11 04:59:59.999,12786235.54007200,8011,164.80424000,6966665.06755650
2022-01-11 05:00:00,42304.65000000,42315.79000000,42171.06000000,42194.16000000,181.01197000,2022-01-11 05:14:59.999,7645308.33003410,6387,70.12246000,2961869.91144060
2022-01-11 05:15:00,42194.17000000,42194.60000000,42021.71000000,42022.52000000,276.59519000,2022-01-11 05:29:59.999,11645141.56180300,7153,123.44889000,5197021.44798510
2022-01-11 05:30:00,42022.52000000,42180.59000000,42022.51000000,42120.82000000,276.03945000,2022-01-11 05:44:59.999,11621070.84982230,6959,158.51468000,6674040.53641690
2022-01-11 05:45:00,42120.82000000,42169.05000000,42090.00000000,42110.00000000,163.99669000,2022-01-11 05:59:59.999,6907776.75359240,5309,69.62470000,2932472.62660190
2022-01-11 06:00:00,42110.00000000,42232.68000000,42082.92000000,42221.74000000,157.20456000,2022-01-11 06:14:59.999,6626134.61690870,5740,78.17544000,3295327.72999090
2022-01-11 06:15:00,42221.74000000,42227.71000000,42089.73000000,42098.52000000,199.13802000,2022-01-11 06:29:59.999,8393855.45674180,5687,89.75118000,3782612.34836260
2022-01-11 06:30:00,42098.51000000,42156.50000000,42052.42000000,42056.98000000,279.79939000,2022-01-11 06:44:59.999,11779573.07536690,7115,163.44319000,6880852.78418710
2022-01-11 06:45:00,42055.93000000,42105.00000000,41971.37000000,42105.00000000,354.16730000,2022-01-11 06:59:59.999,14893809.48426360,7477,179.15560000,7535567.01955850
2022-01-11 07:00:00,42104.99000000,42195.98000000,42069.73000000,42148.19000000,212.85281000,2022-01-11 07:14:59.999,8969251.32671770,6512,86.81878000,3658532.83834750
2022-01-11 07:15:00,42148.19000000,42225.00000000,42146.10000000,42184.89000000,178.42292000,2022-01-11 07:29:59.999,7528763.89482040,5746,80.04467000,3377408.14241510
2022-01-11 07:30:00,42184.89000000,42200.00000000,42100.00000000,42105.25000000,176.33933000,2022-01-11 07:44:59.999,7433218.62499150,6007,81.27623000,3425434.73551720
2022-01-11 07:45:00,42105.25000000,42280.00000000,42082.09000000,42211.05000000,257.05631000,2022-01-11 07:59:59.999,10845571.85863200,7369,123.44106000,5208425.28074030
2022-01-11 08:00:00,42212.21000000,42334.54000000,42185.99000000,42311.89000000,469.50166000,2022-01-11 08:14:59.999,19847481.86122180,11777,241.50156000,10208593.01109800
2022-01-11 08:15:00,42311.89000000,42627.66000000,42200.84000000,42223.64000000,850.27426000,2022-01-11 08:29:59.999,36069591.81866930,19303,476.43340000,20222286.07072500
2022-01-11 08:30:00,42223.64000000,42249.99000000,41948.81000000,42009.80000000,599.97853000,2022-01-11 08:44:59.999,25252356.47047750,14613,236.79326000,9966456.03450110
2022-01-11 08:45:00,42009.79000000,42057.83000000,41930.01000000,41991.78000000,277.93277000,2022-01-11 08:59:59.999,11670466.41299210,8306,134.96693000,5667011.35120290
2022-01-11 09:00:00,41991.78000000,42059.50000000,41843.13000000,41900.00000000,317.45062000,2022-01-11 09:14:59.999,13312877.00126080,8732,189.32971000,7939771.79315430
2022-01-11 09:15:00,41900.00000000,42041.66000000,41883.71000000,42018.62000000,186.93959000,2022-01-11 09:29:59.999,7846574.86795400,6838,105.11439000,4412247.96423690
2022-01-11 09:30:00,42018.61000000,42108.30000000,42015.45000000,42092.02000000,240.84430000,2022-01-11 09:44:59.999,10128103.73220310,7181,112.30650000,4722636.92383880
2022-01-11 09:45:00,42092.03000000,42148.04000000,41954.42000000,41984.80000000,313.70839000,2022-01-11 09:59:59.999,13189646.20419480,9185,166.13828000,6986493.98392680
2022-01-11 10:00:00,41984.79000000,42066.61000000,41950.00000000,41957.32000000,312.33228000,2022-01-11 10:14:59.999,13117301.96503230,9263,148.89110000,6252611.85468580
2022-01-11 10:15:00,41957.32000000,41957.32000000,41770.00000000,41795.85000000,513.62231000,2022-01-11 10:29:59.999,21483558.52951390,12221,205.24139000,8583422.67821970
2022-01-11 10:30:00,41795.84000000,41816.43000000,41709.54000000,41787.36000000,346.54640000,2022-01-11 10:44:59.999,14475039.64098320,10127,128.76773000,5378170.59578300
2022-01-11 10:45:00,41787.36000000,41800.77000000,41575.00000000,41631.02000000,372.42266000,2022-01-11 10:59:59.999,15520366.39280220,12744,168.86555000,7036594.38929040
2022-01-11 11:00:00,41631.02000000,41823.65000000,41584.86000000,41767.58000000,415.31151000,2022-01-11 11:14:59.999,17320208.85205580,11495,229.25855000,9561347.09690400
2022-01-11 11:15:00,41767.59000000,41810.00000000,41703.41000000,41804.30000000,210.27258000,2022-01-11 11:29:59.999,8782006.07901830,7780,103.59928000,4326707.95707080
2022-01-11 11:30:00,41804.30000000,41944.00000000,41702.30000000,41783.07000000,362.88681000,2022-01-11 11:44:59.999,15183283.72248940,11377,182.07925000,7619527.18627950
2022-01-11 11:45:00,41783.07000000,41930.00000000,41780.83000000,41809.99000000,282.60739000,2022-01-11 11:59:59.999,11829969.73191540,8995,155.29908000,6501312.47702580
2022-01-11 12:00:00,41809.99000000,41928.72000000,41722.23000000,41896.21000000,254.43555000,2022-01-11 12:14:59.999,10641726.04488630,10413,127.94008000,5351149.34454180
2022-01-11 12:15:00,41896.22000000,41956.45000000,41823.40000000,41882.24000000,251.79422000,2022-01-11 12:29:59.999,10546838.47364490,9554,104.43757000,4374750.62159130
2022-01-11 12:30:00,41882.24000000,41932.92000000,41785.30000000,41904.47000000,244.74807000,2022-01-11 12:44:59.999,10245166.41726310,9488,127.78428000,5349307.76153690
2022-01-11 12:45:00,41904.46000000,41908.04000000,41804.94000000,41812.69000000,195.91284000,2022-01-11 12:59:59.999,8200766.35215300,8543,87.92146000,3680555.19159100
2022-01-11 13:00:00,41812.70000000,41879.73000000,41776.75000000,41863.00000000,246.40876000,2022-01-11 13:14:59.999,10308771.52799850,8678,115.79862000,4844577.79258970
2022-01-11 13:15:00,41863.00000000,41899.00000000,41700.00000000,41728.99000000,451.56048000,2022-01-11 13:29:59.999,18882554.27369890,11894,217.97923000,9117934.43497610
2022-01-11 13:30:00,41728.99000000,41814.32000000,41590.00000000,41590.01000000,255.18419000,2022-01-11 13:44:59.999,10639712.11225880,10690,103.56933000,4318972.38663150
2022-01-11 13:45:00,41590.01000000,41726.81000000,41586.03000000,41701.52000000,210.76522000,2022-01-11 13:59:59.999,8781287.00939060,8936,107.14693000,4464134.12410020
2022-01-11 14:00:00,41700.74000000,41823.01000000,41646.69000000,41760.97000000,261.82347000,2022-01-11 14:14:59.999,10932080.74072440,8800,131.65045000,5496664.60641720
2022-01-11 14:15:00,41760.97000000,41763.62000000,41352.32000000,41369.61000000,763.20899000,2022-01-11 14:29:59.999,31704182.63593700,18450,306.43280000,12725907.12137990
2022-01-11 14:30:00,41369.62000000,41518.62000000,41268.93000000,41429.33000000,752.17939000,2022-01-11 14:44:59.999,31132512.75964950,16512,319.37687000,13218288.33748370
2022-01-11 14:45:00,41429.34000000,41709.54000000,41389.26000000,41642.00000000,484.24835000,2022-01-11 14:59:59.999,20138436.15039190,15157,271.71527000,11303100.29241460
2022-01-11 15:00:00,41639.51000000,42200.00000000,41576.84000000,41933.00000000,1385.13529000,2022-01-11 15:14:59.999,58100925.66575310,28226,821.45010000,34464383.86193000
2022-01-11 15:15:00,41932.99000000,41970.01000000,41725.64000000,41802.05000000,499.29443000,2022-01-11 15:29:59.999,20893780.89384260,12866,195.19844000,8168004.94673220
2022-01-11 15:30:00,41802.04000000,41957.06000000,41440.69000000,41497.41000000,728.68453000,2022-01-11 15:44:59.999,30358677.25797540,17507,342.76689000,14274797.77432820
2022-01-11 15:45:00,41497.41000000,41780.29000000,41472.37000000,41733.93000000,359.74761000,2022-01-11 15:59:59.999,14978336.32649130,10998,197.30148000,8216026.70324250
2022-01-11 16:00:00,41733.92000000,42177.00000000,41680.44000000,42158.82000000,1120.03359000,2022-01-11 16:14:59.999,47032446.28928340,25044,556.26813000,23359674.07727250
2022-01-11 16:15:00,42158.81000000,42480.00000000,42146.59000000,42463.52000000,1240.48571000,2022-01-11 16:29:59.999,52534799.08354610,26149,655.15750000,27744335.44266610
2022-01-11 16:30:00,42463.52000000,42925.07000000,42435.57000000,42788.75000000,1789.82008000,2022-01-11 16:44:59.999,76398795.29473030,36230,1022.56153000,43642193.76996830
2022-01-11 16:45:00,42788.76000000,42853.00000000,42627.08000000,42705.24000000,698.39239000,2022-01-11 16:59:59.999,29828423.35861150,18034,296.74937000,12674590.30635500
2022-01-11 17:00:00,42705.24000000,43100.00000000,42705.24000000,42988.75000000,1426.42774000,2022-01-11 17:14:59.999,61265511.22301820,30219,716.61458000,30778451.57023380
2022-01-11 17:15:00,42988.75000000,43050.00000000,42319.24000000,42381.77000000,1743.47216000,2022-01-11 17:29:59.999,74331861.25407170,34295,696.47799000,29684012.46125980
2022-01-11 17:30:00,42381.77000000,42624.15000000,42351.48000000,42559.04000000,645.91002000,2022-01-11 17:44:59.999,27431996.27425900,15119,353.84849000,15027807.44599750
2022-01-11 17:45:00,42559.04000000,42598.79000000,42415.74000000,42549.01000000,375.04861000,2022-01-11 17:59:59.999,15945328.96646100,11098,179.46086000,7629884.65515270
2022-01-11 18:00:00,42549.01000000,42562.35000000,42353.07000000,42493.56000000,366.90863000,2022-01-11 18:14:59.999,15571200.72147210,10844,158.29062000,6717990.18630650
2022-01-11 18:15:00,42493.56000000,42714.04000000,42441.71000000,42667.95000000,326.99202000,2022-01-11 18:29:59.999,13938354.60132190,10657,168.40610000,7178739.10464750
2022-01-11 18:30:00,42667.94000000,42870.37000000,42616.25000000,42846.71000000,387.37275000,2022-01-11 18:44:59.999,16571051.57141010,12354,206.89348000,8851192.08570490
2022-01-11 18:45:00,42844.32000000,42916.97000000,42708.83000000,42755.00000000,335.37906000,2022-01-11 18:59:59.999,14361368.79716700,11054,163.69228000,7010169.20814000
2022-01-11 19:00:00,42754.99000000,42778.85000000,42643.73000000,42750.00000000,241.96177000,2022-01-11 19:14:59.999,10333427.61654110,9062,110.97879000,4739583.55231350
2022-01-11 19:15:00,42749.99000000,42859.06000000,42683.87000000,42741.44000000,279.88406000,2022-01-11 19:29:59.999,11971395.16922480,8238,141.65146000,6058872.44943950
2022-01-11 19:30:00,42741.44000000,42850.00000000,42595.68000000,42807.89000000,287.38363000,2022-01-11 19:44:59.999,12268864.93766680,8766,158.75082000,6778983.41115570
2022-01-11 19:45:00,42810.00000000,43086.70000000,42807.89000000,42972.05000000,631.21623000,2022-01-11 19:59:59.999,27125790.97616430,14565,307.10394000,13196682.98939000
2022-01-11 20:00:00,42972.04000000,43095.26000000,42808.57000000,42836.20000000,483.44789000,2022-01-11 20:14:59.999,20766624.20480580,12373,246.61968000,10595453.17830280
2022-01-11 20:15:00,42836.20000000,42908.58000000,42800.00000000,42803.81000000,237.41668000,2022-01-11 20:29:59.999,10170076.26055170,8600,119.14806000,5104131.45029190
2022-01-11 20:30:00,42802.81000000,42901.30000000,42734.98000000,42814.29000000,213.80307000,2022-01-11 20:44:59.999,9150970.20816310,7704,96.93075000,4148326.06056690
2022-01-11 20:45:00,42814.29000000,42857.07000000,42692.19000000,42800.38000000,284.93414000,2022-01-11 20:59:59.999,12184670.12105350,8127,120.08043000,5135473.95908360
2022-01-11 21:00:00,42797.62000000,42823.69000000,42730.00000000,42731.56000000,189.26967000,2022-01-11 21:14:59.999,8096354.98021280,6948,88.74807000,3796868.88731560
2022-01-11 21:15:00,42731.56000000,42789.99000000,42684.18000000,42706.56000000,141.52641000,2022-01-11 21:29:59.999,6046758.86756470,6281,69.32263000,2961939.29011720
2022-01-11 21:30:00,42706.57000000,42770.87000000,42651.39000000,42718.97000000,210.52864000,2022-01-11 21:44:59.999,8990641.32712430,7183,101.90168000,4352098.81824420
2022-01-11 21:45:00,42718.98000000,42759.84000000,42643.74000000,42659.20000000,160.77908000,2022-01-11 21:59:59.999,6865375.51249780,6826,70.47227000,3009408.16225810
2022-01-11 22:00:00,42664.71000000,42712.00000000,42629.39000000,42642.71000000,158.43121000,2022-01-11 22:14:59.999,6759146.15327280,6521,84.53972000,3606585.56957580
2022-01-11 22:15:00,42642.71000000,42733.00000000,42597.41000000,42650.75000000,179.30834000,2022-01-11 22:29:59.999,7647602.87778260,7352,88.70577000,3784162.27552480
2022-01-11 22:30:00,42647.14000000,42702.39000000,42633.18000000,42642.33000000,101.25787000,2022-01-11 22:44:59.999,4320722.07989880,5594,55.67923000,2375816.85416510
2022-01-11 22:45:00,42647.00000000,42776.14000000,42638.33000000,42713.13000000,122.86251000,2022-01-11 22:59:59.999,5247553.76898070,5374,65.37009000,2791352.72375570
2022-01-11 23:00:00,42713.12000000,42886.28000000,42665.26000000,42874.90000000,220.28058000,2022-01-11 23:14:59.999,9427142.05881280,6896,141.53059000,6055313.17520480
2022-01-11 23:15:00,42874.90000000,42875.05000000,42758.00000000,42790.01000000,138.05055000,2022-01-11 23:29:59.999,5909756.35316990,5415,85.86012000,3675499.01876760
2022-01-11 23:30:00,42790.00000000,42822.21000000,42693.00000000,42790.03000000,158.32215000,2022-01-11 23:44:59.999,6770183.30528110,5588,67.87172000,2902500.78661740
2022-01-11 23:45:00,42790.04000000,42819.89000000,42633.97000000,42729.29000000,164.48873000,2022-01-11 23:59:59.999,7024091.14014000,6033,70.57787000,3013916.45604960
