open_time,open,high,low,close,volume,close_time,quote_asset_volume,number_of_trades,taker_buy_base_asset_volume,taker_buy_quote_asset_volume,ignore
2023-01-01 00:00:00,1196.13,1197.41,1190.57,1196.34,49695.7047,2023-01-01 11:59:59.999,59355102.283907,114142,24188.7036,28889688.081844,0
2023-01-01 12:00:00,1196.35,1204.67,1193.54,1200.34,68066.3638,2023-01-01 23:59:59.999,81659894.371801,119009,35866.7971,43028992.346961,0
2023-01-02 00:00:00,1200.33,1224.29,1193.0,1217.35,164447.1963,2023-01-02 11:59:59.999,199116361.939314,191766,80768.9345,97753659.824532,0
2023-01-02 12:00:00,1217.35,1223.85,1211.22,1214.0,88346.9437,2023-01-02 23:59:59.999,107541075.588165,138234,42701.0089,51983515.786063,0
2023-01-03 00:00:00,1213.99,1219.89,1211.5,1214.98,76156.5908,2023-01-03 11:59:59.999,92583148.198785,126460,36945.8479,44917444.794548,0
2023-01-03 12:00:00,1214.98,1219.24,1204.93,1214.55,129362.9036,2023-01-03 23:59:59.999,156742195.05346,170249,60927.5036,73843128.216261,0
2023-01-04 00:00:00,1214.56,1264.0,1212.71,1251.58,255196.7867,2023-01-04 11:59:59.999,317414712.270554,271425,132225.2909,164351699.518737,0
2023-01-04 12:00:00,1251.59,1272.6,1241.89,1256.9,202602.8781,2023-01-04 23:59:59.999,254391048.887501,254995,104633.0518,131406455.102427,0
2023-01-05 00:00:00,1256.91,1259.95,1245.3,1255.91,135184.8079,2023-01-05 11:59:59.999,169339065.328532,163869,68253.6041,85517826.016504,0
2023-01-05 12:00:00,1255.9,1256.01,1242.81,1251.24,137620.5221,2023-01-05 23:59:59.999,172040753.949578,175576,69142.9588,86450462.810936,0
2023-01-06 00:00:00,1251.25,1257.98,1237.98,1243.4,115681.4428,2023-01-06 11:59:59.999,144451675.31794,167565,55211.0988,68952236.283754,0
2023-01-06 12:00:00,1243.4,1276.7,1236.0,1269.14,226662.7595,2023-01-06 23:59:59.999,285196671.794663,277275,117066.3934,147300640.639082,0
2023-01-07 00:00:00,1269.13,1271.09,1262.24,1263.79,60915.6931,2023-01-07 11:59:59.999,77122077.672095,117331,29471.6714,37315322.56912,0
2023-01-07 12:00:00,1263.79,1266.61,1261.3,1264.07,68558.5953,2023-01-07 23:59:59.999,86638472.339561,125463,34986.2035,44215109.436703,0
2023-01-08 00:00:00,1264.06,1266.22,1257.77,1261.67,60355.3489,2023-01-08 11:59:59.999,76172411.810941,122808,27924.366,35243042.832785,0
2023-01-08 12:00:00,1261.68,1296.0,1261.27,1290.16,153281.4359,2023-01-08 23:59:59.999,195200965.719117,218690,85577.167,109013801.913784,0
2023-01-09 00:00:00,1290.15,1327.5,1285.44,1318.27,306726.143,2023-01-09 11:59:59.999,401029919.73441696,341115,160529.1092,209875876.520306,0
2023-01-09 12:00:00,1318.28,1344.91,1315.08,1320.39,275001.5538,2023-01-09 23:59:59.999,365610166.19598,326444,129735.1884,172518113.550651,0
2023-01-10 00:00:00,1320.4,1334.73,1316.8,1329.32,209962.6069,2023-01-10 11:59:59.999,278377528.173952,210615,103173.0728,136801447.828502,0
2023-01-10 12:00:00,1329.32,1347.69,1323.07,1335.62,249697.6238,2023-01-10 23:59:59.999,333303062.56738,256804,120590.8198,160961403.783222,0
2023-01-11 00:00:00,1335.63,1341.5,1327.19,1336.45,143082.0729,2023-01-11 11:59:59.999,190844359.62884,185514,70270.0101,93740790.775738,0
2023-01-11 12:00:00,1336.44,1398.0,1321.04,1389.39,329383.8827,2023-01-11 23:59:59.999,444274586.80068094,349231,165324.2136,223011101.325603,0
2023-01-12 00:00:00,1389.4,1418.77,1386.0,1397.78,349111.7844,2023-01-12 11:59:59.999,488882245.118984,325656,171105.2154,239596501.259366,0
2023-01-12 12:00:00,1397.78,1438.0,1361.92,1415.92,528600.6648,2023-01-12 23:59:59.999,742778602.749265,547884,267814.1729,376492938.441188,0
2023-01-13 00:00:00,1415.91,1419.5,1401.03,1409.71,182255.0343,2023-01-13 11:59:59.999,257014596.965728,258555,93976.7278,132533410.04503,0
2023-01-13 12:00:00,1409.71,1464.0,1401.61,1451.2,317122.8306,2023-01-13 23:59:59.999,452948694.575901,411980,165466.527,236288564.097557,0
2023-01-14 00:00:00,1451.21,1599.98,1449.14,1530.09,663165.9392,2023-01-14 11:59:59.999,1019050045.250139,788745,343476.5263,527594509.619397,0
2023-01-14 12:00:00,1530.08,1559.91,1507.15,1549.9,277525.8382,2023-01-14 23:59:59.999,425233772.939032,399054,139365.6956,213583668.957826,0
2023-01-15 00:00:00,1549.91,1552.22,1516.03,1533.35,169205.9429,2023-01-15 11:59:59.999,258469295.083697,269400,81334.3856,124229098.640462,0
2023-01-15 12:00:00,1533.36,1566.66,1528.93,1552.52,218626.7709,2023-01-15 23:59:59.999,338157457.214146,320780,111165.3033,171948978.509539,0
2023-01-16 00:00:00,1552.52,1584.58,1523.2,1542.32,289971.5689,2023-01-16 11:59:59.999,452237066.909696,398135,138173.71,215530625.85681,0
2023-01-16 12:00:00,1542.31,1604.5,1521.31,1576.94,284651.3264,2023-01-16 23:59:59.999,445716686.020288,404308,145179.7266,227427980.171669,0
2023-01-17 00:00:00,1576.94,1582.6,1541.15,1569.07,184165.2215,2023-01-17 11:59:59.999,288000393.783189,298400,89812.7294,140488407.556063,0
2023-01-17 12:00:00,1569.08,1609.0,1560.97,1565.57,322606.5004,2023-01-17 23:59:59.999,509552226.404148,404925,163987.7324,259023831.145658,0
2023-01-18 00:00:00,1565.56,1592.01,1562.93,1575.9,170904.739,2023-01-18 11:59:59.999,269961017.073788,243069,89515.8191,141411969.715347,0
2023-01-18 12:00:00,1575.9,1610.0,1501.39,1511.43,581630.1467,2023-01-18 23:59:59.999,902282150.656075,670518,289933.5274,449828940.64913505,0
2023-01-19 00:00:00,1511.44,1532.5,1509.15,1519.61,103991.7352,2023-01-19 11:59:59.999,158421298.58529,185858,52672.3494,80241581.192364,0
2023-01-19 12:00:00,1519.6,1564.43,1513.33,1551.09,204687.7293,2023-01-19 23:59:59.999,314799512.34964,291345,105187.987,161797161.758941,0
2023-01-20 00:00:00,1551.09,1563.88,1542.02,1549.49,111323.8508,2023-01-20 11:59:59.999,172663251.495791,202241,53037.5843,82263585.430761,0
2023-01-20 12:00:00,1549.48,1669.9,1549.02,1658.52,329247.1466,2023-01-20 23:59:59.999,529564666.374872,508392,177220.4371,284949235.901476,0
2023-01-21 00:00:00,1658.53,1679.26,1616.21,1647.04,282611.151,2023-01-21 11:59:59.999,466551329.56823105,344858,140438.0359,231892261.872021,0
2023-01-21 12:00:00,1647.04,1668.88,1622.09,1626.66,211637.4499,2023-01-21 23:59:59.999,349438765.77862,303837,102147.2587,168782738.478234,0
2023-01-22 00:00:00,1626.65,1636.49,1604.0,1624.57,156579.1953,2023-01-22 11:59:59.999,254378364.744805,205879,81265.2258,132024229.401486,0
2023-01-22 12:00:00,1624.57,1663.89,1607.06,1627.44,275150.4956,2023-01-22 23:59:59.999,449505453.8726,344130,134880.9921,220377730.858829,0
2023-01-23 00:00:00,1627.43,1642.58,1625.68,1636.67,125646.8725,2023-01-23 11:59:59.999,205441058.190127,226997,63346.2892,103580665.442715,0
2023-01-23 12:00:00,1636.66,1648.09,1585.29,1626.29,281620.2431,2023-01-23 23:59:59.999,457001217.816515,375847,139680.1777,226733851.264238,0
2023-01-24 00:00:00,1626.28,1641.46,1614.39,1625.6,150581.7813,2023-01-24 11:59:59.999,245524016.004856,234475,73738.7488,120243873.080807,0
2023-01-24 12:00:00,1625.59,1632.12,1535.0,1555.97,311693.543,2023-01-24 23:59:59.999,496959232.773592,429785,145790.5098,232551032.811317,0
2023-01-25 00:00:00,1555.97,1558.91,1518.0,1545.49,242905.7969,2023-01-25 11:59:59.999,374994417.08209693,312388,124059.2981,191520394.570598,0
2023-01-25 12:00:00,1545.5,1641.0,1525.0,1611.94,403569.1197,2023-01-25 23:59:59.999,635963891.441162,520188,212741.037,335497333.444951,0
2023-01-26 00:00:00,1611.95,1632.84,1590.0,1604.33,237907.9546,2023-01-26 11:59:59.999,383438113.357564,284243,109459.6083,176435671.168459,0
2023-01-26 12:00:00,1604.33,1621.06,1577.43,1601.09,294869.892,2023-01-26 23:59:59.999,472856339.191508,377467,146124.8886,234364384.286921,0
2023-01-27 00:00:00,1601.08,1606.53,1552.54,1578.84,241067.9696,2023-01-27 11:59:59.999,379629752.277568,336152,129883.3864,204424273.966736,0
2023-01-27 12:00:00,1578.84,1621.0,1561.0,1597.62,271025.4179,2023-01-27 23:59:59.999,431264707.315244,385187,141842.3036,225806498.292444,0
2023-01-28 00:00:00,1597.61,1606.83,1578.63,1586.18,134575.8998,2023-01-28 11:59:59.999,214456172.09161,222826,65247.4339,103990235.983823,0
2023-01-28 12:00:00,1586.19,1586.19,1555.99,1572.1,179099.7576,2023-01-28 23:59:59.999,281553251.541159,239162,94560.1191,148635354.644716,0
2023-01-29 00:00:00,1572.1,1619.79,1566.33,1609.08,246526.2483,2023-01-29 11:59:59.999,394400715.002566,330843,129513.6366,207220693.637551,0
2023-01-29 12:00:00,1609.08,1660.0,1603.52,1644.72,305241.6651,2023-01-29 23:59:59.999,497734396.025944,416212,152262.3811,248257848.317026,0
2023-01-30 00:00:00,1644.73,1647.53,1577.0,1581.55,284500.1191,2023-01-30 11:59:59.999,458312796.566548,368910,136477.5173,219709573.658557,0
2023-01-30 12:00:00,1581.55,1597.03,1535.0,1566.2,310555.209,2023-01-30 23:59:59.999,487350297.35156894,414793,150843.5234,236768110.67098,0
2023-01-31 00:00:00,1566.21,1583.98,1561.63,1570.91,148842.6314,2023-01-31 11:59:59.999,233775978.188481,239955,73542.0711,115525154.76879,0
2023-01-31 12:00:00,1570.91,1605.18,1564.02,1585.33,200014.0437,2023-01-31 23:59:59.999,317086295.959212,325170,100256.8956,158954400.077272,0
2023-02-01 00:00:00,1585.32,1592.94,1566.24,1580.87,128110.2811,2023-02-01 11:59:59.999,202315687.71585,238061,64416.437,101740679.87668,0
2023-02-01 12:00:00,1580.87,1647.77,1555.18,1641.68,346506.8898,2023-02-01 23:59:59.999,555658652.1723009,557213,181653.7847,291450880.02024,0
2023-02-02 00:00:00,1641.67,1696.38,1639.32,1671.99,252875.5325,2023-02-02 11:59:59.999,422688900.72321,386001,125572.8473,209806400.838613,0
2023-02-02 12:00:00,1671.98,1714.68,1626.85,1643.12,376313.3549,2023-02-02 23:59:59.999,629415626.1494471,553544,189116.96,316544149.349437,0
2023-02-03 00:00:00,1643.12,1650.83,1629.96,1649.2,150929.9087,2023-02-03 11:59:59.999,247757150.275272,256662,73072.6101,119974153.917743,0
2023-02-03 12:00:00,1649.2,1676.0,1625.93,1663.52,313885.1233,2023-02-03 23:59:59.999,519192019.15515,458013,156500.4348,258872829.983598,0
2023-02-04 00:00:00,1663.52,1665.95,1645.43,1661.92,114388.2035,2023-02-04 11:59:59.999,189535396.884236,234253,55981.7426,92750218.758708,0
2023-02-04 12:00:00,1661.92,1695.29,1658.53,1666.38,193838.926,2023-02-04 23:59:59.999,325322599.101562,325055,97475.3994,163603331.546515,0
2023-02-05 00:00:00,1666.39,1673.81,1656.68,1662.6,119692.4051,2023-02-05 11:59:59.999,199313124.415248,221426,58370.5917,97197450.362873,0
2023-02-05 12:00:00,1662.6,1664.58,1609.3,1629.02,293887.2697,2023-02-05 23:59:59.999,480814167.511496,459001,140170.2859,229284008.473554,0
2023-02-06 00:00:00,1629.01,1642.53,1608.53,1634.81,162688.3001,2023-02-06 11:59:59.999,264879827.262423,272077,79797.5949,129955087.313352,0
2023-02-06 12:00:00,1634.81,1658.56,1605.01,1614.29,221431.1196,2023-02-06 23:59:59.999,361951325.42516303,364511,112005.1983,183146231.226245,0
2023-02-07 00:00:00,1614.28,1647.87,1613.14,1640.71,153981.0252,2023-02-07 11:59:59.999,251537726.904687,253817,82753.929,135181798.894148,0
2023-02-07 12:00:00,1640.71,1678.37,1624.39,1671.03,297941.3748,2023-02-07 23:59:59.999,492097489.82386494,492755,152170.1235,251415650.68857,0
2023-02-08 00:00:00,1671.03,1697.91,1667.9,1673.9,169978.0709,2023-02-08 11:59:59.999,285343366.657744,284752,86196.0298,144720033.553389,0
2023-02-08 12:00:00,1673.9,1681.98,1630.47,1650.43,247988.183,2023-02-08 23:59:59.999,410449970.919691,386281,119742.0909,198158771.984977,0
2023-02-09 00:00:00,1650.42,1656.17,1608.8,1633.15,250262.4016,2023-02-09 11:59:59.999,407579935.36881,350461,128646.8495,209456332.120867,0
2023-02-09 12:00:00,1633.16,1649.24,1524.4,1545.35,407749.2948,2023-02-09 23:59:59.999,646434437.214582,623418,188598.0871,299009796.231167,0
2023-02-10 00:00:00,1545.35,1555.01,1529.36,1537.03,205671.3421,2023-02-10 11:59:59.999,317815424.984429,284137,97668.1068,150948271.445807,0
2023-02-10 12:00:00,1537.04,1548.01,1490.0,1513.06,278982.8778,2023-02-10 23:59:59.999,425349218.52707,398078,123184.389,187812397.682956,0
2023-02-11 00:00:00,1513.05,1526.8,1507.53,1520.16,143610.5152,2023-02-11 11:59:59.999,218033721.275153,196096,71372.3926,108345009.777651,0
2023-02-11 12:00:00,1520.16,1543.0,1505.0,1538.51,146081.0556,2023-02-11 23:59:59.999,222623386.453185,244410,70207.5065,107023006.456126,0
2023-02-12 00:00:00,1538.5,1540.06,1528.97,1533.48,79017.3687,2023-02-12 11:59:59.999,121204419.614747,161894,38315.1054,58774559.642739,0
2023-02-12 12:00:00,1533.47,1548.02,1493.08,1514.83,207741.0053,2023-02-12 23:59:59.999,316810272.693287,328715,96429.8711,147050463.931443,0
2023-02-13 00:00:00,1514.82,1526.1,1466.0,1486.07,366031.6515,2023-02-13 11:59:59.999,548376100.317986,410270,168395.2756,252162896.564858,0
2023-02-13 12:00:00,1486.07,1510.43,1461.93,1505.24,277120.7389,2023-02-13 23:59:59.999,411268123.01708704,378132,138306.0239,205349148.917389,0
2023-02-14 00:00:00,1505.25,1519.82,1494.09,1507.7,150317.2947,2023-02-14 11:59:59.999,226036095.952888,259497,68837.5618,103529042.324715,0
2023-02-14 12:00:00,1507.7,1569.0,1482.66,1555.71,518647.0821,2023-02-14 23:59:59.999,795606839.3610871,601841,260948.6565,400389837.847758,0
2023-02-15 00:00:00,1555.7,1580.0,1542.55,1572.26,151606.2044,2023-02-15 11:59:59.999,235603710.043478,252763,79606.516,123767117.342211,0
2023-02-15 12:00:00,1572.26,1680.0,1566.86,1674.92,429601.6542,2023-02-15 23:59:59.999,692849243.901571,599971,224141.243,361599826.53491,0
2023-02-16 00:00:00,1674.92,1712.24,1672.53,1682.82,312728.275,2023-02-16 11:59:59.999,528328926.562312,468433,164207.2437,277474410.781172,0
2023-02-16 12:00:00,1682.82,1742.97,1633.72,1637.84,519995.3981,2023-02-16 23:59:59.999,879767230.303904,752329,257913.0058,436571189.56311,0
2023-02-17 00:00:00,1637.83,1674.75,1630.51,1666.2,226335.7138,2023-02-17 11:59:59.999,375259528.102602,385347,118002.1659,195670596.218243,0
2023-02-17 12:00:00,1666.2,1722.0,1646.09,1693.87,353598.9492,2023-02-17 23:59:59.999,595632334.955693,554675,180273.3677,303732603.402979,0
2023-02-18 00:00:00,1693.81,1704.46,1685.69,1691.47,136263.2401,2023-02-18 11:59:59.999,231031039.651515,225841,64068.621,108635201.830803,0
2023-02-18 12:00:00,1691.47,1713.13,1679.77,1691.62,131042.5412,2023-02-18 23:59:59.999,221938733.958735,232141,67323.7457,114034174.039455,0
2023-02-19 00:00:00,1691.62,1709.63,1689.5,1695.36,130185.1962,2023-02-19 11:59:59.999,220886439.169988,207562,65870.716,111761629.68001,0
2023-02-19 12:00:00,1695.36,1726.59,1666.14,1679.75,270837.8515,2023-02-19 23:59:59.999,459205588.16131,426552,132509.194,224792018.074577,0
2023-02-20 00:00:00,1679.74,1719.89,1650.56,1713.77,252137.4898,2023-02-20 11:59:59.999,425990155.585071,382423,131827.9534,222813307.693045,0
2023-02-20 12:00:00,1713.78,1716.53,1684.32,1703.27,199177.3437,2023-02-20 23:59:59.999,339208796.378506,369693,101308.8076,172559371.74741,0
2023-02-21 00:00:00,1703.27,1716.66,1666.17,1669.5,263072.7649,2023-02-21 11:59:59.999,445643047.651202,411483,129980.9149,220272938.048548,0
2023-02-21 12:00:00,1669.51,1686.69,1636.3,1659.76,257281.7039,2023-02-21 23:59:59.999,428493650.63338894,426418,131086.9192,218378558.200054,0
2023-02-22 00:00:00,1659.77,1666.95,1621.59,1644.49,221808.4174,2023-02-22 11:59:59.999,364096951.96471,394912,106054.9928,174099925.106109,0
2023-02-22 12:00:00,1644.5,1650.62,1595.07,1643.14,307067.0635,2023-02-22 23:59:59.999,497885537.051861,492705,155422.3021,251991242.62961,0
2023-02-23 00:00:00,1643.15,1679.0,1631.11,1637.48,236893.432,2023-02-23 11:59:59.999,392810907.58827907,396461,118017.4256,195739406.430341,0
2023-02-23 12:00:00,1637.49,1671.31,1628.75,1650.53,264412.5397,2023-02-23 23:59:59.999,436943851.977236,452634,132040.6696,218178738.047692,0
2023-02-24 00:00:00,1650.52,1664.66,1641.08,1647.43,155512.2431,2023-02-24 11:59:59.999,256689100.760465,284780,75848.2004,125203440.787276,0
2023-02-24 12:00:00,1647.43,1654.76,1575.64,1607.8,357003.2551,2023-02-24 23:59:59.999,574475473.3577751,544469,169091.2558,272173650.239304,0
2023-02-25 00:00:00,1607.8,1608.98,1593.95,1600.05,123333.2993,2023-02-25 11:59:59.999,197469725.150819,233362,61228.5327,98038733.563009,0
2023-02-25 12:00:00,1600.05,1603.84,1557.33,1594.58,166854.7398,2023-02-25 23:59:59.999,264658467.953574,299472,82867.702,131449985.751871,0
2023-02-26 00:00:00,1594.58,1607.0,1587.76,1603.9,98361.7195,2023-02-26 11:59:59.999,157338829.904195,208029,48133.9659,76994821.788904,0
2023-02-26 12:00:00,1603.9,1651.26,1595.02,1641.36,210246.2746,2023-02-26 23:59:59.999,341663549.615934,335979,104943.9729,170593924.510609,0
2023-02-27 00:00:00,1641.37,1650.91,1631.15,1641.23,140581.9143,2023-02-27 11:59:59.999,230358646.525467,253778,69258.7245,113494791.000447,0
2023-02-27 12:00:00,1641.24,1665.22,1608.0,1633.45,291279.4986,2023-02-27 23:59:59.999,477482476.53214,425993,145944.1683,239241687.153696,0
2023-02-28 00:00:00,1633.45,1636.23,1616.34,1629.53,132875.626,2023-02-28 11:59:59.999,216218654.049491,230071,65984.1467,107365730.592601,0
2023-02-28 12:00:00,1629.52,1647.52,1596.66,1605.23,260647.5387,2023-02-28 23:59:59.999,423932112.261714,396216,126277.3291,205513538.574559,0
2023-03-01 00:00:00,1605.24,1669.72,1595.0,1656.33,239517.7874,2023-03-01 11:59:59.999,392511663.893006,364274,121584.8192,199228326.214244,0
2023-03-01 12:00:00,1656.33,1669.65,1631.03,1665.22,234939.0361,2023-03-01 23:59:59.999,388120589.71336,361272,112225.8801,185383149.387838,0
2023-03-02 00:00:00,1665.23,1677.86,1637.57,1644.49,175484.5664,2023-03-02 11:59:59.999,289396197.035925,300682,86070.5656,141971015.494289,0
2023-03-02 12:00:00,1644.49,1658.0,1619.18,1647.86,247539.2418,2023-03-02 23:59:59.999,404968680.46848303,343718,123837.7824,202551645.158313,0
2023-03-03 00:00:00,1647.86,1649.25,1544.39,1564.57,461030.7768,2023-03-03 11:59:59.999,725286988.091656,585363,223530.3757,351389700.788579,0
2023-03-03 12:00:00,1564.57,1580.87,1547.21,1569.45,281785.8208,2023-03-03 23:59:59.999,441287008.65258,422770,132512.49,207529053.777756,0
2023-03-04 00:00:00,1569.45,1577.53,1562.71,1569.24,92387.9519,2023-03-04 11:59:59.999,145070487.391478,202230,47096.4259,73955373.758398,0
2023-03-04 12:00:00,1569.24,1572.12,1549.12,1566.73,145252.3087,2023-03-04 23:59:59.999,226795149.402978,239928,67427.2137,105287083.168192,0
2023-03-05 00:00:00,1566.74,1588.77,1553.05,1568.5,153753.1371,2023-03-05 11:59:59.999,241663292.176356,270464,74855.3531,117669022.988492,0
2023-03-05 12:00:00,1568.49,1579.45,1556.15,1564.58,145487.6044,2023-03-05 23:59:59.999,228065806.286382,234570,71397.504,111917272.59289,0
2023-03-06 00:00:00,1564.57,1572.8,1554.44,1563.33,129988.3074,2023-03-06 11:59:59.999,203120488.854444,244363,61665.9929,96357440.63622,0
2023-03-06 12:00:00,1563.32,1583.49,1559.41,1565.84,177720.9937,2023-03-06 23:59:59.999,279026275.111953,250767,89763.2737,140958220.547416,0
2023-03-07 00:00:00,1565.84,1584.49,1561.48,1563.42,123068.6231,2023-03-07 11:59:59.999,193277862.383407,203466,62941.279,98854754.209746,0
2023-03-07 12:00:00,1563.43,1573.0,1536.14,1561.96,314879.2801,2023-03-07 23:59:59.999,489587778.36100495,397691,159896.8924,248643153.726376,0
2023-03-08 00:00:00,1561.95,1570.89,1548.0,1557.23,140521.8667,2023-03-08 11:59:59.999,218964472.384455,236293,70926.6539,110521803.847867,0
2023-03-08 12:00:00,1557.22,1566.02,1523.61,1532.38,319579.8991,2023-03-08 23:59:59.999,495587923.608824,410904,156199.1875,242254598.874793,0
2023-03-09 00:00:00,1532.38,1545.0,1522.52,1535.32,166145.8201,2023-03-09 11:59:59.999,255155753.850375,252509,83888.1586,128827947.177196,0
2023-03-09 12:00:00,1535.31,1546.45,1408.0,1437.32,552339.3163,2023-03-09 23:59:59.999,817241124.057203,662426,256532.6573,379921621.917616,0
2023-03-10 00:00:00,1437.32,1437.5,1368.39,1384.6,473650.6538,2023-03-10 11:59:59.999,666749834.1029711,516614,220177.7729,309914360.913374,0
2023-03-10 12:00:00,1384.61,1439.43,1382.0,1426.44,486611.7971,2023-03-10 23:59:59.999,686991554.724288,638595,242240.8503,342004629.37857,0
2023-03-11 00:00:00,1426.43,1476.0,1408.4,1427.1,932371.6321,2023-03-11 11:59:59.999,1348314984.774003,963798,454008.6162,656917387.394462,0
2023-03-11 12:00:00,1427.1,1478.07,1422.32,1471.97,442487.988,2023-03-11 23:59:59.999,639611867.5743711,503458,220046.5342,318137301.114899,0
2023-03-12 00:00:00,1471.93,1475.05,1449.9,1465.17,293027.9098,2023-03-12 11:59:59.999,428901847.773829,344697,146274.5659,214107989.445383,0
2023-03-12 12:00:00,1465.18,1594.19,1448.3,1580.33,709327.1831,2023-03-12 23:59:59.999,1077937892.695825,909202,361341.7622,549830934.23766,0
2023-03-13 00:00:00,1580.33,1622.6,1565.0,1581.07,557970.4781,2023-03-13 11:59:59.999,889012199.492633,752106,284072.3921,452603984.534932,0
2023-03-13 12:00:00,1581.07,1693.49,1572.54,1673.45,670093.1272,2023-03-13 23:59:59.999,1103265685.303708,919177,347313.9137,572018589.835938,0
2023-03-14 00:00:00,1673.44,1695.0,1655.24,1683.65,379412.6215,2023-03-14 11:59:59.999,635000240.229143,588734,199292.8478,333590529.632768,0
2023-03-14 12:00:00,1683.65,1780.02,1659.29,1699.4,903908.614,2023-03-14 23:59:59.999,1560733587.680979,1161301,466772.8334,805608903.7308221,0
2023-03-15 00:00:00,1699.41,1716.9,1650.54,1679.92,329437.1997,2023-03-15 11:59:59.999,557522063.024064,479625,162767.8639,275524713.527356,0
2023-03-15 12:00:00,1679.91,1698.29,1611.0,1649.96,633705.2836,2023-03-15 23:59:59.999,1044938642.871631,908759,301017.346,496445886.742046,0
2023-03-16 00:00:00,1649.95,1669.99,1632.18,1660.36,308501.2755,2023-03-16 11:59:59.999,509165282.592838,503838,160066.4455,264159990.024,0
2023-03-16 12:00:00,1660.37,1691.42,1635.96,1673.73,319484.3364,2023-03-16 23:59:59.999,530877958.547447,500568,165194.7538,274529596.408635,0
2023-03-17 00:00:00,1673.73,1763.97,1662.65,1761.12,463535.0635,2023-03-17 11:59:59.999,795041176.105945,613669,241726.3551,414663790.61665505,0
2023-03-17 12:00:00,1761.13,1800.0,1703.02,1789.27,443993.219,2023-03-17 23:59:59.999,774224020.34696,679386,234529.1397,409353105.95307904,0
2023-03-18 00:00:00,1789.26,1831.34,1767.13,1813.15,333403.6982,2023-03-18 11:59:59.999,603115845.705996,505978,170023.3814,307503339.291584,0
2023-03-18 12:00:00,1813.16,1841.0,1747.47,1758.84,378211.0328,2023-03-18 23:59:59.999,677073513.718553,609912,183108.5857,327869686.910981,0
2023-03-19 00:00:00,1758.84,1788.58,1757.92,1784.66,159932.8573,2023-03-19 11:59:59.999,283926229.164824,321048,80309.4514,142580291.380432,0
2023-03-19 12:00:00,1784.66,1841.36,1773.26,1780.68,381199.0335,2023-03-19 23:59:59.999,688080032.415385,598045,194720.7242,351436075.878387,0
2023-03-20 00:00:00,1780.67,1803.05,1736.57,1779.41,342640.1587,2023-03-20 11:59:59.999,607034917.782659,523742,171522.1535,303895730.826117,0
2023-03-20 12:00:00,1779.4,1782.54,1722.0,1732.78,340207.9661,2023-03-20 23:59:59.999,598001529.168562,560025,174709.3123,307116875.346588,0
2023-03-21 00:00:00,1732.77,1767.77,1717.01,1761.34,239746.7145,2023-03-21 11:59:59.999,418121911.69770306,412689,127819.1013,222950600.744469,0
2023-03-21 12:00:00,1761.34,1835.0,1758.33,1801.23,502601.7854,2023-03-21 23:59:59.999,905896652.513332,753347,271575.1447,489653081.515556,0
2023-03-22 00:00:00,1801.23,1807.66,1778.02,1785.25,192498.3366,2023-03-22 11:59:59.999,345102329.263173,333904,91919.2424,164808370.712522,0
2023-03-22 12:00:00,1785.26,1819.98,1710.12,1734.33,698789.2643,2023-03-22 23:59:59.999,1235972370.946207,952126,340393.4843,602514307.3530769,0
2023-03-23 00:00:00,1734.34,1759.0,1729.35,1754.8,192888.1979,2023-03-23 11:59:59.999,336347131.781054,310191,98365.7517,171539406.772523,0
2023-03-23 12:00:00,1754.79,1857.16,1741.33,1813.79,539172.9051,2023-03-23 23:59:59.999,975852183.7964511,764522,290278.4393,525567363.04043907,0
2023-03-24 00:00:00,1813.78,1818.99,1776.78,1789.52,224993.4552,2023-03-24 11:59:59.999,405883281.92713904,344588,115397.2688,208200860.225337,0
2023-03-24 12:00:00,1789.51,1789.51,1726.4,1749.57,339776.6865,2023-03-24 23:59:59.999,595662902.604996,511012,167760.0806,294021231.48491,0
2023-03-25 00:00:00,1749.57,1762.43,1736.05,1745.25,150061.6628,2023-03-25 11:59:59.999,262616144.910323,259570,75824.7264,132695753.722146,0
2023-03-25 12:00:00,1745.24,1763.23,1713.09,1741.88,205617.7115,2023-03-25 23:59:59.999,357725852.273189,361081,98924.557,172141685.959611,0
2023-03-26 00:00:00,1741.88,1787.64,1739.31,1777.76,145284.8433,2023-03-26 11:59:59.999,256022023.012765,255651,71802.7318,126545019.911524,0
2023-03-26 12:00:00,1777.77,1801.0,1753.02,1773.88,209648.3939,2023-03-26 23:59:59.999,371638465.259905,336967,106715.5351,189146872.40773,0
2023-03-27 00:00:00,1773.88,1780.48,1746.57,1765.42,153343.3513,2023-03-27 11:59:59.999,270191831.679367,274032,74791.5021,131777361.843844,0
2023-03-27 12:00:00,1765.42,1769.33,1686.13,1715.22,417220.151,2023-03-27 23:59:59.999,717006138.540473,536221,199836.9281,343398541.86638,0
2023-03-28 00:00:00,1715.21,1754.48,1701.13,1745.48,214240.8289,2023-03-28 11:59:59.999,368988665.177488,315667,112186.498,193220736.774508,0
2023-03-28 12:00:00,1745.48,1795.73,1727.35,1772.99,322270.5684,2023-03-28 23:59:59.999,566518718.97219,451220,174190.7184,306255360.049849,0
2023-03-29 00:00:00,1773.0,1827.99,1772.48,1811.22,313631.2469,2023-03-29 11:59:59.999,565155278.112871,459077,168517.2704,303635319.201755,0
2023-03-29 12:00:00,1811.23,1816.42,1782.71,1793.07,223234.3503,2023-03-29 23:59:59.999,402187032.96936303,351423,115429.2755,207972603.109928,0
2023-03-30 00:00:00,1793.06,1829.69,1766.5,1804.62,321345.4136,2023-03-30 11:59:59.999,577693117.777932,484598,166928.7282,300128896.337834,0
2023-03-30 12:00:00,1804.62,1805.88,1763.0,1793.61,258344.6258,2023-03-30 23:59:59.999,461704266.002468,391886,132896.9279,237511961.289788,0
2023-03-31 00:00:00,1793.6,1817.99,1777.91,1792.89,204802.8725,2023-03-31 11:59:59.999,368191403.543453,385292,102687.7548,184640698.975154,0
2023-03-31 12:00:00,1792.9,1847.28,1790.56,1821.52,349722.6037,2023-03-31 23:59:59.999,638705533.4818009,517664,186502.0002,340596463.966973,0
2023-04-01 00:00:00,1821.52,1842.83,1812.12,1824.04,146868.2487,2023-04-01 11:59:59.999,268093369.088751,334041,75913.0365,138576300.711853,0
2023-04-01 12:00:00,1824.04,1827.13,1807.81,1820.79,126036.7187,2023-04-01 23:59:59.999,229367258.98744,245218,63029.7774,114701830.283318,0
2023-04-02 00:00:00,1820.8,1824.81,1809.73,1817.42,106791.8064,2023-04-02 11:59:59.999,194135447.753386,251122,57567.9283,104654341.204071,0
2023-04-02 12:00:00,1817.42,1819.91,1771.7,1794.51,215331.1321,2023-04-02 23:59:59.999,386773828.41078496,386583,105025.2953,188602180.858971,0
2023-04-03 00:00:00,1794.51,1817.5,1762.77,1807.69,241854.3366,2023-04-03 11:59:59.999,433457909.8262,466486,119692.0402,214526185.71419,0
2023-04-03 12:00:00,1807.69,1839.99,1768.27,1810.51,386649.3253,2023-04-03 23:59:59.999,697978890.610873,632195,198564.8779,358577910.32878,0
2023-04-04 00:00:00,1810.51,1875.0,1802.01,1864.91,326109.3457,2023-04-04 11:59:59.999,598277880.07948,566670,176355.0291,323439093.206651,0
2023-04-04 12:00:00,1864.9,1891.91,1851.95,1870.37,296099.2954,2023-04-04 23:59:59.999,553273818.573788,520755,147963.0183,276507406.152372,0
2023-04-05 00:00:00,1870.38,1925.0,1864.58,1914.56,237447.2937,2023-04-05 11:59:59.999,453115267.07172894,523854,119747.6218,228457434.836011,0
2023-04-05 12:00:00,1914.56,1942.98,1882.31,1908.69,311148.2218,2023-04-05 23:59:59.999,592731564.719834,553177,161591.1032,307863201.098754,0
2023-04-06 00:00:00,1908.68,1909.91,1853.7,1868.68,213689.5203,2023-04-06 11:59:59.999,402242684.450576,481351,100098.7853,188423345.361866,0
2023-04-06 12:00:00,1868.68,1882.99,1854.66,1872.41,182551.9149,2023-04-06 23:59:59.999,341375615.573424,435337,90236.1125,168744139.99057,0
2023-04-07 00:00:00,1872.41,1882.61,1841.46,1849.35,165791.8653,2023-04-07 11:59:59.999,308783451.539397,431489,80599.3683,150133561.353332,0
2023-04-07 12:00:00,1849.35,1872.0,1842.7,1863.72,118464.622,2023-04-07 23:59:59.999,219935298.839169,397572,63202.7602,117340935.929596,0
2023-04-08 00:00:00,1863.73,1879.38,1854.62,1867.44,99678.5081,2023-04-08 11:59:59.999,186156790.135934,493038,50509.7805,94336746.152014,0
2023-04-08 12:00:00,1867.45,1871.22,1847.0,1848.82,98227.0326,2023-04-08 23:59:59.999,182635890.793724,409749,46703.5077,86861641.182419,0
2023-04-09 00:00:00,1848.82,1859.6,1824.01,1839.22,136088.4032,2023-04-09 11:59:59.999,250429605.241068,522467,67305.3115,123835791.080449,0
2023-04-09 12:00:00,1839.22,1873.99,1826.25,1858.92,151042.9047,2023-04-09 23:59:59.999,279448889.599305,430991,79088.518,146290107.762656,0
2023-04-10 00:00:00,1858.91,1866.01,1846.4,1858.0,128280.8695,2023-04-10 11:59:59.999,238365538.238515,195668,63537.8309,118064504.506593,0
2023-04-10 12:00:00,1857.99,1918.79,1847.18,1910.2,306458.9289,2023-04-10 23:59:59.999,577847174.624432,390616,155340.0277,292882846.290587,0
2023-04-11 00:00:00,1910.21,1937.37,1906.25,1915.5,194134.0549,2023-04-11 11:59:59.999,372696422.20432705,298580,101543.6135,194951093.430515,0
2023-04-11 12:00:00,1915.51,1922.91,1881.11,1889.86,211069.4343,2023-04-11 23:59:59.999,401693273.64160496,291947,107898.1037,205315575.080846,0
2023-04-12 00:00:00,1889.86,1897.13,1852.65,1872.68,197014.6359,2023-04-12 11:59:59.999,368527334.23692304,277734,99192.5155,185510434.20837,0
2023-04-12 12:00:00,1872.67,1933.0,1867.05,1917.39,433829.7827,2023-04-12 23:59:59.999,827136297.8418089,523722,219373.5973,418308113.374524,0
2023-04-13 00:00:00,1917.4,1996.1,1899.55,1985.4,387704.2484,2023-04-13 11:59:59.999,755698645.8200061,508602,206533.8924,402402727.245826,0
2023-04-13 12:00:00,1985.39,2023.0,1985.39,2012.01,288460.2704,2023-04-13 23:59:59.999,577678446.304585,402967,152093.852,304549316.637276,0
2023-04-14 00:00:00,2012.0,2128.76,2009.22,2115.62,469313.5395,2023-04-14 11:59:59.999,987230254.662543,657768,242800.2696,510576843.487192,0
2023-04-14 12:00:00,2115.62,2125.0,2042.08,2099.99,426993.8539,2023-04-14 23:59:59.999,890489246.4611889,524541,221159.886,461249327.50763905,0
2023-04-15 00:00:00,2099.99,2111.85,2071.13,2100.19,164889.2576,2023-04-15 11:59:59.999,345195834.984042,259932,81163.8317,169936970.634914,0
2023-04-15 12:00:00,2100.18,2108.98,2082.01,2090.6,156934.5275,2023-04-15 23:59:59.999,329065016.507468,245367,77957.1483,163465788.404372,0
2023-04-16 00:00:00,2090.61,2102.6,2072.72,2086.43,107534.3672,2023-04-16 11:59:59.999,224810509.641083,195879,53374.4771,111604241.586441,0
2023-04-16 12:00:00,2086.43,2141.54,2076.02,2118.67,212346.0721,2023-04-16 23:59:59.999,448224103.774752,333352,109143.6557,230350679.726591,0
2023-04-17 00:00:00,2118.66,2120.51,2065.94,2076.5,221044.9689,2023-04-17 11:59:59.999,462176576.607793,366612,107089.835,223924956.874194,0
2023-04-17 12:00:00,2076.5,2088.73,2056.25,2074.0,205927.7382,2023-04-17 23:59:59.999,427256752.17871505,308205,99128.6449,205691938.673317,0
2023-04-18 00:00:00,2073.99,2125.0,2051.0,2117.8,199827.141,2023-04-18 11:59:59.999,418281457.15743905,317644,102353.9301,214262501.354673,0
2023-04-18 12:00:00,2117.8,2120.98,2069.91,2103.5,214417.4725,2023-04-18 23:59:59.999,449010006.412389,319157,103589.0887,216919907.668241,0
2023-04-19 00:00:00,2103.51,2104.6,1962.06,1981.44,415531.304,2023-04-19 11:59:59.999,837665249.987584,614450,199552.0334,401819868.09352094,0
2023-04-19 12:00:00,1981.45,2007.2,1923.03,1933.73,359857.7562,2023-04-19 23:59:59.999,710268937.871436,502399,181674.9307,358658657.422534,0
2023-04-20 00:00:00,1933.74,1964.56,1923.69,1939.97,253519.0835,2023-04-20 11:59:59.999,493887030.630487,353632,126521.5283,246416743.276841,0
2023-04-20 12:00:00,1939.97,1982.99,1914.43,1942.98,371817.166,2023-04-20 23:59:59.999,724297942.668909,515987,181030.2788,352570234.317623,0
2023-04-21 00:00:00,1942.98,1957.27,1898.0,1909.01,283901.1314,2023-04-21 11:59:59.999,546396052.687698,351260,138382.7634,266372360.558954,0
2023-04-21 12:00:00,1909.01,1923.61,1825.0,1848.78,404975.4872,2023-04-21 23:59:59.999,759783429.404244,517627,201581.4191,378335901.18544096,0
2023-04-22 00:00:00,1848.77,1865.15,1841.64,1852.09,151709.0812,2023-04-22 11:59:59.999,281304974.973798,208508,76579.2539,141990941.467447,0
2023-04-22 12:00:00,1852.1,1887.31,1845.91,1874.16,179298.5067,2023-04-22 23:59:59.999,335274626.337967,242991,91545.887,171156889.889562,0
2023-04-23 00:00:00,1874.17,1877.0,1846.45,1874.45,159971.9363,2023-04-23 11:59:59.999,298336285.464608,202694,88423.077,164875635.239653,0
2023-04-23 12:00:00,1874.45,1882.01,1836.37,1862.0,184542.4081,2023-04-23 23:59:59.999,343026143.224758,261234,92114.3431,171253803.391585,0
2023-04-24 00:00:00,1862.01,1890.0,1827.23,1855.26,212404.3392,2023-04-24 11:59:59.999,393667378.49637,335330,101602.9353,188327927.902918,0
2023-04-24 12:00:00,1855.26,1876.19,1806.0,1841.84,235459.7125,2023-04-24 23:59:59.999,433301510.744862,347494,115366.026,212272034.492485,0
2023-04-25 00:00:00,1841.84,1851.64,1805.65,1826.03,184916.5539,2023-04-25 11:59:59.999,337338188.910982,260619,95285.7348,173775467.463151,0
2023-04-25 12:00:00,1826.03,1877.86,1801.66,1866.1,272954.0508,2023-04-25 23:59:59.999,501888232.467264,371147,143085.1623,263165202.684912,0
2023-04-26 00:00:00,1866.1,1920.16,1858.25,1914.58,317739.9006,2023-04-26 11:59:59.999,598805273.0704991,363446,153283.1106,288927169.261549,0
2023-04-26 12:00:00,1914.58,1964.72,1785.0,1866.01,579969.8292,2023-04-26 23:59:59.999,1097098295.890404,819174,292306.8755,553177340.162452,0
2023-04-27 00:00:00,1866.01,1940.96,1861.19,1880.92,399258.1304,2023-04-27 11:59:59.999,758576870.425883,515088,212462.1628,403235625.38776493,0
2023-04-27 12:00:00,1880.93,1937.77,1861.85,1908.68,328214.8162,2023-04-27 23:59:59.999,624517250.2517871,444521,166061.1306,315874134.56969,0
2023-04-28 00:00:00,1908.68,1923.88,1895.02,1902.33,165504.6371,2023-04-28 11:59:59.999,316239576.73481,241910,82158.0937,156987613.798614,0
2023-04-28 12:00:00,1902.33,1915.31,1873.94,1890.94,222126.142,2023-04-28 23:59:59.999,419963729.879346,332573,119231.9619,225311220.221195,0
2023-04-29 00:00:00,1890.93,1904.51,1886.11,1897.95,77623.303,2023-04-29 11:59:59.999,147268806.43026,150581,40307.1075,76475246.318375,0
2023-04-29 12:00:00,1897.95,1918.0,1883.05,1907.8,104422.8376,2023-04-29 23:59:59.999,198759434.865477,185381,50603.1469,96310294.537995,0
2023-04-30 00:00:00,1907.79,1913.37,1893.0,1900.79,82175.2136,2023-04-30 11:59:59.999,156336583.243767,158459,39548.4096,75235077.421043,0
2023-04-30 12:00:00,1900.78,1939.0,1866.16,1870.09,273161.2752,2023-04-30 23:59:59.999,521576657.570895,394474,137239.0241,262098940.581582,0
2023-05-01 00:00:00,1870.08,1886.49,1823.0,1845.37,200104.3834,2023-05-01 11:59:59.999,369801657.210074,292581,101941.123,188356250.693605,0
2023-05-01 12:00:00,1845.36,1852.08,1806.12,1830.73,245414.7945,2023-05-01 23:59:59.999,449019936.48477507,355207,118573.6883,216925023.235503,0
2023-05-02 00:00:00,1830.73,1841.26,1822.94,1833.57,117366.5294,2023-05-02 11:59:59.999,214869153.123639,189451,58075.0365,106312421.822088,0
2023-05-02 12:00:00,1833.56,1881.87,1824.25,1870.08,256386.6733,2023-05-02 23:59:59.999,476038738.986816,374317,126364.0666,234564902.39607,0
2023-05-03 00:00:00,1870.09,1872.39,1853.78,1859.32,107618.821,2023-05-03 11:59:59.999,200597119.560405,194658,52408.5946,97691326.814267,0
2023-05-03 12:00:00,1859.32,1916.52,1842.64,1905.12,357566.4291,2023-05-03 23:59:59.999,670625034.399387,556921,187340.486,351412851.049805,0
2023-05-04 00:00:00,1905.12,1918.26,1895.68,1904.67,139582.3323,2023-05-04 11:59:59.999,265707464.279436,230709,69547.7058,132370724.551558,0
2023-05-04 12:00:00,1904.67,1908.2,1866.71,1877.07,214946.2821,2023-05-04 23:59:59.999,404877039.38018304,295093,102580.2451,193155659.038374,0
2023-05-05 00:00:00,1877.07,1914.56,1875.65,1911.2,153073.1747,2023-05-05 11:59:59.999,290461538.105817,249134,80414.7295,152597509.704096,0
2023-05-05 12:00:00,1911.19,1998.36,1888.0,1993.3,393535.7003,2023-05-05 23:59:59.999,770721850.962295,554478,201403.4893,394347982.28902704,0
2023-05-06 00:00:00,1993.3,2019.0,1921.25,1934.31,270754.5111,2023-05-06 11:59:59.999,531583832.08251697,410215,138832.2023,272581909.40048,0
2023-05-06 12:00:00,1934.32,1934.6,1860.0,1896.33,337352.4804,2023-05-06 23:59:59.999,638355561.23026,458411,170770.0204,323174619.000317,0
2023-05-07 00:00:00,1896.33,1918.6,1887.45,1902.28,168538.8108,2023-05-07 11:59:59.999,320484609.327811,274513,83787.731,159302892.180622,0
2023-05-07 12:00:00,1902.29,1933.33,1867.59,1870.4,244730.0249,2023-05-07 23:59:59.999,467081548.870645,351154,114258.4566,217906279.191483,0
2023-05-08 00:00:00,1870.41,1883.97,1835.0,1862.78,311046.0663,2023-05-08 11:59:59.999,577856980.383086,433838,148055.8208,275021471.236112,0
2023-05-08 12:00:00,1862.79,1876.99,1810.73,1847.56,314270.5505,2023-05-08 23:59:59.999,579746229.378768,451855,160138.0299,295281378.510553,0
2023-05-09 00:00:00,1847.55,1856.99,1830.99,1846.76,136510.1153,2023-05-09 11:59:59.999,251536788.244433,246728,71685.1557,132085534.152145,0
2023-05-09 12:00:00,1846.76,1861.88,1834.22,1846.52,167886.0707,2023-05-09 23:59:59.999,309903471.546462,271009,82510.0514,152324311.492934,0
2023-05-10 00:00:00,1846.53,1858.92,1834.23,1850.49,128948.2557,2023-05-10 11:59:59.999,237806766.000589,209358,60956.3393,112412275.378374,0
2023-05-10 12:00:00,1850.5,1887.47,1790.51,1840.84,510985.1298,2023-05-10 23:59:59.999,944447951.0316259,592782,254806.056,470832066.48960704,0
2023-05-11 00:00:00,1840.83,1842.02,1808.0,1820.84,191930.5319,2023-05-11 11:59:59.999,350475563.823961,248186,91241.7439,166620368.431067,0
2023-05-11 12:00:00,1820.83,1839.0,1772.68,1794.3,330165.5406,2023-05-11 23:59:59.999,594049863.2039809,431439,165099.7596,297094806.773205,0
2023-05-12 00:00:00,1794.31,1801.99,1740.0,1764.86,285749.829,2023-05-12 11:59:59.999,503899581.953366,354169,129954.4177,229195338.365296,0
2023-05-12 12:00:00,1764.86,1818.63,1742.69,1807.45,279790.0019,2023-05-12 23:59:59.999,498204780.641045,342761,142812.1638,254374510.59262,0
2023-05-13 00:00:00,1807.45,1817.03,1796.8,1803.78,100774.6732,2023-05-13 11:59:59.999,181893947.872064,164134,51740.4137,93387038.593379,0
2023-05-13 12:00:00,1803.79,1809.91,1785.23,1795.11,112120.7641,2023-05-13 23:59:59.999,201503374.872717,178432,56220.1481,101029931.18391,0
2023-05-14 00:00:00,1795.12,1809.84,1789.82,1802.05,76797.1357,2023-05-14 11:59:59.999,138351683.760423,138252,39819.2696,71744840.319913,0
2023-05-14 12:00:00,1802.04,1824.0,1791.45,1799.21,141303.962,2023-05-14 23:59:59.999,255205979.041437,209840,72272.2302,130522530.049645,0
2023-05-15 00:00:00,1799.2,1836.06,1785.05,1824.39,223798.8528,2023-05-15 11:59:59.999,407389963.399676,278460,118396.241,215559176.855369,0
2023-05-15 12:00:00,1824.39,1846.7,1812.97,1816.2,164373.0733,2023-05-15 23:59:59.999,300621668.775033,225268,82482.2802,150874016.572985,0
2023-05-16 00:00:00,1816.21,1827.18,1796.2,1816.53,165465.9474,2023-05-16 11:59:59.999,299962922.151407,242244,75387.3955,136650378.628285,0
2023-05-16 12:00:00,1816.54,1832.64,1810.0,1824.21,145772.7312,2023-05-16 23:59:59.999,265404331.95537,223814,70408.8729,128189621.098033,0
2023-05-17 00:00:00,1824.21,1837.5,1788.1,1790.2,161784.1142,2023-05-17 11:59:59.999,293073279.284101,245901,74038.7895,134145597.494998,0
2023-05-17 12:00:00,1790.2,1835.37,1783.68,1822.12,190313.8771,2023-05-17 23:59:59.999,344703691.549754,278817,100576.0343,182216669.396235,0
2023-05-18 00:00:00,1822.12,1831.92,1814.92,1825.43,89905.2671,2023-05-18 11:59:59.999,163973919.604211,178457,45273.4828,82571121.436714,0
2023-05-18 12:00:00,1825.44,1827.18,1771.12,1800.56,203850.0439,2023-05-18 23:59:59.999,367383251.222941,301714,97265.9225,175327688.281362,0
2023-05-19 00:00:00,1800.56,1811.87,1796.81,1807.5,93370.0725,2023-05-19 11:59:59.999,168542024.622849,167850,46668.0199,84244998.84826,0
2023-05-19 12:00:00,1807.5,1829.54,1800.81,1812.32,149746.3951,2023-05-19 23:59:59.999,271749707.72803,223067,78637.6253,142705074.793798,0
2023-05-20 00:00:00,1812.31,1815.99,1807.06,1813.39,48550.9122,2023-05-20 11:59:59.999,87950559.054789,112563,23193.5476,42018436.659587,0
2023-05-20 12:00:00,1813.38,1828.87,1812.07,1819.42,79203.5227,2023-05-20 23:59:59.999,144060023.251839,160181,43975.0159,79985965.786341,0
2023-05-21 00:00:00,1819.42,1828.98,1806.54,1809.48,73945.0822,2023-05-21 11:59:59.999,134274049.688159,147343,35843.4921,65091513.379219,0
2023-05-21 12:00:00,1809.49,1817.76,1797.21,1804.91,87572.7231,2023-05-21 23:59:59.999,158261564.189965,161048,40971.7597,74053800.18922,0
2023-05-22 00:00:00,1804.91,1820.17,1792.01,1814.32,104520.8958,2023-05-22 11:59:59.999,188879266.068366,191642,53225.5953,96226363.204058,0
2023-05-22 12:00:00,1814.32,1828.27,1808.54,1817.35,132978.0465,2023-05-22 23:59:59.999,241794111.848287,220225,70689.0931,128547826.663027,0
2023-05-23 00:00:00,1817.36,1872.5,1815.24,1854.97,271253.673,2023-05-23 11:59:59.999,502005862.39867693,354894,159170.8911,294385764.347851,0
2023-05-23 12:00:00,1854.97,1860.61,1842.0,1854.05,125615.9367,2023-05-23 23:59:59.999,232575612.323789,193693,63378.8858,117345480.230655,0
2023-05-24 00:00:00,1854.06,1854.09,1811.0,1816.01,190542.6532,2023-05-24 11:59:59.999,347906300.41593,256010,83377.2381,152231785.550074,0
2023-05-24 12:00:00,1816.02,1818.27,1777.6,1799.89,230303.4913,2023-05-24 23:59:59.999,413454060.18195695,298297,110077.8732,197565648.626085,0
2023-05-25 00:00:00,1799.89,1807.33,1761.41,1789.65,171916.6552,2023-05-25 11:59:59.999,306501268.930842,250731,78498.2022,139889835.216033,0
2023-05-25 12:00:00,1789.66,1818.81,1786.71,1805.6,178716.3537,2023-05-25 23:59:59.999,322268083.511729,232168,85911.9605,154904269.138929,0
2023-05-26 00:00:00,1805.61,1818.52,1796.99,1812.26,108825.8888,2023-05-26 11:59:59.999,196852569.290477,160337,56259.8,101771007.552623,0
2023-05-26 12:00:00,1812.26,1838.2,1809.03,1827.79,166864.7966,2023-05-26 23:59:59.999,304921404.58946,215517,84373.3075,154152835.041448,0
2023-05-27 00:00:00,1827.8,1836.12,1822.45,1826.83,74722.863,2023-05-27 11:59:59.999,136741713.270828,131399,35543.3361,65046578.217626,0
2023-05-27 12:00:00,1826.83,1832.06,1812.18,1829.89,64102.0776,2023-05-27 23:59:59.999,116968424.979735,144984,34037.3118,62109743.656964,0
2023-05-28 00:00:00,1829.89,1859.5,1823.6,1843.5,158474.5366,2023-05-28 11:59:59.999,292963831.912815,224505,86908.7834,160684506.456608,0
2023-05-28 12:00:00,1843.51,1918.65,1836.69,1908.64,219917.9005,2023-05-28 23:59:59.999,412736054.316673,325222,107897.0773,202467655.08014,0
2023-05-29 00:00:00,1908.64,1927.62,1893.0,1903.26,196938.89,2023-05-29 11:59:59.999,375586467.837002,253419,102294.9984,195082561.000229,0
2023-05-29 12:00:00,1903.26,1905.14,1873.65,1892.6,116654.6042,2023-05-29 23:59:59.999,220649681.072883,192476,56095.3464,106092625.439365,0
2023-05-30 00:00:00,1892.6,1917.0,1881.19,1915.4,120683.4663,2023-05-30 11:59:59.999,229582437.499921,201723,61795.0513,117573394.486614,0
2023-05-30 12:00:00,1915.4,1915.7,1891.33,1900.59,151982.3739,2023-05-30 23:59:59.999,289476758.747495,220526,72493.1096,138071153.251013,0
2023-05-31 00:00:00,1900.58,1907.13,1857.67,1865.19,180292.4685,2023-05-31 11:59:59.999,338367802.96932,247401,82490.4347,154812472.984397,0
2023-05-31 12:00:00,1865.2,1878.14,1846.95,1873.63,138963.0996,2023-05-31 23:59:59.999,258992592.574714,203732,66960.6523,124811543.057863,0
2023-06-01 00:00:00,1873.63,1889.2,1840.0,1861.5,139049.8753,2023-06-01 11:59:59.999,259095138.423571,218079,69090.6032,128731328.091221,0
2023-06-01 12:00:00,1861.5,1882.86,1852.66,1861.78,131446.7344,2023-06-01 23:59:59.999,245353098.849809,204820,63696.3292,118891407.11801,0
2023-06-02 00:00:00,1861.78,1900.64,1847.51,1894.96,159410.9034,2023-06-02 11:59:59.999,300039108.286125,238112,81967.2721,154315280.092577,0
2023-06-02 12:00:00,1894.95,1910.0,1876.65,1906.68,153593.1624,2023-06-02 23:59:59.999,291130374.813322,218676,75906.7682,143915254.900489,0
2023-06-03 00:00:00,1906.69,1907.92,1897.42,1903.72,71974.3501,2023-06-03 11:59:59.999,136953201.42485,140028,36128.0846,68740602.175239,0
2023-06-03 12:00:00,1903.72,1906.61,1881.6,1892.06,76843.8926,2023-06-03 23:59:59.999,145597188.521838,152484,35120.0169,66529325.774107,0
2023-06-04 00:00:00,1892.05,1908.61,1884.22,1903.08,56189.7418,2023-06-04 11:59:59.999,106625561.104848,120966,27532.2189,52244054.114795,0
2023-06-04 12:00:00,1903.07,1914.63,1885.0,1890.01,116493.2701,2023-06-04 23:59:59.999,221541337.957506,169007,58250.9012,110782300.123231,0
2023-06-05 00:00:00,1890.0,1890.63,1861.76,1869.51,133547.1009,2023-06-05 11:59:59.999,250236630.573217,207824,62686.4997,117472015.078551,0
2023-06-05 12:00:00,1869.5,1871.2,1778.0,1810.5,421814.1674,2023-06-05 23:59:59.999,767452978.789039,481055,190948.1453,347166820.680898,0
2023-06-06 00:00:00,1810.49,1822.6,1803.15,1813.32,98835.6589,2023-06-06 11:59:59.999,179219334.251309,171081,46708.8256,84708336.499574,0
2023-06-06 12:00:00,1813.33,1898.29,1797.18,1884.64,392571.5585,2023-06-06 23:59:59.999,728441025.174657,445120,207389.1988,385115572.054358,0
2023-06-07 00:00:00,1884.65,1897.8,1842.57,1870.23,187982.6926,2023-06-07 11:59:59.999,351880914.45982,277160,92666.9967,173496008.05235,0
2023-06-07 12:00:00,1870.23,1870.84,1821.18,1832.13,241214.0138,2023-06-07 23:59:59.999,444975774.40689296,316911,108407.8026,199915259.682096,0
2023-06-08 00:00:00,1832.12,1848.99,1828.31,1843.8,81798.4329,2023-06-08 11:59:59.999,150419245.950574,168219,37693.1006,69315948.391207,0
2023-06-08 12:00:00,1843.79,1861.28,1837.86,1845.64,107472.0524,2023-06-08 23:59:59.999,198741139.154406,179771,51525.03,95281310.9273,0
2023-06-09 00:00:00,1845.65,1849.02,1827.0,1843.79,96759.4097,2023-06-09 11:59:59.999,177899417.659124,169565,43312.4472,79628156.061855,0
2023-06-09 12:00:00,1843.79,1855.0,1828.03,1840.37,101564.9155,2023-06-09 23:59:59.999,187138362.083763,185058,49528.8411,91253238.254459,0
2023-06-10 00:00:00,1840.37,1844.99,1715.03,1747.95,462328.6307,2023-06-10 11:59:59.999,816820141.656644,587913,204747.1317,361510101.21774304,0
2023-06-10 12:00:00,1747.95,1773.03,1718.5,1751.53,189996.0388,2023-06-10 23:59:59.999,331492014.868952,289497,94215.5216,164374388.920862,0
2023-06-11 00:00:00,1751.52,1759.76,1743.64,1752.13,82241.7547,2023-06-11 11:59:59.999,143990307.750449,176798,38151.5106,66813666.195037,0
2023-06-11 12:00:00,1752.14,1778.25,1738.72,1752.76,137714.4887,2023-06-11 23:59:59.999,241666238.199789,202123,66818.5933,117244525.098418,0
2023-06-12 00:00:00,1752.77,1759.33,1720.11,1745.6,159358.9911,2023-06-12 11:59:59.999,277561083.342326,246195,81604.6638,142133362.901474,0
2023-06-12 12:00:00,1745.61,1747.25,1720.0,1742.57,142773.4908,2023-06-12 23:59:59.999,247906431.277283,221197,72974.3828,126714865.276126,0
2023-06-13 00:00:00,1742.57,1759.65,1728.43,1753.81,111179.1559,2023-06-13 11:59:59.999,194289749.940977,225179,61511.2626,107489280.403326,0
2023-06-13 12:00:00,1753.8,1770.13,1724.22,1740.12,173088.8459,2023-06-13 23:59:59.999,301618151.727516,273701,85549.1109,149073199.530674,0
2023-06-14 00:00:00,1740.12,1750.03,1737.0,1745.96,67983.1167,2023-06-14 11:59:59.999,118522082.301926,141611,31156.4441,54317765.683681,0
2023-06-14 12:00:00,1745.96,1749.3,1630.43,1650.95,347864.2103,2023-06-14 23:59:59.999,587064307.932055,431385,166878.5619,281454797.058696,0
2023-06-15 00:00:00,1650.95,1656.59,1626.01,1643.05,188119.1119,2023-06-15 11:59:59.999,309132515.394386,218861,94851.7356,155902683.103559,0
2023-06-15 12:00:00,1643.05,1680.91,1633.79,1666.96,182655.6577,2023-06-15 23:59:59.999,302367299.14779,239707,97573.78,161517259.983389,0
2023-06-16 00:00:00,1666.96,1677.13,1660.0,1664.42,94297.2321,2023-06-16 11:59:59.999,157360283.181745,140215,51023.2292,85162938.751383,0
2023-06-16 12:00:00,1664.43,1729.5,1649.86,1717.92,217437.3583,2023-06-16 23:59:59.999,368032981.780456,267961,107576.8448,182005582.440263,0
2023-06-17 00:00:00,1717.91,1770.0,1714.26,1738.41,137463.2174,2023-06-17 11:59:59.999,239837244.704986,220586,71125.8759,124102921.869158,0
2023-06-17 12:00:00,1738.4,1742.22,1717.92,1727.76,73451.7042,2023-06-17 23:59:59.999,127106934.615651,139172,36134.9726,62528884.964539,0
2023-06-18 00:00:00,1727.75,1738.32,1720.47,1734.44,57089.8356,2023-06-18 11:59:59.999,98709339.835275,121637,28987.1762,50120042.035211,0
2023-06-18 12:00:00,1734.45,1747.84,1712.0,1720.95,99445.1772,2023-06-18 23:59:59.999,172239633.582209,152221,50236.4277,87039183.698201,0
2023-06-19 00:00:00,1720.95,1728.2,1714.32,1725.87,55097.5749,2023-06-19 11:59:59.999,94979562.874425,113302,27211.4438,46907494.297211,0
2023-06-19 12:00:00,1725.87,1752.19,1698.0,1737.11,190065.184,2023-06-19 23:59:59.999,327847642.901064,252841,93221.1504,160828070.495144,0
2023-06-20 00:00:00,1737.1,1749.79,1723.66,1734.39,82751.3753,2023-06-20 11:59:59.999,143414466.453021,139585,39665.651,68755386.11633,0
2023-06-20 12:00:00,1734.39,1796.99,1714.72,1791.99,246104.3093,2023-06-20 23:59:59.999,434114800.336196,320139,128680.3281,227093465.361179,0
2023-06-21 00:00:00,1791.99,1833.44,1787.38,1829.65,208364.3506,2023-06-21 11:59:59.999,377569685.98437506,270121,101600.081,184106162.692648,0
2023-06-21 12:00:00,1829.65,1901.0,1815.05,1889.11,405391.5363,2023-06-21 23:59:59.999,754808219.5045271,429568,200282.454,372983723.360264,0
2023-06-22 00:00:00,1889.1,1933.17,1881.43,1886.76,236332.2533,2023-06-22 11:59:59.999,451254205.469878,301544,116066.5797,221712944.267677,0
2023-06-22 12:00:00,1886.76,1909.4,1865.98,1872.01,180382.3186,2023-06-22 23:59:59.999,339801810.676298,234866,80808.1063,152218583.313109,0
2023-06-23 00:00:00,1872.0,1888.69,1862.56,1879.76,98309.1117,2023-06-23 11:59:59.999,184737737.288107,160999,44608.6307,83831489.70365,0
2023-06-23 12:00:00,1879.75,1936.42,1861.01,1892.63,302838.8207,2023-06-23 23:59:59.999,575614748.048574,370785,151912.0195,288768513.665854,0
2023-06-24 00:00:00,1892.63,1897.86,1878.15,1890.49,86997.4893,2023-06-24 11:59:59.999,164328852.103897,152675,41673.1743,78718755.34308,0
2023-06-24 12:00:00,1890.48,1906.0,1864.77,1874.96,139912.8048,2023-06-24 23:59:59.999,263392625.658083,203979,66374.7021,124950235.115491,0
2023-06-25 00:00:00,1874.95,1930.0,1868.83,1918.37,188610.3459,2023-06-25 11:59:59.999,359686087.416869,269318,92713.3615,176690076.756205,0
2023-06-25 12:00:00,1918.37,1919.57,1881.47,1898.8,150147.2699,2023-06-25 23:59:59.999,284729442.623747,213435,77620.9027,147180518.536378,0
2023-06-26 00:00:00,1898.8,1904.76,1866.0,1880.87,187939.1547,2023-06-26 11:59:59.999,353969233.794076,233564,92342.0099,173923552.949745,0
2023-06-26 12:00:00,1880.87,1909.1,1837.18,1858.97,270804.7063,2023-06-26 23:59:59.999,505567928.561538,284445,129492.265,241730441.62127,0
2023-06-27 00:00:00,1858.97,1890.51,1855.19,1881.53,141343.5085,2023-06-27 11:59:59.999,264646059.331856,186875,72368.1406,135519649.332388,0
2023-06-27 12:00:00,1881.53,1912.53,1863.6,1889.58,225291.0622,2023-06-27 23:59:59.999,426209927.709476,250309,123014.2258,232835046.615343,0
2023-06-28 00:00:00,1889.58,1890.19,1848.58,1861.1,166342.3347,2023-06-28 11:59:59.999,310128140.964691,209885,77626.2559,144727187.221386,0
2023-06-28 12:00:00,1861.1,1868.41,1816.56,1828.02,171494.2445,2023-06-28 23:59:59.999,316230361.623789,227700,83019.0117,153077669.904069,0
2023-06-29 00:00:00,1828.03,1872.84,1827.84,1869.6,111305.2248,2023-06-29 11:59:59.999,206118212.158463,167211,56515.1577,104642601.628102,0
2023-06-29 12:00:00,1869.59,1880.0,1841.38,1851.99,130539.6033,2023-06-29 23:59:59.999,242560110.018359,183612,66679.4614,123944850.615547,0
2023-06-30 00:00:00,1851.99,1907.99,1841.5,1891.1,209736.8034,2023-06-30 11:59:59.999,394580081.130824,263447,99661.9769,187457037.615916,0
2023-06-30 12:00:00,1891.1,1948.6,1825.01,1933.79,506801.3001,2023-06-30 23:59:59.999,959050371.4846209,561442,245773.6757,465592137.62911105,0
2023-07-01 00:00:00,1933.8,1944.56,1909.44,1922.55,113811.6801,2023-07-01 11:59:59.999,218947261.18785,183328,54444.0805,104761927.058253,0
2023-07-01 12:00:00,1922.56,1929.87,1916.6,1924.5,64561.6887,2023-07-01 23:59:59.999,124146494.424886,123691,33850.3898,65088591.095151,0
2023-07-02 00:00:00,1924.5,1926.7,1910.06,1919.99,74219.0071,2023-07-02 11:59:59.999,142288570.058193,129012,35715.8544,68479697.831369,0
2023-07-02 12:00:00,1919.99,1959.2,1885.75,1937.48,181633.7761,2023-07-02 23:59:59.999,349693272.901946,252121,91626.1079,176441338.182151,0
2023-07-03 00:00:00,1937.49,1976.0,1933.55,1962.01,151589.2349,2023-07-03 11:59:59.999,296393924.165551,198258,74351.653,145327650.836968,0
2023-07-03 12:00:00,1962.0,1976.16,1948.22,1955.54,170513.1946,2023-07-03 23:59:59.999,334765074.645865,205826,82256.9875,161498833.899834,0
2023-07-04 00:00:00,1955.55,1967.08,1946.39,1960.53,103089.1524,2023-07-04 11:59:59.999,201568196.622846,151022,47410.9439,92711265.252799,0
2023-07-04 12:00:00,1960.53,1965.57,1931.58,1936.2,102435.946,2023-07-04 23:59:59.999,199618800.626992,156669,46487.5983,90592802.629259,0
2023-07-05 00:00:00,1936.19,1942.5,1905.0,1910.08,133256.4617,2023-07-05 11:59:59.999,256521814.576347,182454,62674.3564,120646166.362179,0
2023-07-05 12:00:00,1910.07,1918.0,1894.51,1910.36,134377.0166,2023-07-05 23:59:59.999,256252323.642602,180531,65382.7032,124694572.713384,0
2023-07-06 00:00:00,1910.35,1958.0,1898.8,1917.65,179992.4862,2023-07-06 11:59:59.999,347278876.896194,216358,89915.6274,173454119.41601,0
2023-07-06 12:00:00,1917.66,1919.37,1846.0,1846.17,276370.2548,2023-07-06 23:59:59.999,520730709.327076,302673,135643.5546,255589181.588533,0
2023-07-07 00:00:00,1846.17,1865.6,1826.0,1860.17,131425.1297,2023-07-07 11:59:59.999,243194797.53723,200529,64299.1456,118996370.360588,0
2023-07-07 12:00:00,1860.16,1878.0,1851.43,1870.91,101519.2169,2023-07-07 23:59:59.999,189538583.517737,154731,50843.9417,94930283.845167,0
2023-07-08 00:00:00,1870.92,1876.0,1855.0,1859.01,61540.6538,2023-07-08 11:59:59.999,114743047.854493,112300,31613.7101,58963426.78803,0
2023-07-08 12:00:00,1859.01,1866.5,1842.8,1865.24,64279.1735,2023-07-08 23:59:59.999,119258132.950132,116289,30978.8096,57469572.32933,0
2023-07-09 00:00:00,1865.24,1874.45,1862.71,1868.98,51318.7161,2023-07-09 11:59:59.999,95870380.300197,101291,27380.1641,51149851.15283,0
2023-07-09 12:00:00,1868.98,1879.36,1856.15,1862.8,83727.6582,2023-07-09 23:59:59.999,156319169.751413,133634,40597.7529,75793192.507778,0
2023-07-10 00:00:00,1862.81,1867.77,1846.63,1864.0,90282.2756,2023-07-10 11:59:59.999,167721958.241753,145327,43744.209,81264254.23005,0
2023-07-10 12:00:00,1863.99,1905.5,1860.2,1880.4,157585.8738,2023-07-10 23:59:59.999,296464482.921629,193135,80219.945,150933145.881278,0
2023-07-11 00:00:00,1880.41,1891.99,1863.99,1867.55,94627.9819,2023-07-11 11:59:59.999,177660161.512722,128325,43916.3304,82455813.229052,0
2023-07-11 12:00:00,1867.55,1882.56,1862.38,1878.3,83143.6298,2023-07-11 23:59:59.999,155679715.419974,128035,41297.9997,77329755.910944,0
2023-07-12 00:00:00,1878.31,1895.61,1876.51,1890.65,92745.4272,2023-07-12 11:59:59.999,174944962.224534,133828,46801.3027,88292262.563763,0
2023-07-12 12:00:00,1890.65,1902.0,1864.37,1871.82,171661.4401,2023-07-12 23:59:59.999,323622772.334599,204640,80856.6499,152436412.332435,0
2023-07-13 00:00:00,1871.82,1885.21,1862.59,1883.72,77003.4671,2023-07-13 11:59:59.999,144220133.046847,114558,35698.5881,66879918.483361,0
2023-07-13 12:00:00,1883.72,2012.63,1876.11,2004.49,471857.9536,2023-07-13 23:59:59.999,925282010.979347,503718,239676.4308,469946281.70616096,0
2023-07-14 00:00:00,2004.49,2029.11,1983.81,1992.22,184145.0833,2023-07-14 11:59:59.999,369441966.457875,249222,84235.9419,169053245.958842,0
2023-07-14 12:00:00,1992.22,2007.46,1898.39,1937.83,314578.9526,2023-07-14 23:59:59.999,612927905.562025,355465,148835.1401,290146244.718374,0
2023-07-15 00:00:00,1937.82,1946.37,1926.23,1939.82,77473.5702,2023-07-15 11:59:59.999,149956575.706939,133402,38033.1837,73624739.00797,0
2023-07-15 12:00:00,1939.83,1941.23,1926.6,1931.41,57708.1961,2023-07-15 23:59:59.999,111597385.460576,109416,27726.2101,53616958.849574,0
2023-07-16 00:00:00,1931.41,1937.72,1914.0,1933.01,80482.133,2023-07-16 11:59:59.999,155077690.806737,127582,35722.4027,68851221.61224,0
2023-07-16 12:00:00,1933.02,1943.55,1916.73,1922.11,68184.9721,2023-07-16 23:59:59.999,131709749.650164,126188,33969.5126,65627137.578409,0
2023-07-17 00:00:00,1922.12,1936.18,1889.36,1910.09,112774.4481,2023-07-17 11:59:59.999,216353271.736248,177097,56629.475,108695519.090026,0
2023-07-17 12:00:00,1910.09,1920.2,1873.26,1911.2,164384.5868,2023-07-17 23:59:59.999,312309140.56141,214294,78367.9637,148906519.029743,0
2023-07-18 00:00:00,1911.21,1917.19,1890.8,1894.15,96969.4053,2023-07-18 11:59:59.999,184618540.828898,151476,46230.1633,88029859.527871,0
2023-07-18 12:00:00,1894.15,1903.66,1875.73,1897.21,118811.0953,2023-07-18 23:59:59.999,224965290.047435,163624,58203.239,110211145.200635,0
2023-07-19 00:00:00,1897.21,1917.98,1895.09,1909.28,78863.1121,2023-07-19 11:59:59.999,150583554.723489,118189,40046.9964,76468215.472946,0
2023-07-19 12:00:00,1909.29,1922.04,1882.17,1888.63,139181.8884,2023-07-19 23:59:59.999,264684557.819912,148642,68388.7433,130068582.034614,0
2023-07-20 00:00:00,1888.64,1929.05,1882.7,1921.47,131802.4838,2023-07-20 11:59:59.999,251738953.906311,153881,69007.1282,131818986.619966,0
2023-07-20 12:00:00,1921.47,1923.0,1878.0,1891.59,161105.0326,2023-07-20 23:59:59.999,305242496.54899,199299,77231.2089,146305532.025599,0
2023-07-21 00:00:00,1891.59,1901.76,1884.64,1889.25,76855.1028,2023-07-21 11:59:59.999,145427570.739055,128997,35220.5413,66652377.333935,0
2023-07-21 12:00:00,1889.24,1905.74,1885.13,1891.73,88698.94,2023-07-21 23:59:59.999,167986565.156056,131388,45306.1229,85812648.637976,0
2023-07-22 00:00:00,1891.73,1897.35,1883.79,1888.02,48354.4224,2023-07-22 11:59:59.999,91473489.202797,102449,23524.5108,44504739.603673,0
2023-07-22 12:00:00,1888.01,1890.59,1851.18,1866.52,83547.2263,2023-07-22 23:59:59.999,156347103.565816,138448,39861.7699,74570816.476004,0
2023-07-23 00:00:00,1866.52,1879.14,1857.82,1874.69,61808.1181,2023-07-23 11:59:59.999,115626861.17138,117411,32891.2105,61532698.629702,0
2023-07-23 12:00:00,1874.68,1905.25,1872.04,1888.73,91692.8997,2023-07-23 23:59:59.999,173109530.689958,136816,44859.5848,84675260.13975,0
2023-07-24 00:00:00,1888.74,1890.86,1833.19,1853.04,142034.7313,2023-07-24 11:59:59.999,264209415.306905,185405,64281.4593,119562674.003254,0
2023-07-24 12:00:00,1853.04,1854.76,1834.66,1850.0,134469.8234,2023-07-24 23:59:59.999,248193492.15094,150961,68622.0371,126635920.774168,0
2023-07-25 00:00:00,1850.0,1863.2,1845.45,1853.4,61797.2162,2023-07-25 11:59:59.999,114488765.413351,111208,30081.787,55733232.076816,0
2023-07-25 12:00:00,1853.39,1868.71,1852.34,1857.66,90453.9938,2023-07-25 23:59:59.999,168207835.507906,137648,44690.9076,83108940.808858,0
2023-07-26 00:00:00,1857.66,1866.94,1848.35,1851.1,75675.6722,2023-07-26 11:59:59.999,140429770.274856,116158,34052.2696,63193688.12957,0
2023-07-26 12:00:00,1851.1,1888.0,1850.2,1872.0,196414.8611,2023-07-26 23:59:59.999,366619578.44245505,203693,114041.6386,212745651.437606,0
2023-07-27 00:00:00,1871.99,1886.11,1864.7,1876.77,85553.3136,2023-07-27 11:59:59.999,160531983.904912,128157,45442.3748,85255933.752997,0
2023-07-27 12:00:00,1876.76,1878.71,1854.84,1861.28,78213.1123,2023-07-27 23:59:59.999,145931603.497108,124137,35259.5552,65792310.707312,0
2023-07-28 00:00:00,1861.29,1869.04,1856.52,1866.64,66273.6359,2023-07-28 11:59:59.999,123443207.904371,106147,33030.0885,61521746.389985,0
2023-07-28 12:00:00,1866.63,1883.39,1866.27,1874.19,72422.0788,2023-07-28 23:59:59.999,135785259.597891,113242,37463.115,70246299.660709,0
2023-07-29 00:00:00,1874.2,1877.09,1869.54,1870.47,33486.7849,2023-07-29 11:59:59.999,62735531.530739,79215,15457.8618,28960968.610967,0
2023-07-29 12:00:00,1870.47,1886.58,1870.47,1880.46,39380.242,2023-07-29 23:59:59.999,73940797.148811,87170,20425.4883,38345721.740612,0
2023-07-30 00:00:00,1880.45,1881.52,1872.44,1876.18,41913.9356,2023-07-30 11:59:59.999,78634971.313382,92993,21058.6601,39508633.498595,0
2023-07-30 12:00:00,1876.18,1885.3,1848.17,1861.79,116743.6546,2023-07-30 23:59:59.999,217869253.908115,154865,61468.8029,114735662.770649,0
2023-07-31 00:00:00,1861.79,1877.4,1861.12,1867.8,78693.3914,2023-07-31 11:59:59.999,147024617.325362,112423,39640.0878,74054858.2154,0
2023-07-31 12:00:00,1867.8,1873.21,1851.02,1856.14,89511.062,2023-07-31 23:59:59.999,166492468.836393,134064,42027.7646,78173192.399745,0
2023-08-01 00:00:00,1856.13,1864.7,1815.98,1830.7,166551.3712,2023-08-01 11:59:59.999,305121747.705644,191962,77792.9844,142488926.221895,0
2023-08-01 12:00:00,1830.7,1875.62,1813.8,1873.47,191924.7254,2023-08-01 23:59:59.999,353978834.402804,219546,92631.3805,170903807.572517,0
2023-08-02 00:00:00,1873.48,1879.74,1853.66,1859.9,108412.0428,2023-08-02 11:59:59.999,202192661.871267,148123,52544.7019,98034122.393033,0
2023-08-02 12:00:00,1859.89,1861.0,1821.21,1839.9,145801.0125,2023-08-02 23:59:59.999,268273709.391519,183147,70432.8608,129594278.864923,0
2023-08-03 00:00:00,1839.9,1846.07,1826.0,1837.62,67508.696,2023-08-03 11:59:59.999,123979979.081232,107842,32192.4009,59127291.847399,0
2023-08-03 12:00:00,1837.63,1859.12,1831.11,1835.81,103639.356,2023-08-03 23:59:59.999,191101771.305248,147076,51906.6721,95727128.57424,0
2023-08-04 00:00:00,1835.81,1840.58,1828.35,1834.6,62164.2646,2023-08-04 11:59:59.999,114102233.859675,101091,29757.3849,54621823.085969,0
2023-08-04 12:00:00,1834.6,1851.31,1815.74,1830.23,125535.1906,2023-08-04 23:59:59.999,230584862.742363,154911,61207.7594,112473622.952258,0
2023-08-05 00:00:00,1830.24,1835.0,1827.5,1832.74,44388.5137,2023-08-05 11:59:59.999,81303403.482855,81871,23054.9902,42228450.895029,0
2023-08-05 12:00:00,1832.74,1839.0,1830.51,1836.48,49268.8118,2023-08-05 23:59:59.999,90380170.539788,92383,23833.4039,43723350.737324,0
2023-08-06 00:00:00,1836.48,1838.58,1828.51,1832.39,45396.2637,2023-08-06 11:59:59.999,83271182.96169,83804,21837.9959,40057698.098012,0
2023-08-06 12:00:00,1832.39,1838.05,1825.86,1830.28,45007.7278,2023-08-06 23:59:59.999,82430764.057655,86124,21989.8556,40277197.327918,0
2023-08-07 00:00:00,1830.28,1847.0,1826.41,1834.22,71062.3733,2023-08-07 11:59:59.999,130586319.718449,105905,34444.3554,63289311.132275,0
2023-08-07 12:00:00,1834.21,1837.3,1802.0,1829.1,153030.5326,2023-08-07 23:59:59.999,278580273.1732,183256,75482.7596,137397226.023111,0
2023-08-08 00:00:00,1829.1,1839.31,1826.33,1839.09,61948.4634,2023-08-08 11:59:59.999,113521937.949283,101199,32573.1786,59692743.844082,0
2023-08-08 12:00:00,1839.08,1876.51,1835.48,1856.3,174387.5666,2023-08-08 23:59:59.999,323369320.685575,221408,88501.9601,164060256.566104,0
2023-08-09 00:00:00,1856.3,1866.25,1852.18,1862.79,94306.0019,2023-08-09 11:59:59.999,175289544.462183,126069,45685.5362,84916300.20503,0
2023-08-09 12:00:00,1862.79,1871.99,1846.28,1855.35,97620.8324,2023-08-09 23:59:59.999,181269920.421135,140765,47487.1533,88197771.565205,0
2023-08-10 00:00:00,1855.36,1858.02,1849.75,1850.92,47637.7191,2023-08-10 11:59:59.999,88277692.304058,87214,22474.4654,41649750.129058,0
2023-08-10 12:00:00,1850.91,1865.95,1845.38,1852.47,79683.7362,2023-08-10 23:59:59.999,147765594.352293,120803,40052.8961,74287834.527586,0
2023-08-11 00:00:00,1852.47,1854.8,1842.81,1851.33,48975.2839,2023-08-11 11:59:59.999,90548059.637918,95092,21910.5083,40512752.618153,0
2023-08-11 12:00:00,1851.32,1857.26,1838.05,1848.84,64234.0264,2023-08-11 23:59:59.999,118689686.000442,102454,32755.1726,60536219.609805,0
2023-08-12 00:00:00,1848.84,1854.01,1847.06,1850.85,34246.9924,2023-08-12 11:59:59.999,63353177.261025,80634,17186.99,31792631.822165,0
2023-08-12 12:00:00,1850.85,1853.67,1846.08,1849.93,29045.6552,2023-08-12 23:59:59.999,53753565.308819,73476,15031.9628,27822808.230272,0
2023-08-13 00:00:00,1849.94,1851.55,1846.68,1849.4,26379.5068,2023-08-13 11:59:59.999,48798892.169721,81505,12831.5322,23737343.56371,0
2023-08-13 12:00:00,1849.4,1862.0,1834.51,1840.73,94294.6296,2023-08-13 23:59:59.999,174157765.177707,130369,56277.6186,103899865.138535,0
2023-08-14 00:00:00,1840.73,1852.25,1835.0,1848.0,80382.0795,2023-08-14 11:59:59.999,148373129.215904,126293,36422.5746,67230038.991521,0
2023-08-14 12:00:00,1847.99,1856.5,1839.83,1845.5,69814.0408,2023-08-14 23:59:59.999,129014474.461499,118003,33280.2211,61501707.145992,0
2023-08-15 00:00:00,1845.5,1847.36,1839.0,1840.27,68685.8327,2023-08-15 11:59:59.999,126615625.842692,103664,29375.8375,54155368.328241,0
2023-08-15 12:00:00,1840.28,1846.0,1814.0,1828.98,117395.8662,2023-08-15 23:59:59.999,215007116.113579,160650,56551.4813,103581838.37381,0
2023-08-16 00:00:00,1828.98,1831.52,1818.97,1825.3,72717.8575,2023-08-16 11:59:59.999,132742537.954086,114671,31290.5449,57125583.706635,0
2023-08-16 12:00:00,1825.31,1829.22,1798.17,1807.81,132712.8793,2023-08-16 23:59:59.999,240888917.945472,196701,63328.8547,114969089.111392,0
2023-08-17 00:00:00,1807.81,1809.99,1780.04,1787.91,126473.8902,2023-08-17 11:59:59.999,226956813.296434,175894,57311.1364,102853860.802115,0
2023-08-17 12:00:00,1787.91,1793.0,1550.0,1681.49,685664.3257,2023-08-17 23:59:59.999,1163547494.706947,730621,332506.0447,563499551.840937,0
2023-08-18 00:00:00,1681.49,1699.4,1662.06,1685.9,262871.5269,2023-08-18 11:59:59.999,442958419.241004,295987,129659.1207,218474034.118423,0
2023-08-18 12:00:00,1685.9,1687.19,1641.02,1661.59,275211.5749,2023-08-18 23:59:59.999,458159331.476319,301851,126359.5511,210320075.970963,0
2023-08-19 00:00:00,1661.6,1671.64,1654.31,1660.01,92478.6408,2023-08-19 11:59:59.999,153625801.141985,146953,44756.712,74351008.791666,0
2023-08-19 12:00:00,1660.0,1696.72,1658.05,1669.67,139440.4077,2023-08-19 23:59:59.999,233781772.238415,165221,71779.0181,120341002.569163,0
2023-08-20 00:00:00,1669.68,1675.85,1662.03,1674.92,87108.6746,2023-08-20 11:59:59.999,145344142.605507,133300,46444.5564,77505628.584689,0
2023-08-20 12:00:00,1674.93,1694.75,1664.44,1685.24,108514.8517,2023-08-20 23:59:59.999,181998122.343123,141735,48472.4478,81319075.514783,0
2023-08-21 00:00:00,1685.23,1688.59,1660.21,1672.77,118979.3425,2023-08-21 11:59:59.999,199243813.275833,143745,54130.7335,90643527.17354,0
2023-08-21 12:00:00,1672.78,1683.95,1649.4,1667.55,131855.8093,2023-08-21 23:59:59.999,219617091.791564,154098,63005.9845,104962185.970358,0
2023-08-22 00:00:00,1667.56,1669.38,1660.17,1662.58,66342.041,2023-08-22 11:59:59.999,110430742.542754,151193,31272.8688,52059838.866503,0
2023-08-22 12:00:00,1662.58,1667.37,1580.0,1634.99,335670.004,2023-08-22 23:59:59.999,547158678.380264,333121,156174.3159,254524620.890295,0
2023-08-23 00:00:00,1635.0,1658.09,1629.05,1642.39,122592.5531,2023-08-23 11:59:59.999,201101577.462954,246929,60448.2849,99167175.316798,0
2023-08-23 12:00:00,1642.39,1702.11,1634.46,1679.61,252168.5557,2023-08-23 23:59:59.999,421616163.301016,225205,119850.8036,200402229.569203,0
2023-08-24 00:00:00,1679.61,1683.37,1666.2,1667.68,67913.1639,2023-08-24 11:59:59.999,113717798.8715,105421,30440.2904,50972098.618189,0
2023-08-24 12:00:00,1667.68,1669.79,1635.28,1661.16,163626.6166,2023-08-24 23:59:59.999,270230488.628926,181757,80642.3681,133164114.01403,0
2023-08-25 00:00:00,1661.16,1664.28,1645.66,1654.1,74480.6271,2023-08-25 11:59:59.999,123194205.675088,117711,35775.261,59167359.160104,0
2023-08-25 12:00:00,1654.11,1677.22,1635.51,1653.8,161781.0627,2023-08-25 23:59:59.999,267308314.907208,189500,79049.9251,130627741.41477,0
2023-08-26 00:00:00,1653.79,1655.59,1646.66,1650.5,43496.1428,2023-08-26 11:59:59.999,71828520.072034,79426,20183.1837,33327925.458604,0
2023-08-26 12:00:00,1650.5,1653.0,1644.0,1647.04,35679.2822,2023-08-26 23:59:59.999,58806237.576299,78554,16691.7699,27511389.112417,0
2023-08-27 00:00:00,1647.03,1655.28,1646.32,1649.31,40306.8535,2023-08-27 11:59:59.999,66504226.868041,76971,20811.2721,34340309.156393,0
2023-08-27 12:00:00,1649.31,1660.24,1648.43,1658.33,47483.0661,2023-08-27 23:59:59.999,78604916.815795,86075,24563.1812,40663285.782322,0
2023-08-28 00:00:00,1658.33,1658.33,1621.75,1640.31,100108.2297,2023-08-28 11:59:59.999,164291877.664717,123468,45780.9422,75113051.374121,0
2023-08-28 12:00:00,1640.32,1664.34,1637.88,1653.08,114242.7846,2023-08-28 23:59:59.999,188576185.167533,151112,57873.5667,95535209.960693,0
2023-08-29 00:00:00,1653.08,1662.32,1640.0,1642.21,91024.654,2023-08-29 11:59:59.999,150216353.626997,119086,42217.9388,69698317.739673,0
2023-08-29 12:00:00,1642.2,1745.84,1640.27,1729.42,403346.4283,2023-08-29 23:59:59.999,692248570.895095,385597,209376.3264,359171765.117486,0
2023-08-30 00:00:00,1729.41,1730.93,1711.19,1716.2,83303.2919,2023-08-30 11:59:59.999,143175837.737903,132691,38063.0083,65413009.394933,0
2023-08-30 12:00:00,1716.2,1722.23,1694.34,1705.23,119538.1483,2023-08-30 23:59:59.999,204115297.547617,175700,59399.2645,101424715.288224,0
2023-08-31 00:00:00,1705.23,1729.0,1697.29,1713.7,70863.5194,2023-08-31 11:59:59.999,121129332.40227,120032,34440.3355,58865402.997882,0
2023-08-31 12:00:00,1713.69,1714.08,1630.0,1645.76,259654.7474,2023-08-31 23:59:59.999,433089979.692041,276742,124336.6066,207355836.023156,0
2023-09-01 00:00:00,1645.77,1654.53,1641.15,1646.89,66582.589,2023-09-01 11:59:59.999,109749368.502547,110174,35566.2272,58634102.551434,0
2023-09-01 12:00:00,1646.88,1652.3,1602.33,1629.12,235823.5796,2023-09-01 23:59:59.999,383707776.436302,258566,117325.6383,190856624.354635,0
2023-09-02 00:00:00,1629.13,1636.95,1628.03,1634.66,50007.2157,2023-09-02 11:59:59.999,81618029.648178,98700,25035.5546,40860241.913909,0
2023-09-02 12:00:00,1634.67,1645.0,1628.21,1637.03,52138.7319,2023-09-02 23:59:59.999,85319211.285794,109509,25810.3012,42238461.855274,0
2023-09-03 00:00:00,1637.02,1639.2,1631.06,1634.39,33805.2164,2023-09-03 11:59:59.999,55257808.69256,87289,15849.8958,25910430.784873,0
2023-09-03 12:00:00,1634.38,1647.5,1625.14,1635.84,82962.0698,2023-09-03 23:59:59.999,135721838.660751,129050,43147.7114,70591445.359395,0
2023-09-04 00:00:00,1635.84,1644.82,1631.14,1632.15,63757.8692,2023-09-04 11:59:59.999,104376246.469559,112076,29313.3232,47990038.848255,0
2023-09-04 12:00:00,1632.15,1635.91,1616.32,1630.51,104253.0364,2023-09-04 23:59:59.999,169672868.948363,163305,50077.1174,81511137.399644,0
2023-09-05 00:00:00,1630.52,1638.74,1609.69,1635.55,105370.7039,2023-09-05 11:59:59.999,171108301.615103,140277,46217.026,75097446.198535,0
2023-09-05 12:00:00,1635.56,1648.02,1625.96,1634.45,98994.7868,2023-09-05 23:59:59.999,161902332.348852,158768,46103.4008,75401199.893429,0
2023-09-06 00:00:00,1634.46,1640.31,1627.92,1632.71,59064.3773,2023-09-06 11:59:59.999,96436343.763919,100284,26034.6017,42517349.639136,0
2023-09-06 12:00:00,1632.71,1670.0,1609.2,1633.15,160476.642,2023-09-06 23:59:59.999,261982777.7104,230943,80316.8677,131154142.714025,0
2023-09-07 00:00:00,1633.15,1642.47,1626.1,1627.32,86836.4768,2023-09-07 11:59:59.999,142007405.438517,122548,40520.8273,66285494.976603,0
2023-09-07 12:00:00,1627.32,1660.0,1623.4,1648.11,141721.8014,2023-09-07 23:59:59.999,232535548.756215,196969,68158.3882,111824434.814831,0
2023-09-08 00:00:00,1648.11,1658.93,1616.21,1626.02,149122.3452,2023-09-08 11:59:59.999,244763426.410579,199311,71700.0363,117723485.217999,0
2023-09-08 12:00:00,1626.02,1639.0,1624.44,1636.44,72447.7006,2023-09-08 23:59:59.999,118175396.375039,113655,38215.159,62338144.762894,0
2023-09-09 00:00:00,1636.43,1636.98,1631.97,1635.24,25877.2023,2023-09-09 11:59:59.999,42296106.705649,76695,12141.7094,19846498.775304,0
2023-09-09 12:00:00,1635.25,1637.52,1629.74,1635.54,32642.4206,2023-09-09 23:59:59.999,53331516.711907,79610,14632.9953,23910424.63586,0
2023-09-10 00:00:00,1635.53,1635.7,1618.23,1624.43,58840.9301,2023-09-10 11:59:59.999,95636420.36461,113072,26506.2519,43076781.378712,0
2023-09-10 12:00:00,1624.44,1628.35,1600.0,1617.42,149116.9127,2023-09-10 23:59:59.999,240881484.078962,179509,73533.2119,118810659.577363,0
2023-09-11 00:00:00,1617.42,1619.0,1575.53,1586.53,144351.0346,2023-09-11 11:59:59.999,230791780.979751,185963,67806.566,108393602.640049,0
2023-09-11 12:00:00,1586.54,1598.34,1531.01,1551.85,273073.7843,2023-09-11 23:59:59.999,426345360.362569,284093,134259.707,209657809.025516,0
2023-09-12 00:00:00,1551.84,1626.0,1549.67,1609.48,193719.9659,2023-09-12 11:59:59.999,307534951.714973,234275,100975.797,160208272.789566,0
2023-09-12 12:00:00,1609.48,1622.0,1584.57,1592.97,136020.0026,2023-09-12 23:59:59.999,217857068.029419,209993,62885.9254,100730126.201118,0
2023-09-13 00:00:00,1592.97,1607.05,1581.88,1604.59,112326.6684,2023-09-13 11:59:59.999,179086993.463611,161118,55848.8861,89042116.633268,0
2023-09-13 12:00:00,1604.58,1619.3,1592.2,1607.62,111082.6205,2023-09-13 23:59:59.999,178217198.21029,188209,52031.4851,83480748.099963,0
2023-09-14 00:00:00,1607.61,1638.0,1607.05,1624.79,127475.9675,2023-09-14 11:59:59.999,206870996.585102,196462,61150.6722,99233677.780351,0
2023-09-14 12:00:00,1624.78,1644.29,1617.07,1626.47,147825.183,2023-09-14 23:59:59.999,241042526.166448,218490,77484.2398,126355586.712712,0
2023-09-15 00:00:00,1626.48,1635.88,1617.75,1620.66,68703.7856,2023-09-15 11:59:59.999,111936255.141197,133250,31497.317,51327095.40985,0
2023-09-15 12:00:00,1620.67,1654.08,1611.42,1641.29,112636.2384,2023-09-15 23:59:59.999,183680337.966668,180526,56590.4436,92313968.221658,0
2023-09-16 00:00:00,1641.3,1653.17,1631.31,1635.75,64048.6405,2023-09-16 11:59:59.999,105070353.301496,144168,27435.6879,45016749.426325,0
2023-09-16 12:00:00,1635.74,1639.42,1631.41,1634.4,35506.8266,2023-09-16 23:59:59.999,58074142.389583,101545,16386.2502,26802324.060236,0
2023-09-17 00:00:00,1634.4,1635.0,1619.54,1629.3,54309.6905,2023-09-17 11:59:59.999,88445169.821755,127171,23948.1428,38997420.769851,0
2023-09-17 12:00:00,1629.3,1632.13,1612.0,1622.48,65917.7212,2023-09-17 23:59:59.999,107019636.069248,137542,29556.4995,47963280.795583,0
2023-09-18 00:00:00,1622.48,1658.52,1603.88,1655.88,144240.0403,2023-09-18 11:59:59.999,235629048.585979,239621,73102.0959,119431691.538006,0
2023-09-18 12:00:00,1655.88,1669.5,1632.97,1636.66,134801.6575,2023-09-18 23:59:59.999,222606331.660707,213789,65410.7459,108043686.385697,0
2023-09-19 00:00:00,1636.66,1661.04,1626.32,1647.8,86757.033,2023-09-19 11:59:59.999,142383148.845222,170055,42628.9986,69967106.967273,0
2023-09-19 12:00:00,1647.8,1659.52,1634.44,1643.12,97525.3928,2023-09-19 23:59:59.999,160527847.746606,180494,44988.8903,74053271.51376,0
2023-09-20 00:00:00,1643.13,1649.34,1618.48,1629.69,107050.1292,2023-09-20 11:59:59.999,174884291.450235,172014,48953.4112,79982490.301916,0
2023-09-20 12:00:00,1629.7,1640.79,1604.51,1622.26,125794.1055,2023-09-20 23:59:59.999,204371663.50147,210567,61115.1513,99283892.567535,0
2023-09-21 00:00:00,1622.27,1625.3,1588.72,1594.95,121522.2052,2023-09-21 11:59:59.999,195770732.035239,193021,53768.5984,86594313.809645,0
2023-09-21 12:00:00,1594.95,1597.1,1567.77,1583.94,119105.3388,2023-09-21 23:59:59.999,188732752.620602,175142,59708.9285,94615557.049264,0
2023-09-22 00:00:00,1583.94,1602.68,1576.58,1596.94,64032.1533,2023-09-22 11:59:59.999,101975316.595567,134695,30623.1918,48777742.66717,0
2023-09-22 12:00:00,1596.94,1600.58,1586.83,1593.08,60853.9377,2023-09-22 23:59:59.999,97012153.460321,132703,29307.8464,46723354.766445,0
2023-09-23 00:00:00,1593.07,1598.24,1589.91,1593.3,31700.0809,2023-09-23 11:59:59.999,50528530.666603,109749,14562.7573,23211656.437694,0
2023-09-23 12:00:00,1593.3,1595.46,1587.45,1593.86,32837.0532,2023-09-23 23:59:59.999,52278375.416828,108201,15334.7493,24413306.491574,0
2023-09-24 00:00:00,1593.85,1596.27,1590.9,1593.9,29619.4418,2023-09-24 11:59:59.999,47188044.094687,101238,15461.8717,24632834.800081,0
2023-09-24 12:00:00,1593.91,1601.12,1570.01,1580.71,107898.4115,2023-09-24 23:59:59.999,171361171.879322,206139,54105.6571,85927991.010192,0
2023-09-25 00:00:00,1580.71,1588.2,1563.01,1569.01,89778.2523,2023-09-25 11:59:59.999,141501353.645842,213299,43456.4866,68502422.132633,0
2023-09-25 12:00:00,1569.0,1597.5,1564.35,1588.33,86928.6754,2023-09-25 23:59:59.999,137793133.076819,191743,42786.1889,67823774.250349,0
2023-09-26 00:00:00,1588.34,1599.78,1585.8,1591.47,56501.997,2023-09-26 11:59:59.999,89878444.779729,149424,27196.6032,43264473.568158,0
2023-09-26 12:00:00,1591.46,1595.67,1580.05,1594.01,69081.0191,2023-09-26 23:59:59.999,109672652.509819,167885,32927.025,52281321.666939,0
2023-09-27 00:00:00,1594.02,1634.1,1589.65,1629.64,132632.2629,2023-09-27 11:59:59.999,213318368.936253,227278,65649.9137,105634369.388167,0
2023-09-27 12:00:00,1629.63,1631.5,1583.5,1598.64,141772.1699,2023-09-27 23:59:59.999,227565188.023801,251211,64659.811,103754781.855609,0
2023-09-28 00:00:00,1598.63,1637.76,1598.14,1623.7,140513.0061,2023-09-28 11:59:59.999,227074425.168903,237861,68501.5928,110687010.322289,0
2023-09-28 12:00:00,1623.71,1668.21,1621.31,1652.99,190896.6954,2023-09-28 23:59:59.999,314799305.127795,329964,92815.4291,153029279.15484,0
2023-09-29 00:00:00,1653.0,1688.0,1648.37,1668.79,141784.0597,2023-09-29 11:59:59.999,236432535.209364,247466,66249.035,110494738.541185,0
2023-09-29 12:00:00,1668.78,1684.29,1655.0,1667.45,110191.6131,2023-09-29 23:59:59.999,183903126.887264,247149,53075.5228,88592114.127544,0
2023-09-30 00:00:00,1667.45,1679.24,1666.19,1675.96,47509.9322,2023-09-30 11:59:59.999,79466748.692279,142792,27557.9679,46098770.332771,0
2023-09-30 12:00:00,1675.95,1694.32,1666.33,1670.89,89414.9819,2023-09-30 23:59:59.999,150163590.843158,199523,47190.084,79248994.180102,0
2023-10-01 00:00:00,1670.89,1692.08,1670.42,1688.84,56086.3961,2023-10-01 11:59:59.999,94257745.072594,167936,28967.835,48686691.05705,0
2023-10-01 12:00:00,1688.84,1751.0,1668.0,1733.79,169525.1907,2023-10-01 23:59:59.999,289536101.110894,327259,85028.3309,145313901.029638,0
2023-10-02 00:00:00,1733.8,1744.0,1712.27,1725.07,141369.7945,2023-10-02 11:59:59.999,244291839.103903,303058,71400.1695,123389020.799167,0
2023-10-02 12:00:00,1725.07,1734.04,1636.79,1662.4,237205.8953,2023-10-02 23:59:59.999,399388760.9887,470932,109699.0507,184668385.122191,0
2023-10-03 00:00:00,1662.41,1670.65,1650.15,1656.33,85539.1473,2023-10-03 11:59:59.999,142221326.476858,236254,39686.546,65988043.524903,0
2023-10-03 12:00:00,1656.34,1663.24,1643.0,1656.88,112747.9691,2023-10-03 23:59:59.999,186385431.921759,293762,54056.0694,89369256.796844,0
2023-10-04 00:00:00,1656.88,1657.66,1625.0,1646.6,106639.5554,2023-10-04 11:59:59.999,175052047.788442,260873,48268.3616,79232730.246735,0
2023-10-04 12:00:00,1646.6,1654.81,1627.39,1646.58,116222.1613,2023-10-04 23:59:59.999,190867645.291548,292396,57142.2152,93853881.001331,0
2023-10-05 00:00:00,1646.58,1655.47,1631.88,1636.66,67134.2623,2023-10-05 11:59:59.999,110242466.953116,198224,29238.6552,48023811.813491,0
2023-10-05 12:00:00,1636.67,1649.53,1606.73,1611.79,170244.4826,2023-10-05 23:59:59.999,276527854.819236,347621,81583.4907,132502739.21698,0
2023-10-06 00:00:00,1611.79,1639.5,1611.79,1634.69,72030.372,2023-10-06 11:59:59.999,117215504.283949,188504,37253.2598,60618542.868039,0
2023-10-06 12:00:00,1634.7,1662.0,1611.68,1645.03,148477.5566,2023-10-06 23:59:59.999,243350219.294895,350984,72369.7408,118617177.801629,0
2023-10-07 00:00:00,1645.03,1647.71,1636.12,1638.67,51425.6919,2023-10-07 11:59:59.999,84391664.263738,153075,24603.5217,40369803.991733,0
2023-10-07 12:00:00,1638.68,1643.0,1630.03,1633.57,49815.8813,2023-10-07 23:59:59.999,81515886.545275,135620,22399.4595,36658710.737812,0
2023-10-08 00:00:00,1633.56,1641.4,1616.17,1617.84,75063.9059,2023-10-08 11:59:59.999,122244712.253506,177300,34099.1798,55523122.777593,0
2023-10-08 12:00:00,1617.85,1638.95,1617.19,1632.84,74360.7576,2023-10-08 23:59:59.999,121271492.135211,195336,38739.4359,63175176.145174,0
2023-10-09 00:00:00,1632.85,1636.0,1583.32,1590.65,139981.9807,2023-10-09 11:59:59.999,225307896.955791,288518,63126.4154,101575107.439012,0
2023-10-09 12:00:00,1590.65,1597.66,1546.0,1580.13,200159.1181,2023-10-09 23:59:59.999,315280940.503798,357722,104124.5685,164034272.579283,0
2023-10-10 00:00:00,1580.13,1594.9,1576.03,1579.58,85021.0064,2023-10-10 11:59:59.999,134852368.512335,275106,43759.0319,69419990.367906,0
2023-10-10 12:00:00,1579.58,1588.46,1550.55,1567.63,155638.3223,2023-10-10 23:59:59.999,244115206.827748,338554,78755.9484,123545591.421349,0
2023-10-11 00:00:00,1567.62,1578.43,1544.26,1572.8,123075.25,2023-10-11 11:59:59.999,192351997.369244,269551,62522.3175,97716421.888082,0
2023-10-11 12:00:00,1572.8,1576.64,1548.92,1566.87,137178.7171,2023-10-11 23:59:59.999,214315651.774778,335770,72263.1689,112902382.635318,0
2023-10-12 00:00:00,1566.86,1568.56,1534.55,1552.06,102044.8703,2023-10-12 11:59:59.999,158564629.751892,241252,47969.3712,74526849.400097,0
2023-10-12 12:00:00,1552.06,1553.96,1521.0,1539.61,135176.6274,2023-10-12 23:59:59.999,207771117.261775,269708,62894.5538,96668671.517741,0
2023-10-13 00:00:00,1539.61,1554.79,1538.12,1546.52,72831.905,2023-10-13 11:59:59.999,112524157.175224,262836,35284.7991,54519546.037988,0
2023-10-13 12:00:00,1546.52,1575.36,1537.76,1552.16,119373.9686,2023-10-13 23:59:59.999,185405192.011701,257287,57154.405,88772034.607851,0
2023-10-14 00:00:00,1552.16,1556.48,1544.55,1547.12,58437.1791,2023-10-14 11:59:59.999,90574595.237295,150466,20848.8689,32327857.240657,0
2023-10-14 12:00:00,1547.12,1561.72,1546.19,1554.94,41877.4963,2023-10-14 23:59:59.999,65073417.670549,131095,20777.8878,32289187.785396,0
2023-10-15 00:00:00,1554.94,1560.17,1549.6,1555.55,34813.8623,2023-10-15 11:59:59.999,54131485.778322,121584,15132.5177,23532392.229921,0
2023-10-15 12:00:00,1555.55,1567.62,1547.44,1557.77,85497.4115,2023-10-15 23:59:59.999,133134746.284064,195367,42656.9547,66424938.504432,0
2023-10-16 00:00:00,1557.78,1588.97,1555.06,1582.72,129631.1518,2023-10-16 11:59:59.999,204501567.852382,235859,64870.8234,102319715.349827,0
2023-10-16 12:00:00,1582.71,1639.43,1566.0,1599.42,288879.7126,2023-10-16 23:59:59.999,460623388.401258,493710,150896.2622,240609356.096155,0
2023-10-17 00:00:00,1599.41,1600.53,1582.66,1584.42,78253.5549,2023-10-17 11:59:59.999,124385639.786249,192276,35309.6997,56123409.580868,0
2023-10-17 12:00:00,1584.41,1586.01,1551.08,1565.01,156563.515,2023-10-17 23:59:59.999,245646568.370505,282937,71054.7629,111473240.883346,0
2023-10-18 00:00:00,1565.01,1585.42,1562.4,1578.76,88820.7599,2023-10-18 11:59:59.999,139776224.701254,229815,44741.77,70412839.188691,0
2023-10-18 12:00:00,1578.77,1581.76,1555.88,1563.44,88929.4654,2023-10-18 23:59:59.999,139581724.753326,210762,43197.2643,67806768.773467,0
2023-10-19 00:00:00,1563.45,1567.12,1541.61,1553.86,105600.1198,2023-10-19 11:59:59.999,163780947.205618,206145,48807.1597,75693991.510793,0
2023-10-19 12:00:00,1553.86,1574.45,1551.0,1566.57,110617.5477,2023-10-19 23:59:59.999,172903298.838878,263453,53000.1054,82840919.265703,0
2023-10-20 00:00:00,1566.57,1630.4,1561.19,1613.15,200028.49,2023-10-20 11:59:59.999,319778493.847344,392549,102168.7041,163324111.716774,0
2023-10-20 12:00:00,1613.15,1616.49,1597.15,1603.89,115967.302,2023-10-20 23:59:59.999,186286689.13497,259189,56786.0206,91225145.454162,0
2023-10-21 00:00:00,1603.88,1609.85,1592.36,1608.68,54717.873,2023-10-21 11:59:59.999,87667306.449886,177921,26897.5232,43095304.147092,0
2023-10-21 12:00:00,1608.68,1644.53,1602.5,1628.94,121701.5362,2023-10-21 23:59:59.999,197879288.112244,285112,62522.3861,101659380.534565,0
2023-10-22 00:00:00,1628.94,1648.0,1623.26,1628.56,110837.1454,2023-10-22 11:59:59.999,181095096.303092,301494,53727.9935,87791695.423809,0
2023-10-22 12:00:00,1628.57,1667.8,1621.1,1663.7,117813.7771,2023-10-22 23:59:59.999,193746399.001299,279349,54907.9926,90292815.243139,0
2023-10-23 00:00:00,1663.69,1705.79,1657.07,1676.78,233870.7357,2023-10-23 11:59:59.999,393560055.902686,464822,115812.3896,194926525.240644,0
2023-10-23 12:00:00,1676.77,1800.0,1663.44,1765.46,377061.2306,2023-10-23 23:59:59.999,650561512.196368,703012,186797.1439,322270959.946209,0
2023-10-24 00:00:00,1765.47,1850.0,1757.64,1845.68,386851.1661,2023-10-24 11:59:59.999,700470157.6630529,755953,195512.8617,354137815.748759,0
2023-10-24 12:00:00,1845.69,1854.38,1756.21,1784.98,287203.9714,2023-10-24 23:59:59.999,516397666.236172,552579,140447.8996,252533767.590358,0
2023-10-25 00:00:00,1784.98,1807.01,1760.0,1785.57,164313.1304,2023-10-25 11:59:59.999,293197917.407706,349875,82885.041,147926229.352701,0
2023-10-25 12:00:00,1785.58,1817.69,1776.04,1787.15,190097.699,2023-10-25 23:59:59.999,341091598.158073,424902,94771.2617,170094531.387702,0
2023-10-26 00:00:00,1787.15,1865.54,1779.42,1812.32,258046.9438,2023-10-26 11:59:59.999,471403063.410796,514844,130089.7179,237552025.812897,0
2023-10-26 12:00:00,1812.32,1825.06,1762.21,1803.38,173122.1015,2023-10-26 23:59:59.999,310078841.548901,386175,86077.0677,154141347.40627,0
2023-10-27 00:00:00,1803.39,1803.91,1772.83,1781.33,99547.7139,2023-10-27 11:59:59.999,177901670.201505,256962,49737.9223,88888729.910423,0
2023-10-27 12:00:00,1781.34,1796.84,1744.66,1779.4,174984.9782,2023-10-27 23:59:59.999,310497225.016032,337630,87525.5459,155361219.607653,0
2023-10-28 00:00:00,1779.41,1803.23,1778.87,1787.86,69431.1811,2023-10-28 11:59:59.999,124238566.698881,180900,34318.1831,61402655.608795,0
2023-10-28 12:00:00,1787.87,1791.71,1770.0,1776.2,53488.5571,2023-10-28 23:59:59.999,95350030.942169,152811,25272.2712,45057899.850564,0
2023-10-29 00:00:00,1776.21,1793.01,1762.66,1788.66,55171.505,2023-10-29 11:59:59.999,98244068.637302,159869,28264.631,50338277.255328,0
2023-10-29 12:00:00,1788.65,1811.3,1786.01,1795.14,88939.1458,2023-10-29 23:59:59.999,159771344.294252,211155,40018.3469,71902106.472897,0
2023-10-30 00:00:00,1795.14,1827.45,1777.77,1814.92,155770.312,2023-10-30 11:59:59.999,280866104.127847,272737,77552.8254,139931856.812254,0
2023-10-30 12:00:00,1814.93,1829.84,1777.77,1809.04,121915.88,2023-10-30 23:59:59.999,220361925.189758,287622,57342.8226,103644462.997067,0
2023-10-31 00:00:00,1809.03,1819.41,1780.99,1809.41,126160.1695,2023-10-31 11:59:59.999,227209999.064653,268445,56816.4777,102319599.713742,0
2023-10-31 12:00:00,1809.42,1817.67,1781.36,1814.67,131914.4101,2023-10-31 23:59:59.999,237485559.930601,309443,63296.4377,113964676.174174,0
2023-11-01 00:00:00,1814.67,1829.0,1792.46,1799.79,117008.1466,2023-11-01 11:59:59.999,211575920.115511,257968,52628.016,95212766.222925,0
2023-11-01 12:00:00,1799.79,1857.66,1783.19,1846.99,354913.4718,2023-11-01 23:59:59.999,647168735.195997,604448,182304.8834,332617611.396306,0
2023-11-02 00:00:00,1846.99,1875.0,1820.53,1835.97,196368.3315,2023-11-02 11:59:59.999,362543107.701142,389482,100465.0207,185545388.40992,0
2023-11-02 12:00:00,1835.97,1842.45,1785.01,1800.8,172369.8878,2023-11-02 23:59:59.999,311979046.064447,400628,85158.8283,154150998.905651,0
2023-11-03 00:00:00,1800.79,1804.46,1777.11,1789.65,137081.1043,2023-11-03 11:59:59.999,245635364.835751,349458,64122.0005,114925334.101132,0
2023-11-03 12:00:00,1789.65,1834.58,1784.78,1832.71,177919.1635,2023-11-03 23:59:59.999,322609112.681952,364134,84548.1441,153288648.207645,0
2023-11-04 00:00:00,1832.7,1847.58,1824.03,1837.49,95782.3568,2023-11-04 11:59:59.999,175804159.539047,248708,51361.6522,94285472.684912,0
2023-11-04 12:00:00,1837.49,1869.9,1828.06,1855.54,75755.6796,2023-11-04 23:59:59.999,139756323.163469,215086,39603.2306,73097454.023325,0
2023-11-05 00:00:00,1855.54,1896.55,1846.11,1887.88,171403.6719,2023-11-05 11:59:59.999,321911078.168705,344746,91227.4243,171335750.717746,0
2023-11-05 12:00:00,1887.88,1912.67,1855.45,1891.71,211703.0909,2023-11-05 23:59:59.999,399597330.77528703,435926,103532.7605,195489302.408759,0
2023-11-06 00:00:00,1891.71,1899.98,1868.48,1898.71,133315.5834,2023-11-06 11:59:59.999,251170507.190514,302581,64375.3043,121310413.00042,0
2023-11-06 12:00:00,1898.72,1914.23,1881.72,1900.95,195430.656,2023-11-06 23:59:59.999,371028429.966178,414712,99172.1533,188272978.106541,0
2023-11-07 00:00:00,1900.95,1903.84,1867.01,1873.39,143643.1655,2023-11-07 11:59:59.999,270796723.100876,351646,64847.3931,122265715.358994,0
2023-11-07 12:00:00,1873.4,1906.99,1850.32,1885.27,188776.2751,2023-11-07 23:59:59.999,354769594.326169,409275,92202.7063,173333378.913124,0
2023-11-08 00:00:00,1885.26,1893.0,1872.51,1880.89,91172.8925,2023-11-08 11:59:59.999,171615325.88531,207544,47088.4781,88644719.717047,0
2023-11-08 12:00:00,1880.88,1904.69,1880.0,1888.12,156708.2072,2023-11-08 23:59:59.999,296529250.856144,307292,78583.1416,148701709.887809,0
2023-11-09 00:00:00,1888.11,1929.27,1882.07,1913.09,241874.365,2023-11-09 11:59:59.999,462920803.673848,409602,131454.5442,251612414.448841,0
2023-11-09 12:00:00,1913.09,2132.0,1907.15,2121.32,858455.9587,2023-11-09 23:59:59.999,1737563575.256002,1247777,444729.8674,899713740.246536,0
2023-11-10 00:00:00,2121.33,2136.99,2082.27,2097.07,337620.4588,2023-11-10 11:59:59.999,712271517.483341,508715,166523.6035,351345625.850314,0
2023-11-10 12:00:00,2097.07,2103.57,2064.61,2077.72,217953.1907,2023-11-10 23:59:59.999,454949003.34492,371931,104273.215,217686643.619815,0
2023-11-11 00:00:00,2077.72,2084.95,2030.3,2057.51,191418.5778,2023-11-11 11:59:59.999,393009986.483229,342807,91180.5604,187227352.080015,0
2023-11-11 12:00:00,2057.51,2089.6,2032.37,2053.17,179547.4594,2023-11-11 23:59:59.999,370786750.926146,332715,85894.6183,177425298.602349,0
2023-11-12 00:00:00,2053.16,2060.0,2012.1,2047.52,142179.2259,2023-11-12 11:59:59.999,290657800.22508,288168,71129.7404,145422132.782129,0
2023-11-12 12:00:00,2047.52,2066.5,2030.0,2044.68,139728.3331,2023-11-12 23:59:59.999,286495659.29063,268063,71190.9668,146007993.683555,0
2023-11-13 00:00:00,2044.69,2074.4,2028.49,2046.73,210029.5119,2023-11-13 11:59:59.999,430865600.972558,366570,103936.4117,213250951.599759,0
2023-11-13 12:00:00,2046.73,2118.0,2039.16,2053.65,319114.0696,2023-11-13 23:59:59.999,662996853.348816,658679,158027.3242,328371341.489962,0
2023-11-14 00:00:00,2053.65,2064.96,2026.41,2031.84,147289.1457,2023-11-14 11:59:59.999,301708493.895775,321767,69880.2648,143207771.070185,0
2023-11-14 12:00:00,2031.85,2055.9,1936.6,1979.39,334620.5873,2023-11-14 23:59:59.999,670323934.430798,562720,157817.1338,316298087.089971,0
2023-11-15 00:00:00,1979.4,2014.46,1967.01,2013.15,184662.2764,2023-11-15 11:59:59.999,366484578.16825104,269551,96478.6719,191499480.074259,0
2023-11-15 12:00:00,2013.16,2062.4,2001.83,2058.48,237208.5268,2023-11-15 23:59:59.999,481461421.49574894,462194,117792.1336,239150312.068873,0
2023-11-16 00:00:00,2058.49,2090.4,2036.07,2068.61,198639.1854,2023-11-16 11:59:59.999,409182348.902174,381228,98490.2002,203002535.136351,0
2023-11-16 12:00:00,2068.61,2069.2,1939.1,1961.77,346646.9443,2023-11-16 23:59:59.999,691992198.406435,610445,159759.0404,318813346.777658,0
2023-11-17 00:00:00,1961.77,1991.5,1954.64,1965.68,158183.4685,2023-11-17 11:59:59.999,312503957.498804,325021,73597.8498,145407129.267015,0
2023-11-17 12:00:00,1965.69,1970.86,1904.0,1960.82,242917.0384,2023-11-17 23:59:59.999,471057900.51308495,463050,116486.4543,225905418.688397,0
2023-11-18 00:00:00,1960.82,1961.39,1916.0,1934.92,143576.4771,2023-11-18 11:59:59.999,278449331.175957,278861,56158.0958,108918562.880973,0
2023-11-18 12:00:00,1934.93,1971.22,1930.67,1962.6,135791.7437,2023-11-18 23:59:59.999,265475064.557071,256633,69636.8936,136101867.116037,0
2023-11-19 00:00:00,1962.59,1966.72,1942.89,1952.03,106781.2597,2023-11-19 11:59:59.999,208724233.053992,213442,50701.9435,99146027.825582,0
2023-11-19 12:00:00,1952.03,2015.75,1945.21,2011.47,144351.3595,2023-11-19 23:59:59.999,285876401.837154,293189,75442.4982,149498840.632381,0
2023-11-20 00:00:00,2011.47,2042.15,1993.55,2024.41,168752.7251,2023-11-20 11:59:59.999,340136498.607518,300904,81611.6262,164502259.247874,0
2023-11-20 12:00:00,2024.41,2066.4,1990.0,2021.4,252964.9539,2023-11-20 23:59:59.999,513866258.843654,450717,121146.9633,246186583.231949,0
2023-11-21 00:00:00,2021.41,2034.6,2001.71,2004.01,124436.4664,2023-11-21 11:59:59.999,250723095.390142,242433,57614.6424,116108759.161616,0
2023-11-21 12:00:00,2004.0,2020.63,1931.43,1933.01,365727.5199,2023-11-21 23:59:59.999,723581047.007032,646431,170843.0221,338060870.09868,0
2023-11-22 00:00:00,1933.01,2029.4,1928.41,2015.13,193864.0579,2023-11-22 11:59:59.999,385241464.24382097,313081,96480.2621,191701151.781238,0
2023-11-22 12:00:00,2015.13,2092.46,2011.28,2063.21,272256.453,2023-11-22 23:59:59.999,558535061.4135591,483619,134149.7316,275197230.529776,0
2023-11-23 00:00:00,2063.22,2088.94,2041.5,2062.61,144831.861,2023-11-23 11:59:59.999,299078195.543493,277866,72948.9308,150662519.956045,0
2023-11-23 12:00:00,2062.6,2077.31,2040.35,2062.2,106128.8348,2023-11-23 23:59:59.999,218404117.908763,250011,52265.9861,107577961.091054,0
2023-11-24 00:00:00,2062.21,2127.29,2059.37,2097.01,206964.4663,2023-11-24 11:59:59.999,432413213.916617,316801,108192.1053,226046853.660864,0
2023-11-24 12:00:00,2097.01,2133.02,2060.0,2080.84,219968.0739,2023-11-24 23:59:59.999,461957558.60149693,355243,101493.6117,213222763.375919,0
2023-11-25 00:00:00,2080.84,2090.54,2065.3,2070.6,85788.816,2023-11-25 11:59:59.999,178601453.69377,190744,41173.2495,85737128.521541,0
2023-11-25 12:00:00,2070.59,2086.43,2067.47,2083.09,53058.577,2023-11-25 23:59:59.999,110286380.284234,160176,27836.0848,57859828.43199,0
2023-11-26 00:00:00,2083.1,2094.99,2067.38,2084.66,74607.8027,2023-11-26 11:59:59.999,155418709.569271,180386,37719.3617,78582295.444417,0
2023-11-26 12:00:00,2084.65,2090.0,2036.42,2062.33,166655.1109,2023-11-26 23:59:59.999,343895551.264644,330536,81054.7892,167243921.858339,0
2023-11-27 00:00:00,2062.34,2071.24,2016.84,2024.99,149465.6572,2023-11-27 11:59:59.999,305243451.862154,287807,73350.1919,149808386.049344,0
2023-11-27 12:00:00,2024.99,2029.99,1985.78,2027.5,176607.5726,2023-11-27 23:59:59.999,355429850.877906,334715,86142.0472,173399380.187119,0
2023-11-28 00:00:00,2027.5,2040.39,1995.15,2028.07,107797.7299,2023-11-28 11:59:59.999,217481777.933156,249318,55924.2932,112846652.166946,0
2023-11-28 12:00:00,2028.07,2075.0,2019.37,2048.14,175978.198,2023-11-28 23:59:59.999,360922636.025312,357040,90709.272,186012188.495681,0
2023-11-29 00:00:00,2048.14,2075.7,2038.79,2052.95,125055.2893,2023-11-29 11:59:59.999,257075999.136186,238329,61711.4335,126861201.05298,0
2023-11-29 12:00:00,2052.95,2061.8,2019.31,2028.81,129788.4426,2023-11-29 23:59:59.999,264149854.196064,265285,64272.6106,130798815.044315,0
2023-11-30 00:00:00,2028.8,2046.82,2020.85,2045.48,119767.1898,2023-11-30 11:59:59.999,243673884.300636,219094,60749.3152,123617787.104721,0
2023-11-30 12:00:00,2045.47,2054.75,2025.02,2051.96,123912.9023,2023-11-30 23:59:59.999,252686504.365749,239133,62608.6723,127683717.529282,0
2023-12-01 00:00:00,2051.95,2110.87,2045.04,2093.01,229903.436,2023-12-01 11:59:59.999,480379135.677414,339123,123907.8114,258850810.372458,0
2023-12-01 12:00:00,2093.02,2110.0,2071.0,2087.24,142742.15,2023-12-01 23:59:59.999,298291805.356346,259523,69672.291,145612392.156216,0
2023-12-02 00:00:00,2087.24,2107.0,2086.25,2099.15,66014.1611,2023-12-02 11:59:59.999,138471952.671932,169663,35085.3895,73589315.842545,0
2023-12-02 12:00:00,2099.15,2186.6,2093.39,2164.74,254965.8157,2023-12-02 23:59:59.999,545962446.012313,448738,142422.517,304973353.445889,0
2023-12-03 00:00:00,2164.75,2177.41,2152.92,2159.31,94004.0157,2023-12-03 11:59:59.999,203342984.376533,219786,49701.4362,107517967.502199,0
2023-12-03 12:00:00,2159.3,2217.27,2149.0,2192.95,163875.0979,2023-12-03 23:59:59.999,357000835.651976,337162,85504.8717,186361716.88436,0
2023-12-04 00:00:00,2192.96,2274.28,2191.0,2237.52,356587.9507,2023-12-04 11:59:59.999,797733634.419731,581687,175965.83,393516366.884254,0
2023-12-04 12:00:00,2237.53,2255.86,2201.77,2243.37,208719.7627,2023-12-04 23:59:59.999,465336199.78888094,398430,107124.9167,238894572.774036,0
2023-12-05 00:00:00,2243.36,2253.52,2188.33,2204.86,171639.54,2023-12-05 11:59:59.999,380561325.143446,349981,83726.057,185687670.641457,0
2023-12-05 12:00:00,2204.86,2309.72,2199.58,2293.33,358190.1814,2023-12-05 23:59:59.999,810036394.049781,668576,188376.4592,425902040.105653,0
2023-12-06 00:00:00,2293.33,2312.23,2233.72,2253.15,222190.9847,2023-12-06 11:59:59.999,505809585.44370896,450093,106962.561,243592743.274667,0
2023-12-06 12:00:00,2253.15,2284.6,2220.0,2232.7,186147.9209,2023-12-06 23:59:59.999,420116582.66563296,392119,94624.0828,213588968.567152,0
2023-12-07 00:00:00,2232.7,2269.42,2222.0,2236.05,157531.8527,2023-12-07 11:59:59.999,353955308.655592,319776,82759.9081,186011157.643276,0
2023-12-07 12:00:00,2236.04,2382.8,2232.05,2355.73,327658.2082,2023-12-07 23:59:59.999,761434213.867461,602141,170632.5949,396266526.394637,0
2023-12-08 00:00:00,2355.74,2392.0,2345.17,2365.84,183438.3177,2023-12-08 11:59:59.999,433915043.110302,336636,91583.1908,216690311.838905,0
2023-12-08 12:00:00,2365.85,2376.8,2336.34,2358.72,195131.4949,2023-12-08 23:59:59.999,459926877.727018,376795,96851.2202,228255028.539922,0
2023-12-09 00:00:00,2358.71,2403.0,2348.12,2356.35,157554.0744,2023-12-09 11:59:59.999,373088701.717048,341936,79973.9699,189431558.126555,0
2023-12-09 12:00:00,2356.35,2369.01,2328.01,2340.49,130216.992,2023-12-09 23:59:59.999,306348757.214206,306877,63155.4563,148627710.733397,0
2023-12-10 00:00:00,2340.48,2358.86,2320.0,2337.65,90382.1784,2023-12-10 11:59:59.999,211723723.218447,226610,44296.4809,103819936.512038,0
2023-12-10 12:00:00,2337.65,2377.47,2337.45,2352.39,109655.0318,2023-12-10 23:59:59.999,258137240.728706,237845,54549.7594,128411484.937667,0
2023-12-11 00:00:00,2352.39,2355.0,2161.0,2249.68,327302.8755,2023-12-11 11:59:59.999,736257089.6289581,604309,156116.2507,351072442.770324,0
2023-12-11 12:00:00,2249.68,2252.16,2156.62,2225.12,313112.0411,2023-12-11 23:59:59.999,690653875.337262,549007,154260.4676,340295328.54726,0
2023-12-12 00:00:00,2225.11,2244.12,2207.08,2208.39,152380.7878,2023-12-12 11:59:59.999,339690479.705349,353241,74255.0598,165551996.879149,0
2023-12-12 12:00:00,2208.39,2233.26,2166.0,2203.46,209208.1209,2023-12-12 23:59:59.999,459324647.70962495,450821,100224.0974,220074463.86256,0
2023-12-13 00:00:00,2203.47,2206.89,2144.32,2171.64,200482.5911,2023-12-13 11:59:59.999,435535416.27616704,382714,95715.8794,207979658.498942,0
2023-12-13 12:00:00,2171.65,2284.02,2169.07,2260.16,218434.0243,2023-12-13 23:59:59.999,486884857.671086,514305,112420.3326,250537438.940595,0
2023-12-14 00:00:00,2260.16,2308.0,2245.97,2307.35,176089.414,2023-12-14 11:59:59.999,400246816.111786,376160,86160.5213,195899746.721755,0
2023-12-14 12:00:00,2307.35,2332.11,2228.2,2315.32,233418.6791,2023-12-14 23:59:59.999,534469241.539078,542805,113834.7385,260784269.537652,0
2023-12-15 00:00:00,2315.32,2317.81,2256.8,2272.74,175681.0309,2023-12-15 11:59:59.999,400150383.27546895,354406,85368.4653,194384869.085314,0
2023-12-15 12:00:00,2272.75,2273.46,2200.0,2220.5,157871.6019,2023-12-15 23:59:59.999,353872603.972253,359696,72633.6326,162760132.559857,0
2023-12-16 00:00:00,2220.51,2259.0,2210.0,2253.71,105876.1271,2023-12-16 11:59:59.999,237387313.894966,267432,58932.3428,132167844.489774,0
2023-12-16 12:00:00,2253.7,2263.4,2220.12,2228.96,93409.7959,2023-12-16 23:59:59.999,209592913.187869,261260,43584.8066,97823251.897304,0
2023-12-17 00:00:00,2228.96,2233.69,2200.77,2215.97,98306.4677,2023-12-17 11:59:59.999,217861491.029801,234770,48725.3234,107982912.177536,0
2023-12-17 12:00:00,2215.98,2248.68,2191.5,2196.52,127619.2998,2023-12-17 23:59:59.999,283445227.213007,296471,61471.4097,136608761.040466,0
2023-12-18 00:00:00,2196.53,2204.59,2116.6,2142.19,201892.7844,2023-12-18 11:59:59.999,436384210.483348,403888,96632.2177,208881637.985381,0
2023-12-18 12:00:00,2142.19,2224.0,2127.4,2219.43,162210.3337,2023-12-18 23:59:59.999,352716294.548363,365422,88696.1487,192896043.874255,0
2023-12-19 00:00:00,2219.44,2255.0,2211.75,2236.13,166569.3136,2023-12-19 11:59:59.999,373000130.26146895,346898,91769.9335,205546018.491656,0
2023-12-19 12:00:00,2236.13,2241.27,2135.55,2177.91,216982.0913,2023-12-19 23:59:59.999,474060709.446929,439169,107414.7434,234644455.007359,0
2023-12-20 00:00:00,2177.9,2224.26,2170.44,2211.4,140743.757,2023-12-20 11:59:59.999,310149942.904341,310648,74118.6974,163352885.570942,0
2023-12-20 12:00:00,2211.4,2266.0,2156.0,2202.17,276097.8702,2023-12-20 23:59:59.999,612644637.799061,556550,143819.0301,319134542.460868,0
2023-12-21 00:00:00,2202.17,2256.4,2182.98,2253.01,178719.9138,2023-12-21 11:59:59.999,395813004.22954094,332577,93709.9074,207593779.29914,0
2023-12-21 12:00:00,2253.0,2279.31,2201.0,2239.61,274349.8114,2023-12-21 23:59:59.999,614541335.906258,515931,137333.9809,307669409.213968,0
2023-12-22 00:00:00,2239.6,2331.0,2230.59,2313.03,366919.5753,2023-12-22 11:59:59.999,838134486.302119,660685,196042.1373,447752941.03214896,0
2023-12-22 12:00:00,2313.04,2343.15,2290.0,2324.54,224437.9127,2023-12-22 23:59:59.999,520188420.65595907,464135,108242.5907,250917273.916646,0
2023-12-23 00:00:00,2324.54,2330.65,2265.0,2286.98,137911.9146,2023-12-23 11:59:59.999,315842012.723163,315427,66909.8745,153221958.344831,0
2023-12-23 12:00:00,2286.98,2315.63,2283.21,2308.2,117715.0206,2023-12-23 23:59:59.999,270236130.518916,272802,58429.0258,134142982.635726,0
2023-12-24 00:00:00,2308.2,2326.19,2273.57,2288.91,165134.5364,2023-12-24 11:59:59.999,379780493.241523,369982,79886.8238,183782338.85801,0
2023-12-24 12:00:00,2288.92,2306.89,2245.0,2264.05,142816.5396,2023-12-24 23:59:59.999,325640495.543517,341218,69457.981,158385025.938414,0
2023-12-25 00:00:00,2264.04,2290.0,2253.1,2278.73,113387.5061,2023-12-25 11:59:59.999,257918741.133797,266195,54529.5278,124043146.864729,0
2023-12-25 12:00:00,2278.73,2304.8,2256.61,2271.35,172889.6555,2023-12-25 23:59:59.999,394239917.124554,346913,88081.1269,200838145.254886,0
2023-12-26 00:00:00,2271.36,2274.99,2218.32,2242.6,197084.3973,2023-12-26 11:59:59.999,442107947.92110896,347591,96606.7971,216722158.912189,0
2023-12-26 12:00:00,2242.6,2250.66,2178.45,2230.88,213328.7618,2023-12-26 23:59:59.999,473989879.57734096,354110,107740.9417,239424270.426268,0
2023-12-27 00:00:00,2230.88,2291.28,2211.88,2285.93,171929.8476,2023-12-27 11:59:59.999,385980022.70418894,305085,86779.9495,194874420.607902,0
2023-12-27 12:00:00,2285.92,2392.44,2275.8,2378.35,369607.5098,2023-12-27 23:59:59.999,864893696.846472,673581,188959.3325,442191586.219932,0
2023-12-28 00:00:00,2378.35,2445.8,2364.77,2401.46,303756.8494,2023-12-28 11:59:59.999,729926012.450611,638333,152291.2794,365960069.146528,0
2023-12-28 12:00:00,2401.46,2413.0,2335.0,2344.15,276703.1326,2023-12-28 23:59:59.999,655530473.83558,602761,134395.5742,318423712.772348,0
2023-12-29 00:00:00,2344.15,2378.2,2311.16,2372.1,198330.5095,2023-12-29 11:59:59.999,465535699.331566,434707,100173.529,235200071.941116,0
2023-12-29 12:00:00,2372.11,2385.41,2255.34,2299.2,251870.6974,2023-12-29 23:59:59.999,584030650.7906431,555601,120645.5889,279880457.890468,0
2023-12-30 00:00:00,2299.2,2309.79,2268.0,2288.14,99569.0284,2023-12-30 11:59:59.999,228093248.118317,264931,48713.0161,111607297.919849,0
2023-12-30 12:00:00,2288.14,2322.84,2277.0,2291.68,110970.1043,2023-12-30 23:59:59.999,255276665.360529,291001,55726.4842,128207991.336682,0
2023-12-31 00:00:00,2291.68,2315.74,2277.63,2308.6,94287.2282,2023-12-31 11:59:59.999,216627979.242571,248167,48527.0092,111501151.486576,0
2023-12-31 12:00:00,2308.59,2321.34,2258.88,2281.87,127888.6497,2023-12-31 23:59:59.999,293418709.944825,300681,61043.7977,140073260.755487,0
2024-01-01 00:00:00,2281.87,2306.6,2265.24,2304.47,91740.9561,2024-01-01 11:59:59.999,209973286.373776,236263,46572.0931,106600600.318762,0
2024-01-01 12:00:00,2304.47,2352.37,2294.84,2352.04,124961.7353,2024-01-01 23:59:59.999,290477933.23903,300407,65802.3439,152987975.081483,0
2024-01-02 00:00:00,2352.05,2431.3,2346.95,2391.24,256378.305,2024-01-02 11:59:59.999,613267829.655468,541319,127245.2897,304374408.494468,0
2024-01-02 12:00:00,2391.24,2404.68,2341.0,2355.34,201663.3592,2024-01-02 23:59:59.999,477654368.39362305,487016,96500.9525,228607869.985284,0
2024-01-03 00:00:00,2355.35,2385.45,2294.01,2307.68,201971.1769,2024-01-03 11:59:59.999,476589695.23412895,413252,100542.3481,237418446.456875,0
2024-01-03 12:00:00,2307.99,2308.6,2100.0,2209.72,596758.31,2024-01-03 23:59:59.999,1321008199.945775,937815,300685.4127,665707811.458882,0
2024-01-04 00:00:00,2209.72,2244.93,2201.91,2228.14,189379.3029,2024-01-04 11:59:59.999,421263316.306614,315017,96489.4668,214657441.86541,0
2024-01-04 12:00:00,2228.13,2294.69,2222.7,2267.11,259464.7521,2024-01-04 23:59:59.999,587809302.900159,465754,138305.1615,313248150.284113,0
2024-01-05 00:00:00,2267.11,2274.76,2212.0,2241.97,205059.3355,2024-01-05 11:59:59.999,461473457.717934,359874,107316.6775,241551606.367979,0
2024-01-05 12:00:00,2241.97,2277.21,2206.17,2268.78,200508.6651,2024-01-05 23:59:59.999,448894163.463728,399089,106298.7652,238082883.940301,0
2024-01-06 00:00:00,2268.78,2270.0,2216.4,2238.67,107879.3905,2024-01-06 11:59:59.999,241679702.802821,248565,54377.4084,121804611.984253,0
2024-01-06 12:00:00,2238.67,2254.77,2228.37,2240.78,86188.4751,2024-01-06 23:59:59.999,193187813.156336,201876,42105.0089,94384021.022503,0
2024-01-07 00:00:00,2240.77,2254.03,2230.26,2237.04,78101.1428,2024-01-07 11:59:59.999,175229572.901974,196940,40074.8122,89919159.139149,0
2024-01-07 12:00:00,2237.05,2258.01,2203.46,2221.42,129037.5499,2024-01-07 23:59:59.999,288295586.355455,319629,62773.858,140299219.815251,0
2024-01-08 00:00:00,2221.42,2242.0,2166.38,2240.61,208953.2711,2024-01-08 11:59:59.999,461081948.598375,470291,108109.7697,238710990.452278,0
2024-01-08 12:00:00,2240.61,2358.2,2239.81,2330.44,330454.2836,2024-01-08 23:59:59.999,760445461.842447,598736,171106.9613,393506798.105802,0
2024-01-09 00:00:00,2330.43,2336.7,2285.4,2298.76,152050.9094,2024-01-09 11:59:59.999,350543349.193391,336403,75322.7903,173672685.309305,0
2024-01-09 12:00:00,2298.77,2371.72,2226.78,2344.29,399404.0837,2024-01-09 23:59:59.999,917220783.6426861,860042,197753.0989,454318347.29201907,0
2024-01-10 00:00:00,2344.3,2431.0,2339.59,2402.21,341073.31,2024-01-10 11:59:59.999,813691546.8251139,607271,177563.916,423661450.81554896,0
2024-01-10 12:00:00,2402.21,2643.1,2342.0,2584.38,697315.356,2024-01-10 23:59:59.999,1722629435.563429,1403436,357562.5212,883680970.72502,0
2024-01-11 00:00:00,2584.37,2665.74,2566.01,2657.9,356799.3568,2024-01-11 11:59:59.999,929101727.8402579,697015,187868.8647,489422372.656764,0
2024-01-11 12:00:00,2657.89,2689.39,2570.0,2618.01,481912.9009,2024-01-11 23:59:59.999,1265814631.351388,996740,235025.1917,617525503.187909,0
2024-01-12 00:00:00,2618.01,2667.99,2580.0,2647.59,254022.848,2024-01-12 11:59:59.999,663653096.664522,554875,131143.6201,342744337.831232,0
2024-01-12 12:00:00,2647.58,2717.32,2458.0,2522.54,633434.9147,2024-01-12 23:59:59.999,1654526521.42239,1305761,307219.9519,803236883.4742621,0
2024-01-13 00:00:00,2522.55,2561.68,2497.5,2542.5,228762.6547,2024-01-13 11:59:59.999,580700026.181657,492165,115057.7088,292115529.489457,0
2024-01-13 12:00:00,2542.5,2590.0,2531.15,2578.19,193298.5773,2024-01-13 23:59:59.999,494766455.53876305,406680,103114.6969,263950191.954223,0
2024-01-14 00:00:00,2578.18,2578.69,2534.58,2538.0,132315.0836,2024-01-14 11:59:59.999,337738593.86534,289319,59431.9251,151734396.466409,0
2024-01-14 12:00:00,2538.01,2546.58,2470.0,2472.87,173892.6627,2024-01-14 23:59:59.999,437224310.94177693,442975,84732.5539,213130882.007448,0
2024-01-15 00:00:00,2472.87,2542.86,2470.92,2539.35,162825.6167,2024-01-15 11:59:59.999,408274458.660724,408723,82730.1685,207461146.547092,0
2024-01-15 12:00:00,2539.36,2553.82,2500.33,2511.78,152422.2652,2024-01-15 23:59:59.999,385597516.21087694,380655,76353.2681,193224660.094672,0
2024-01-16 00:00:00,2511.79,2549.38,2505.0,2530.77,127515.4482,2024-01-16 11:59:59.999,322586680.84508,411729,65540.5836,165814400.625179,0
2024-01-16 12:00:00,2530.78,2614.43,2500.05,2587.4,253562.1765,2024-01-16 23:59:59.999,649473717.92952,728359,135931.2316,348224695.666369,0
2024-01-17 00:00:00,2587.41,2592.97,2534.4,2542.85,148483.4529,2024-01-17 11:59:59.999,380614768.05955505,447116,71818.3294,184086268.15351,0
2024-01-17 12:00:00,2542.86,2574.75,2506.75,2530.19,217797.8948,2024-01-17 23:59:59.999,553194422.288653,693508,108789.4852,276331401.548508,0
2024-01-18 00:00:00,2530.2,2550.0,2510.03,2522.41,171097.6688,2024-01-18 11:59:59.999,433231963.86571,383384,80814.9504,204709372.245248,0
2024-01-18 12:00:00,2522.42,2535.27,2428.56,2470.81,280992.4386,2024-01-18 23:59:59.999,696571189.049078,510971,132484.2285,328501122.32292,0
2024-01-19 00:00:00,2470.81,2496.62,2443.13,2488.97,146084.6494,2024-01-19 11:59:59.999,360714935.847282,312233,72170.3435,178245569.267197,0
2024-01-19 12:00:00,2488.98,2504.2,2415.2,2492.0,278124.3535,2024-01-19 23:59:59.999,686638036.046088,542811,134632.615,332424359.156045,0
2024-01-20 00:00:00,2491.99,2492.0,2463.31,2470.59,71420.6818,2024-01-20 11:59:59.999,177001125.610748,215453,32250.8648,79924621.337845,0
2024-01-20 12:00:00,2470.58,2475.91,2454.2,2472.01,65200.2759,2024-01-20 23:59:59.999,160793477.536852,203485,32178.8614,79359909.501457,0
2024-01-21 00:00:00,2472.02,2482.18,2465.0,2473.65,52069.402,2024-01-21 11:59:59.999,128825168.384237,170172,26840.4006,66404327.265144,0
2024-01-21 12:00:00,2473.65,2481.05,2452.13,2457.05,70502.7667,2024-01-21 23:59:59.999,174197590.343845,190274,34333.9549,84848551.713308,0
2024-01-22 00:00:00,2457.06,2466.1,2361.6,2381.34,234086.7808,2024-01-22 11:59:59.999,564594233.456499,425080,104328.6251,251716364.159925,0
2024-01-22 12:00:00,2381.34,2404.97,2303.59,2314.2,292250.8684,2024-01-22 23:59:59.999,687911524.866405,508713,141164.0169,332361122.894333,0
2024-01-23 00:00:00,2314.19,2352.23,2203.11,2218.14,322454.9404,2024-01-23 11:59:59.999,735188760.067219,522863,150522.1747,343680754.130614,0
2024-01-23 12:00:00,2218.14,2248.21,2168.07,2242.6,377650.391,2024-01-23 23:59:59.999,833260052.3708711,681320,192270.0611,424326919.75732094,0
2024-01-24 00:00:00,2242.6,2264.6,2211.64,2244.16,172886.4252,2024-01-24 11:59:59.999,386394338.230732,380375,82560.1498,184546974.192777,0
2024-01-24 12:00:00,2244.16,2248.19,2196.12,2235.02,186964.7244,2024-01-24 23:59:59.999,416082784.87778306,420637,93010.9557,207003244.261795,0
2024-01-25 00:00:00,2235.02,2242.89,2203.37,2231.59,118726.496,2024-01-25 11:59:59.999,264050414.166667,300853,61609.2029,137008071.024196,0
2024-01-25 12:00:00,2231.59,2234.2,2171.3,2218.64,211700.1101,2024-01-25 23:59:59.999,466965600.215622,455311,105812.612,233414350.74007,0
2024-01-26 00:00:00,2218.64,2260.66,2195.84,2254.02,175974.7111,2024-01-26 11:59:59.999,391668244.64076704,379770,89002.1996,198097386.396683,0
2024-01-26 12:00:00,2254.02,2282.36,2234.46,2267.68,187591.7144,2024-01-26 23:59:59.999,424085587.522404,443833,93450.9838,211265150.326376,0
2024-01-27 00:00:00,2267.67,2282.94,2251.4,2265.48,78836.74,2024-01-27 11:59:59.999,178743723.220617,222313,36203.057,82084676.434803,0
2024-01-27 12:00:00,2265.48,2277.49,2261.35,2267.94,66272.6436,2024-01-27 23:59:59.999,150358421.239198,194657,34813.3611,78982045.990644,0
2024-01-28 00:00:00,2267.94,2308.24,2263.0,2281.08,114037.2497,2024-01-28 11:59:59.999,260750378.337208,289360,59689.8981,136495083.597543,0
2024-01-28 12:00:00,2281.08,2286.08,2239.89,2256.9,95289.659,2024-01-28 23:59:59.999,215784390.821684,277266,44464.1515,100696048.501593,0
2024-01-29 00:00:00,2256.9,2278.19,2250.57,2264.17,93980.1381,2024-01-29 11:59:59.999,213019870.438328,242248,50604.6477,114712078.631807,0
2024-01-29 12:00:00,2264.17,2322.34,2233.8,2317.6,211547.9395,2024-01-29 23:59:59.999,483354418.18114495,439550,112153.3016,256226613.159729,0
2024-01-30 00:00:00,2317.61,2327.97,2301.0,2314.01,112734.101,2024-01-30 11:59:59.999,260645370.671617,242894,51979.1488,120194387.609496,0
2024-01-30 12:00:00,2314.0,2391.98,2297.0,2343.01,260145.4781,2024-01-30 23:59:59.999,610503366.495041,527766,131096.8002,307774465.179201,0
2024-01-31 00:00:00,2343.0,2351.6,2280.77,2300.18,166936.6526,2024-01-31 11:59:59.999,387863412.05087,356305,79915.2704,185726345.665991,0
2024-01-31 12:00:00,2300.18,2350.3,2263.57,2283.14,230179.5333,2024-01-31 23:59:59.999,532268172.239234,566579,110730.3363,256053818.388728,0
2024-02-01 00:00:00,2283.15,2289.6,2240.0,2266.66,150640.4065,2024-02-01 11:59:59.999,341237623.72313,358846,75008.4038,169933545.317772,0
2024-02-01 12:00:00,2266.67,2311.72,2263.2,2304.28,160357.0473,2024-02-01 23:59:59.999,367630821.32362497,420626,83210.852,190749284.315735,0
2024-02-02 00:00:00,2304.28,2320.48,2296.87,2318.36,105336.6823,2024-02-02 11:59:59.999,243238899.480925,245196,57067.5662,131789694.164388,0
2024-02-02 12:00:00,2318.36,2324.74,2281.94,2309.06,132893.8287,2024-02-02 23:59:59.999,306063302.216717,329425,67072.9885,154503504.214772,0
2024-02-03 00:00:00,2309.07,2329.98,2300.24,2303.89,68408.5938,2024-02-03 11:59:59.999,158552715.123013,195067,33877.09,78532917.93383,0
2024-02-03 12:00:00,2303.88,2313.88,2292.75,2296.49,64824.2512,2024-02-03 23:59:59.999,149313524.063429,202397,33862.0704,78009511.26836,0
2024-02-04 00:00:00,2296.5,2309.99,2286.71,2305.62,59067.7973,2024-02-04 11:59:59.999,135734477.902296,185117,30490.9283,70074207.662022,0
2024-02-04 12:00:00,2305.62,2311.0,2266.0,2289.79,112164.2471,2024-02-04 23:59:59.999,257305054.549772,321567,55864.9196,128166300.418889,0
2024-02-05 00:00:00,2289.79,2332.9,2269.11,2329.62,108201.5089,2024-02-05 11:59:59.999,249423953.697222,329911,55569.9862,128092123.736909,0
2024-02-05 12:00:00,2329.63,2338.41,2283.63,2301.83,128408.9031,2024-02-05 23:59:59.999,296152666.305343,400952,63907.2211,147364953.075921,0
2024-02-06 00:00:00,2301.84,2344.0,2299.0,2325.49,155217.5492,2024-02-06 11:59:59.999,360536438.37181693,357011,85052.0695,197529969.701537,0
2024-02-06 12:00:00,2325.49,2392.4,2311.9,2372.64,213725.2006,2024-02-06 23:59:59.999,503577207.415864,504785,109694.9808,258436862.731978,0
2024-02-07 00:00:00,2372.63,2390.66,2354.0,2361.66,114210.3785,2024-02-07 11:59:59.999,270511589.261608,309851,54283.5846,128593421.93555,0
2024-02-07 12:00:00,2361.67,2444.44,2361.0,2425.1,228581.3228,2024-02-07 23:59:59.999,549964295.0419129,550506,116561.4488,280473285.708796,0
2024-02-08 00:00:00,2425.09,2444.39,2411.01,2425.3,127833.8229,2024-02-08 11:59:59.999,310393555.895347,340486,62193.6494,151012967.377824,0
2024-02-08 12:00:00,2425.29,2463.15,2413.44,2419.55,210206.231,2024-02-08 23:59:59.999,511568387.756749,553616,109472.5706,266453920.228466,0
2024-02-09 00:00:00,2419.56,2507.4,2419.16,2503.2,206258.9056,2024-02-09 11:59:59.999,507271533.73761696,502039,117686.4407,289495457.840924,0
2024-02-09 12:00:00,2503.19,2525.0,2476.57,2486.56,286125.4794,2024-02-09 23:59:59.999,715363997.891176,632237,149738.1975,374410811.03178304,0
2024-02-10 00:00:00,2486.56,2516.0,2471.57,2483.1,91906.325,2024-02-10 11:59:59.999,229291364.467804,310774,44748.6597,111665939.178574,0
2024-02-10 12:00:00,2483.11,2516.45,2480.76,2500.24,93193.265,2024-02-10 23:59:59.999,232674812.926952,311949,47352.0871,118251053.354869,0
2024-02-11 00:00:00,2500.24,2539.63,2493.8,2531.28,122762.3712,2024-02-11 11:59:59.999,309472522.600129,358252,63418.7831,159877660.992126,0
2024-02-11 12:00:00,2531.29,2532.31,2493.45,2507.21,97212.7759,2024-02-11 23:59:59.999,243957855.72494,352829,45206.7666,113454560.830703,0
2024-02-12 00:00:00,2507.22,2525.0,2472.0,2488.16,108967.1121,2024-02-12 11:59:59.999,272069820.732202,354897,53490.759,133576495.835315,0
2024-02-12 12:00:00,2488.16,2665.58,2481.08,2659.99,340534.6639,2024-02-12 23:59:59.999,880017421.394156,664493,181023.8292,467372252.404182,0
2024-02-13 00:00:00,2659.99,2686.06,2635.96,2681.75,197422.8207,2024-02-13 11:59:59.999,525619816.37842304,398334,101891.754,271331935.777591,0
2024-02-13 12:00:00,2681.75,2686.12,2590.0,2639.99,305024.9243,2024-02-13 23:59:59.999,802519116.550746,646551,149143.6568,392407385.022571,0
2024-02-14 00:00:00,2639.99,2760.0,2618.4,2755.87,237553.4052,2024-02-14 11:59:59.999,641599718.114892,506281,126527.9444,341869875.144519,0
2024-02-14 12:00:00,2755.86,2786.0,2726.54,2774.81,224117.2892,2024-02-14 23:59:59.999,617040236.432773,584131,113018.6254,311226086.060106,0
2024-02-15 00:00:00,2774.8,2825.75,2759.25,2793.21,198359.9429,2024-02-15 11:59:59.999,553422710.648341,554655,97936.2167,273245531.067322,0
2024-02-15 12:00:00,2793.22,2867.65,2775.91,2822.59,283329.2445,2024-02-15 23:59:59.999,800164781.866434,792964,145087.4175,409742723.152682,0
2024-02-16 00:00:00,2822.58,2857.4,2794.31,2823.59,164219.067,2024-02-16 11:59:59.999,464872959.061612,494220,77775.3021,220180253.084287,0
2024-02-16 12:00:00,2823.6,2847.22,2740.0,2801.8,213851.7367,2024-02-16 23:59:59.999,597398605.426248,629227,107403.7484,300166363.636511,0
2024-02-17 00:00:00,2801.81,2804.21,2765.22,2780.57,93181.9485,2024-02-17 11:59:59.999,259519092.062948,360143,47539.6063,132418323.870889,0
2024-02-17 12:00:00,2780.58,2801.16,2719.01,2785.93,150120.9274,2024-02-17 23:59:59.999,414192501.188765,609014,72362.2221,199660502.816038,0
2024-02-18 00:00:00,2785.92,2822.93,2764.25,2803.4,155972.2375,2024-02-18 11:59:59.999,435896548.18675,583157,78852.8203,220387173.042249,0
2024-02-18 12:00:00,2803.4,2895.0,2785.89,2881.2,212015.6458,2024-02-18 23:59:59.999,601905794.4065369,728413,117069.0788,332293056.159986,0
2024-02-19 00:00:00,2881.2,2931.0,2856.93,2913.2,199100.7698,2024-02-19 11:59:59.999,577641811.905528,737691,102719.7004,297992239.582409,0
2024-02-19 12:00:00,2913.2,2984.52,2886.03,2944.8,247350.2703,2024-02-19 23:59:59.999,724788914.224133,801719,124686.4196,365385045.999796,0
2024-02-20 00:00:00,2944.8,2955.56,2874.56,2935.31,206060.61,2024-02-20 11:59:59.999,601565239.701168,669738,101643.1862,296744875.847502,0
2024-02-20 12:00:00,2935.3,3033.09,2885.47,3014.81,428621.1371,2024-02-20 23:59:59.999,1267180241.946381,848222,225008.82,665505579.0766649,0
2024-02-21 00:00:00,3014.81,3017.15,2887.23,2899.1,273522.2753,2024-02-21 11:59:59.999,808086489.755856,612087,135993.1289,401975158.455119,0
2024-02-21 12:00:00,2899.11,2980.0,2868.0,2967.9,322432.728,2024-02-21 23:59:59.999,938873690.038084,644368,168419.7306,490472939.231787,0
2024-02-22 00:00:00,2967.91,3032.86,2906.51,2990.8,296111.8759,2024-02-22 11:59:59.999,879609623.792083,595727,154734.8721,459671140.87312,0
2024-02-22 12:00:00,2990.8,3036.02,2929.39,2971.4,267414.1177,2024-02-22 23:59:59.999,796597265.6593219,610129,132727.5361,395452232.370076,0
2024-02-23 00:00:00,2971.4,2993.8,2913.3,2943.63,202167.9099,2024-02-23 11:59:59.999,596162757.721655,457767,100311.2746,295796798.026788,0
2024-02-23 12:00:00,2943.63,2962.77,2906.05,2922.24,226658.6688,2024-02-23 23:59:59.999,664974967.7902969,545697,113487.2161,332971442.499882,0
2024-02-24 00:00:00,2922.25,2966.53,2906.4,2961.53,129615.7836,2024-02-24 11:59:59.999,381423093.33669,372384,69400.6188,204238526.695722,0
2024-02-24 12:00:00,2961.53,3007.48,2953.43,2992.62,114238.2947,2024-02-24 23:59:59.999,340570715.229503,346334,59944.1425,178761141.933406,0
2024-02-25 00:00:00,2992.62,3049.0,2983.61,3040.36,191734.3434,2024-02-25 11:59:59.999,579972344.0900489,453550,99892.6655,302146260.556306,0
2024-02-25 12:00:00,3040.36,3122.0,3025.84,3112.59,220571.8803,2024-02-25 23:59:59.999,677793762.45625,631782,114588.8418,352131109.994242,0
2024-02-26 00:00:00,3112.6,3135.65,3036.59,3057.42,233814.7488,2024-02-26 11:59:59.999,721078830.948887,597301,106697.5425,329249110.144949,0
2024-02-26 12:00:00,3057.41,3196.0,3038.0,3175.94,312908.0259,2024-02-26 23:59:59.999,982086214.2926049,794633,154538.066,484991878.702948,0
2024-02-27 00:00:00,3175.95,3270.0,3160.02,3254.89,361786.8297,2024-02-27 11:59:59.999,1167773439.7199,848218,179445.6159,579269676.314634,0
2024-02-27 12:00:00,3254.9,3288.14,3203.72,3242.36,264152.2924,2024-02-27 23:59:59.999,858032077.255033,828248,134332.7264,436405047.71096706,0
2024-02-28 00:00:00,3242.35,3369.8,3230.12,3296.13,287126.3766,2024-02-28 11:59:59.999,947010056.776832,847636,143532.31,473291063.07172495,0
2024-02-28 12:00:00,3296.13,3488.0,3176.16,3383.1,660412.3894,2024-02-28 23:59:59.999,2206190978.1379313,1594967,331933.2159,1109784237.085946,0
2024-02-29 00:00:00,3383.11,3522.81,3374.18,3513.87,388021.5622,2024-02-29 11:59:59.999,1339826412.082489,1102327,209775.4207,724564277.313864,0
2024-02-29 12:00:00,3513.88,3517.92,3300.0,3340.09,371676.5501,2024-02-29 23:59:59.999,1268796690.407681,1010548,181947.8212,621559633.913752,0
2024-03-01 00:00:00,3340.1,3437.08,3338.54,3410.9,213315.0266,2024-03-01 11:59:59.999,723180724.8089249,637689,99432.293,337167420.968502,0
2024-03-01 12:00:00,3410.89,3450.0,3379.6,3433.43,199473.5507,2024-03-01 23:59:59.999,682115109.7637689,625441,100341.3692,343197030.626283,0
2024-03-02 00:00:00,3433.42,3460.04,3390.01,3403.39,174553.7598,2024-03-02 11:59:59.999,598011955.071076,521332,84433.7371,289254054.873208,0
2024-03-02 12:00:00,3403.4,3431.31,3394.47,3421.4,109431.185,2024-03-02 23:59:59.999,373744965.380133,404781,53808.5407,183779534.406487,0
2024-03-03 00:00:00,3421.39,3446.23,3360.0,3413.39,170063.8789,2024-03-03 11:59:59.999,579776066.382907,544142,82531.3327,281427815.264024,0
2024-03-03 12:00:00,3413.39,3491.8,3403.92,3487.81,171567.6521,2024-03-03 23:59:59.999,592496594.601583,572681,86307.8306,298056889.401219,0
2024-03-04 00:00:00,3487.8,3544.14,3423.78,3506.91,299733.8086,2024-03-04 11:59:59.999,1047737464.885907,887811,140574.7316,491473658.742053,0
2024-03-04 12:00:00,3506.92,3640.94,3459.03,3627.76,415626.8275,2024-03-04 23:59:59.999,1479167577.053283,1065953,214479.2928,763638936.8791231,0
2024-03-05 00:00:00,3627.75,3742.0,3607.24,3731.45,426823.6067,2024-03-05 11:59:59.999,1572666922.701282,1156977,214047.1858,788887203.2976941,0
2024-03-05 12:00:00,3731.46,3822.04,3200.0,3553.65,966081.2573,2024-03-05 23:59:59.999,3471180756.982198,2108605,469152.2565,1687856170.992821,0
2024-03-06 00:00:00,3553.66,3899.47,3499.4,3879.74,547610.5041,2024-03-06 11:59:59.999,2039534743.5824392,1383907,266043.1067,990539175.591423,0
2024-03-06 12:00:00,3879.74,3900.0,3724.0,3818.59,421884.2059,2024-03-06 23:59:59.999,1612716180.695298,1171555,213677.9713,817021795.256676,0
2024-03-07 00:00:00,3818.58,3852.69,3735.0,3787.58,246822.6253,2024-03-07 11:59:59.999,936164175.817021,774035,120489.4729,457025489.23269695,0
2024-03-07 12:00:00,3787.58,3933.81,3765.12,3868.76,293958.0497,2024-03-07 23:59:59.999,1131443741.626688,862681,151760.9382,584243799.4866409,0
2024-03-08 00:00:00,3868.76,3954.98,3863.56,3950.46,221914.8286,2024-03-08 11:59:59.999,869673552.96123,616813,111977.0815,438783882.29151,0
2024-03-08 12:00:00,3950.46,3993.75,3820.0,3883.36,424484.4303,2024-03-08 23:59:59.999,1664536367.044335,1040328,210696.2176,826380307.7812049,0
2024-03-09 00:00:00,3883.37,3942.0,3877.5,3912.49,127163.0582,2024-03-09 11:59:59.999,497880779.815142,391137,64762.2961,253581367.462325,0
2024-03-09 12:00:00,3912.5,3927.05,3870.01,3905.21,127676.0804,2024-03-09 23:59:59.999,497942908.49841106,428198,63888.3183,249173748.702178,0
2024-03-10 00:00:00,3905.2,3964.67,3899.51,3932.72,151079.9313,2024-03-10 11:59:59.999,594595081.597346,523794,72671.9522,285983571.961987,0
2024-03-10 12:00:00,3932.72,3947.18,3791.26,3878.47,205584.7487,2024-03-10 23:59:59.999,798820572.386074,671686,97803.8867,380155774.342366,0
2024-03-11 00:00:00,3878.47,4054.6,3722.95,4034.25,430190.076,2024-03-11 11:59:59.999,1696414226.861809,1178838,204528.1294,805707806.7844471,0
2024-03-11 12:00:00,4034.25,4086.23,3998.92,4064.8,291364.4379,2024-03-11 23:59:59.999,1177704927.44155,715666,127831.5361,516996130.162328,0
2024-03-12 00:00:00,4064.8,4093.92,3965.0,4020.83,228217.3732,2024-03-12 11:59:59.999,920236820.7502791,677290,113272.1721,456681317.606816,0
2024-03-12 12:00:00,4020.84,4053.8,3828.98,3979.96,404570.0209,2024-03-12 23:59:59.999,1602239052.331531,1201251,203792.9009,807265572.9733671,0
2024-03-13 00:00:00,3979.97,4083.0,3973.53,4048.9,206594.1201,2024-03-13 11:59:59.999,834541092.528695,674444,107452.1329,434027983.03489,0
2024-03-13 12:00:00,4048.91,4053.0,3932.23,4004.79,275711.6565,2024-03-13 23:59:59.999,1099368297.773429,862054,138653.941,552862639.113172,0
2024-03-14 00:00:00,4004.79,4010.98,3940.64,3955.04,183387.8105,2024-03-14 11:59:59.999,729131609.196591,643450,89618.5162,356342083.111348,0
2024-03-14 12:00:00,3955.04,3967.4,3723.0,3881.7,464849.714,2024-03-14 23:59:59.999,1790876342.494609,1276513,224587.116,865600615.5409981,0
2024-03-15 00:00:00,3881.69,3934.02,3570.0,3689.33,615169.2284,2024-03-15 11:59:59.999,2283379024.0135727,1540282,292616.0718,1086879662.23489,0
2024-03-15 12:00:00,3689.33,3806.62,3606.65,3742.19,332368.1787,2024-03-15 23:59:59.999,1230098435.306876,947055,172581.8771,639024301.453467,0
2024-03-16 00:00:00,3742.19,3781.12,3661.83,3692.29,185595.2951,2024-03-16 11:59:59.999,692025014.6509249,671228,92934.7372,346591603.200615,0
2024-03-16 12:00:00,3692.29,3711.37,3468.8,3523.09,362692.8618,2024-03-16 23:59:59.999,1307151866.66169,1127711,169070.8647,610010436.285943,0
2024-03-17 00:00:00,3523.09,3606.41,3412.0,3578.99,311989.0341,2024-03-17 11:59:59.999,1099968254.541251,968053,152400.5812,537448547.29189,0
2024-03-17 12:00:00,3578.99,3678.68,3528.36,3644.71,205801.9595,2024-03-17 23:59:59.999,743519510.080063,753302,103560.7228,374130845.065268,0
2024-03-18 00:00:00,3644.7,3645.02,3548.99,3597.82,251636.0813,2024-03-18 11:59:59.999,905587276.247682,824221,119248.2846,429163896.05742496,0
2024-03-18 12:00:00,3597.83,3613.41,3454.09,3520.46,319265.2038,2024-03-18 23:59:59.999,1124103337.47378,1082166,154177.3409,543034276.871108,0
2024-03-19 00:00:00,3520.47,3548.09,3202.84,3276.51,601329.7919,2024-03-19 11:59:59.999,2007132999.925532,1572038,276129.5988,921893167.6762271,0
2024-03-19 12:00:00,3276.51,3359.8,3150.88,3158.64,448299.9017,2024-03-19 23:59:59.999,1467174712.350924,1075347,210283.7448,688413618.960017,0
2024-03-20 00:00:00,3158.65,3296.72,3056.56,3293.26,555482.1964,2024-03-20 11:59:59.999,1770423960.709633,1376843,267450.0809,852995426.210317,0
2024-03-20 12:00:00,3293.26,3535.24,3140.71,3516.53,651840.6237,2024-03-20 23:59:59.999,2186827468.189408,1611110,322006.8163,1080807705.268003,0
2024-03-21 00:00:00,3516.53,3587.32,3446.47,3531.18,294613.1033,2024-03-21 11:59:59.999,1038944969.834244,839940,139041.2536,490379841.801083,0
2024-03-21 12:00:00,3531.18,3574.41,3412.0,3492.85,308142.1039,2024-03-21 23:59:59.999,1075139888.322291,952049,156324.7472,545611487.859797,0
2024-03-22 00:00:00,3492.84,3542.52,3394.42,3405.19,187988.3891,2024-03-22 11:59:59.999,655793641.825818,701379,93802.8554,327502068.390317,0
2024-03-22 12:00:00,3405.18,3425.84,3250.0,3336.35,370860.4989,2024-03-22 23:59:59.999,1235977999.193189,1046377,184421.1347,614763768.459574,0
2024-03-23 00:00:00,3336.35,3383.8,3270.08,3364.99,144582.1106,2024-03-23 11:59:59.999,482746129.73850095,564503,70460.7683,235343934.316038,0
2024-03-23 12:00:00,3364.98,3435.48,3327.28,3329.53,179093.8342,2024-03-23 23:59:59.999,607032249.862728,565180,84380.1846,285992456.811968,0
2024-03-24 00:00:00,3329.53,3392.72,3298.76,3387.38,123789.287,2024-03-24 11:59:59.999,413176588.98224306,504321,60567.1588,202264814.107683,0
2024-03-24 12:00:00,3387.37,3471.22,3333.0,3454.98,137034.8538,2024-03-24 23:59:59.999,465856484.049211,586661,71288.0967,242449619.965878,0
2024-03-25 00:00:00,3454.99,3506.49,3420.12,3436.19,176093.6941,2024-03-25 11:59:59.999,609078091.9680129,553496,94075.1265,325431897.156526,0
2024-03-25 12:00:00,3436.2,3666.0,3430.0,3590.42,372484.0001,2024-03-25 23:59:59.999,1336299656.692257,1056634,200157.9837,717944817.604157,0
2024-03-26 00:00:00,3590.43,3678.86,3580.95,3631.6,260739.4836,2024-03-26 11:59:59.999,946336709.018439,653018,119085.5899,432075996.311639,0
2024-03-26 12:00:00,3631.61,3654.34,3542.62,3587.33,238274.3548,2024-03-26 23:59:59.999,854475326.827785,720673,113498.7737,406727446.239206,0
2024-03-27 00:00:00,3587.32,3627.67,3532.96,3585.07,135187.7218,2024-03-27 11:59:59.999,484892950.56129503,526525,66592.7325,238891832.316113,0
2024-03-27 12:00:00,3585.07,3665.84,3460.02,3501.19,308007.6079,2024-03-27 23:59:59.999,1091205677.746681,910068,149103.0658,528314218.51972306,0
2024-03-28 00:00:00,3501.2,3595.7,3465.0,3579.73,227060.514,2024-03-28 11:59:59.999,802297617.2799901,608135,116687.5747,412296757.676353,0
2024-03-28 12:00:00,3579.74,3611.78,3537.48,3560.49,177593.5171,2024-03-28 23:59:59.999,634332907.343053,550218,89383.8026,319313480.917249,0
2024-03-29 00:00:00,3560.49,3584.37,3512.85,3549.85,143064.1446,2024-03-29 11:59:59.999,507891327.172544,434037,72817.0713,258540542.889871,0
2024-03-29 12:00:00,3549.86,3558.0,3445.91,3509.74,180022.0344,2024-03-29 23:59:59.999,630656963.9858431,517707,81172.2838,284576571.924504,0
2024-03-30 00:00:00,3509.74,3564.0,3486.58,3560.0,134046.3326,2024-03-30 11:59:59.999,470698346.08846,501560,73541.3973,258263852.086658,0
2024-03-30 12:00:00,3559.99,3565.81,3485.0,3505.64,81978.9308,2024-03-30 23:59:59.999,288927175.363432,248689,39757.0185,140157059.262992,0
2024-03-31 00:00:00,3505.65,3632.8,3505.09,3609.2,134287.3514,2024-03-31 11:59:59.999,481877897.79832304,370408,69594.9396,249606382.34113,0
2024-03-31 12:00:00,3609.2,3655.32,3606.78,3645.29,109177.6363,2024-03-31 23:59:59.999,396263756.54765904,352519,59062.6436,214380569.153736,0
2024-04-01 00:00:00,3645.29,3645.95,3500.0,3537.98,180656.2783,2024-04-01 11:59:59.999,642865282.262312,495936,86376.8996,307407144.762581,0
2024-04-01 12:00:00,3537.98,3570.58,3413.71,3503.8,228197.8442,2024-04-01 23:59:59.999,794826446.7700019,619197,109021.362,379903079.012886,0
2024-04-02 00:00:00,3503.8,3505.6,3276.72,3308.64,318068.7884,2024-04-02 11:59:59.999,1069211415.453267,815564,152257.7919,511657849.415023,0
2024-04-02 12:00:00,3308.63,3324.26,3212.0,3278.96,305195.8592,2024-04-02 23:59:59.999,998793040.609556,765844,149398.8333,489119533.862226,0
2024-04-03 00:00:00,3278.96,3357.58,3202.79,3317.53,216499.6706,2024-04-03 11:59:59.999,714166827.0462129,607782,104446.6543,344583464.614271,0
2024-04-03 12:00:00,3317.53,3367.4,3281.21,3310.83,193984.5227,2024-04-03 23:59:59.999,644826777.752402,505862,98638.4936,327929223.456536,0
2024-04-04 00:00:00,3310.83,3355.48,3250.92,3340.37,143913.5207,2024-04-04 11:59:59.999,475140499.511381,389062,67232.1643,221995233.847444,0
2024-04-04 12:00:00,3340.36,3443.93,3278.02,3327.4,212425.0509,2024-04-04 23:59:59.999,712651789.70299,576633,105242.1923,353147004.579826,0
2024-04-05 00:00:00,3327.39,3336.0,3236.8,3243.51,178626.3809,2024-04-05 11:59:59.999,586369576.350426,456853,87117.8407,286038926.015284,0
2024-04-05 12:00:00,3243.52,3350.0,3210.0,3317.85,165930.4174,2024-04-05 23:59:59.999,545882919.538698,397286,83317.9359,274278697.701842,0
2024-04-06 00:00:00,3317.85,3352.81,3306.68,3330.67,81539.2028,2024-04-06 11:59:59.999,271776578.079531,223515,41352.659,137838172.26031,0
2024-04-06 12:00:00,3330.67,3398.42,3313.4,3351.59,101773.0097,2024-04-06 23:59:59.999,340904911.069423,326470,47066.439,157673346.559142,0
2024-04-07 00:00:00,3351.59,3413.61,3344.08,3390.34,82001.2603,2024-04-07 11:59:59.999,277651542.970467,324973,39856.5752,134957412.152854,0
2024-04-07 12:00:00,3390.33,3459.94,3368.0,3454.2,128457.8149,2024-04-07 23:59:59.999,437522567.603368,423557,65880.0796,224466088.576886,0
2024-04-08 00:00:00,3454.2,3640.44,3406.36,3633.08,262050.3162,2024-04-08 11:59:59.999,927334091.542261,752051,153813.2786,544336045.981428,0
2024-04-08 12:00:00,3633.07,3730.71,3612.0,3694.61,234791.037,2024-04-08 23:59:59.999,859906509.266396,581327,125100.7447,458184460.71783507,0
2024-04-09 00:00:00,3694.61,3727.34,3580.57,3632.85,223331.4772,2024-04-09 11:59:59.999,816295241.577739,521356,105127.8043,384478807.087175,0
2024-04-09 12:00:00,3632.85,3643.37,3450.46,3506.39,234260.7748,2024-04-09 23:59:59.999,827315610.1731809,525123,115419.285,407470289.272502,0
2024-04-10 00:00:00,3506.4,3554.19,3465.64,3521.32,150407.661,2024-04-10 11:59:59.999,528265138.674665,383902,73972.3521,259889459.200722,0
2024-04-10 12:00:00,3521.33,3562.95,3411.82,3545.64,238997.2445,2024-04-10 23:59:59.999,833136056.75712,532055,118674.6919,413816079.577547,0
2024-04-11 00:00:00,3545.64,3618.3,3514.57,3522.88,154299.0851,2024-04-11 11:59:59.999,550938707.199417,422822,74133.058,264721083.770366,0
2024-04-11 12:00:00,3522.89,3575.0,3474.52,3502.52,183840.4683,2024-04-11 23:59:59.999,646715387.24679,467285,91707.7856,322706733.541923,0
2024-04-12 00:00:00,3502.52,3552.4,3501.34,3532.22,125971.1575,2024-04-12 11:59:59.999,444023180.054716,358720,67757.6436,238827021.561677,0
2024-04-12 12:00:00,3532.22,3532.48,3100.0,3237.43,571355.9599,2024-04-12 23:59:59.999,1884173997.3657792,1064880,262737.6713,866361344.4251809,0
2024-04-13 00:00:00,3237.42,3301.9,3141.6,3268.2,250453.9341,2024-04-13 11:59:59.999,808390992.5209981,556671,116395.105,375824233.32918704,0
2024-04-13 12:00:00,3268.2,3296.83,2852.0,3007.01,744517.3013,2024-04-13 23:59:59.999,2257859210.314828,1480961,346429.3783,1048987241.765663,0
2024-04-14 00:00:00,3007.01,3102.15,2906.73,3027.01,382521.411,2024-04-14 11:59:59.999,1154118392.382487,859772,190515.7196,574494846.4513849,0
2024-04-14 12:00:00,3027.0,3174.23,2980.0,3155.11,355059.0556,2024-04-14 23:59:59.999,1090236320.753129,820894,180554.6457,554463018.2137871,0
2024-04-15 00:00:00,3155.11,3277.85,3100.0,3229.64,255558.4778,2024-04-15 11:59:59.999,816243784.02856,634601,124330.5335,397139425.300612,0
2024-04-15 12:00:00,3229.64,3246.03,3023.19,3101.99,349872.4085,2024-04-15 23:59:59.999,1095066363.202103,906173,167594.2105,524535476.26758,0
2024-04-16 00:00:00,3102.0,3128.01,2986.0,3093.31,292119.2296,2024-04-16 11:59:59.999,894937188.847664,765293,140217.1404,429758712.366026,0
2024-04-16 12:00:00,3093.31,3118.24,2995.0,3084.22,233994.6254,2024-04-16 23:59:59.999,715353623.325431,696486,113064.1391,345797796.272016,0
2024-04-17 00:00:00,3084.21,3123.75,3037.65,3040.2,143953.2513,2024-04-17 11:59:59.999,443778406.545172,426668,74564.2491,229951689.627277,0
2024-04-17 12:00:00,3040.19,3063.65,2914.47,2985.41,347944.3148,2024-04-17 23:59:59.999,1039474971.812986,921736,177096.4771,529155000.355144,0
2024-04-18 00:00:00,2985.41,3065.56,2950.98,3046.46,196834.8892,2024-04-18 11:59:59.999,590864535.390043,576939,103965.8,312195055.293599,0
2024-04-18 12:00:00,3046.45,3094.4,2985.69,3064.4,192225.8241,2024-04-18 23:59:59.999,587112589.968096,591315,101264.0503,309343655.846903,0
2024-04-19 00:00:00,3064.4,3128.89,2865.18,3102.61,418930.1131,2024-04-19 11:59:59.999,1261716606.832193,899289,209613.3616,631769681.869828,0
2024-04-19 12:00:00,3102.6,3121.0,3020.63,3056.46,188920.2888,2024-04-19 23:59:59.999,581402675.937356,566612,98286.8158,302531810.527761,0
2024-04-20 00:00:00,3056.45,3071.03,3018.75,3047.39,101579.0911,2024-04-20 11:59:59.999,309796618.990027,362596,49844.2925,152052623.987191,0
2024-04-20 12:00:00,3047.38,3171.88,3040.34,3155.79,140998.546,2024-04-20 23:59:59.999,439931299.40623105,449522,74519.4983,232386539.567256,0
2024-04-21 00:00:00,3155.79,3197.18,3126.87,3168.81,122093.8116,2024-04-21 11:59:59.999,386898787.95191294,378727,65363.5223,207153033.783385,0
2024-04-21 12:00:00,3168.81,3176.7,3116.49,3147.67,97876.6956,2024-04-21 23:59:59.999,308089989.239111,388533,47312.3662,148921050.928708,0
2024-04-22 00:00:00,3147.66,3235.0,3129.15,3194.54,163190.3204,2024-04-22 11:59:59.999,521032665.217355,513746,88981.7481,284182064.461627,0
2024-04-22 12:00:00,3194.55,3224.2,3166.8,3200.2,127689.6365,2024-04-22 23:59:59.999,407924720.16287506,479833,65306.8437,208648783.183209,0
2024-04-23 00:00:00,3200.19,3223.36,3152.0,3179.8,104550.4919,2024-04-23 11:59:59.999,332674483.400423,331536,50999.0126,162238369.242345,0
2024-04-23 12:00:00,3179.79,3263.61,3173.11,3219.46,149363.7344,2024-04-23 23:59:59.999,481124032.91996306,513357,79573.4438,256375959.898421,0
2024-04-24 00:00:00,3219.46,3287.0,3210.4,3281.96,133482.5023,2024-04-24 11:59:59.999,434209830.25251293,425070,69085.1747,224749000.100703,0
2024-04-24 12:00:00,3281.97,3293.56,3104.9,3140.8,259831.8391,2024-04-24 23:59:59.999,827407844.5327821,705300,125369.9525,399007637.05651903,0
2024-04-25 00:00:00,3140.79,3171.2,3072.2,3112.0,165012.3409,2024-04-25 11:59:59.999,516676019.407052,397139,81704.0354,255813694.983028,0
2024-04-25 12:00:00,3112.01,3191.64,3082.58,3155.8,187276.2093,2024-04-25 23:59:59.999,588263514.867945,463938,99688.7653,313132223.836349,0
2024-04-26 00:00:00,3155.81,3164.08,3121.8,3128.63,120039.7916,2024-04-26 11:59:59.999,377114487.36850893,290695,61696.7247,193839791.085802,0
2024-04-26 12:00:00,3128.63,3167.7,3102.0,3131.3,132482.8634,2024-04-26 23:59:59.999,415141020.49404895,337940,66056.9129,207032924.623472,0
2024-04-27 00:00:00,3131.3,3138.8,3066.74,3124.92,119917.5556,2024-04-27 11:59:59.999,372997069.303701,309983,62636.6069,194876133.444899,0
2024-04-27 12:00:00,3124.92,3285.0,3122.0,3255.56,203893.6363,2024-04-27 23:59:59.999,654416789.945756,424043,111912.7867,359112650.511756,0
2024-04-28 00:00:00,3255.55,3339.99,3250.45,3286.41,167324.6441,2024-04-28 11:59:59.999,552207795.270044,382565,84571.8891,279081881.963053,0
2024-04-28 12:00:00,3286.41,3357.4,3251.97,3263.45,137441.3649,2024-04-28 23:59:59.999,454420537.02000093,370674,72620.5303,240140697.056501,0
2024-04-29 00:00:00,3263.44,3286.95,3147.54,3160.11,256555.3283,2024-04-29 11:59:59.999,821283422.194881,520663,127904.997,409347532.26367503,0
2024-04-29 12:00:00,3160.11,3235.43,3115.13,3216.73,165275.9629,2024-04-29 23:59:59.999,523953760.358548,423056,83311.5643,264195336.696896,0
2024-04-30 00:00:00,3216.74,3250.95,3003.7,3007.45,256783.6746,2024-04-30 11:59:59.999,800016523.5408381,573326,122178.7765,380641251.57308304,0
2024-04-30 12:00:00,3007.45,3037.42,2921.0,3014.05,304933.812,2024-04-30 23:59:59.999,910107949.954865,719547,145483.7884,434226647.305366,0
2024-05-01 00:00:00,3014.04,3023.24,2817.0,2905.39,323469.5503,2024-05-01 11:59:59.999,941174556.726631,686096,157160.4659,457042229.17673,0
2024-05-01 12:00:00,2905.4,3015.73,2865.91,2972.46,301494.227,2024-05-01 23:59:59.999,886348880.1336621,678943,146334.4015,430261949.91489,0
2024-05-02 00:00:00,2972.46,3002.51,2893.26,2995.55,193308.7155,2024-05-02 11:59:59.999,569010551.627981,427343,109891.897,323404890.233537,0
2024-05-02 12:00:00,2995.54,3016.72,2952.4,2986.19,172631.0036,2024-05-02 23:59:59.999,515852336.219962,452824,90615.716,270819670.453828,0
2024-05-03 00:00:00,2986.19,3036.17,2958.32,2979.5,113010.5234,2024-05-03 11:59:59.999,338070294.074063,326073,57635.6296,172473765.548657,0
2024-05-03 12:00:00,2979.49,3126.99,2969.75,3102.61,242815.3157,2024-05-03 23:59:59.999,743339567.08006,533469,129092.8327,395116360.279654,0
2024-05-04 00:00:00,3102.61,3168.0,3092.85,3130.45,111934.5117,2024-05-04 11:59:59.999,349559292.902445,305387,55886.7133,174593382.767012,0
2024-05-04 12:00:00,3130.45,3158.95,3104.34,3117.23,84329.4371,2024-05-04 23:59:59.999,263738075.198173,269639,44884.2687,140385319.338454,0
2024-05-05 00:00:00,3117.24,3171.93,3072.99,3138.1,138851.4846,2024-05-05 11:59:59.999,432811784.652524,341688,75016.8393,233907595.03234,0
2024-05-05 12:00:00,3138.1,3168.0,3122.89,3136.41,79908.7816,2024-05-05 23:59:59.999,251331808.162055,259005,40252.6087,126605238.260833,0
2024-05-06 00:00:00,3136.4,3221.4,3124.38,3149.23,170632.0115,2024-05-06 11:59:59.999,540872293.9551,419359,87262.7121,276721864.077696,0
2024-05-06 12:00:00,3149.23,3154.99,3046.35,3062.6,184503.2912,2024-05-06 23:59:59.999,570443337.621314,453841,85601.7213,264647573.80304,0
2024-05-07 00:00:00,3062.59,3129.85,3021.34,3063.39,156677.8492,2024-05-07 11:59:59.999,483315051.12606704,417828,74139.2803,228805638.694228,0
2024-05-07 12:00:00,3063.4,3106.0,2998.0,3005.69,142118.8337,2024-05-07 23:59:59.999,433936994.562136,397418,65623.5705,200554299.614537,0
2024-05-08 00:00:00,3005.69,3038.15,2978.4,2990.31,125685.9769,2024-05-08 11:59:59.999,378028121.460028,382049,63253.4341,190283714.804962,0
2024-05-08 12:00:00,2990.31,3032.5,2936.48,2974.21,141248.8356,2024-05-08 23:59:59.999,422431955.17563903,448586,70049.6897,209524867.589515,0
2024-05-09 00:00:00,2974.2,3014.96,2950.77,2977.2,109761.4336,2024-05-09 11:59:59.999,327941918.028025,309994,57016.1594,170373181.242359,0
2024-05-09 12:00:00,2977.2,3059.0,2955.86,3036.23,128800.3126,2024-05-09 23:59:59.999,387148904.04818,376153,65789.7621,197759829.647592,0
2024-05-10 00:00:00,3036.24,3053.89,3018.23,3037.85,106041.658,2024-05-10 11:59:59.999,321698339.273143,275373,55076.9275,167084814.87453,0
2024-05-10 12:00:00,3037.85,3044.53,2878.03,2909.99,221814.2178,2024-05-10 23:59:59.999,650566530.218907,615667,99340.1397,291289920.083952,0
2024-05-11 00:00:00,2909.98,2936.59,2886.46,2903.4,71031.9249,2024-05-11 11:59:59.999,206988543.14203,228122,35579.6589,103697820.672535,0
2024-05-11 12:00:00,2903.4,2945.67,2896.0,2912.45,67131.1838,2024-05-11 23:59:59.999,196000522.424199,238235,33087.5635,96624315.997166,0
2024-05-12 00:00:00,2912.45,2943.73,2901.17,2928.0,48027.8079,2024-05-12 11:59:59.999,140264523.150422,174413,23500.0696,68634182.207848,0
2024-05-12 12:00:00,2928.0,2955.2,2913.78,2929.29,59642.8244,2024-05-12 23:59:59.999,174947481.472107,193577,25618.0827,75160649.286382,0
2024-05-13 00:00:00,2929.3,2996.4,2864.76,2965.57,208483.9287,2024-05-13 11:59:59.999,609438454.436962,523650,100492.2281,294064668.716331,0
2024-05-13 12:00:00,2965.57,2987.0,2928.66,2950.99,160180.8361,2024-05-13 23:59:59.999,474115034.18625,401367,86033.1406,254717715.077297,0
2024-05-14 00:00:00,2950.99,2960.6,2882.29,2907.94,99345.1105,2024-05-14 11:59:59.999,290469031.377903,251748,46880.4399,137069554.464245,0
2024-05-14 12:00:00,2907.94,2924.14,2862.0,2881.93,170330.1932,2024-05-14 23:59:59.999,493002886.87676305,366097,86097.7931,249244949.382789,0
2024-05-15 00:00:00,2881.93,2933.8,2863.75,2898.74,106705.1746,2024-05-15 11:59:59.999,309764882.829066,253611,52018.8948,151031962.534935,0
2024-05-15 12:00:00,2898.74,3041.36,2893.02,3032.55,243549.1442,2024-05-15 23:59:59.999,726298125.7705939,507206,123129.5243,367021752.36372304,0
2024-05-16 00:00:00,3032.55,3041.24,2989.72,3006.45,132675.9712,2024-05-16 11:59:59.999,399836678.460995,242210,64407.8567,194076297.8123,0
2024-05-16 12:00:00,3006.45,3009.12,2922.8,2944.7,161198.1801,2024-05-16 23:59:59.999,476869917.197032,333061,75763.6229,224131942.755146,0
2024-05-17 00:00:00,2944.7,3059.53,2933.06,3030.4,180680.6523,2024-05-17 11:59:59.999,542350437.14959,364661,90754.3879,272539668.507302,0
2024-05-17 12:00:00,3030.4,3120.0,3020.1,3092.01,177044.1208,2024-05-17 23:59:59.999,546024185.841603,389613,89631.8281,276408762.35089,0
2024-05-18 00:00:00,3092.0,3146.98,3083.61,3133.79,124299.6439,2024-05-18 11:59:59.999,387023575.03956497,330074,61808.2042,192504672.697893,0
2024-05-18 12:00:00,3133.79,3135.0,3095.71,3122.94,75676.9017,2024-05-18 23:59:59.999,235707381.298183,197457,34533.2419,107558224.974536,0
2024-05-19 00:00:00,3122.94,3136.64,3082.04,3102.58,79096.1017,2024-05-19 11:59:59.999,246076389.989575,227447,34825.8068,108370177.277706,0
2024-05-19 12:00:00,3102.59,3103.0,3053.38,3071.19,87048.9085,2024-05-19 23:59:59.999,267713678.702255,242972,39679.7769,121989747.955275,0
2024-05-20 00:00:00,3071.2,3140.0,3047.67,3093.8,150907.4428,2024-05-20 11:59:59.999,467666476.68772,388847,74811.5791,231887368.909235,0
2024-05-20 12:00:00,3093.79,3694.0,3076.69,3661.78,696200.44,2024-05-20 23:59:59.999,2385683236.9849806,1837306,367597.3627,1258823560.625283,0
2024-05-21 00:00:00,3661.79,3823.5,3624.28,3777.97,479588.6064,2024-05-21 11:59:59.999,1772990125.335161,1145941,240963.869,890816154.716248,0
2024-05-21 12:00:00,3777.98,3841.54,3680.68,3789.6,472848.663,2024-05-21 23:59:59.999,1784254335.028097,1058761,230815.649,871262200.8838621,0
2024-05-22 00:00:00,3789.59,3813.69,3690.0,3690.6,208082.4199,2024-05-22 11:59:59.999,782296726.215218,496277,98831.7375,371616978.862273,0
2024-05-22 12:00:00,3690.59,3798.0,3653.15,3737.73,366855.89,2024-05-22 23:59:59.999,1368959705.905042,843663,185170.8538,691151605.032817,0
2024-05-23 00:00:00,3737.72,3925.24,3736.67,3918.46,261559.0547,2024-05-23 11:59:59.999,998220200.7526419,611462,137161.1357,523580303.981674,0
2024-05-23 12:00:00,3918.45,3949.29,3498.0,3783.61,866307.0213,2024-05-23 23:59:59.999,3285329489.688539,2071306,427385.0304,1621677578.179205,0
2024-05-24 00:00:00,3783.6,3829.61,3626.1,3712.62,263752.3426,2024-05-24 11:59:59.999,982038968.535996,635043,133804.5408,498097779.36107695,0
2024-05-24 12:00:00,3712.62,3759.0,3655.26,3728.28,215666.0892,2024-05-24 23:59:59.999,800944893.6769711,524031,110240.4696,409596653.797904,0
2024-05-25 00:00:00,3728.28,3779.43,3709.03,3739.39,91711.4033,2024-05-25 11:59:59.999,343743882.170561,286327,47085.4806,176481746.659813,0
2024-05-25 12:00:00,3739.39,3766.02,3719.8,3749.26,67000.4959,2024-05-25 23:59:59.999,250694393.634576,217384,34675.6351,129733337.642414,0
2024-05-26 00:00:00,3749.25,3822.4,3731.17,3813.79,122829.4225,2024-05-26 11:59:59.999,464769346.915462,297115,63619.566,240744304.606402,0
2024-05-26 12:00:00,3813.79,3884.2,3792.14,3826.47,169378.8712,2024-05-26 23:59:59.999,650892084.091935,400171,81585.8779,313527112.684097,0
2024-05-27 00:00:00,3826.47,3954.35,3823.37,3900.49,186820.643,2024-05-27 11:59:59.999,730490153.017133,507082,98244.7793,384142078.76392096,0
2024-05-27 12:00:00,3900.5,3977.0,3854.16,3894.22,176897.0043,2024-05-27 23:59:59.999,693679219.448813,464882,85477.0883,335275877.216708,0
2024-05-28 00:00:00,3894.21,3931.09,3821.63,3904.34,188572.8135,2024-05-28 11:59:59.999,729435681.94962,440983,92636.1084,358364343.932579,0
2024-05-28 12:00:00,3904.34,3912.0,3773.9,3844.69,227677.0209,2024-05-28 23:59:59.999,875639112.2987341,500355,114007.2475,438593996.25474095,0
2024-05-29 00:00:00,3844.69,3888.55,3781.0,3811.16,162651.827,2024-05-29 11:59:59.999,624047160.7841151,421918,79052.8949,303371165.598495,0
2024-05-29 12:00:00,3811.15,3838.83,3742.59,3767.43,172107.8078,2024-05-29 23:59:59.999,650040481.288128,461483,91530.5492,345707213.230551,0
2024-05-30 00:00:00,3767.44,3801.65,3702.58,3737.0,136870.0852,2024-05-30 11:59:59.999,513015763.240266,358703,66794.4212,250405174.778562,0
2024-05-30 12:00:00,3737.01,3825.35,3719.3,3747.91,140164.2042,2024-05-30 23:59:59.999,529130243.151054,407013,69155.7286,261111510.102732,0
2024-05-31 00:00:00,3747.9,3813.2,3724.41,3802.62,94884.6259,2024-05-31 11:59:59.999,356672733.908562,255803,48415.538,182010719.250557,0
2024-05-31 12:00:00,3802.62,3849.94,3723.75,3762.29,178522.1401,2024-05-31 23:59:59.999,675501271.308114,424526,88136.4453,333566380.288022,0
2024-06-01 00:00:00,3762.29,3809.55,3752.67,3788.28,67022.2889,2024-06-01 11:59:59.999,253499697.135053,212315,34525.5866,130597599.582467,0
2024-06-01 12:00:00,3788.28,3833.3,3787.0,3815.82,65664.9117,2024-06-01 23:59:59.999,250000925.702803,187062,35842.0232,136470960.468416,0
2024-06-02 00:00:00,3815.82,3838.59,3770.99,3805.01,122672.8946,2024-06-02 11:59:59.999,466725519.01995,339747,61919.4463,235573339.487828,0
2024-06-02 12:00:00,3805.01,3810.0,3752.62,3780.91,87622.5461,2024-06-02 23:59:59.999,331375218.643807,239816,44078.2055,166695266.216153,0
2024-06-03 00:00:00,3780.92,3842.01,3761.05,3809.0,113319.0611,2024-06-03 11:59:59.999,432087865.083408,290728,57061.7627,217590292.608943,0
2024-06-03 12:00:00,3809.01,3849.99,3758.43,3767.06,135529.6409,2024-06-03 23:59:59.999,514151771.21296304,358140,68536.1917,260079174.077258,0
2024-06-04 00:00:00,3767.07,3785.19,3730.0,3764.65,88247.5296,2024-06-04 11:59:59.999,332121479.696529,235644,43822.8274,164947014.059348,0
2024-06-04 12:00:00,3764.65,3831.65,3753.57,3810.23,143816.2172,2024-06-04 23:59:59.999,546412450.903361,332870,77019.4225,292638629.814851,0
2024-06-05 00:00:00,3810.23,3839.92,3777.33,3804.31,121457.6433,2024-06-05 11:59:59.999,462104572.67511505,276030,61252.9863,233093614.378381,0
2024-06-05 12:00:00,3804.31,3887.47,3782.0,3865.99,152280.9602,2024-06-05 23:59:59.999,584269120.747314,369806,82533.3464,316730701.949644,0
2024-06-06 00:00:00,3866.0,3878.6,3838.53,3849.51,89409.7428,2024-06-06 11:59:59.999,344654496.863589,204638,44131.9734,170131561.481492,0
2024-06-06 12:00:00,3849.51,3866.48,3760.0,3813.46,148094.4477,2024-06-06 23:59:59.999,566097276.318003,320412,72794.4795,278318364.286615,0
2024-06-07 00:00:00,3813.47,3839.98,3792.34,3835.0,63752.0045,2024-06-07 11:59:59.999,243075479.422501,185612,30094.538,114772599.655811,0
2024-06-07 12:00:00,3834.99,3841.39,3600.0,3678.32,298471.3549,2024-06-07 23:59:59.999,1109232087.815848,708394,133586.1425,496726695.193594,0
2024-06-08 00:00:00,3678.31,3709.5,3673.82,3683.13,76720.4524,2024-06-08 11:59:59.999,283020551.235771,186574,36874.3779,136034128.886513,0
2024-06-08 12:00:00,3683.13,3697.47,3660.08,3681.57,63830.387,2024-06-08 23:59:59.999,235097982.804151,177911,28140.0613,103638210.239371,0
2024-06-09 00:00:00,3681.58,3693.87,3666.36,3693.5,45611.7787,2024-06-09 11:59:59.999,167896884.770313,120319,22375.0601,82362286.856028,0
2024-06-09 12:00:00,3693.49,3721.52,3680.99,3706.4,57839.3233,2024-06-09 23:59:59.999,213957600.185347,167641,26327.5621,97407676.319946,0
2024-06-10 00:00:00,3706.4,3706.94,3642.74,3675.95,71026.3056,2024-06-10 11:59:59.999,261129182.681419,173097,31160.4403,114551788.942914,0
2024-06-10 12:00:00,3675.95,3713.67,3650.64,3667.85,85336.879,2024-06-10 23:59:59.999,314082060.623851,218068,43639.0856,160671242.355029,0
2024-06-11 00:00:00,3667.85,3673.0,3503.4,3529.56,241450.9327,2024-06-11 11:59:59.999,861259552.922143,531219,113943.8583,406493131.20132303,0
2024-06-11 12:00:00,3529.56,3546.47,3432.0,3497.33,198117.6651,2024-06-11 23:59:59.999,690966394.249012,505010,93693.7438,326845445.185607,0
2024-06-12 00:00:00,3497.33,3563.56,3462.07,3531.72,103380.8677,2024-06-12 11:59:59.999,363581622.152756,249763,47872.2539,168446817.159876,0
2024-06-12 12:00:00,3531.73,3659.01,3513.32,3560.12,283662.9063,2024-06-12 23:59:59.999,1020976971.705464,600764,139249.5378,501068236.682049,0
2024-06-13 00:00:00,3560.13,3561.65,3472.6,3497.17,131013.8564,2024-06-13 11:59:59.999,459341363.421097,302844,65833.966,230796772.740192,0
2024-06-13 12:00:00,3497.17,3539.83,3428.0,3469.4,169216.9735,2024-06-13 23:59:59.999,588873131.329983,393525,82160.4779,285952996.439683,0
2024-06-14 00:00:00,3469.4,3532.61,3457.37,3515.8,103152.6045,2024-06-14 11:59:59.999,361658915.127816,231194,54124.4453,189767798.767829,0
2024-06-14 12:00:00,3515.8,3528.93,3362.26,3481.8,219163.8169,2024-06-14 23:59:59.999,754911756.721129,515419,105323.3692,362782932.678807,0
2024-06-15 00:00:00,3481.8,3557.81,3473.1,3539.4,127367.2547,2024-06-15 11:59:59.999,448626886.117572,248969,65179.5297,229575861.077923,0
2024-06-15 12:00:00,3539.4,3594.39,3536.76,3568.74,119282.3347,2024-06-15 23:59:59.999,424949251.161508,251804,57365.0729,204383957.340405,0
2024-06-16 00:00:00,3568.75,3574.54,3541.05,3555.28,53599.8073,2024-06-16 11:59:59.999,190788555.520279,156284,26796.4213,95389402.37157,0
2024-06-16 12:00:00,3555.28,3653.79,3553.17,3624.41,96240.1747,2024-06-16 23:59:59.999,346704266.123149,261574,51038.4754,183826352.876578,0
2024-06-17 00:00:00,3624.41,3638.37,3490.95,3527.63,167823.5357,2024-06-17 11:59:59.999,597218277.649233,374301,80086.6223,284824036.269245,0
2024-06-17 12:00:00,3527.63,3577.77,3463.39,3511.46,169982.1045,2024-06-17 23:59:59.999,598944253.26982,399784,86256.5829,304010681.965301,0
2024-06-18 00:00:00,3511.47,3517.2,3355.0,3414.11,243448.6555,2024-06-18 11:59:59.999,835169075.202507,527011,112438.3741,385745241.599265,0
2024-06-18 12:00:00,3414.11,3490.0,3370.92,3483.42,206464.6459,2024-06-18 23:59:59.999,706629807.209188,535796,104723.2146,358552549.834277,0
2024-06-19 00:00:00,3483.42,3585.0,3465.65,3536.94,203613.217,2024-06-19 11:59:59.999,720038396.503766,437198,102700.8772,363078143.427893,0
2024-06-19 12:00:00,3536.95,3590.01,3512.2,3560.51,117886.7857,2024-06-19 23:59:59.999,418380658.149161,275303,60061.1466,213178405.930522,0
2024-06-20 00:00:00,3560.51,3625.96,3533.49,3598.94,157421.2921,2024-06-20 11:59:59.999,564000837.339216,347794,79274.3891,284033144.143735,0
2024-06-20 12:00:00,3598.94,3611.81,3486.0,3513.08,171696.5532,2024-06-20 23:59:59.999,606596903.918653,396102,82003.4014,289627023.459686,0
2024-06-21 00:00:00,3513.08,3536.21,3446.82,3503.22,163569.0591,2024-06-21 11:59:59.999,572478534.768289,331912,83025.1235,290596286.93455,0
2024-06-21 12:00:00,3503.21,3547.55,3455.1,3518.5,178586.0429,2024-06-21 23:59:59.999,624617011.465674,414449,93157.9145,325880341.215211,0
2024-06-22 00:00:00,3518.5,3521.19,3475.09,3493.2,63685.5557,2024-06-22 11:59:59.999,222791620.29522,158572,29589.5771,103512130.978128,0
2024-06-22 12:00:00,3493.19,3511.84,3485.56,3495.75,52089.06,2024-06-22 23:59:59.999,182253879.126362,157112,28082.2643,98274407.39009,0
2024-06-23 00:00:00,3495.76,3521.45,3488.2,3498.29,42228.394,2024-06-23 11:59:59.999,148075243.636675,106379,21978.6081,77070944.519693,0
2024-06-23 12:00:00,3498.29,3504.62,3406.38,3420.91,91183.0364,2024-06-23 23:59:59.999,315129295.419765,232300,45488.8605,157193872.309002,0
2024-06-24 00:00:00,3420.91,3435.76,3240.0,3321.19,269191.3128,2024-06-24 11:59:59.999,901718456.6337421,595374,130518.0219,437519514.98206705,0
2024-06-24 12:00:00,3321.18,3363.18,3242.44,3352.73,274179.1101,2024-06-24 23:59:59.999,905328501.3314769,627415,132082.3833,436304636.942696,0
2024-06-25 00:00:00,3352.74,3394.92,3336.76,3376.01,112950.1963,2024-06-25 11:59:59.999,380568925.85526705,348971,55637.6248,187480758.170022,0
2024-06-25 12:00:00,3376.0,3430.88,3358.2,3394.91,127086.0273,2024-06-25 23:59:59.999,432161100.98893297,305331,67298.5711,228865248.552884,0
2024-06-26 00:00:00,3394.91,3426.75,3366.37,3381.44,85435.1475,2024-06-26 11:59:59.999,289663861.308322,202654,42285.054,143383724.974678,0
2024-06-26 12:00:00,3381.44,3417.43,3325.01,3371.44,121514.1943,2024-06-26 23:59:59.999,409711957.967806,316073,66041.8833,222640451.168811,0
2024-06-27 00:00:00,3371.77,3414.05,3361.74,3403.46,85198.966,2024-06-27 11:59:59.999,288451989.336249,207732,47749.7567,161705457.551129,0
2024-06-27 12:00:00,3403.46,3477.0,3403.45,3450.44,115842.6949,2024-06-27 23:59:59.999,399445302.80916494,322965,60637.1353,209060330.354255,0
2024-06-28 00:00:00,3450.44,3487.7,3420.24,3452.78,93133.8784,2024-06-28 11:59:59.999,321404888.317272,337787,51999.5554,179459862.308843,0
2024-06-28 12:00:00,3452.79,3476.73,3365.22,3380.15,128500.4651,2024-06-28 23:59:59.999,438711892.712236,596774,65865.2117,224973578.752173,0
2024-06-29 00:00:00,3380.15,3408.32,3380.01,3400.45,52047.7463,2024-06-29 11:59:59.999,176591759.718161,187682,29242.4762,99217613.828054,0
2024-06-29 12:00:00,3400.45,3403.2,3371.86,3378.8,36282.0188,2024-06-29 23:59:59.999,122876413.527557,178073,18180.9206,61577014.480478,0
2024-06-30 00:00:00,3378.8,3400.0,3352.66,3389.19,60659.5565,2024-06-30 11:59:59.999,205092638.431737,261963,33875.1977,114558740.105903,0
2024-06-30 12:00:00,3389.19,3460.0,3379.81,3438.16,80562.062,2024-06-30 23:59:59.999,275398634.689745,295107,46302.7988,158280195.964221,0
2024-07-01 00:00:00,3438.16,3524.94,3432.55,3459.6,131712.2162,2024-07-01 11:59:59.999,459319216.94783694,427774,72558.9168,253031113.803583,0
2024-07-01 12:00:00,3459.61,3499.0,3423.78,3442.2,92560.996,2024-07-01 23:59:59.999,320792883.260386,426328,48486.0232,168065523.984572,0
2024-07-02 00:00:00,3442.2,3464.12,3431.6,3453.26,59737.3948,2024-07-02 11:59:59.999,205981575.320284,257612,29929.8716,103212702.48679,0
2024-07-02 12:00:00,3453.26,3462.5,3402.0,3421.35,78195.3066,2024-07-02 23:59:59.999,267872080.202038,366108,38352.8868,131405194.216671,0
2024-07-03 00:00:00,3421.35,3432.1,3281.63,3307.5,149976.5025,2024-07-03 11:59:59.999,502427291.05571693,657345,66894.7938,224021760.616911,0
2024-07-03 12:00:00,3307.51,3326.36,3251.0,3295.48,160431.9485,2024-07-03 23:59:59.999,528613351.892528,721157,76317.8785,251455639.249825,0
2024-07-04 00:00:00,3295.49,3313.45,3126.6,3159.45,250176.5054,2024-07-04 11:59:59.999,800789959.26592,1070875,112425.1191,359871587.289312,0
2024-07-04 12:00:00,3159.45,3169.79,3050.34,3059.7,200226.0638,2024-07-04 23:59:59.999,624570099.013479,828023,89711.2492,279943347.457494,0
2024-07-05 00:00:00,3059.7,3110.0,2810.0,2947.42,687752.6898,2024-07-05 11:59:59.999,2011081567.7050712,2107212,310535.8791,908354185.0487139,0
2024-07-05 12:00:00,2947.42,3005.42,2922.7,2981.78,199241.6855,2024-07-05 23:59:59.999,591611526.758313,859912,94208.6526,279727679.569186,0
2024-07-06 00:00:00,2981.79,3026.45,2955.06,3005.65,117762.3432,2024-07-06 11:59:59.999,352302978.330837,564115,61054.7599,182663640.040917,0
2024-07-06 12:00:00,3005.66,3081.78,2989.49,3066.83,96725.6281,2024-07-06 23:59:59.999,293942060.144308,491347,51908.0611,157831213.97051,0
2024-07-07 00:00:00,3066.83,3073.08,2993.51,3015.51,73728.9248,2024-07-07 11:59:59.999,223455410.801571,345681,34756.7469,105298545.218274,0
2024-07-07 12:00:00,3015.52,3024.05,2922.24,2931.0,106163.8364,2024-07-07 23:59:59.999,315299618.658308,533026,51763.1646,153699351.621712,0
2024-07-08 00:00:00,2930.99,3097.06,2822.8,3053.97,270313.7996,2024-07-08 11:59:59.999,797031667.3895689,1225094,129944.7957,383551015.49088496,0
2024-07-08 12:00:00,3053.98,3064.71,2890.0,3019.01,230131.2109,2024-07-08 23:59:59.999,687892466.439085,997846,116454.6226,348151611.411008,0
2024-07-09 00:00:00,3019.01,3115.2,3004.0,3083.47,132130.3465,2024-07-09 11:59:59.999,404994049.913766,691262,70122.5824,214973599.091194,0
2024-07-09 12:00:00,3083.45,3108.72,3031.06,3066.65,148227.7959,2024-07-09 23:59:59.999,454573697.75016093,685867,78569.5669,240999540.450765,0
2024-07-10 00:00:00,3066.65,3129.89,3024.0,3102.22,112113.6169,2024-07-10 11:59:59.999,346318074.70231,630305,52079.9072,160887837.779108,0
2024-07-10 12:00:00,3102.22,3151.51,3077.76,3101.05,158713.4675,2024-07-10 23:59:59.999,493412584.670642,665913,82523.9641,256586747.025468,0
2024-07-11 00:00:00,3101.06,3156.93,3054.76,3147.04,98174.0462,2024-07-11 11:59:59.999,305694468.068425,510905,51840.3178,161434884.360464,0
2024-07-11 12:00:00,3147.04,3217.24,3086.0,3099.57,191055.2738,2024-07-11 23:59:59.999,601435521.153671,902126,96894.419,305075025.787236,0
2024-07-12 00:00:00,3099.57,3117.92,3045.58,3070.0,85121.5931,2024-07-12 11:59:59.999,262014387.691873,546474,41589.2066,128039109.628188,0
2024-07-12 12:00:00,3070.0,3157.89,3057.58,3133.88,100623.5894,2024-07-12 23:59:59.999,313585135.15879,548441,53816.9187,167691604.835468,0
2024-07-13 00:00:00,3133.89,3171.0,3113.37,3156.84,58341.071,2024-07-13 11:59:59.999,183305027.710468,269041,30145.1086,94721649.5157,0
2024-07-13 12:00:00,3156.84,3201.8,3140.94,3175.93,60961.4059,2024-07-13 23:59:59.999,193031941.072825,322250,30361.0208,96171791.095238,0
2024-07-14 00:00:00,3175.93,3225.13,3163.67,3202.84,84109.1947,2024-07-14 11:59:59.999,268712016.137137,415345,39761.6063,127040981.328683,0
2024-07-14 12:00:00,3202.85,3268.72,3173.68,3245.08,81321.5769,2024-07-14 23:59:59.999,261492001.032274,377513,43418.2079,139779329.993203,0
2024-07-15 00:00:00,3245.2,3373.0,3233.22,3339.68,150115.5951,2024-07-15 11:59:59.999,499302492.936848,786374,77146.3928,256529223.487526,0
2024-07-15 12:00:00,3339.68,3493.63,3333.33,3483.39,164181.2501,2024-07-15 23:59:59.999,559445144.351418,830902,84613.793,288449282.035242,0
2024-07-16 00:00:00,3483.2,3498.59,3346.55,3419.79,181306.8103,2024-07-16 11:59:59.999,620346236.369509,867350,91157.5617,311852563.595167,0
2024-07-16 12:00:00,3419.78,3494.38,3375.6,3444.13,194821.9766,2024-07-16 23:59:59.999,671066313.568257,769207,102790.3206,354108676.115988,0
2024-07-17 00:00:00,3444.14,3517.0,3440.96,3449.03,164292.4207,2024-07-17 11:59:59.999,572115249.521731,627262,95962.0411,334213519.508697,0
2024-07-17 12:00:00,3449.03,3475.5,3376.0,3387.05,133520.0955,2024-07-17 23:59:59.999,457442959.115063,658353,72272.4776,247784822.24164,0
2024-07-18 00:00:00,3387.05,3461.01,3383.43,3458.83,103835.7846,2024-07-18 11:59:59.999,356313974.843012,503114,56191.2451,192879091.92194,0
2024-07-18 12:00:00,3458.83,3489.98,3367.2,3426.5,138114.5611,2024-07-18 23:59:59.999,473189507.924,662329,72747.499,249300063.951717,0
2024-07-19 00:00:00,3426.49,3450.5,3377.0,3404.54,107750.6861,2024-07-19 11:59:59.999,367377033.533988,519277,53696.1467,183113486.393458,0
2024-07-19 12:00:00,3404.55,3540.27,3395.99,3503.53,191760.9561,2024-07-19 23:59:59.999,667347295.785308,742967,104773.4979,364523974.073357,0
2024-07-20 00:00:00,3503.53,3508.49,3480.0,3484.81,69406.6391,2024-07-20 11:59:59.999,242406154.435562,278294,33491.9323,116978391.953729,0
2024-07-20 12:00:00,3484.81,3539.65,3481.2,3517.5,78104.1774,2024-07-20 23:59:59.999,274097917.329637,388814,35647.411,125114438.823801,0
2024-07-21 00:00:00,3517.5,3528.8,3476.6,3498.79,51438.7373,2024-07-21 11:59:59.999,180008406.747431,236659,22585.7443,79059523.435491,0
2024-07-21 12:00:00,3498.79,3547.0,3411.4,3535.92,167452.2283,2024-07-21 23:59:59.999,584351835.8537431,724663,81087.8456,283148610.075798,0
2024-07-22 00:00:00,3535.93,3562.82,3459.6,3500.31,91763.0061,2024-07-22 11:59:59.999,321783264.43014,482964,43769.3762,153539165.148373,0
2024-07-22 12:00:00,3500.3,3507.35,3422.34,3439.6,116096.4982,2024-07-22 23:59:59.999,402334059.738982,586798,53130.5426,184202039.348147,0
2024-07-23 00:00:00,3439.61,3541.0,3425.0,3516.0,201345.1992,2024-07-23 11:59:59.999,702162381.902548,769760,110859.9969,386805473.74161106,0
2024-07-23 12:00:00,3516.01,3518.8,3389.0,3482.51,299223.5819,2024-07-23 23:59:59.999,1035815141.120238,847861,159798.3355,553270495.725246,0
2024-07-24 00:00:00,3482.51,3487.82,3427.4,3459.63,103029.8269,2024-07-24 11:59:59.999,355764499.053636,335780,53500.9482,184728740.585703,0
2024-07-24 12:00:00,3459.63,3471.54,3300.0,3335.81,172449.2237,2024-07-24 23:59:59.999,584479567.4441609,644503,81566.1578,276451867.301434,0
2024-07-25 00:00:00,3335.82,3342.5,3130.0,3172.5,280299.5199,2024-07-25 11:59:59.999,896702409.3452849,1029190,133089.2429,425544994.831834,0
2024-07-25 12:00:00,3172.49,3198.5,3087.53,3175.48,213983.1199,2024-07-25 23:59:59.999,673754778.8385551,982337,106031.8183,334022461.681811,0
2024-07-26 00:00:00,3175.47,3276.0,3171.0,3246.86,160147.0129,2024-07-26 11:59:59.999,518484627.537468,626300,79353.1075,256809161.425636,0
2024-07-26 12:00:00,3246.87,3286.36,3221.43,3274.61,100090.4512,2024-07-26 23:59:59.999,325580143.18735,542946,49385.5645,160668254.763663,0
2024-07-27 00:00:00,3274.6,3282.98,3241.31,3278.41,58583.5988,2024-07-27 11:59:59.999,191105262.169108,272869,27588.5994,90006065.682887,0
2024-07-27 12:00:00,3278.41,3327.59,3191.01,3249.01,173408.3049,2024-07-27 23:59:59.999,566826144.3767071,803940,90469.7177,295865745.287949,0
2024-07-28 00:00:00,3249.0,3265.72,3198.11,3256.46,59563.9516,2024-07-28 11:59:59.999,192728868.527457,364601,29531.2443,95590397.263325,0
2024-07-28 12:00:00,3256.46,3284.3,3251.08,3270.16,43965.8813,2024-07-28 23:59:59.999,143693934.194926,317827,22968.2348,75082951.144949,0
2024-07-29 00:00:00,3270.16,3396.77,3267.17,3375.0,137176.7892,2024-07-29 11:59:59.999,459306951.32851106,644124,71374.9079,238873821.554843,0
2024-07-29 12:00:00,3375.01,3386.8,3258.0,3317.66,181294.7163,2024-07-29 23:59:59.999,601709228.749587,840774,88311.6628,293244108.970859,0
2024-07-30 00:00:00,3317.66,3355.5,3282.3,3334.65,91073.5848,2024-07-30 11:59:59.999,302593350.655138,503603,42788.7758,142167638.659398,0
2024-07-30 12:00:00,3334.66,3366.4,3233.18,3279.21,106203.5793,2024-07-30 23:59:59.999,350109877.141369,679636,48217.8084,159022218.558419,0
2024-07-31 00:00:00,3279.2,3332.04,3262.04,3322.87,82813.4423,2024-07-31 11:59:59.999,273588839.12845,469376,43450.4378,143612140.224958,0
2024-07-31 12:00:00,3322.88,3350.0,3213.75,3232.74,150897.8929,2024-07-31 23:59:59.999,495758435.817538,868616,69459.9871,228298759.288761,0
2024-08-01 00:00:00,3232.74,3242.57,3136.47,3188.39,126202.6581,2024-08-01 11:59:59.999,402004181.713582,778041,59920.9171,190877684.925678,0
2024-08-01 12:00:00,3188.39,3219.34,3080.02,3203.4,197082.9524,2024-08-01 23:59:59.999,618917437.738897,1057414,91594.3739,287775180.17611,0
2024-08-02 00:00:00,3203.4,3218.6,3127.0,3153.73,94452.3742,2024-08-02 11:59:59.999,298527352.289781,631664,46346.2262,146480057.17701,0
2024-08-02 12:00:00,3153.73,3182.8,2967.0,2989.61,291251.6653,2024-08-02 23:59:59.999,887067575.2250621,1473061,131496.7015,400847306.051966,0
2024-08-03 00:00:00,2989.61,3006.64,2913.56,2997.21,125910.1766,2024-08-03 11:59:59.999,373743694.30790895,677607,57565.2845,170909582.476571,0
2024-08-03 12:00:00,2997.2,3018.02,2859.0,2903.64,218685.1391,2024-08-03 23:59:59.999,639277098.444174,1120410,93976.4037,274739846.848679,0
2024-08-04 00:00:00,2903.65,2935.46,2876.22,2914.22,80683.5498,2024-08-04 11:59:59.999,234567510.910373,477062,38378.3863,111581386.895759,0
2024-08-04 12:00:00,2914.22,2925.8,2630.0,2688.92,431380.7114,2024-08-04 23:59:59.999,1192217045.53237,1707698,197185.596,544821462.845216,0
2024-08-05 00:00:00,2688.91,2697.44,2111.0,2290.57,1860335.5475,2024-08-05 11:59:59.999,4322975022.836759,4708427,886485.5231,2057853062.6714792,0
2024-08-05 12:00:00,2290.6,2518.0,2183.51,2419.59,810268.5528,2024-08-05 23:59:59.999,1920714794.35586,2355732,394975.2686,936835466.0124271,0
2024-08-06 00:00:00,2419.76,2547.43,2415.8,2458.91,320744.4102,2024-08-06 11:59:59.999,800012029.50225,1511897,160974.3491,401692086.537802,0
2024-08-06 12:00:00,2458.9,2556.23,2414.19,2461.33,321539.3936,2024-08-06 23:59:59.999,801866973.266873,1358253,162830.7039,406354462.141626,0
2024-08-07 00:00:00,2461.33,2551.32,2425.53,2473.01,270407.983,2024-08-07 11:59:59.999,676432898.4660751,980607,137890.8381,345085321.497434,0
2024-08-07 12:00:00,2473.01,2487.64,2309.04,2342.8,359707.4398,2024-08-07 23:59:59.999,860838543.029684,1389541,169726.2284,405890144.755446,0
2024-08-08 00:00:00,2342.79,2465.25,2320.4,2447.63,195262.692,2024-08-08 11:59:59.999,472677298.266032,770662,97988.506,237214459.694646,0
2024-08-08 12:00:00,2447.64,2724.1,2411.02,2682.5,391240.1834,2024-08-08 23:59:59.999,1001424517.203392,1342001,201412.4443,515495079.73176,0
2024-08-09 00:00:00,2682.5,2707.98,2617.2,2634.92,188588.6366,2024-08-09 11:59:59.999,503272085.350668,773843,95201.2461,254199451.120164,0
2024-08-09 12:00:00,2634.93,2663.96,2552.61,2598.78,218151.3245,2024-08-09 23:59:59.999,566356522.7476369,936217,100239.048,260307622.874141,0
2024-08-10 00:00:00,2598.79,2644.7,2576.49,2636.58,89721.8136,2024-08-10 11:59:59.999,234541064.829618,422719,44182.6192,115498139.949047,0
2024-08-10 12:00:00,2636.58,2637.89,2589.51,2609.92,81290.5483,2024-08-10 23:59:59.999,212153974.863116,336144,42834.4853,111780216.539953,0
2024-08-11 00:00:00,2609.92,2720.0,2606.02,2652.61,120501.3597,2024-08-11 11:59:59.999,321060813.161388,477627,59768.4315,159220540.310585,0
2024-08-11 12:00:00,2652.6,2655.8,2540.0,2555.38,176597.5548,2024-08-11 23:59:59.999,459621639.593132,740023,83361.215,216903396.768076,0
2024-08-12 00:00:00,2555.38,2683.2,2510.05,2673.6,191023.281,2024-08-12 11:59:59.999,492863062.78045905,782066,101865.44,262874629.763034,0
2024-08-12 12:00:00,2673.6,2750.0,2592.58,2722.3,292390.9696,2024-08-12 23:59:59.999,782925715.880059,1133555,150233.7784,402456482.833704,0
2024-08-13 00:00:00,2722.3,2738.4,2611.37,2644.65,148751.4526,2024-08-13 11:59:59.999,397272645.513218,711296,71448.4347,190834814.827374,0
2024-08-13 12:00:00,2644.66,2734.0,2630.91,2702.44,176917.2438,2024-08-13 23:59:59.999,475613950.4753,836653,93968.6199,252719993.083949,0
2024-08-14 00:00:00,2702.44,2764.05,2685.8,2750.24,133059.1817,2024-08-14 11:59:59.999,362983743.17682093,579006,71147.1058,194169779.179565,0
2024-08-14 12:00:00,2750.24,2780.0,2632.2,2661.45,205749.5324,2024-08-14 23:59:59.999,551821940.721423,924309,96680.6141,259461667.212832,0
2024-08-15 00:00:00,2661.45,2673.57,2589.0,2637.73,115095.3709,2024-08-15 11:59:59.999,303045381.206131,562230,57430.2752,151271705.892498,0
2024-08-15 12:00:00,2637.73,2675.6,2515.71,2569.89,241451.435,2024-08-15 23:59:59.999,624445995.855267,1199299,114659.4069,296517868.236193,0
2024-08-16 00:00:00,2569.9,2628.83,2552.17,2612.52,95199.5249,2024-08-16 11:59:59.999,247387093.784993,508638,49233.5256,127923096.716677,0
2024-08-16 12:00:00,2612.52,2630.97,2550.04,2592.73,175484.6124,2024-08-16 23:59:59.999,455244198.749938,1093673,78453.8728,203583155.098943,0
2024-08-17 00:00:00,2592.72,2607.92,2587.5,2599.23,42794.2991,2024-08-17 11:59:59.999,111224933.077394,260099,22553.6902,58621348.038603,0
2024-08-17 12:00:00,2599.23,2629.69,2596.7,2614.51,46554.3769,2024-08-17 23:59:59.999,121562248.44853,283179,24780.514,64708022.569365,0
2024-08-18 00:00:00,2614.51,2669.49,2594.53,2649.4,89759.7869,2024-08-18 11:59:59.999,235971475.209038,415783,49531.1492,130229229.477007,0
2024-08-18 12:00:00,2649.4,2689.16,2610.05,2612.15,84314.2716,2024-08-18 23:59:59.999,224004348.945285,420601,42683.838,113439923.437617,0
2024-08-19 00:00:00,2612.15,2648.08,2565.84,2587.9,112089.8358,2024-08-19 11:59:59.999,292632601.076497,551466,55502.8021,145032501.393101,0
2024-08-19 12:00:00,2587.91,2641.15,2563.58,2636.36,112777.2978,2024-08-19 23:59:59.999,292945671.366985,604567,57183.7254,148573786.571901,0
2024-08-20 00:00:00,2636.36,2695.0,2619.06,2642.45,118325.1984,2024-08-20 11:59:59.999,315156056.889082,566315,62002.8337,165185687.350578,0
2024-08-20 12:00:00,2642.46,2655.78,2555.0,2572.82,162990.6767,2024-08-20 23:59:59.999,423205000.713052,737034,77597.0796,201577060.625551,0
2024-08-21 00:00:00,2572.81,2607.87,2557.0,2577.6,76638.6042,2024-08-21 11:59:59.999,198198613.297561,419510,37266.7123,96421750.755056,0
2024-08-21 12:00:00,2577.61,2663.74,2536.22,2630.71,168648.0176,2024-08-21 23:59:59.999,440139556.56458306,1000911,84623.2714,220916956.151672,0
2024-08-22 00:00:00,2630.71,2644.49,2584.2,2641.91,91053.2008,2024-08-22 11:59:59.999,238996546.996488,470565,46630.7836,122392626.976857,0
2024-08-22 12:00:00,2641.9,2644.69,2590.5,2622.88,108009.9188,2024-08-22 23:59:59.999,282288810.089935,593630,52015.0224,135911112.55438,0
2024-08-23 00:00:00,2622.89,2689.0,2621.4,2653.27,134438.646,2024-08-23 11:59:59.999,357909027.350074,487509,72244.1983,192345398.3128,0
2024-08-23 12:00:00,2653.27,2799.13,2632.83,2762.48,267347.7987,2024-08-23 23:59:59.999,725080005.673473,1260177,138051.309,374775618.82569104,0
2024-08-24 00:00:00,2762.49,2786.29,2739.4,2756.31,104575.0482,2024-08-24 11:59:59.999,288435560.010859,456390,51165.8253,141161513.880508,0
2024-08-24 12:00:00,2756.3,2820.0,2731.26,2768.0,158967.8959,2024-08-24 23:59:59.999,441934921.12726307,677482,78920.6238,219488960.191146,0
2024-08-25 00:00:00,2768.01,2782.73,2733.21,2750.99,81683.6823,2024-08-25 11:59:59.999,225161484.745049,577727,38585.265,106379165.960574,0
2024-08-25 12:00:00,2751.0,2792.28,2739.77,2746.13,72843.5529,2024-08-25 23:59:59.999,201571914.581587,470258,37408.484,103531128.054613,0
2024-08-26 00:00:00,2746.12,2762.0,2710.01,2737.35,77699.3523,2024-08-26 11:59:59.999,212886004.216801,584152,35684.0617,97788965.309574,0
2024-08-26 12:00:00,2737.34,2742.47,2666.66,2680.49,134008.7724,2024-08-26 23:59:59.999,362809652.260378,869681,67034.163,181544341.680827,0
2024-08-27 00:00:00,2680.49,2699.98,2619.3,2626.67,105990.7225,2024-08-27 11:59:59.999,283098222.94006,544581,45693.0204,122020466.206804,0
2024-08-27 12:00:00,2626.66,2628.91,2392.96,2457.33,306669.9972,2024-08-27 23:59:59.999,775671398.952043,1353835,141585.0574,358123278.590001,0
2024-08-28 00:00:00,2457.33,2550.31,2418.8,2523.2,239857.6613,2024-08-28 11:59:59.999,593330925.305188,931593,120153.481,297226598.952704,0
2024-08-28 12:00:00,2523.19,2554.6,2456.19,2528.33,211408.9727,2024-08-28 23:59:59.999,530973967.11860704,1341128,102093.4374,256484018.996802,0
2024-08-29 00:00:00,2528.33,2574.22,2512.2,2555.21,90143.4761,2024-08-29 11:59:59.999,228994018.065658,579858,49233.5902,125033839.224827,0
2024-08-29 12:00:00,2555.2,2595.4,2505.88,2527.61,146859.4871,2024-08-29 23:59:59.999,374873486.160291,875810,70329.7689,179573304.301109,0
2024-08-30 00:00:00,2527.6,2535.4,2503.8,2512.44,84425.8008,2024-08-30 11:59:59.999,212714081.834206,538077,44627.6915,112440632.606468,0
2024-08-30 12:00:00,2512.43,2552.17,2431.14,2526.0,253953.3933,2024-08-30 23:59:59.999,632301653.315205,1197420,127446.2199,317402341.923294,0
2024-08-31 00:00:00,2525.99,2533.95,2511.47,2525.5,43896.791,2024-08-31 11:59:59.999,110769461.419425,323380,21662.4669,54668726.266632,0
2024-08-31 12:00:00,2525.49,2528.22,2491.92,2513.01,54049.3237,2024-08-31 23:59:59.999,135744872.657105,379149,25748.4403,64667028.192162,0
2024-09-01 00:00:00,2513.0,2516.28,2458.84,2477.74,71229.001,2024-09-01 11:59:59.999,176714567.092391,460646,34141.5996,84678320.263364,0
2024-09-01 12:00:00,2477.73,2516.0,2400.0,2425.72,151898.775,2024-09-01 23:59:59.999,373585363.061058,896797,72531.2288,178392890.587152,0
2024-09-02 00:00:00,2425.71,2539.53,2423.52,2515.81,159169.2046,2024-09-02 11:59:59.999,393605175.33399,776708,83867.626,207401354.654081,0
2024-09-02 12:00:00,2515.81,2564.83,2492.55,2538.01,103463.6339,2024-09-02 23:59:59.999,261248950.861121,675626,50223.0788,126863328.363405,0
2024-09-03 00:00:00,2538.0,2553.6,2494.24,2509.59,67817.8078,2024-09-03 11:59:59.999,170944721.396223,441566,32418.6051,81733847.357724,0
2024-09-03 12:00:00,2509.59,2519.12,2411.12,2425.29,156975.3221,2024-09-03 23:59:59.999,385729981.956118,831343,69069.0456,169718391.32735,0
2024-09-04 00:00:00,2425.28,2449.22,2306.65,2398.77,226706.9113,2024-09-04 11:59:59.999,537834828.434174,967079,109331.9855,259322168.565783,0
2024-09-04 12:00:00,2398.77,2490.0,2393.16,2450.71,157472.4741,2024-09-04 23:59:59.999,383805472.24048,1035542,79375.7603,193435763.927552,0
2024-09-05 00:00:00,2450.71,2466.0,2376.72,2389.54,121768.8533,2024-09-05 11:59:59.999,294176878.722038,638569,59434.6076,143572318.203778,0
2024-09-05 12:00:00,2389.53,2415.15,2348.04,2368.81,156780.2436,2024-09-05 23:59:59.999,372867180.104396,1223784,72137.3171,171658762.404156,0
2024-09-06 00:00:00,2368.81,2408.4,2321.21,2372.95,130037.4814,2024-09-06 11:59:59.999,307470265.05685,956942,65409.4101,154698297.064929,0
2024-09-06 12:00:00,2372.96,2408.83,2150.55,2225.23,512989.6296,2024-09-06 23:59:59.999,1159794743.006643,2023124,238580.7588,539720579.9598249,0
2024-09-07 00:00:00,2225.24,2299.47,2220.98,2283.7,117665.4809,2024-09-07 11:59:59.999,266085153.124875,476809,58970.8172,133418984.728267,0
2024-09-07 12:00:00,2283.7,2311.27,2257.37,2273.58,101787.7267,2024-09-07 23:59:59.999,232577741.1061,505889,50837.1074,116174781.727263,0
2024-09-08 00:00:00,2273.58,2309.86,2263.22,2296.6,65126.3691,2024-09-08 11:59:59.999,149248384.539961,336952,31723.5731,72690553.687712,0
2024-09-08 12:00:00,2296.6,2333.58,2240.94,2297.3,127649.2802,2024-09-08 23:59:59.999,291199350.286412,639720,61581.6206,140532316.865712,0
2024-09-09 00:00:00,2297.3,2339.0,2283.1,2315.29,112767.7919,2024-09-09 11:59:59.999,260487308.364904,666764,55738.9104,128788334.642216,0
2024-09-09 12:00:00,2315.3,2381.41,2272.8,2359.5,208931.1981,2024-09-09 23:59:59.999,486514467.681632,1094928,101049.5994,235434839.500688,0
2024-09-10 00:00:00,2359.51,2372.0,2328.0,2351.0,88124.7234,2024-09-10 11:59:59.999,207047690.252213,451500,38787.6145,91134982.441753,0
2024-09-10 12:00:00,2351.0,2400.0,2320.41,2388.52,136257.4495,2024-09-10 23:59:59.999,321363876.667489,759360,67107.8043,158345069.939629,0
2024-09-11 00:00:00,2388.52,2389.32,2306.45,2327.59,101251.5912,2024-09-11 11:59:59.999,236894777.890087,596270,47245.086,110510895.71882,0
2024-09-11 12:00:00,2327.59,2368.87,2277.68,2340.55,181646.7213,2024-09-11 23:59:59.999,422397114.436644,933800,87880.5105,204415903.735711,0
2024-09-12 00:00:00,2340.54,2391.93,2339.54,2348.55,93976.9308,2024-09-12 11:59:59.999,221972363.51184,482221,47489.9549,112179181.39075,0
2024-09-12 12:00:00,2348.56,2373.64,2315.39,2361.76,108634.2,2024-09-12 23:59:59.999,254776838.252579,611375,54628.1403,128161976.607369,0
2024-09-13 00:00:00,2361.75,2376.22,2337.35,2354.35,58715.9007,2024-09-13 11:59:59.999,138298371.771525,337879,24943.6495,58753088.174213,0
2024-09-13 12:00:00,2354.39,2464.82,2342.41,2439.19,195172.7153,2024-09-13 23:59:59.999,469351838.93133694,1120999,99180.7181,238657629.791257,0
2024-09-14 00:00:00,2439.19,2440.6,2407.98,2417.07,59620.8041,2024-09-14 11:59:59.999,144454107.154599,365929,26612.4137,64480326.678706,0
2024-09-14 12:00:00,2417.08,2424.11,2376.72,2417.79,63310.4261,2024-09-14 23:59:59.999,152536352.975479,388905,31358.5508,75554479.62917,0
2024-09-15 00:00:00,2417.8,2430.32,2401.75,2406.86,38418.9406,2024-09-15 11:59:59.999,92874788.270194,229232,16300.2834,39410473.245497,0
2024-09-15 12:00:00,2406.86,2418.72,2283.75,2316.1,135945.254,2024-09-15 23:59:59.999,320403229.00613,829261,64310.6312,151633625.760833,0
2024-09-16 00:00:00,2316.09,2335.7,2252.39,2307.8,174491.291,2024-09-16 11:59:59.999,399784938.314319,1081171,85155.2208,195108682.99733,0
2024-09-16 12:00:00,2307.8,2312.6,2267.6,2295.68,156063.941,2024-09-16 23:59:59.999,356933297.367915,1021148,68678.7903,157144584.83511,0
2024-09-17 00:00:00,2295.67,2323.69,2263.29,2308.12,92223.3616,2024-09-17 11:59:59.999,211990886.576761,535513,44391.7832,102032315.482886,0
2024-09-17 12:00:00,2308.12,2393.63,2302.61,2341.8,181982.8972,2024-09-17 23:59:59.999,428316910.01728094,1278011,90099.8538,212103128.772931,0
2024-09-18 00:00:00,2341.79,2343.28,2277.34,2300.59,101607.8292,2024-09-18 11:59:59.999,235458120.865895,955452,49005.7379,113570047.212907,0
2024-09-18 12:00:00,2300.6,2376.14,2288.0,2374.75,191309.7716,2024-09-18 23:59:59.999,444398630.305158,1600187,95161.5022,221171346.813642,0
2024-09-19 00:00:00,2374.74,2442.6,2372.6,2435.35,168628.1346,2024-09-19 11:59:59.999,406485704.10901695,926591,89517.9886,215783060.411789,0
2024-09-19 12:00:00,2435.34,2494.95,2420.48,2465.21,158117.8974,2024-09-19 23:59:59.999,388334976.88603693,1935505,81590.4861,200349307.592238,0
2024-09-20 00:00:00,2465.21,2571.93,2437.31,2544.96,196051.2969,2024-09-20 11:59:59.999,495640433.076847,1681603,99660.6683,251896772.433414,0
2024-09-20 12:00:00,2544.95,2570.0,2516.2,2561.4,144703.2943,2024-09-20 23:59:59.999,368376175.038716,1559646,73441.0449,187024335.32988,0
2024-09-21 00:00:00,2561.4,2587.4,2528.97,2556.5,81517.5613,2024-09-21 11:59:59.999,208256489.176921,700836,39722.9668,101484736.765878,0
2024-09-21 12:00:00,2556.49,2623.34,2550.44,2612.4,73240.316,2024-09-21 23:59:59.999,188696981.34071,724942,39241.1036,101153829.278774,0
2024-09-22 00:00:00,2612.4,2632.57,2569.61,2580.59,96267.6671,2024-09-22 11:59:59.999,249936068.483211,895851,45636.3117,118541965.952931,0
2024-09-22 12:00:00,2580.59,2594.0,2524.58,2581.0,117998.6586,2024-09-22 23:59:59.999,303123781.070188,1171960,52200.7395,134095017.620447,0
2024-09-23 00:00:00,2580.99,2687.24,2539.49,2646.0,179367.1803,2024-09-23 11:59:59.999,473376999.060123,1873849,87091.1848,229765949.870436,0
2024-09-23 12:00:00,2646.0,2702.82,2631.45,2646.97,153914.8346,2024-09-23 23:59:59.999,410141258.139284,1618555,74690.933,199066964.330676,0
2024-09-24 00:00:00,2646.98,2667.75,2609.4,2636.85,122782.9999,2024-09-24 11:59:59.999,323627901.498048,1005867,60034.1806,158243789.41198,0
2024-09-24 12:00:00,2636.86,2670.96,2591.56,2653.2,165817.0403,2024-09-24 23:59:59.999,436531718.483486,1724604,80621.709,212314659.553937,0
2024-09-25 00:00:00,2653.2,2673.5,2610.53,2627.4,110133.2232,2024-09-25 11:59:59.999,290128705.921975,1057399,51638.3743,136090871.337266,0
2024-09-25 12:00:00,2627.39,2629.56,2554.05,2579.95,110210.2061,2024-09-25 23:59:59.999,285972218.789571,1389190,52249.5041,135640731.262206,0
2024-09-26 00:00:00,2580.09,2639.5,2559.2,2628.8,118779.1154,2024-09-26 11:59:59.999,309865475.057521,1107187,60787.2024,158574887.632274,0
2024-09-26 12:00:00,2628.79,2666.22,2607.92,2632.26,159907.2419,2024-09-26 23:59:59.999,422015693.859174,1790276,78418.2449,207005609.42215,0
2024-09-27 00:00:00,2632.25,2677.61,2615.21,2652.0,125078.4887,2024-09-27 11:59:59.999,331542328.563183,1069669,70513.2582,186972256.081837,0
2024-09-27 12:00:00,2652.0,2728.6,2642.2,2694.43,156748.4905,2024-09-27 23:59:59.999,421691530.79548895,1529593,81229.2511,218604106.531639,0
2024-09-28 00:00:00,2694.43,2704.35,2650.0,2675.22,74927.9997,2024-09-28 11:59:59.999,200937746.884117,658649,35691.2698,95734769.972787,0
2024-09-28 12:00:00,2675.23,2684.51,2652.2,2675.21,62302.0345,2024-09-28 23:59:59.999,166362211.178559,534155,30232.9504,80732492.363381,0
2024-09-29 00:00:00,2675.21,2683.7,2629.73,2652.49,92914.1984,2024-09-29 11:59:59.999,246550990.550897,651588,46531.8564,123456164.076144,0
2024-09-29 12:00:00,2652.49,2673.41,2641.0,2657.62,67640.1162,2024-09-29 23:59:59.999,179935297.72538,765457,34954.1497,92997462.0124,0
2024-09-30 00:00:00,2657.62,2663.5,2592.42,2628.94,162258.5865,2024-09-30 11:59:59.999,425800057.947274,1360557,77513.1667,203451899.91239,0
2024-09-30 12:00:00,2628.94,2638.94,2575.0,2602.23,120217.2096,2024-09-30 23:59:59.999,313197839.631811,1323838,57718.4278,150382870.091261,0
2024-10-01 00:00:00,2602.24,2659.0,2591.34,2628.87,116776.2236,2024-10-01 11:59:59.999,307383732.135547,934216,56416.9255,148556371.031923,0
2024-10-01 12:00:00,2628.86,2633.42,2414.0,2447.79,386052.4568,2024-10-01 23:59:59.999,967684313.681001,3591226,185145.5461,464170641.01538706,0
2024-10-02 00:00:00,2447.78,2499.0,2441.71,2455.22,118423.4579,2024-10-02 11:59:59.999,292835366.337548,1454356,59063.1236,146112053.185085,0
2024-10-02 12:00:00,2455.22,2478.89,2352.0,2364.1,199061.2771,2024-10-02 23:59:59.999,479980093.029003,2845013,96700.7177,233212959.278513,0
2024-10-03 00:00:00,2364.09,2403.38,2318.72,2352.34,167776.81,2024-10-03 11:59:59.999,396513653.949958,1745842,74854.5489,177008362.830686,0
2024-10-03 12:00:00,2352.35,2366.09,2310.0,2349.8,146859.1163,2024-10-03 23:59:59.999,343219155.531929,2350169,74444.4947,174020204.692857,0
2024-10-04 00:00:00,2349.8,2393.52,2339.15,2386.2,92534.0784,2024-10-04 11:59:59.999,219675919.146923,1064929,47012.4283,111630306.449614,0
2024-10-04 12:00:00,2386.2,2441.64,2352.6,2414.41,146848.9386,2024-10-04 23:59:59.999,352951497.958446,1491373,74479.7593,179005101.725416,0
2024-10-05 00:00:00,2414.41,2428.23,2390.26,2417.19,49020.9807,2024-10-05 11:59:59.999,118382500.922503,539754,24676.1026,59607924.460505,0
2024-10-05 12:00:00,2417.19,2424.15,2390.05,2414.66,54719.2509,2024-10-05 23:59:59.999,131751096.765819,607747,24968.7511,60132319.690414,0
2024-10-06 00:00:00,2414.66,2430.73,2407.0,2426.63,36340.4431,2024-10-06 11:59:59.999,87903174.898759,394412,20136.2447,48703345.092419,0
2024-10-06 12:00:00,2426.64,2457.8,2415.65,2440.03,69412.2665,2024-10-06 23:59:59.999,169310600.554121,702694,35904.2495,87580206.381139,0
2024-10-07 00:00:00,2440.02,2512.92,2435.84,2475.84,142494.2001,2024-10-07 11:59:59.999,353036452.29484,1278580,71467.2988,177051870.437405,0
2024-10-07 12:00:00,2475.84,2521.0,2403.0,2422.71,157965.3406,2024-10-07 23:59:59.999,389127284.67207104,1802753,75585.8938,186213635.977244,0
2024-10-08 00:00:00,2422.7,2448.1,2410.51,2439.71,74731.1253,2024-10-08 11:59:59.999,181636104.589934,834517,37833.6841,91959154.124215,0
2024-10-08 12:00:00,2439.71,2466.66,2401.18,2440.89,126627.2059,2024-10-08 23:59:59.999,308406990.435028,1406123,60865.3854,148287087.896743,0
2024-10-09 00:00:00,2440.88,2473.61,2427.44,2441.7,80144.8195,2024-10-09 11:59:59.999,195895530.228377,900363,39457.7709,96474785.576161,0
2024-10-09 12:00:00,2441.69,2472.08,2351.42,2370.47,161937.453,2024-10-09 23:59:59.999,390574453.16515,1669520,79149.9044,190917764.952159,0
2024-10-10 00:00:00,2370.47,2411.38,2366.87,2406.56,90693.8988,2024-10-10 11:59:59.999,216965861.922618,860035,43277.7938,103527227.876805,0
2024-10-10 12:00:00,2406.56,2421.36,2330.66,2386.49,167169.0631,2024-10-10 23:59:59.999,397216183.026918,1874482,81371.376,193349435.006572,0
2024-10-11 00:00:00,2386.49,2426.22,2381.86,2417.82,84183.389,2024-10-11 11:59:59.999,202657208.087762,831892,45989.2704,110719432.239993,0
2024-10-11 12:00:00,2417.83,2471.45,2414.51,2439.5,151257.8307,2024-10-11 23:59:59.999,369408195.654136,1081223,74089.7877,180949574.102695,0
2024-10-12 00:00:00,2439.49,2467.51,2434.35,2452.5,67048.0916,2024-10-12 11:59:59.999,164053066.056545,461246,35231.7116,86227829.013725,0
2024-10-12 12:00:00,2452.5,2490.51,2448.8,2476.4,72589.4146,2024-10-12 23:59:59.999,179485891.763683,596877,40403.7606,99915822.971249,0
2024-10-13 00:00:00,2476.4,2484.92,2452.55,2458.27,47339.9608,2024-10-13 11:59:59.999,116765267.299085,403300,24068.5288,59371317.356921,0
2024-10-13 12:00:00,2458.27,2484.6,2436.4,2468.91,72682.8571,2024-10-13 23:59:59.999,178557525.78504,629605,35691.8459,87711357.96885,0
2024-10-14 00:00:00,2468.92,2548.43,2443.39,2537.9,200702.6962,2024-10-14 11:59:59.999,505761809.679918,1236430,101558.1799,255864801.839426,0
2024-10-14 12:00:00,2537.91,2654.0,2534.47,2629.79,235197.4657,2024-10-14 23:59:59.999,613322421.12802,1478595,128107.4248,333916269.975902,0
2024-10-15 00:00:00,2629.79,2637.38,2580.01,2586.2,118475.6614,2024-10-15 11:59:59.999,309458020.78886,960181,54500.1775,142427215.452406,0
2024-10-15 12:00:00,2586.2,2688.6,2537.36,2607.41,297810.0049,2024-10-15 23:59:59.999,774172092.350847,2346384,151076.3408,392852675.713495,0
2024-10-16 00:00:00,2607.41,2642.69,2588.67,2630.4,143919.1497,2024-10-16 11:59:59.999,376585639.768042,1244806,70707.3998,185089052.790207,0
2024-10-16 12:00:00,2630.41,2647.79,2591.58,2611.1,116403.2745,2024-10-16 23:59:59.999,304757022.650528,1568330,56700.2681,148504590.307586,0
2024-10-17 00:00:00,2611.1,2648.37,2596.49,2598.01,113891.747,2024-10-17 11:59:59.999,298944332.743086,1131137,57045.7944,149797448.105603,0
2024-10-17 12:00:00,2598.01,2632.73,2575.4,2605.8,107732.7964,2024-10-17 23:59:59.999,280653317.186317,1411976,52637.0645,137146698.450408,0
2024-10-18 00:00:00,2605.79,2651.66,2596.49,2621.98,129059.8478,2024-10-18 11:59:59.999,339303369.735089,1140713,68362.7608,179793691.462982,0
2024-10-18 12:00:00,2621.98,2675.58,2612.2,2642.17,163384.2675,2024-10-18 23:59:59.999,431928845.20007503,1694341,82712.5311,218692386.385611,0
2024-10-19 00:00:00,2642.17,2663.49,2631.02,2631.48,58776.5613,2024-10-19 11:59:59.999,155408138.435205,576303,30517.4964,80704643.943695,0
2024-10-19 12:00:00,2631.48,2655.5,2631.04,2648.2,46637.2033,2024-10-19 23:59:59.999,123314990.722689,569291,22438.2048,59332518.061465,0
2024-10-20 00:00:00,2648.2,2653.56,2635.54,2649.49,45921.4919,2024-10-20 11:59:59.999,121458253.217683,495788,20778.8199,54969656.477535,0
2024-10-20 12:00:00,2649.5,2759.0,2642.0,2746.91,210989.2529,2024-10-20 23:59:59.999,571092441.223946,1779057,110536.8122,299160224.809231,0
2024-10-21 00:00:00,2746.91,2769.48,2701.41,2704.77,148144.9062,2024-10-21 11:59:59.999,404869795.435902,1262890,74490.2935,203633013.361376,0
2024-10-21 12:00:00,2704.77,2711.36,2655.01,2666.7,162529.817,2024-10-21 23:59:59.999,434849075.531719,1263457,81276.1519,217466484.234631,0
2024-10-22 00:00:00,2666.71,2671.92,2613.2,2632.9,148870.1453,2024-10-22 11:59:59.999,392797556.80007905,1085592,72228.2631,190582626.027843,0
2024-10-22 12:00:00,2632.89,2645.5,2606.56,2622.81,116877.5677,2024-10-22 23:59:59.999,307020474.488461,1068204,56812.7911,149251683.996304,0
2024-10-23 00:00:00,2622.81,2628.2,2563.73,2580.93,110977.2172,2024-10-23 11:59:59.999,288461701.513967,956035,49736.2879,129286866.302994,0
2024-10-23 12:00:00,2580.94,2587.4,2450.0,2524.61,241670.4914,2024-10-23 23:59:59.999,609221316.2262009,1686092,111936.7484,282155899.297348,0
2024-10-24 00:00:00,2524.6,2562.65,2508.8,2529.47,143679.5111,2024-10-24 11:59:59.999,365209128.54242307,1069931,71599.4742,182032243.306071,0
2024-10-24 12:00:00,2529.47,2560.0,2507.31,2535.82,147172.2731,2024-10-24 23:59:59.999,372456634.123724,1182631,80073.1054,202664853.034242,0
2024-10-25 00:00:00,2535.82,2547.0,2462.06,2545.13,170352.4739,2024-10-25 11:59:59.999,427756563.946808,1173665,76297.163,191506434.543065,0
2024-10-25 12:00:00,2545.13,2566.33,2382.59,2440.62,344447.4083,2024-10-25 23:59:59.999,854784450.522995,2567540,155882.9805,387141531.99254304,0
2024-10-26 00:00:00,2440.63,2479.7,2430.12,2472.98,134328.632,2024-10-26 11:59:59.999,330074861.418883,1108140,68461.928,168299537.321099,0
2024-10-26 12:00:00,2472.98,2508.0,2442.2,2482.51,114396.1993,2024-10-26 23:59:59.999,282834015.3201,877402,64007.9289,158250978.613108,0
2024-10-27 00:00:00,2482.51,2486.84,2464.13,2469.86,48859.6845,2024-10-27 11:59:59.999,120991474.13592,436575,23820.0467,58991504.675363,0
2024-10-27 12:00:00,2469.86,2527.99,2469.75,2507.8,88721.1991,2024-10-27 23:59:59.999,221712987.162302,900615,46827.9586,117009592.085847,0
2024-10-28 00:00:00,2507.8,2544.74,2471.67,2527.12,119102.5723,2024-10-28 11:59:59.999,298998011.890229,1064708,60529.6026,151927625.371388,0
2024-10-28 12:00:00,2527.12,2589.67,2488.0,2567.48,241502.7547,2024-10-28 23:59:59.999,611017088.940608,1782815,120274.005,304389033.413425,0
2024-10-29 00:00:00,2567.49,2638.8,2561.2,2631.59,208316.9388,2024-10-29 11:59:59.999,543978801.104431,1511155,103945.3585,271379714.708701,0
2024-10-29 12:00:00,2631.59,2681.86,2606.82,2638.8,243598.7637,2024-10-29 23:59:59.999,643562944.917284,2178874,123278.1216,325779980.829077,0
2024-10-30 00:00:00,2638.8,2696.5,2599.66,2659.18,188158.8521,2024-10-30 11:59:59.999,499713160.93746096,1505775,95114.3667,252682659.252763,0
2024-10-30 12:00:00,2659.18,2722.3,2635.52,2659.19,272468.2739,2024-10-30 23:59:59.999,730639719.2051939,2194352,139573.9631,374389354.46827906,0
2024-10-31 00:00:00,2659.19,2669.0,2625.26,2638.81,125025.2596,2024-10-31 11:59:59.999,330877579.01768,1151113,63214.0014,167307886.003648,0
2024-10-31 12:00:00,2638.82,2641.0,2503.0,2518.61,278401.9421,2024-10-31 23:59:59.999,711672785.373111,2240230,133127.4484,340245012.6321,0
2024-11-01 00:00:00,2518.61,2533.25,2467.67,2515.44,180753.935,2024-11-01 11:59:59.999,453011414.45893294,1527655,83256.9365,208653137.998103,0
2024-11-01 12:00:00,2515.44,2586.8,2481.68,2511.49,249495.1723,2024-11-01 23:59:59.999,631304619.252982,2087188,118982.1797,301216044.305464,0
2024-11-02 00:00:00,2511.49,2523.45,2491.2,2502.13,60256.5305,2024-11-02 11:59:59.999,151095065.252338,439134,27748.315,69598446.979536,0
2024-11-02 12:00:00,2502.14,2504.5,2470.0,2494.23,85704.5995,2024-11-02 23:59:59.999,213145242.640039,788894,40990.9067,101937043.194106,0
2024-11-03 00:00:00,2494.23,2496.39,2421.29,2454.47,127900.5624,2024-11-03 11:59:59.999,313804483.938632,1114362,60497.9986,148433825.0938,0
2024-11-03 12:00:00,2454.47,2475.52,2411.0,2457.73,148108.5573,2024-11-03 23:59:59.999,361712355.307526,1455191,68257.1316,166704408.136981,0
2024-11-04 00:00:00,2457.73,2491.39,2434.99,2470.2,88329.2113,2024-11-04 11:59:59.999,217883840.242771,1178906,45591.1835,112482660.756413,0
2024-11-04 12:00:00,2470.2,2486.0,2357.59,2398.21,217987.7532,2024-11-04 23:59:59.999,527116856.306823,1887646,102983.5419,249177462.456167,0
2024-11-05 00:00:00,2398.21,2448.0,2380.74,2440.63,122950.3906,2024-11-05 11:59:59.999,297942220.02087,1122583,62384.7774,151212343.326719,0
2024-11-05 12:00:00,2440.63,2480.0,2401.3,2422.55,208668.8639,2024-11-05 23:59:59.999,510022000.36173695,1756234,102514.9452,250580471.151563,0
2024-11-06 00:00:00,2422.6,2643.2,2420.3,2629.02,666611.0172,2024-11-06 11:59:59.999,1719514949.837642,3059449,355680.4721,917792541.6345489,0
2024-11-06 12:00:00,2629.03,2744.7,2608.0,2721.87,335530.3446,2024-11-06 23:59:59.999,893748707.778048,2497582,171724.1076,457707144.717687,0
2024-11-07 00:00:00,2721.88,2880.0,2699.49,2792.28,409087.0341,2024-11-07 11:59:59.999,1151268416.531465,2494529,197271.8858,555024236.890461,0
2024-11-07 12:00:00,2792.28,2916.11,2776.0,2895.47,321758.9183,2024-11-07 23:59:59.999,918334106.840612,2885837,170473.7648,486635493.032278,0
2024-11-08 00:00:00,2895.47,2954.94,2886.4,2914.39,259461.5822,2024-11-08 11:59:59.999,755892781.1103071,1902222,130514.095,380327486.564876,0
2024-11-08 12:00:00,2914.4,2981.69,2890.04,2961.75,309402.8528,2024-11-08 23:59:59.999,908383405.25715,2388030,159622.1784,468819527.05717504,0
2024-11-09 00:00:00,2961.75,3058.77,2953.71,3051.6,275659.4287,2024-11-09 11:59:59.999,831346727.327235,1852936,145914.6789,440133212.48297906,0
2024-11-09 12:00:00,3051.59,3157.4,2990.58,3126.21,251059.9925,2024-11-09 23:59:59.999,771133322.558279,1828969,132194.5849,406422928.09346896,0
2024-11-10 00:00:00,3126.2,3230.0,3103.7,3220.0,376836.1663,2024-11-10 11:59:59.999,1195599112.988903,2339503,199769.3684,633882169.2841649,0
2024-11-10 12:00:00,3220.01,3248.52,3069.0,3183.21,488700.5659,2024-11-10 23:59:59.999,1556097378.36437,3732915,244462.6169,778638397.4123901,0
2024-11-11 00:00:00,3183.2,3221.8,3105.0,3197.79,289767.0306,2024-11-11 11:59:59.999,918938103.5903699,2930271,143767.8151,456055748.95839506,0
2024-11-11 12:00:00,3197.79,3387.61,3139.5,3371.59,710326.9358,2024-11-11 23:59:59.999,2329397991.767464,4872126,368585.8446,1208733366.853605,0
2024-11-12 00:00:00,3371.59,3442.5,3207.67,3282.42,586496.7245,2024-11-12 11:59:59.999,1954404592.1322408,4157760,289923.0478,966831673.909435,0
2024-11-12 12:00:00,3282.41,3304.78,3208.33,3243.8,386719.004,2024-11-12 23:59:59.999,1261110473.834609,2915254,184757.7518,602687398.057228,0
2024-11-13 00:00:00,3243.79,3285.52,3116.69,3168.0,367636.7094,2024-11-13 11:59:59.999,1173622358.013502,3380250,170320.1114,543578253.6802391,0
2024-11-13 12:00:00,3168.0,3331.0,3118.39,3187.16,552049.6653,2024-11-13 23:59:59.999,1784872008.705638,6373152,276163.1285,893031935.862453,0
2024-11-14 00:00:00,3187.16,3240.4,3155.0,3185.23,231406.6394,2024-11-14 11:59:59.999,740389978.314796,2783343,117164.314,374980993.159256,0
2024-11-14 12:00:00,3185.22,3198.99,3028.56,3058.82,374374.0268,2024-11-14 23:59:59.999,1168876352.368922,3421621,174167.8288,544065559.1656569,0
2024-11-15 00:00:00,3058.81,3114.0,3014.79,3104.29,209883.8983,2024-11-15 11:59:59.999,643988135.377912,2679050,102842.3995,315620667.492318,0
2024-11-15 12:00:00,3104.29,3131.06,3014.5,3090.01,309739.7334,2024-11-15 23:59:59.999,949259565.911137,3439526,153189.5626,469618310.264478,0
2024-11-16 00:00:00,3090.01,3195.63,3072.0,3195.34,204817.2605,2024-11-16 11:59:59.999,640318715.919495,2265724,112574.0287,351995707.798104,0
2024-11-16 12:00:00,3195.34,3219.97,3120.41,3132.87,218821.8968,2024-11-16 23:59:59.999,692573964.565543,2814119,108878.0649,344577863.11336,0
2024-11-17 00:00:00,3132.88,3162.11,3034.99,3105.52,249065.8641,2024-11-17 11:59:59.999,774089337.921041,3168435,121665.2373,378280984.545507,0
2024-11-17 12:00:00,3105.53,3126.72,3042.93,3076.0,200753.0934,2024-11-17 23:59:59.999,619673221.975024,2664200,98108.5844,302894962.579855,0
2024-11-18 00:00:00,3075.99,3149.71,3050.01,3056.28,187356.2002,2024-11-18 11:59:59.999,582402554.262783,2354886,90378.2272,281031034.780675,0
2024-11-18 12:00:00,3056.29,3224.94,3052.19,3207.8,453302.2355,2024-11-18 23:59:59.999,1423708705.394803,4186154,245232.408,770409424.817541,0
2024-11-19 00:00:00,3207.81,3221.2,3091.13,3126.51,215628.7592,2024-11-19 11:59:59.999,677290703.255635,2137663,100752.1826,316495655.361467,0
2024-11-19 12:00:00,3126.51,3150.0,3065.4,3107.44,284483.2602,2024-11-19 23:59:59.999,884352075.1625191,3025632,139786.3971,434789564.805935,0
2024-11-20 00:00:00,3107.45,3135.13,3071.6,3099.82,173891.7013,2024-11-20 11:59:59.999,540184328.43915,2106170,95775.8786,297718919.425981,0
2024-11-20 12:00:00,3099.82,3159.2,3029.41,3069.97,329716.1323,2024-11-20 23:59:59.999,1018857438.746314,4232658,166779.4593,515535517.80369693,0
2024-11-21 00:00:00,3069.97,3155.0,3032.59,3147.75,312556.0253,2024-11-21 11:59:59.999,972678774.8914701,2907628,173014.2556,538446102.538435,0
2024-11-21 12:00:00,3147.74,3386.73,3146.2,3355.81,662367.2782,2024-11-21 23:59:59.999,2194546044.5272994,5319800,344393.2062,1140153430.844659,0
2024-11-22 00:00:00,3355.88,3425.92,3304.39,3344.75,291458.966,2024-11-22 11:59:59.999,979099835.95411,3098190,147199.9447,494725454.33711904,0
2024-11-22 12:00:00,3344.76,3357.18,3257.54,3327.78,311814.7433,2024-11-22 23:59:59.999,1029364728.907564,4043521,152028.2713,501953194.359876,0
2024-11-23 00:00:00,3327.78,3402.98,3312.72,3354.65,277990.1064,2024-11-23 11:59:59.999,931158020.848578,2832148,147598.9288,494362258.232228,0
2024-11-23 12:00:00,3354.65,3497.51,3349.68,3393.91,443033.8945,2024-11-23 23:59:59.999,1518065170.605939,3958410,229814.3696,787543108.9400061,0
2024-11-24 00:00:00,3393.91,3450.0,3339.11,3344.22,212860.9504,2024-11-24 11:59:59.999,723794248.7177249,2318524,100542.0004,342123464.484375,0
2024-11-24 12:00:00,3344.22,3372.22,3281.4,3361.2,266237.1417,2024-11-24 23:59:59.999,884448529.565147,3600734,128593.6472,427309901.021386,0
2024-11-25 00:00:00,3361.21,3527.0,3300.01,3471.84,299143.0362,2024-11-25 11:59:59.999,1024872999.959283,3711146,155721.489,533765970.340596,0
2024-11-25 12:00:00,3471.84,3546.66,3348.72,3414.49,650187.3338,2024-11-25 23:59:59.999,2248047810.098028,6165710,317822.4509,1099698003.30593,0
2024-11-26 00:00:00,3414.49,3462.49,3280.1,3323.01,331444.9783,2024-11-26 11:59:59.999,1122536861.819458,3477435,168198.4683,570468948.317413,0
2024-11-26 12:00:00,3323.02,3362.5,3252.0,3324.73,340922.172,2024-11-26 23:59:59.999,1130082440.144816,3792170,152450.9457,505549655.158747,0
2024-11-27 00:00:00,3324.74,3485.5,3302.4,3460.43,307895.6716,2024-11-27 11:59:59.999,1047883501.19943,2583854,173306.4893,589727551.259183,0
2024-11-27 12:00:00,3460.43,3684.92,3441.31,3653.28,446677.9769,2024-11-27 23:59:59.999,1592139588.561505,3808319,249470.5592,888803619.836908,0
2024-11-28 00:00:00,3653.27,3661.92,3564.75,3620.51,277741.1831,2024-11-28 11:59:59.999,1002649049.758553,2548587,144054.9153,520014336.418144,0
2024-11-28 12:00:00,3620.51,3642.19,3529.76,3578.79,283235.2419,2024-11-28 23:59:59.999,1011603499.943469,2844674,137561.2292,491292907.706658,0
2024-11-29 00:00:00,3578.8,3602.85,3534.28,3594.74,196558.1911,2024-11-29 11:59:59.999,701814729.651654,1850655,98523.8179,351799182.504359,0
2024-11-29 12:00:00,3594.75,3647.98,3559.24,3592.21,228935.0538,2024-11-29 23:59:59.999,824184392.167985,2389649,122388.058,440738641.002291,0
2024-11-30 00:00:00,3592.22,3726.71,3568.4,3653.69,297970.206,2024-11-30 11:59:59.999,1091461990.128743,2807591,160052.9428,586504596.320592,0
2024-11-30 12:00:00,3653.68,3738.98,3651.38,3703.6,205714.5425,2024-11-30 23:59:59.999,758221080.168607,1834258,106947.6341,394285031.03898495,0
2024-12-01 00:00:00,3703.59,3732.34,3659.2,3692.42,194789.3894,2024-12-01 11:59:59.999,720129798.193516,1828795,95965.1852,354868217.751047,0
2024-12-01 12:00:00,3692.43,3746.8,3678.61,3707.61,234299.8739,2024-12-01 23:59:59.999,869720315.832399,1839115,116064.2156,430905811.261808,0
2024-12-02 00:00:00,3707.61,3760.0,3569.58,3588.99,439101.0476,2024-12-02 11:59:59.999,1606178761.331982,3465376,218622.1781,800031503.656253,0
2024-12-02 12:00:00,3588.99,3682.01,3554.32,3643.42,298029.5214,2024-12-02 23:59:59.999,1079106830.513383,3360472,149907.1689,542954475.924492,0
2024-12-03 00:00:00,3643.43,3670.0,3585.0,3613.81,280855.9192,2024-12-03 11:59:59.999,1018467918.312623,2179869,166472.594,603623142.814502,0
2024-12-03 12:00:00,3613.81,3634.81,3500.0,3614.51,397544.284,2024-12-03 23:59:59.999,1421401920.716398,3020538,210153.336,751707186.130535,0
2024-12-04 00:00:00,3614.51,3751.44,3614.51,3729.09,391479.3664,2024-12-04 11:59:59.999,1444843057.490023,2718789,221541.1791,818036662.1390541,0
2024-12-04 12:00:00,3729.09,3887.24,3690.0,3837.8,577264.6735,2024-12-04 23:59:59.999,2194064392.061738,5503933,294972.4524,1121390896.465686,0
2024-12-05 00:00:00,3837.8,3943.28,3765.71,3930.98,467523.687,2024-12-05 11:59:59.999,1806143594.933954,4312011,237605.8383,918835276.717383,0
2024-12-05 12:00:00,3930.98,3956.0,3677.0,3785.2,478969.589,2024-12-05 23:59:59.999,1847414972.819758,4441634,227459.4633,878080033.508482,0
2024-12-06 00:00:00,3785.21,3929.0,3777.26,3867.02,286266.3382,2024-12-06 11:59:59.999,1108778353.68128,2754257,143680.1515,556561442.251068,0
2024-12-06 12:00:00,3867.01,4087.73,3831.9,3998.87,517588.7764,2024-12-06 23:59:59.999,2065301726.464913,3922942,266849.2622,1064510484.475841,0
2024-12-07 00:00:00,3998.87,4024.46,3968.0,3998.3,154129.9939,2024-12-07 11:59:59.999,615061243.262863,1555784,75608.3193,301741837.964633,0
2024-12-07 12:00:00,3998.29,4024.01,3976.2,3996.22,129790.0261,2024-12-07 23:59:59.999,519356815.60331,1165759,65419.2165,261790002.277579,0
2024-12-08 00:00:00,3996.22,4008.99,3923.5,3971.84,120424.9386,2024-12-08 11:59:59.999,478251699.97207904,1210405,55654.0868,221043607.580209,0
2024-12-08 12:00:00,3971.85,4015.58,3956.16,4004.15,130937.2299,2024-12-08 23:59:59.999,522119880.66628,1404182,69042.0862,275364247.878932,0
2024-12-09 00:00:00,4004.15,4006.17,3841.24,3850.88,245433.1556,2024-12-09 11:59:59.999,960180161.135584,2923244,109485.8183,428477067.827346,0
2024-12-09 12:00:00,3850.88,3946.0,3509.0,3712.0,694209.0445,2024-12-09 23:59:59.999,2606315642.992521,5407782,325033.9259,1222288870.224628,0
2024-12-10 00:00:00,3712.0,3780.76,3615.11,3750.11,363257.7664,2024-12-10 11:59:59.999,1348145478.000536,3919419,177402.2525,658494559.071765,0
2024-12-10 12:00:00,3750.1,3754.5,3515.89,3628.25,578948.2673,2024-12-10 23:59:59.999,2094969017.273128,6542249,291439.9837,1054762374.027994,0
2024-12-11 00:00:00,3628.24,3728.0,3562.34,3716.84,192901.5389,2024-12-11 11:59:59.999,704855302.724892,3110198,102068.9298,373202590.38208705,0
2024-12-11 12:00:00,3716.84,3848.64,3709.17,3831.81,268917.2412,2024-12-11 23:59:59.999,1017368234.153285,3085166,146761.1741,555393218.9185,0
2024-12-12 00:00:00,3831.82,3947.81,3796.8,3913.38,232867.095,2024-12-12 11:59:59.999,907710211.853442,2983383,119230.1158,464834788.593415,0
2024-12-12 12:00:00,3913.38,3987.41,3836.07,3881.61,339231.5393,2024-12-12 23:59:59.999,1332093271.723165,4021856,165377.0393,649719430.647728,0
2024-12-13 00:00:00,3881.6,3941.19,3852.94,3901.5,170751.3441,2024-12-13 11:59:59.999,666017882.493405,2392083,85030.9032,331658413.352159,0
2024-12-13 12:00:00,3901.5,3968.47,3879.0,3906.8,217014.3432,2024-12-13 23:59:59.999,850924969.791776,2732495,107164.4206,420297029.19590706,0
2024-12-14 00:00:00,3906.8,3945.0,3886.2,3894.53,103967.3554,2024-12-14 11:59:59.999,407173235.21890897,1445941,50912.6214,199440473.995986,0
2024-12-14 12:00:00,3894.53,3898.8,3825.03,3870.29,161571.5925,2024-12-14 23:59:59.999,624422042.168428,1961807,80421.208,310955224.459947,0
2024-12-15 00:00:00,3870.3,3911.5,3831.5,3877.61,88430.2799,2024-12-15 11:59:59.999,342571319.271681,1386525,45247.9312,175349363.321698,0
2024-12-15 12:00:00,3877.61,3974.61,3844.4,3959.09,165402.9342,2024-12-15 23:59:59.999,645293683.855862,2251170,92328.3051,360320857.83859503,0
2024-12-16 00:00:00,3959.09,4025.18,3902.39,3909.67,252349.4168,2024-12-16 11:59:59.999,1002500081.477249,3105586,138227.595,549522105.272812,0
2024-12-16 12:00:00,3909.68,4107.8,3884.0,3986.24,421001.6555,2024-12-16 23:59:59.999,1684050915.632996,4012038,219742.6311,879198468.772349,0
2024-12-17 00:00:00,3986.24,4041.82,3943.0,3997.14,174838.6621,2024-12-17 11:59:59.999,699608071.90246,2784886,86975.8181,348171684.921781,0
2024-12-17 12:00:00,3997.15,4025.6,3847.96,3893.01,275987.324,2024-12-17 23:59:59.999,1088924770.798297,4089314,125030.2799,493692387.84876,0
2024-12-18 00:00:00,3893.01,3903.2,3803.63,3882.65,209224.4752,2024-12-18 11:59:59.999,806370462.225111,3050258,98889.0843,381286338.658916,0
2024-12-18 12:00:00,3882.66,3907.19,3617.42,3626.8,513280.5866,2024-12-18 23:59:59.999,1929004170.51353,3533986,240098.6571,902617486.995112,0
2024-12-19 00:00:00,3626.8,3720.0,3542.22,3705.62,320315.9094,2024-12-19 11:59:59.999,1166502037.240769,2473274,154203.2505,562015128.644639,0
2024-12-19 12:00:00,3705.62,3710.2,3326.8,3417.01,757837.5757,2024-12-19 23:59:59.999,2641473293.440393,3884364,343902.1553,1197851941.718157,0
2024-12-20 00:00:00,3417.01,3465.6,3103.0,3104.56,751377.5678,2024-12-20 11:59:59.999,2476326971.094694,4564768,336513.4173,1107490655.97496,0
2024-12-20 12:00:00,3104.68,3497.84,3101.9,3472.21,581406.1632,2024-12-20 23:59:59.999,1945257324.4862049,2464778,280035.2773,936384383.813016,0
2024-12-21 00:00:00,3472.2,3555.18,3423.91,3442.23,211934.7377,2024-12-21 11:59:59.999,739508049.549839,1021577,105590.6103,368468320.24496895,0
2024-12-21 12:00:00,3442.23,3444.24,3293.11,3338.92,263341.0823,2024-12-21 23:59:59.999,887952672.142314,1711100,121842.7687,410943620.141126,0
2024-12-22 00:00:00,3338.92,3403.0,3295.07,3381.03,131465.5299,2024-12-22 11:59:59.999,440637702.04364896,1037758,68502.2465,229734224.734793,0
2024-12-22 12:00:00,3381.03,3397.88,3221.1,3281.83,230454.7196,2024-12-22 23:59:59.999,761257522.9733031,1508798,109822.3977,362736921.507948,0
2024-12-23 00:00:00,3281.83,3363.12,3216.97,3339.54,206104.966,2024-12-23 11:59:59.999,680364147.332022,1519935,105454.0618,348195827.634828,0
2024-12-23 12:00:00,3339.51,3466.99,3269.35,3422.53,282148.444,2024-12-23 23:59:59.999,946705436.54666,2512889,146152.1554,490379032.150884,0
2024-12-24 00:00:00,3422.53,3434.97,3358.19,3414.56,124459.7354,2024-12-24 11:59:59.999,423285162.480054,1102145,63561.8448,216182255.714876,0
2024-12-24 12:00:00,3414.56,3539.65,3395.59,3493.18,191263.9409,2024-12-24 23:59:59.999,664191296.773109,1662252,94657.054,328723133.744354,0
2024-12-25 00:00:00,3493.17,3547.95,3458.0,3471.04,117611.6249,2024-12-25 11:59:59.999,411168322.127672,1110886,59665.1619,208647941.968387,0
2024-12-25 12:00:00,3471.04,3501.05,3440.93,3497.0,102234.4203,2024-12-25 23:59:59.999,355181580.585545,1022213,50721.0485,176246309.108294,0
2024-12-26 00:00:00,3497.0,3514.94,3346.87,3373.28,152206.0919,2024-12-26 11:59:59.999,520116529.208765,1239934,77271.7458,264079241.140258,0
2024-12-26 12:00:00,3373.28,3374.0,3304.63,3335.05,157964.08,2024-12-26 23:59:59.999,527347627.823424,1303380,87074.503,290648194.189863,0
2024-12-27 00:00:00,3335.04,3444.16,3317.25,3419.27,181960.6055,2024-12-27 11:59:59.999,615596748.205261,1523155,92543.7224,313023452.074275,0
2024-12-27 12:00:00,3419.27,3423.0,3306.6,3333.51,160568.9983,2024-12-27 23:59:59.999,537038476.060178,1610240,79023.948,264304176.39588,0
2024-12-28 00:00:00,3333.51,3363.53,3322.23,3359.23,77165.9788,2024-12-28 11:59:59.999,258008379.495655,645883,36657.0635,122591253.247287,0
2024-12-28 12:00:00,3359.23,3428.68,3351.02,3404.0,98797.6342,2024-12-28 23:59:59.999,334583496.683331,799451,51747.8943,175280636.862175,0
2024-12-29 00:00:00,3404.01,3413.78,3375.62,3398.36,58002.7276,2024-12-29 11:59:59.999,196874811.893333,398691,26791.4217,90945095.998433,0
2024-12-29 12:00:00,3398.37,3410.92,3326.17,3356.48,98254.1543,2024-12-29 23:59:59.999,330375844.252371,771806,47925.8666,161164514.013634,0
2024-12-30 00:00:00,3356.48,3437.59,3347.77,3424.13,154830.6019,2024-12-30 11:59:59.999,528231848.555284,976751,85433.8614,291408661.972908,0
2024-12-30 12:00:00,3424.12,3430.2,3305.0,3361.84,265964.0457,2024-12-30 23:59:59.999,892499875.81728,1723915,129704.6655,435469367.74716306,0
2024-12-31 00:00:00,3361.83,3410.0,3315.59,3394.73,110754.4344,2024-12-31 11:59:59.999,372338322.55773294,863034,54232.5786,182383228.714218,0
